Log file open, 12/23/25 17:20:24
LogWindows: Failed to load 'aqProf.dll' (GetLastError=126)
LogWindows: File 'aqProf.dll' does not exist
LogWindows: Failed to load 'VtuneApi.dll' (GetLastError=126)
LogWindows: File 'VtuneApi.dll' does not exist
LogWindows: Failed to load 'VtuneApi32e.dll' (GetLastError=126)
LogWindows: File 'VtuneApi32e.dll' does not exist
LogConsoleResponse: Display: Failed to find resolution value strings in scalability ini. Falling back to default.
LogConsoleResponse: Display: Failed to find resolution value strings in scalability ini. Falling back to default.
LogInit: Display: Running engine for game: Game
LogPlatformFile: Not using cached read wrapper
LogTaskGraph: Started task graph with 5 named threads and 59 total threads with 3 sets of task threads.
LogStats: Stats thread started at 0.192220
LogICUInternationalization: ICU TimeZone Detection - Raw Offset: +2:00, Platform Override: ''
LogInit: Display: Loading text-based GConfig....
LogPluginManager: Mounting plugin MeshPainting
LogPluginManager: Mounting plugin XGEController
LogPluginManager: Mounting plugin Paper2D
LogPluginManager: Mounting plugin LiveLink
LogPluginManager: Mounting plugin AISupport
LogPluginManager: Mounting plugin EnvironmentQueryEditor
LogPluginManager: Mounting plugin LightPropagationVolume
LogPluginManager: Mounting plugin CameraShakePreviewer
LogPluginManager: Mounting plugin OodleData
LogPluginManager: Mounting plugin AssetManagerEditor
LogPluginManager: Mounting plugin CryptoKeys
LogPluginManager: Mounting plugin CurveEditorTools
LogPluginManager: Mounting plugin OodleNetwork
LogPluginManager: Mounting plugin GameplayCameras
LogPluginManager: Mounting plugin FacialAnimation
LogPluginManager: Mounting plugin GameplayTagsEditor
LogPluginManager: Mounting plugin GeometryMode
LogPluginManager: Mounting plugin DataValidation
LogPluginManager: Mounting plugin MobileLauncherProfileWizard
LogPluginManager: Mounting plugin MaterialAnalyzer
LogPluginManager: Mounting plugin AnimationSharing
LogPluginManager: Mounting plugin PluginBrowser
LogPluginManager: Mounting plugin SpeedTreeImporter
LogPluginManager: Mounting plugin GitSourceControl
LogPluginManager: Mounting plugin MacGraphicsSwitching
LogPluginManager: Mounting plugin KDevelopSourceCodeAccess
LogPluginManager: Mounting plugin NullSourceCodeAccess
LogPluginManager: Mounting plugin CodeLiteSourceCodeAccess
LogPluginManager: Mounting plugin PlasticSourceControl
LogPluginManager: Mounting plugin PluginUtils
LogPluginManager: Mounting plugin PixWinPlugin
LogPluginManager: Mounting plugin PerforceSourceControl
LogPluginManager: Mounting plugin RiderSourceCodeAccess
LogPluginManager: Mounting plugin TextureFormatOodle
LogPluginManager: Mounting plugin CLionSourceCodeAccess
LogPluginManager: Mounting plugin PropertyAccessNode
LogPluginManager: Mounting plugin UObjectPlugin
LogPluginManager: Mounting plugin VisualStudioSourceCodeAccess
LogPluginManager: Mounting plugin VisualStudioCodeSourceCodeAccess
LogPluginManager: Mounting plugin XCodeSourceCodeAccess
LogPluginManager: Mounting plugin SubversionSourceControl
LogPluginManager: Mounting plugin DatasmithContent
LogPluginManager: Mounting plugin AlembicImporter
LogPluginManager: Mounting plugin VariantManagerContent
LogPluginManager: Mounting plugin AutomationUtils
LogPluginManager: Mounting plugin BackChannel
LogPluginManager: Mounting plugin ChaosClothEditor
LogPluginManager: Mounting plugin ChaosCloth
LogPluginManager: Mounting plugin ChaosSolverPlugin
LogPluginManager: Mounting plugin ChaosEditor
LogPluginManager: Mounting plugin CharacterAI
LogPluginManager: Mounting plugin ChaosNiagara
LogPluginManager: Mounting plugin OpenImageDenoise
LogPluginManager: Mounting plugin GeometryProcessing
LogPluginManager: Mounting plugin MotoSynth
LogPluginManager: Mounting plugin PlanarCut
LogPluginManager: Mounting plugin GeometryCache
LogPluginManager: Mounting plugin MagicBulletLooks
LogPluginManager: Mounting plugin PlatformCrypto
LogPluginManager: Mounting plugin ProxyLODPlugin
LogPluginManager: Mounting plugin MagicLeap
LogPluginManager: Mounting plugin PythonScriptPlugin
LogPluginManager: Mounting plugin LuminPlatformFeatures
LogPluginManager: Mounting plugin MagicLeapMedia
LogPluginManager: Mounting plugin MagicLeapLightEstimation
LogPluginManager: Mounting plugin GeometryCollectionPlugin
LogPluginManager: Mounting plugin MagicLeapPassableWorld
LogPluginManager: Mounting plugin MLSDK
LogPluginManager: Mounting plugin SkeletalReduction
LogPluginManager: Mounting plugin AvfMedia
LogPluginManager: Mounting plugin AndroidMedia
LogPluginManager: Mounting plugin ImgMedia
LogPluginManager: Mounting plugin MediaPlayerEditor
LogPluginManager: Mounting plugin MediaCompositing
LogPluginManager: Mounting plugin WmfMedia
LogPluginManager: Mounting plugin ActorSequence
LogPluginManager: Mounting plugin WebMMedia
LogPluginManager: Mounting plugin MatineeToLevelSequence
LogPluginManager: Mounting plugin TcpMessaging
LogPluginManager: Mounting plugin UdpMessaging
LogPluginManager: Mounting plugin LevelSequenceEditor
LogPluginManager: Mounting plugin TemplateSequence
LogPluginManager: Mounting plugin OnlineSubsystem
LogPluginManager: Mounting plugin OnlineSubsystemUtils
LogPluginManager: Mounting plugin LauncherChunkInstaller
LogPluginManager: Mounting plugin Niagara
LogPluginManager: Mounting plugin ActorLayerUtilities
LogPluginManager: Mounting plugin AndroidMoviePlayer
LogPluginManager: Mounting plugin AndroidDeviceProfileSelector
LogPluginManager: Mounting plugin AndroidPermission
LogPluginManager: Mounting plugin AppleImageUtils
LogPluginManager: Mounting plugin AppleMoviePlayer
LogPluginManager: Mounting plugin AssetTags
LogPluginManager: Mounting plugin ArchVisCharacter
LogPluginManager: Mounting plugin CustomMeshComponent
LogPluginManager: Mounting plugin ChunkDownloader
LogPluginManager: Mounting plugin AudioCapture
LogPluginManager: Mounting plugin AudioSynesthesia
LogPluginManager: Mounting plugin CableComponent
LogPluginManager: Mounting plugin ExampleDeviceProfileSelector
LogPluginManager: Mounting plugin GoogleCloudMessaging
LogPluginManager: Mounting plugin EditableMesh
LogPluginManager: Mounting plugin GooglePAD
LogPluginManager: Mounting plugin IOSDeviceProfileSelector
LogPluginManager: Mounting plugin LocationServicesBPLibrary
LogPluginManager: Mounting plugin LinuxDeviceProfileSelector
LogPluginManager: Mounting plugin MobilePatchingUtils
LogPluginManager: Mounting plugin OnlineSubsystemNull
LogPluginManager: Mounting plugin OpenXR
LogPluginManager: Mounting plugin OpenXRHandTracking
LogPluginManager: Mounting plugin PostSplashScreen
LogPluginManager: Mounting plugin PhysXVehicles
LogPluginManager: Mounting plugin ProceduralMeshComponent
LogPluginManager: Mounting plugin PropertyAccessEditor
LogPluginManager: Mounting plugin OpenXREyeTracker
LogPluginManager: Mounting plugin SignificanceManager
LogPluginManager: Mounting plugin RuntimePhysXCooking
LogPluginManager: Mounting plugin SoundFields
LogPluginManager: Mounting plugin Synthesis
LogPluginManager: Mounting plugin Takes
LogPluginManager: Mounting plugin WindowsMoviePlayer
LogPluginManager: Mounting plugin WebMMoviePlayer
LogPluginManager: Mounting plugin ScreenshotTools
LogPluginManager: Mounting plugin ContentBrowserAssetDataSource
LogPluginManager: Mounting plugin ContentBrowserFileDataSource
LogPluginManager: Mounting plugin ContentBrowserClassDataSource
LogPluginManager: Mounting plugin OnlineSubsystemGooglePlay
LogPluginManager: Mounting plugin OnlineSubsystemIOS
LogPluginManager: Mounting plugin OculusVR
LogPluginManager: Mounting plugin SteamVR
PixWinPlugin: PIX capture plugin failed to initialize! Check that the process is launched from PIX.
LogInit: Using libcurl 7.55.1-DEV
LogInit:  - built for x86_64-pc-win32
LogInit:  - supports SSL with OpenSSL/1.1.1
LogInit:  - supports HTTP deflate (compression) using libz 1.2.8
LogInit:  - other features:
LogInit:      CURL_VERSION_SSL
LogInit:      CURL_VERSION_LIBZ
LogInit:      CURL_VERSION_IPV6
LogInit:      CURL_VERSION_ASYNCHDNS
LogInit:      CURL_VERSION_LARGEFILE
LogInit:      CURL_VERSION_IDN
LogInit:  CurlRequestOptions (configurable via config and command line):
LogInit:  - bVerifyPeer = true  - Libcurl will verify peer certificate
LogInit:  - bUseHttpProxy = false  - Libcurl will NOT use HTTP proxy
LogInit:  - bDontReuseConnections = false  - Libcurl will reuse connections
LogInit:  - MaxHostConnections = 16  - Libcurl will limit the number of connections to a host
LogInit:  - LocalHostAddr = Default
LogInit:  - BufferSize = 65536
LogOnline: OSS: Creating online subsystem instance for: NULL
LogInit: WinSock: version 1.1 (2.2), MaxSocks=32767, MaxUdp=65467
LogOnline: OSS: TryLoadSubsystemAndSetDefault: Loaded subsystem for module [NULL]
LogOculusPluginWrapper: OculusPlugin initialized successfully
LogHMD: Failed initializing OVRPlugin 1.59.0
LogInit: Build: ++UE4+Release-4.27-CL-18319896
LogInit: Engine Version: 4.27.2-18319896+++UE4+Release-4.27
LogInit: Compatible Engine Version: 4.27.0-17155196+++UE4+Release-4.27
LogInit: Net CL: 17155196
LogInit: OS: Windows 10 (Release 2009) (), CPU: 13th Gen Intel(R) Core(TM) i5-13500, GPU: NVIDIA GeForce RTX 3060 Ti
LogInit: Compiled (64-bit): Nov 30 2021 07:12:08
LogInit: Compiled with Visual C++: 19.24.28315.00
LogInit: Build Configuration: Development
LogInit: Branch Name: ++UE4+Release-4.27
LogInit: Command Line:  -AUTH_LOGIN=unused -AUTH_PASSWORD=69254af53f704be3b7c1a0605cddbc2a -AUTH_TYPE=exchangecode -epicapp=UE_4.27 -epicenv=Prod -EpicPortal -epicusername=Onotole_s -epicuserid=d6119bee42044f12b5b3ac1e748b47de -epiclocale=en -epicsandboxid=ue
LogInit: Base Directory: C:/Program Files/Epic Games/UE_4.27/Engine/Binaries/Win64/
LogInit: Allocator: TBB
LogInit: Installed Engine Build: 1
LogDevObjectVersion: Number of dev versions registered: 29
LogDevObjectVersion:   Dev-Blueprints (B0D832E4-1F89-4F0D-ACCF-7EB736FD4AA2): 10
LogDevObjectVersion:   Dev-Build (E1C64328-A22C-4D53-A36C-8E866417BD8C): 0
LogDevObjectVersion:   Dev-Core (375EC13C-06E4-48FB-B500-84F0262A717E): 4
LogDevObjectVersion:   Dev-Editor (E4B068ED-F494-42E9-A231-DA0B2E46BB41): 40
LogDevObjectVersion:   Dev-Framework (CFFC743F-43B0-4480-9391-14DF171D2073): 37
LogDevObjectVersion:   Dev-Mobile (B02B49B5-BB20-44E9-A304-32B752E40360): 3
LogDevObjectVersion:   Dev-Networking (A4E4105C-59A1-49B5-A7C5-40C4547EDFEE): 0
LogDevObjectVersion:   Dev-Online (39C831C9-5AE6-47DC-9A44-9C173E1C8E7C): 0
LogDevObjectVersion:   Dev-Physics (78F01B33-EBEA-4F98-B9B4-84EACCB95AA2): 14
LogDevObjectVersion:   Dev-Platform (6631380F-2D4D-43E0-8009-CF276956A95A): 0
LogDevObjectVersion:   Dev-Rendering (12F88B9F-8875-4AFC-A67C-D90C383ABD29): 45
LogDevObjectVersion:   Dev-Sequencer (7B5AE74C-D270-4C10-A958-57980B212A5A): 13
LogDevObjectVersion:   Dev-VR (D7296918-1DD6-4BDD-9DE2-64A83CC13884): 3
LogDevObjectVersion:   Dev-LoadTimes (C2A15278-BFE7-4AFE-6C17-90FF531DF755): 1
LogDevObjectVersion:   Private-Geometry (6EACA3D4-40EC-4CC1-B786-8BED09428FC5): 3
LogDevObjectVersion:   Dev-AnimPhys (29E575DD-E0A3-4627-9D10-D276232CDCEA): 17
LogDevObjectVersion:   Dev-Anim (AF43A65D-7FD3-4947-9873-3E8ED9C1BB05): 15
LogDevObjectVersion:   Dev-ReflectionCapture (6B266CEC-1EC7-4B8F-A30B-E4D90942FC07): 1
LogDevObjectVersion:   Dev-Automation (0DF73D61-A23F-47EA-B727-89E90C41499A): 1
LogDevObjectVersion:   FortniteMain (601D1886-AC64-4F84-AA16-D3DE0DEAC7D6): 47
LogDevObjectVersion:   FortniteRelease (E7086368-6B23-4C58-8439-1B7016265E91): 1
LogDevObjectVersion:   Dev-Enterprise (9DFFBCD6-494F-0158-E221-12823C92A888): 10
LogDevObjectVersion:   Dev-Niagara (F2AED0AC-9AFE-416F-8664-AA7FFA26D6FC): 1
LogDevObjectVersion:   Dev-Destruction (174F1F0B-B4C6-45A5-B13F-2EE8D0FB917D): 10
LogDevObjectVersion:   Dev-Physics-Ext (35F94A83-E258-406C-A318-09F59610247C): 41
LogDevObjectVersion:   Dev-PhysicsMaterial-Chaos (B68FC16E-8B1B-42E2-B453-215C058844FE): 1
LogDevObjectVersion:   Dev-CineCamera (B2E18506-4273-CFC2-A54E-F4BB758BBA07): 1
LogDevObjectVersion:   Dev-VirtualProduction (64F58936-FD1B-42BA-BA96-7289D5D0FA4E): 1
LogDevObjectVersion:   Dev-MediaFramework (6F0ED827-A609-4895-9C91-998D90180EA4): 2
LogInit: Presizing for max 25165824 objects, including 0 objects not considered by GC, pre-allocating 0 bytes for permanent pool.
LogConfig: Applying CVar settings from Section [/Script/Engine.StreamingSettings] File [D:/Artemii/Game/Game/Saved/Config/Windows/Engine.ini]
LogConfig: Setting CVar [[s.MinBulkDataSizeForAsyncLoading:131072]]
LogConfig: Setting CVar [[s.AsyncLoadingThreadEnabled:0]]
LogConfig: Setting CVar [[s.EventDrivenLoaderEnabled:1]]
LogConfig: Setting CVar [[s.WarnIfTimeLimitExceeded:0]]
LogConfig: Setting CVar [[s.TimeLimitExceededMultiplier:1.5]]
LogConfig: Setting CVar [[s.TimeLimitExceededMinTime:0.005]]
LogConfig: Setting CVar [[s.UseBackgroundLevelStreaming:1]]
LogConfig: Setting CVar [[s.PriorityAsyncLoadingExtraTime:15.0]]
LogConfig: Setting CVar [[s.LevelStreamingActorsUpdateTimeLimit:5.0]]
LogConfig: Setting CVar [[s.PriorityLevelStreamingActorsUpdateExtraTime:5.0]]
LogConfig: Setting CVar [[s.LevelStreamingComponentsRegistrationGranularity:10]]
LogConfig: Setting CVar [[s.UnregisterComponentsTimeLimit:1.0]]
LogConfig: Setting CVar [[s.LevelStreamingComponentsUnregistrationGranularity:5]]
LogConfig: Setting CVar [[s.FlushStreamingOnExit:1]]
LogInit: Object subsystem initialized
LogConfig: Setting CVar [[con.DebugEarlyDefault:1]]
LogConfig: Setting CVar [[r.setres:1280x720]]
[2025.12.23-15.20.25:252][  0]LogConfig: Setting CVar [[r.VSync:0]]
[2025.12.23-15.20.25:252][  0]LogConfig: Setting CVar [[r.RHICmdBypass:0]]
[2025.12.23-15.20.25:252][  0]LogConfig: Applying CVar settings from Section [/Script/Engine.RendererSettings] File [D:/Artemii/Game/Game/Saved/Config/Windows/Engine.ini]
[2025.12.23-15.20.25:252][  0]LogConfig: Setting CVar [[r.GPUCrashDebugging:0]]
[2025.12.23-15.20.25:252][  0]LogConfig: Applying CVar settings from Section [/Script/Engine.RendererOverrideSettings] File [D:/Artemii/Game/Game/Saved/Config/Windows/Engine.ini]
[2025.12.23-15.20.25:252][  0]LogConfig: Applying CVar settings from Section [/Script/Engine.StreamingSettings] File [D:/Artemii/Game/Game/Saved/Config/Windows/Engine.ini]
[2025.12.23-15.20.25:252][  0]LogConfig: Setting CVar [[s.MinBulkDataSizeForAsyncLoading:131072]]
[2025.12.23-15.20.25:252][  0]LogConfig: Setting CVar [[s.AsyncLoadingThreadEnabled:0]]
[2025.12.23-15.20.25:252][  0]LogConfig: Setting CVar [[s.EventDrivenLoaderEnabled:1]]
[2025.12.23-15.20.25:252][  0]LogConfig: Setting CVar [[s.WarnIfTimeLimitExceeded:0]]
[2025.12.23-15.20.25:252][  0]LogConfig: Setting CVar [[s.TimeLimitExceededMultiplier:1.5]]
[2025.12.23-15.20.25:252][  0]LogConfig: Setting CVar [[s.TimeLimitExceededMinTime:0.005]]
[2025.12.23-15.20.25:252][  0]LogConfig: Setting CVar [[s.UseBackgroundLevelStreaming:1]]
[2025.12.23-15.20.25:252][  0]LogConfig: Setting CVar [[s.PriorityAsyncLoadingExtraTime:15.0]]
[2025.12.23-15.20.25:252][  0]LogConfig: Setting CVar [[s.LevelStreamingActorsUpdateTimeLimit:5.0]]
[2025.12.23-15.20.25:252][  0]LogConfig: Setting CVar [[s.PriorityLevelStreamingActorsUpdateExtraTime:5.0]]
[2025.12.23-15.20.25:252][  0]LogConfig: Setting CVar [[s.LevelStreamingComponentsRegistrationGranularity:10]]
[2025.12.23-15.20.25:252][  0]LogConfig: Setting CVar [[s.UnregisterComponentsTimeLimit:1.0]]
[2025.12.23-15.20.25:252][  0]LogConfig: Setting CVar [[s.LevelStreamingComponentsUnregistrationGranularity:5]]
[2025.12.23-15.20.25:252][  0]LogConfig: Setting CVar [[s.FlushStreamingOnExit:1]]
[2025.12.23-15.20.25:252][  0]LogConfig: Applying CVar settings from Section [/Script/Engine.GarbageCollectionSettings] File [D:/Artemii/Game/Game/Saved/Config/Windows/Engine.ini]
[2025.12.23-15.20.25:252][  0]LogConfig: Setting CVar [[gc.MaxObjectsNotConsideredByGC:1]]
[2025.12.23-15.20.25:252][  0]LogConfig: Setting CVar [[gc.SizeOfPermanentObjectPool:0]]
[2025.12.23-15.20.25:252][  0]LogConfig: Setting CVar [[gc.FlushStreamingOnGC:0]]
[2025.12.23-15.20.25:252][  0]LogConfig: Setting CVar [[gc.NumRetriesBeforeForcingGC:10]]
[2025.12.23-15.20.25:252][  0]LogConfig: Setting CVar [[gc.AllowParallelGC:1]]
[2025.12.23-15.20.25:252][  0]LogConfig: Setting CVar [[gc.TimeBetweenPurgingPendingKillObjects:61.1]]
[2025.12.23-15.20.25:252][  0]LogConfig: Setting CVar [[gc.MaxObjectsInEditor:25165824]]
[2025.12.23-15.20.25:252][  0]LogConfig: Setting CVar [[gc.IncrementalBeginDestroyEnabled:1]]
[2025.12.23-15.20.25:252][  0]LogConfig: Setting CVar [[gc.CreateGCClusters:1]]
[2025.12.23-15.20.25:252][  0]LogConfig: Setting CVar [[gc.MinGCClusterSize:5]]
[2025.12.23-15.20.25:252][  0]LogConfig: Setting CVar [[gc.ActorClusteringEnabled:0]]
[2025.12.23-15.20.25:252][  0]LogConfig: Setting CVar [[gc.BlueprintClusteringEnabled:0]]
[2025.12.23-15.20.25:252][  0]LogConfig: Setting CVar [[gc.UseDisregardForGCOnDedicatedServers:0]]
[2025.12.23-15.20.25:252][  0]LogConfig: Setting CVar [[gc.MultithreadedDestructionEnabled:1]]
[2025.12.23-15.20.25:252][  0]LogConfig: Applying CVar settings from Section [/Script/Engine.NetworkSettings] File [D:/Artemii/Game/Game/Saved/Config/Windows/Engine.ini]
[2025.12.23-15.20.25:252][  0]LogConfig: Applying CVar settings from Section [/Script/UnrealEd.CookerSettings] File [D:/Artemii/Game/Game/Saved/Config/Windows/Engine.ini]
[2025.12.23-15.20.25:261][  0]LogConfig: Applying CVar settings from Section [ViewDistanceQuality@3] File [D:/Artemii/Game/Game/Saved/Config/Windows/Scalability.ini]
[2025.12.23-15.20.25:261][  0]LogConfig: Setting CVar [[r.SkeletalMeshLODBias:0]]
[2025.12.23-15.20.25:261][  0]LogConfig: Setting CVar [[r.ViewDistanceScale:1.0]]
[2025.12.23-15.20.25:261][  0]LogConfig: Applying CVar settings from Section [AntiAliasingQuality@3] File [D:/Artemii/Game/Game/Saved/Config/Windows/Scalability.ini]
[2025.12.23-15.20.25:261][  0]LogConfig: Setting CVar [[r.PostProcessAAQuality:4]]
[2025.12.23-15.20.25:261][  0]LogConfig: Applying CVar settings from Section [ShadowQuality@3] File [D:/Artemii/Game/Game/Saved/Config/Windows/Scalability.ini]
[2025.12.23-15.20.25:261][  0]LogConfig: Setting CVar [[r.LightFunctionQuality:1]]
[2025.12.23-15.20.25:261][  0]LogConfig: Setting CVar [[r.ShadowQuality:5]]
[2025.12.23-15.20.25:261][  0]LogConfig: Setting CVar [[r.Shadow.CSM.MaxCascades:10]]
[2025.12.23-15.20.25:261][  0]LogConfig: Setting CVar [[r.Shadow.MaxResolution:2048]]
[2025.12.23-15.20.25:261][  0]LogConfig: Setting CVar [[r.Shadow.MaxCSMResolution:2048]]
[2025.12.23-15.20.25:261][  0]LogConfig: Setting CVar [[r.Shadow.RadiusThreshold:0.01]]
[2025.12.23-15.20.25:261][  0]LogConfig: Setting CVar [[r.Shadow.DistanceScale:1.0]]
[2025.12.23-15.20.25:261][  0]LogConfig: Setting CVar [[r.Shadow.CSM.TransitionScale:1.0]]
[2025.12.23-15.20.25:261][  0]LogConfig: Setting CVar [[r.Shadow.PreShadowResolutionFactor:1.0]]
[2025.12.23-15.20.25:261][  0]LogConfig: Setting CVar [[r.DistanceFieldShadowing:1]]
[2025.12.23-15.20.25:261][  0]LogConfig: Setting CVar [[r.DistanceFieldAO:1]]
[2025.12.23-15.20.25:261][  0]LogConfig: Setting CVar [[r.AOQuality:2]]
[2025.12.23-15.20.25:261][  0]LogConfig: Setting CVar [[r.VolumetricFog:1]]
[2025.12.23-15.20.25:262][  0]LogConfig: Setting CVar [[r.VolumetricFog.GridPixelSize:8]]
[2025.12.23-15.20.25:262][  0]LogConfig: Setting CVar [[r.VolumetricFog.GridSizeZ:128]]
[2025.12.23-15.20.25:262][  0]LogConfig: Setting CVar [[r.VolumetricFog.HistoryMissSupersampleCount:4]]
[2025.12.23-15.20.25:262][  0]LogConfig: Setting CVar [[r.LightMaxDrawDistanceScale:1]]
[2025.12.23-15.20.25:262][  0]LogConfig: Setting CVar [[r.CapsuleShadows:1]]
[2025.12.23-15.20.25:262][  0]LogConfig: Applying CVar settings from Section [PostProcessQuality@3] File [D:/Artemii/Game/Game/Saved/Config/Windows/Scalability.ini]
[2025.12.23-15.20.25:262][  0]LogConfig: Setting CVar [[r.MotionBlurQuality:4]]
[2025.12.23-15.20.25:262][  0]LogConfig: Setting CVar [[r.AmbientOcclusionMipLevelFactor:0.4]]
[2025.12.23-15.20.25:262][  0]LogConfig: Setting CVar [[r.AmbientOcclusionMaxQuality:100]]
[2025.12.23-15.20.25:262][  0]LogConfig: Setting CVar [[r.AmbientOcclusionLevels:-1]]
[2025.12.23-15.20.25:262][  0]LogConfig: Setting CVar [[r.AmbientOcclusionRadiusScale:1.0]]
[2025.12.23-15.20.25:262][  0]LogConfig: Setting CVar [[r.DepthOfFieldQuality:2]]
[2025.12.23-15.20.25:262][  0]LogConfig: Setting CVar [[r.RenderTargetPoolMin:400]]
[2025.12.23-15.20.25:262][  0]LogConfig: Setting CVar [[r.LensFlareQuality:2]]
[2025.12.23-15.20.25:262][  0]LogConfig: Setting CVar [[r.SceneColorFringeQuality:1]]
[2025.12.23-15.20.25:262][  0]LogConfig: Setting CVar [[r.EyeAdaptationQuality:2]]
[2025.12.23-15.20.25:262][  0]LogConfig: Setting CVar [[r.BloomQuality:5]]
[2025.12.23-15.20.25:262][  0]LogConfig: Setting CVar [[r.FastBlurThreshold:100]]
[2025.12.23-15.20.25:262][  0]LogConfig: Setting CVar [[r.Upscale.Quality:3]]
[2025.12.23-15.20.25:262][  0]LogConfig: Setting CVar [[r.Tonemapper.GrainQuantization:1]]
[2025.12.23-15.20.25:262][  0]LogConfig: Setting CVar [[r.LightShaftQuality:1]]
[2025.12.23-15.20.25:262][  0]LogConfig: Setting CVar [[r.Filter.SizeScale:1]]
[2025.12.23-15.20.25:262][  0]LogConfig: Setting CVar [[r.Tonemapper.Quality:5]]
[2025.12.23-15.20.25:262][  0]LogConfig: Setting CVar [[r.DOF.Gather.AccumulatorQuality:1        ; higher gathering accumulator quality]]
[2025.12.23-15.20.25:262][  0]LogConfig: Setting CVar [[r.DOF.Gather.PostfilterMethod:1          ; Median3x3 postfilering method]]
[2025.12.23-15.20.25:262][  0]LogConfig: Setting CVar [[r.DOF.Gather.EnableBokehSettings:0       ; no bokeh simulation when gathering]]
[2025.12.23-15.20.25:262][  0]LogConfig: Setting CVar [[r.DOF.Gather.RingCount:4                 ; medium number of samples when gathering]]
[2025.12.23-15.20.25:262][  0]LogConfig: Setting CVar [[r.DOF.Scatter.ForegroundCompositing:1    ; additive foreground scattering]]
[2025.12.23-15.20.25:262][  0]LogConfig: Setting CVar [[r.DOF.Scatter.BackgroundCompositing:2    ; additive background scattering]]
[2025.12.23-15.20.25:262][  0]LogConfig: Setting CVar [[r.DOF.Scatter.EnableBokehSettings:1      ; bokeh simulation when scattering]]
[2025.12.23-15.20.25:262][  0]LogConfig: Setting CVar [[r.DOF.Scatter.MaxSpriteRatio:0.1         ; only a maximum of 10% of scattered bokeh]]
[2025.12.23-15.20.25:262][  0]LogConfig: Setting CVar [[r.DOF.Recombine.Quality:1                ; cheap slight out of focus]]
[2025.12.23-15.20.25:262][  0]LogConfig: Setting CVar [[r.DOF.Recombine.EnableBokehSettings:0    ; no bokeh simulation on slight out of focus]]
[2025.12.23-15.20.25:262][  0]LogConfig: Setting CVar [[r.DOF.TemporalAAQuality:1                ; more stable temporal accumulation]]
[2025.12.23-15.20.25:262][  0]LogConfig: Setting CVar [[r.DOF.Kernel.MaxForegroundRadius:0.025]]
[2025.12.23-15.20.25:262][  0]LogConfig: Setting CVar [[r.DOF.Kernel.MaxBackgroundRadius:0.025]]
[2025.12.23-15.20.25:262][  0]LogConfig: Applying CVar settings from Section [TextureQuality@3] File [D:/Artemii/Game/Game/Saved/Config/Windows/Scalability.ini]
[2025.12.23-15.20.25:262][  0]LogConfig: Setting CVar [[r.Streaming.MipBias:0]]
[2025.12.23-15.20.25:262][  0]LogConfig: Setting CVar [[r.Streaming.AmortizeCPUToGPUCopy:0]]
[2025.12.23-15.20.25:262][  0]LogConfig: Setting CVar [[r.Streaming.MaxNumTexturesToStreamPerFrame:0]]
[2025.12.23-15.20.25:262][  0]LogConfig: Setting CVar [[r.Streaming.Boost:1]]
[2025.12.23-15.20.25:262][  0]LogConfig: Setting CVar [[r.MaxAnisotropy:8]]
[2025.12.23-15.20.25:262][  0]LogConfig: Setting CVar [[r.VT.MaxAnisotropy:8]]
[2025.12.23-15.20.25:262][  0]LogConfig: Setting CVar [[r.Streaming.LimitPoolSizeToVRAM:0]]
[2025.12.23-15.20.25:262][  0]LogConfig: Setting CVar [[r.Streaming.PoolSize:1000]]
[2025.12.23-15.20.25:262][  0]LogConfig: Setting CVar [[r.Streaming.MaxEffectiveScreenSize:0]]
[2025.12.23-15.20.25:262][  0]LogConfig: Applying CVar settings from Section [EffectsQuality@3] File [D:/Artemii/Game/Game/Saved/Config/Windows/Scalability.ini]
[2025.12.23-15.20.25:262][  0]LogConfig: Setting CVar [[r.TranslucencyLightingVolumeDim:64]]
[2025.12.23-15.20.25:262][  0]LogConfig: Setting CVar [[r.RefractionQuality:2]]
[2025.12.23-15.20.25:262][  0]LogConfig: Setting CVar [[r.SSR.Quality:3]]
[2025.12.23-15.20.25:262][  0]LogConfig: Setting CVar [[r.SSR.HalfResSceneColor:0]]
[2025.12.23-15.20.25:262][  0]LogConfig: Setting CVar [[r.SceneColorFormat:4]]
[2025.12.23-15.20.25:262][  0]LogConfig: Setting CVar [[r.DetailMode:2]]
[2025.12.23-15.20.25:262][  0]LogConfig: Setting CVar [[r.TranslucencyVolumeBlur:1]]
[2025.12.23-15.20.25:262][  0]LogConfig: Setting CVar [[r.MaterialQualityLevel:1 ; High quality]]
[2025.12.23-15.20.25:262][  0]LogConfig: Setting CVar [[r.AnisotropicMaterials:1]]
[2025.12.23-15.20.25:262][  0]LogConfig: Setting CVar [[r.SSS.Scale:1]]
[2025.12.23-15.20.25:262][  0]LogConfig: Setting CVar [[r.SSS.SampleSet:2]]
[2025.12.23-15.20.25:262][  0]LogConfig: Setting CVar [[r.SSS.Quality:1]]
[2025.12.23-15.20.25:262][  0]LogConfig: Setting CVar [[r.SSS.HalfRes:0]]
[2025.12.23-15.20.25:262][  0]LogConfig: Setting CVar [[r.SSGI.Quality:3]]
[2025.12.23-15.20.25:262][  0]LogConfig: Setting CVar [[r.EmitterSpawnRateScale:1.0]]
[2025.12.23-15.20.25:262][  0]LogConfig: Setting CVar [[r.ParticleLightQuality:2]]
[2025.12.23-15.20.25:262][  0]LogConfig: Setting CVar [[r.SkyAtmosphere.AerialPerspectiveLUT.FastApplyOnOpaque:1 ; Always have FastSkyLUT 1 in this case to avoid wrong sky]]
[2025.12.23-15.20.25:262][  0]LogConfig: Setting CVar [[r.SkyAtmosphere.AerialPerspectiveLUT.SampleCountMaxPerSlice:4]]
[2025.12.23-15.20.25:262][  0]LogConfig: Setting CVar [[r.SkyAtmosphere.AerialPerspectiveLUT.DepthResolution:16.0]]
[2025.12.23-15.20.25:262][  0]LogConfig: Setting CVar [[r.SkyAtmosphere.FastSkyLUT:1]]
[2025.12.23-15.20.25:262][  0]LogConfig: Setting CVar [[r.SkyAtmosphere.FastSkyLUT.SampleCountMin:4.0]]
[2025.12.23-15.20.25:262][  0]LogConfig: Setting CVar [[r.SkyAtmosphere.FastSkyLUT.SampleCountMax:128.0]]
[2025.12.23-15.20.25:262][  0]LogConfig: Setting CVar [[r.SkyAtmosphere.SampleCountMin:4.0]]
[2025.12.23-15.20.25:262][  0]LogConfig: Setting CVar [[r.SkyAtmosphere.SampleCountMax:128.0]]
[2025.12.23-15.20.25:262][  0]LogConfig: Setting CVar [[r.SkyAtmosphere.TransmittanceLUT.UseSmallFormat:0]]
[2025.12.23-15.20.25:262][  0]LogConfig: Setting CVar [[r.SkyAtmosphere.TransmittanceLUT.SampleCount:10.0]]
[2025.12.23-15.20.25:262][  0]LogConfig: Setting CVar [[r.SkyAtmosphere.MultiScatteringLUT.SampleCount:15.0]]
[2025.12.23-15.20.25:262][  0]LogConfig: Setting CVar [[r.SkyLight.RealTimeReflectionCapture:1]]
[2025.12.23-15.20.25:262][  0]LogConfig: Applying CVar settings from Section [FoliageQuality@3] File [D:/Artemii/Game/Game/Saved/Config/Windows/Scalability.ini]
[2025.12.23-15.20.25:262][  0]LogConfig: Setting CVar [[foliage.DensityScale:1.0]]
[2025.12.23-15.20.25:262][  0]LogConfig: Setting CVar [[grass.DensityScale:1.0]]
[2025.12.23-15.20.25:262][  0]LogConfig: Applying CVar settings from Section [ShadingQuality@3] File [D:/Artemii/Game/Game/Saved/Config/Windows/Scalability.ini]
[2025.12.23-15.20.25:262][  0]LogConfig: Setting CVar [[r.HairStrands.SkyLighting.IntegrationType:2]]
[2025.12.23-15.20.25:262][  0]LogConfig: Setting CVar [[r.HairStrands.SkyAO.SampleCount:4]]
[2025.12.23-15.20.25:262][  0]LogConfig: Setting CVar [[r.HairStrands.Visibility.MSAA.SamplePerPixel:4]]
[2025.12.23-15.20.25:262][  0]LogInit: Selected Device Profile: [Windows]
[2025.12.23-15.20.25:262][  0]LogInit: Applying CVar settings loaded from the selected device profile: [Windows]
[2025.12.23-15.20.25:262][  0]LogHAL: Display: Platform has ~ 32 GB [34153394176 / 34359738368 / 32], which maps to Largest [LargestMinGB=32, LargerMinGB=12, DefaultMinGB=8, SmallerMinGB=6, SmallestMinGB=0)
[2025.12.23-15.20.25:262][  0]LogInit: Going up to parent DeviceProfile []
[2025.12.23-15.20.25:262][  0]LogConfig: Applying CVar settings from Section [ViewDistanceQuality@3] File [D:/Artemii/Game/Game/Saved/Config/Windows/Scalability.ini]
[2025.12.23-15.20.25:262][  0]LogConfig: Setting CVar [[r.SkeletalMeshLODBias:0]]
[2025.12.23-15.20.25:262][  0]LogConfig: Setting CVar [[r.ViewDistanceScale:1.0]]
[2025.12.23-15.20.25:262][  0]LogConfig: Applying CVar settings from Section [AntiAliasingQuality@3] File [D:/Artemii/Game/Game/Saved/Config/Windows/Scalability.ini]
[2025.12.23-15.20.25:262][  0]LogConfig: Setting CVar [[r.PostProcessAAQuality:4]]
[2025.12.23-15.20.25:262][  0]LogConfig: Applying CVar settings from Section [ShadowQuality@3] File [D:/Artemii/Game/Game/Saved/Config/Windows/Scalability.ini]
[2025.12.23-15.20.25:262][  0]LogConfig: Setting CVar [[r.LightFunctionQuality:1]]
[2025.12.23-15.20.25:262][  0]LogConfig: Setting CVar [[r.ShadowQuality:5]]
[2025.12.23-15.20.25:262][  0]LogConfig: Setting CVar [[r.Shadow.CSM.MaxCascades:10]]
[2025.12.23-15.20.25:262][  0]LogConfig: Setting CVar [[r.Shadow.MaxResolution:2048]]
[2025.12.23-15.20.25:262][  0]LogConfig: Setting CVar [[r.Shadow.MaxCSMResolution:2048]]
[2025.12.23-15.20.25:262][  0]LogConfig: Setting CVar [[r.Shadow.RadiusThreshold:0.01]]
[2025.12.23-15.20.25:262][  0]LogConfig: Setting CVar [[r.Shadow.DistanceScale:1.0]]
[2025.12.23-15.20.25:262][  0]LogConfig: Setting CVar [[r.Shadow.CSM.TransitionScale:1.0]]
[2025.12.23-15.20.25:262][  0]LogConfig: Setting CVar [[r.Shadow.PreShadowResolutionFactor:1.0]]
[2025.12.23-15.20.25:262][  0]LogConfig: Setting CVar [[r.DistanceFieldShadowing:1]]
[2025.12.23-15.20.25:262][  0]LogConfig: Setting CVar [[r.DistanceFieldAO:1]]
[2025.12.23-15.20.25:262][  0]LogConfig: Setting CVar [[r.AOQuality:2]]
[2025.12.23-15.20.25:262][  0]LogConfig: Setting CVar [[r.VolumetricFog:1]]
[2025.12.23-15.20.25:262][  0]LogConfig: Setting CVar [[r.VolumetricFog.GridPixelSize:8]]
[2025.12.23-15.20.25:262][  0]LogConfig: Setting CVar [[r.VolumetricFog.GridSizeZ:128]]
[2025.12.23-15.20.25:262][  0]LogConfig: Setting CVar [[r.VolumetricFog.HistoryMissSupersampleCount:4]]
[2025.12.23-15.20.25:262][  0]LogConfig: Setting CVar [[r.LightMaxDrawDistanceScale:1]]
[2025.12.23-15.20.25:262][  0]LogConfig: Setting CVar [[r.CapsuleShadows:1]]
[2025.12.23-15.20.25:262][  0]LogConfig: Applying CVar settings from Section [PostProcessQuality@3] File [D:/Artemii/Game/Game/Saved/Config/Windows/Scalability.ini]
[2025.12.23-15.20.25:262][  0]LogConfig: Setting CVar [[r.MotionBlurQuality:4]]
[2025.12.23-15.20.25:262][  0]LogConfig: Setting CVar [[r.AmbientOcclusionMipLevelFactor:0.4]]
[2025.12.23-15.20.25:262][  0]LogConfig: Setting CVar [[r.AmbientOcclusionMaxQuality:100]]
[2025.12.23-15.20.25:262][  0]LogConfig: Setting CVar [[r.AmbientOcclusionLevels:-1]]
[2025.12.23-15.20.25:262][  0]LogConfig: Setting CVar [[r.AmbientOcclusionRadiusScale:1.0]]
[2025.12.23-15.20.25:262][  0]LogConfig: Setting CVar [[r.DepthOfFieldQuality:2]]
[2025.12.23-15.20.25:262][  0]LogConfig: Setting CVar [[r.RenderTargetPoolMin:400]]
[2025.12.23-15.20.25:262][  0]LogConfig: Setting CVar [[r.LensFlareQuality:2]]
[2025.12.23-15.20.25:262][  0]LogConfig: Setting CVar [[r.SceneColorFringeQuality:1]]
[2025.12.23-15.20.25:262][  0]LogConfig: Setting CVar [[r.EyeAdaptationQuality:2]]
[2025.12.23-15.20.25:262][  0]LogConfig: Setting CVar [[r.BloomQuality:5]]
[2025.12.23-15.20.25:262][  0]LogConfig: Setting CVar [[r.FastBlurThreshold:100]]
[2025.12.23-15.20.25:262][  0]LogConfig: Setting CVar [[r.Upscale.Quality:3]]
[2025.12.23-15.20.25:262][  0]LogConfig: Setting CVar [[r.Tonemapper.GrainQuantization:1]]
[2025.12.23-15.20.25:262][  0]LogConfig: Setting CVar [[r.LightShaftQuality:1]]
[2025.12.23-15.20.25:262][  0]LogConfig: Setting CVar [[r.Filter.SizeScale:1]]
[2025.12.23-15.20.25:262][  0]LogConfig: Setting CVar [[r.Tonemapper.Quality:5]]
[2025.12.23-15.20.25:262][  0]LogConfig: Setting CVar [[r.DOF.Gather.AccumulatorQuality:1        ; higher gathering accumulator quality]]
[2025.12.23-15.20.25:262][  0]LogConfig: Setting CVar [[r.DOF.Gather.PostfilterMethod:1          ; Median3x3 postfilering method]]
[2025.12.23-15.20.25:262][  0]LogConfig: Setting CVar [[r.DOF.Gather.EnableBokehSettings:0       ; no bokeh simulation when gathering]]
[2025.12.23-15.20.25:262][  0]LogConfig: Setting CVar [[r.DOF.Gather.RingCount:4                 ; medium number of samples when gathering]]
[2025.12.23-15.20.25:262][  0]LogConfig: Setting CVar [[r.DOF.Scatter.ForegroundCompositing:1    ; additive foreground scattering]]
[2025.12.23-15.20.25:262][  0]LogConfig: Setting CVar [[r.DOF.Scatter.BackgroundCompositing:2    ; additive background scattering]]
[2025.12.23-15.20.25:262][  0]LogConfig: Setting CVar [[r.DOF.Scatter.EnableBokehSettings:1      ; bokeh simulation when scattering]]
[2025.12.23-15.20.25:262][  0]LogConfig: Setting CVar [[r.DOF.Scatter.MaxSpriteRatio:0.1         ; only a maximum of 10% of scattered bokeh]]
[2025.12.23-15.20.25:262][  0]LogConfig: Setting CVar [[r.DOF.Recombine.Quality:1                ; cheap slight out of focus]]
[2025.12.23-15.20.25:262][  0]LogConfig: Setting CVar [[r.DOF.Recombine.EnableBokehSettings:0    ; no bokeh simulation on slight out of focus]]
[2025.12.23-15.20.25:262][  0]LogConfig: Setting CVar [[r.DOF.TemporalAAQuality:1                ; more stable temporal accumulation]]
[2025.12.23-15.20.25:262][  0]LogConfig: Setting CVar [[r.DOF.Kernel.MaxForegroundRadius:0.025]]
[2025.12.23-15.20.25:262][  0]LogConfig: Setting CVar [[r.DOF.Kernel.MaxBackgroundRadius:0.025]]
[2025.12.23-15.20.25:262][  0]LogConfig: Applying CVar settings from Section [TextureQuality@3] File [D:/Artemii/Game/Game/Saved/Config/Windows/Scalability.ini]
[2025.12.23-15.20.25:262][  0]LogConfig: Setting CVar [[r.Streaming.MipBias:0]]
[2025.12.23-15.20.25:262][  0]LogConfig: Setting CVar [[r.Streaming.AmortizeCPUToGPUCopy:0]]
[2025.12.23-15.20.25:262][  0]LogConfig: Setting CVar [[r.Streaming.MaxNumTexturesToStreamPerFrame:0]]
[2025.12.23-15.20.25:262][  0]LogConfig: Setting CVar [[r.Streaming.Boost:1]]
[2025.12.23-15.20.25:262][  0]LogConfig: Setting CVar [[r.MaxAnisotropy:8]]
[2025.12.23-15.20.25:262][  0]LogConfig: Setting CVar [[r.VT.MaxAnisotropy:8]]
[2025.12.23-15.20.25:262][  0]LogConfig: Setting CVar [[r.Streaming.LimitPoolSizeToVRAM:0]]
[2025.12.23-15.20.25:262][  0]LogConfig: Setting CVar [[r.Streaming.PoolSize:1000]]
[2025.12.23-15.20.25:262][  0]LogConfig: Setting CVar [[r.Streaming.MaxEffectiveScreenSize:0]]
[2025.12.23-15.20.25:262][  0]LogConfig: Applying CVar settings from Section [EffectsQuality@3] File [D:/Artemii/Game/Game/Saved/Config/Windows/Scalability.ini]
[2025.12.23-15.20.25:262][  0]LogConfig: Setting CVar [[r.TranslucencyLightingVolumeDim:64]]
[2025.12.23-15.20.25:263][  0]LogConfig: Setting CVar [[r.RefractionQuality:2]]
[2025.12.23-15.20.25:263][  0]LogConfig: Setting CVar [[r.SSR.Quality:3]]
[2025.12.23-15.20.25:263][  0]LogConfig: Setting CVar [[r.SSR.HalfResSceneColor:0]]
[2025.12.23-15.20.25:263][  0]LogConfig: Setting CVar [[r.SceneColorFormat:4]]
[2025.12.23-15.20.25:263][  0]LogConfig: Setting CVar [[r.DetailMode:2]]
[2025.12.23-15.20.25:263][  0]LogConfig: Setting CVar [[r.TranslucencyVolumeBlur:1]]
[2025.12.23-15.20.25:263][  0]LogConfig: Setting CVar [[r.MaterialQualityLevel:1 ; High quality]]
[2025.12.23-15.20.25:263][  0]LogConfig: Setting CVar [[r.AnisotropicMaterials:1]]
[2025.12.23-15.20.25:263][  0]LogConfig: Setting CVar [[r.SSS.Scale:1]]
[2025.12.23-15.20.25:263][  0]LogConfig: Setting CVar [[r.SSS.SampleSet:2]]
[2025.12.23-15.20.25:263][  0]LogConfig: Setting CVar [[r.SSS.Quality:1]]
[2025.12.23-15.20.25:263][  0]LogConfig: Setting CVar [[r.SSS.HalfRes:0]]
[2025.12.23-15.20.25:263][  0]LogConfig: Setting CVar [[r.SSGI.Quality:3]]
[2025.12.23-15.20.25:263][  0]LogConfig: Setting CVar [[r.EmitterSpawnRateScale:1.0]]
[2025.12.23-15.20.25:263][  0]LogConfig: Setting CVar [[r.ParticleLightQuality:2]]
[2025.12.23-15.20.25:263][  0]LogConfig: Setting CVar [[r.SkyAtmosphere.AerialPerspectiveLUT.FastApplyOnOpaque:1 ; Always have FastSkyLUT 1 in this case to avoid wrong sky]]
[2025.12.23-15.20.25:263][  0]LogConfig: Setting CVar [[r.SkyAtmosphere.AerialPerspectiveLUT.SampleCountMaxPerSlice:4]]
[2025.12.23-15.20.25:263][  0]LogConfig: Setting CVar [[r.SkyAtmosphere.AerialPerspectiveLUT.DepthResolution:16.0]]
[2025.12.23-15.20.25:263][  0]LogConfig: Setting CVar [[r.SkyAtmosphere.FastSkyLUT:1]]
[2025.12.23-15.20.25:263][  0]LogConfig: Setting CVar [[r.SkyAtmosphere.FastSkyLUT.SampleCountMin:4.0]]
[2025.12.23-15.20.25:263][  0]LogConfig: Setting CVar [[r.SkyAtmosphere.FastSkyLUT.SampleCountMax:128.0]]
[2025.12.23-15.20.25:263][  0]LogConfig: Setting CVar [[r.SkyAtmosphere.SampleCountMin:4.0]]
[2025.12.23-15.20.25:263][  0]LogConfig: Setting CVar [[r.SkyAtmosphere.SampleCountMax:128.0]]
[2025.12.23-15.20.25:263][  0]LogConfig: Setting CVar [[r.SkyAtmosphere.TransmittanceLUT.UseSmallFormat:0]]
[2025.12.23-15.20.25:263][  0]LogConfig: Setting CVar [[r.SkyAtmosphere.TransmittanceLUT.SampleCount:10.0]]
[2025.12.23-15.20.25:263][  0]LogConfig: Setting CVar [[r.SkyAtmosphere.MultiScatteringLUT.SampleCount:15.0]]
[2025.12.23-15.20.25:263][  0]LogConfig: Setting CVar [[r.SkyLight.RealTimeReflectionCapture:1]]
[2025.12.23-15.20.25:263][  0]LogConfig: Applying CVar settings from Section [FoliageQuality@3] File [D:/Artemii/Game/Game/Saved/Config/Windows/Scalability.ini]
[2025.12.23-15.20.25:263][  0]LogConfig: Setting CVar [[foliage.DensityScale:1.0]]
[2025.12.23-15.20.25:263][  0]LogConfig: Setting CVar [[grass.DensityScale:1.0]]
[2025.12.23-15.20.25:263][  0]LogConfig: Applying CVar settings from Section [ShadingQuality@3] File [D:/Artemii/Game/Game/Saved/Config/Windows/Scalability.ini]
[2025.12.23-15.20.25:263][  0]LogConfig: Setting CVar [[r.HairStrands.SkyLighting.IntegrationType:2]]
[2025.12.23-15.20.25:263][  0]LogConfig: Setting CVar [[r.HairStrands.SkyAO.SampleCount:4]]
[2025.12.23-15.20.25:263][  0]LogConfig: Setting CVar [[r.HairStrands.Visibility.MSAA.SamplePerPixel:4]]
[2025.12.23-15.20.25:263][  0]LogConfig: Applying CVar settings from Section [Startup] File [../../../Engine/Config/ConsoleVariables.ini]
[2025.12.23-15.20.25:263][  0]LogConfig: Setting CVar [[net.UseAdaptiveNetUpdateFrequency:0]]
[2025.12.23-15.20.25:263][  0]LogConfig: Setting CVar [[p.chaos.AllowCreatePhysxBodies:1]]
[2025.12.23-15.20.25:263][  0]LogConfig: Setting CVar [[fx.SkipVectorVMBackendOptimizations:1]]
[2025.12.23-15.20.25:263][  0]LogConfig: Applying CVar settings from Section [ConsoleVariables] File [D:/Artemii/Game/Game/Saved/Config/Windows/Engine.ini]
[2025.12.23-15.20.25:263][  0]LogConfig: Applying CVar settings from Section [ConsoleVariables] File [D:/Artemii/Game/Game/Saved/Config/Windows/Editor.ini]
[2025.12.23-15.20.25:263][  0]LogInit: Computer: ANATOLII
[2025.12.23-15.20.25:263][  0]LogInit: User: LVI
[2025.12.23-15.20.25:263][  0]LogInit: CPU Page size=4096, Cores=14
[2025.12.23-15.20.25:263][  0]LogInit: High frequency timer resolution =10.000000 MHz
[2025.12.23-15.20.25:263][  0]LogMemory: Memory total: Physical=31.8GB (32GB approx)
[2025.12.23-15.20.25:263][  0]LogMemory: Platform Memory Stats for Windows
[2025.12.23-15.20.25:263][  0]LogMemory: Process Physical Memory: 147.64 MB used, 147.65 MB peak
[2025.12.23-15.20.25:263][  0]LogMemory: Process Virtual Memory: 132.58 MB used, 132.58 MB peak
[2025.12.23-15.20.25:263][  0]LogMemory: Physical Memory: 10147.78 MB used,  22423.43 MB free, 32571.21 MB total
[2025.12.23-15.20.25:263][  0]LogMemory: Virtual Memory: 134192680.00 MB used,  25046.00 MB free, 134217728.00 MB total
[2025.12.23-15.20.25:265][  0]LogWindows: WindowsPlatformFeatures enabled
[2025.12.23-15.20.25:289][  0]LogInit: Physics initialised using underlying interface: PhysX
[2025.12.23-15.20.25:289][  0]LogInit: Using OS detected language (en-US).
[2025.12.23-15.20.25:289][  0]LogInit: Using OS detected locale (uk-UA).
[2025.12.23-15.20.25:291][  0]LogTextLocalizationManager: No specific localization for 'en-US' exists, so the 'en' localization will be used.
[2025.12.23-15.20.25:399][  0]LogInit: Setting process to per monitor DPI aware
[2025.12.23-15.20.25:407][  0]LogWindowsTextInputMethodSystem: Display: IME system deactivated.
[2025.12.23-15.20.25:428][  0]LogSlate: New Slate User Created.  User Index 0, Is Virtual User: 0
[2025.12.23-15.20.25:428][  0]LogSlate: Slate User Registered.  User Index 0, Is Virtual User: 0
[2025.12.23-15.20.25:491][  0]LogD3D11RHI: Loaded GFSDK_Aftermath_Lib.x64.dll
[2025.12.23-15.20.25:493][  0]LogHMD: Failed to initialize OpenVR with code 110
[2025.12.23-15.20.25:493][  0]LogD3D11RHI: D3D11 min allowed feature level: 11_0
[2025.12.23-15.20.25:493][  0]LogD3D11RHI: D3D11 max allowed feature level: 11_0
[2025.12.23-15.20.25:493][  0]LogD3D11RHI: D3D11 adapters:
[2025.12.23-15.20.25:617][  0]LogD3D11RHI:    0. 'NVIDIA GeForce RTX 3060 Ti' (Feature Level 11_0)
[2025.12.23-15.20.25:617][  0]LogD3D11RHI:       8024/0/16285 MB DedicatedVideo/DedicatedSystem/SharedSystem, Outputs:2, VendorId:0x10de
[2025.12.23-15.20.25:663][  0]LogD3D11RHI:    1. 'Intel(R) UHD Graphics 770' (Feature Level 11_0)
[2025.12.23-15.20.25:663][  0]LogD3D11RHI:       128/0/16285 MB DedicatedVideo/DedicatedSystem/SharedSystem, Outputs:0, VendorId:0x8086
[2025.12.23-15.20.25:664][  0]LogD3D11RHI:    2. 'Microsoft Basic Render Driver' (Feature Level 11_0)
[2025.12.23-15.20.25:664][  0]LogD3D11RHI:       0/0/16285 MB DedicatedVideo/DedicatedSystem/SharedSystem, Outputs:0, VendorId:0x1414
[2025.12.23-15.20.25:768][  0]LogD3D11RHI:    3. 'NVIDIA GeForce RTX 3060 Ti' (Feature Level 11_0)
[2025.12.23-15.20.25:768][  0]LogD3D11RHI:       8024/0/16285 MB DedicatedVideo/DedicatedSystem/SharedSystem, Outputs:0, VendorId:0x10de
[2025.12.23-15.20.25:768][  0]LogD3D11RHI: Chosen D3D11 Adapter:
[2025.12.23-15.20.25:768][  0]LogD3D11RHI:     Description : NVIDIA GeForce RTX 3060 Ti
[2025.12.23-15.20.25:768][  0]LogD3D11RHI:     VendorId    : 10de
[2025.12.23-15.20.25:768][  0]LogD3D11RHI:     DeviceId    : 2489
[2025.12.23-15.20.25:768][  0]LogD3D11RHI:     SubSysId    : 405b1458
[2025.12.23-15.20.25:768][  0]LogD3D11RHI:     Revision    : 00a1
[2025.12.23-15.20.25:768][  0]LogD3D11RHI:     DedicatedVideoMemory : 8413773824 bytes
[2025.12.23-15.20.25:768][  0]LogD3D11RHI:     DedicatedSystemMemory : 0 bytes
[2025.12.23-15.20.25:768][  0]LogD3D11RHI:     SharedSystemMemory : 17076697088 bytes
[2025.12.23-15.20.25:768][  0]LogD3D11RHI:     AdapterLuid : 0 57380
[2025.12.23-15.20.25:772][  0]LogD3D11RHI: Creating new Direct3DDevice
[2025.12.23-15.20.25:772][  0]LogD3D11RHI:     GPU DeviceId: 0x2489 (for the marketing name, search the web for "GPU Device Id")
[2025.12.23-15.20.25:772][  0]LogWindows: EnumDisplayDevices:
[2025.12.23-15.20.25:772][  0]LogWindows:    0. 'NVIDIA GeForce RTX 3060 Ti' (P:0 D:1)
[2025.12.23-15.20.25:772][  0]LogWindows:    1. 'NVIDIA GeForce RTX 3060 Ti' (P:1 D:1)
[2025.12.23-15.20.25:772][  0]LogWindows:    2. 'NVIDIA GeForce RTX 3060 Ti' (P:0 D:0)
[2025.12.23-15.20.25:772][  0]LogWindows:    3. 'NVIDIA GeForce RTX 3060 Ti' (P:0 D:0)
[2025.12.23-15.20.25:772][  0]LogWindows:    4. 'Intel(R) UHD Graphics 770' (P:0 D:0)
[2025.12.23-15.20.25:772][  0]LogWindows:    5. 'Intel(R) UHD Graphics 770' (P:0 D:0)
[2025.12.23-15.20.25:772][  0]LogWindows:    6. 'Intel(R) UHD Graphics 770' (P:0 D:0)
[2025.12.23-15.20.25:772][  0]LogWindows:    7. 'Intel(R) UHD Graphics 770' (P:0 D:0)
[2025.12.23-15.20.25:773][  0]LogWindows:    8. 'Parsec Virtual Display Adapter' (P:0 D:0)
[2025.12.23-15.20.25:773][  0]LogWindows:    9. 'Parsec Virtual Display Adapter' (P:0 D:0)
[2025.12.23-15.20.25:773][  0]LogWindows:    10. 'Parsec Virtual Display Adapter' (P:0 D:0)
[2025.12.23-15.20.25:773][  0]LogWindows:    11. 'Parsec Virtual Display Adapter' (P:0 D:0)
[2025.12.23-15.20.25:773][  0]LogWindows:    12. 'Parsec Virtual Display Adapter' (P:0 D:0)
[2025.12.23-15.20.25:773][  0]LogWindows:    13. 'Parsec Virtual Display Adapter' (P:0 D:0)
[2025.12.23-15.20.25:773][  0]LogWindows:    14. 'Parsec Virtual Display Adapter' (P:0 D:0)
[2025.12.23-15.20.25:773][  0]LogWindows:    15. 'Parsec Virtual Display Adapter' (P:0 D:0)
[2025.12.23-15.20.25:773][  0]LogWindows:    16. 'Parsec Virtual Display Adapter' (P:0 D:0)
[2025.12.23-15.20.25:773][  0]LogWindows:    17. 'Parsec Virtual Display Adapter' (P:0 D:0)
[2025.12.23-15.20.25:773][  0]LogWindows:    18. 'Parsec Virtual Display Adapter' (P:0 D:0)
[2025.12.23-15.20.25:774][  0]LogWindows:    19. 'Parsec Virtual Display Adapter' (P:0 D:0)
[2025.12.23-15.20.25:774][  0]LogWindows:    20. 'Parsec Virtual Display Adapter' (P:0 D:0)
[2025.12.23-15.20.25:774][  0]LogWindows:    21. 'Parsec Virtual Display Adapter' (P:0 D:0)
[2025.12.23-15.20.25:774][  0]LogWindows:    22. 'Parsec Virtual Display Adapter' (P:0 D:0)
[2025.12.23-15.20.25:774][  0]LogWindows:    23. 'Parsec Virtual Display Adapter' (P:0 D:0)
[2025.12.23-15.20.25:774][  0]LogWindows: DebugString: PrimaryIsNotTheChoosenAdapter PrimaryIsNotTheChoosenAdapter PrimaryIsNotTheChoosenAdapter PrimaryIsNotTheChoosenAdapter GetVideoDriverDetailsInvalid PrimaryIsNotTheChoosenAdapter GetVideoDriverDetailsInvalid PrimaryIsNotTheChoosenAdapter GetVideoDriverDetailsInvalid PrimaryIsNotTheChoosenAdapter GetVideoDriverDetailsInvalid PrimaryIsNotTheChoosenAdapter GetVideoDriverDetailsInvalid PrimaryIsNotTheChoosenAdapter GetVideoDriverDetailsInvalid PrimaryIsNotTheChoosenAdapter GetVideoDriverDetailsInvalid PrimaryIsNotTheChoosenAdapter GetVideoDriverDetailsInvalid PrimaryIsNotTheChoosenAdapter GetVideoDriverDetailsInvalid PrimaryIsNotTheChoosenAdapter GetVideoDriverDetailsInvalid PrimaryIsNotTheChoosenAdapter GetVideoDriverDetailsInvalid PrimaryIsNotTheChoosenAdapter GetVideoDriverDetailsInvalid PrimaryIsNotTheChoosenAdapter GetVideoDriverDetailsInvalid PrimaryIsNotTheChoosenAdapter GetVideoDriverDetailsInvalid PrimaryIsNotTheChoosenAdapter GetVideoDriverDetailsInvalid PrimaryIsNotTheChoosenAdapter GetVideoDriverDetailsInvalid PrimaryIsNotTheChoosenAdapter FoundDriverCount:4 
[2025.12.23-15.20.25:774][  0]LogD3D11RHI:     Adapter Name: NVIDIA GeForce RTX 3060 Ti
[2025.12.23-15.20.25:774][  0]LogD3D11RHI:   Driver Version: 576.28 (internal:32.0.15.7628, unified:576.28)
[2025.12.23-15.20.25:774][  0]LogD3D11RHI:      Driver Date: 4-27-2025
[2025.12.23-15.20.25:774][  0]LogRHI: Texture pool is 5616 MB (70% of 8024 MB)
[2025.12.23-15.20.25:774][  0]LogD3D11RHI: Creating D3DDevice using adapter:
[2025.12.23-15.20.25:774][  0]LogD3D11RHI:     Description : NVIDIA GeForce RTX 3060 Ti
[2025.12.23-15.20.25:774][  0]LogD3D11RHI:     VendorId    : 10de
[2025.12.23-15.20.25:774][  0]LogD3D11RHI:     DeviceId    : 2489
[2025.12.23-15.20.25:774][  0]LogD3D11RHI:     SubSysId    : 405b1458
[2025.12.23-15.20.25:774][  0]LogD3D11RHI:     Revision    : 00a1
[2025.12.23-15.20.25:774][  0]LogD3D11RHI:     DedicatedVideoMemory : 8413773824 bytes
[2025.12.23-15.20.25:774][  0]LogD3D11RHI:     DedicatedSystemMemory : 0 bytes
[2025.12.23-15.20.25:774][  0]LogD3D11RHI:     SharedSystemMemory : 17076697088 bytes
[2025.12.23-15.20.25:774][  0]LogD3D11RHI:     AdapterLuid : 0 57380
[2025.12.23-15.20.25:869][  0]LogD3D11RHI: RHI has support for 64 bit atomics
[2025.12.23-15.20.25:869][  0]LogD3D11RHI: Async texture creation enabled
[2025.12.23-15.20.25:869][  0]LogD3D11RHI: Array index from any shader is supported
[2025.12.23-15.20.25:884][  0]LogD3D11RHI: GPU Timing Frequency: 1000.000000 (Debug: 2 1)
[2025.12.23-15.20.25:900][  0]LogRHI: GeForceNow SDK initialized: 1
[2025.12.23-15.20.26:071][  0]LogTargetPlatformManager: Display: Loaded TargetPlatform 'AllDesktop'
[2025.12.23-15.20.26:083][  0]LogTargetPlatformManager: Display: Loaded TargetPlatform 'Android'
[2025.12.23-15.20.26:083][  0]LogTargetPlatformManager: Display: Loaded TargetPlatform 'Android_ASTC'
[2025.12.23-15.20.26:083][  0]LogTargetPlatformManager: Display: Loaded TargetPlatform 'Android_DXT'
[2025.12.23-15.20.26:083][  0]LogTargetPlatformManager: Display: Loaded TargetPlatform 'Android_ETC2'
[2025.12.23-15.20.26:083][  0]LogTargetPlatformManager: Display: Loaded TargetPlatform 'AndroidClient'
[2025.12.23-15.20.26:083][  0]LogTargetPlatformManager: Display: Loaded TargetPlatform 'Android_ASTCClient'
[2025.12.23-15.20.26:083][  0]LogTargetPlatformManager: Display: Loaded TargetPlatform 'Android_DXTClient'
[2025.12.23-15.20.26:083][  0]LogTargetPlatformManager: Display: Loaded TargetPlatform 'Android_ETC2Client'
[2025.12.23-15.20.26:083][  0]LogTargetPlatformManager: Display: Loaded TargetPlatform 'Android_Multi'
[2025.12.23-15.20.26:083][  0]LogTargetPlatformManager: Display: Loaded TargetPlatform 'Android_MultiClient'
[2025.12.23-15.20.26:092][  0]LogTargetPlatformManager: Display: Loaded TargetPlatform 'IOSClient'
[2025.12.23-15.20.26:092][  0]LogTargetPlatformManager: Display: Loaded TargetPlatform 'IOS'
[2025.12.23-15.20.26:097][  0]LogTargetPlatformManager: Display: Loaded TargetPlatform 'Linux'
[2025.12.23-15.20.26:099][  0]LogTargetPlatformManager: Display: Loaded TargetPlatform 'LinuxNoEditor'
[2025.12.23-15.20.26:101][  0]LogTargetPlatformManager: Display: Loaded TargetPlatform 'LinuxClient'
[2025.12.23-15.20.26:103][  0]LogTargetPlatformManager: Display: Loaded TargetPlatform 'LinuxServer'
[2025.12.23-15.20.26:108][  0]LogTargetPlatformManager: Display: Loaded TargetPlatform 'LinuxAArch64NoEditor'
[2025.12.23-15.20.26:110][  0]LogTargetPlatformManager: Display: Loaded TargetPlatform 'LinuxAArch64Client'
[2025.12.23-15.20.26:112][  0]LogTargetPlatformManager: Display: Loaded TargetPlatform 'LinuxAArch64Server'
[2025.12.23-15.20.26:124][  0]LogTargetPlatformManager: Display: Loaded TargetPlatform 'Lumin'
[2025.12.23-15.20.26:124][  0]LogTargetPlatformManager: Display: Loaded TargetPlatform 'LuminClient'
[2025.12.23-15.20.26:128][  0]LogTargetPlatformManager: Display: Loaded TargetPlatform 'MacNoEditor'
[2025.12.23-15.20.26:131][  0]LogTargetPlatformManager: Display: Loaded TargetPlatform 'Mac'
[2025.12.23-15.20.26:133][  0]LogTargetPlatformManager: Display: Loaded TargetPlatform 'MacClient'
[2025.12.23-15.20.26:135][  0]LogTargetPlatformManager: Display: Loaded TargetPlatform 'MacServer'
[2025.12.23-15.20.26:140][  0]LogTargetPlatformManager: Display: Loaded TargetPlatform 'TVOSClient'
[2025.12.23-15.20.26:140][  0]LogTargetPlatformManager: Display: Loaded TargetPlatform 'TVOS'
[2025.12.23-15.20.26:144][  0]LogTargetPlatformManager: Display: Loaded TargetPlatform 'WindowsNoEditor'
[2025.12.23-15.20.26:146][  0]LogTargetPlatformManager: Display: Loaded TargetPlatform 'Windows'
[2025.12.23-15.20.26:149][  0]LogTargetPlatformManager: Display: Loaded TargetPlatform 'WindowsClient'
[2025.12.23-15.20.26:151][  0]LogTargetPlatformManager: Display: Loaded TargetPlatform 'WindowsServer'
[2025.12.23-15.20.26:151][  0]LogTargetPlatformManager: Display: Building Assets For Windows
[2025.12.23-15.20.26:154][  0]LogAudioDebug: Display: Lib vorbis DLL was dynamically loaded.
[2025.12.23-15.20.26:170][  0]LogTextureFormatOodle: Display: Oodle Texture 2.9.0 init RDO Off
[2025.12.23-15.20.26:184][  0]LogRendererCore: Ray tracing is disabled. Reason: r.RayTracing=0.
[2025.12.23-15.20.26:184][  0]LogShaderCompilers: Guid format shader working directory is 23 characters bigger than the processId version (D:/Artemii/Game/Game/Intermediate/Shaders/WorkingDirectory/22036/).
[2025.12.23-15.20.26:185][  0]LogShaderCompilers: Cleaned the shader compiler working directory 'C:/Users/LVI/AppData/Local/Temp/UnrealShaderWorkingDir/5D50EB344E25C760EAE9F7AE52828B27/'.
[2025.12.23-15.20.26:185][  0]LogXGEController: Cannot use XGE Controller as Incredibuild is not installed on this machine.
[2025.12.23-15.20.26:185][  0]LogShaderCompilers: Cannot use XGE Shader Compiler as Incredibuild is not installed on this machine.
[2025.12.23-15.20.26:185][  0]LogShaderCompilers: Display: Using Local Shader Compiler.
[2025.12.23-15.20.26:671][  0]LogDerivedDataCache: Display: Max Cache Size: 512 MB
[2025.12.23-15.20.26:709][  0]LogDerivedDataCache: Loaded boot cache 0.04s 96MB C:/Users/LVI/AppData/Local/UnrealEngine/4.27/DerivedDataCache/Boot.ddc.
[2025.12.23-15.20.26:709][  0]LogDerivedDataCache: Display: Loaded Boot cache: C:/Users/LVI/AppData/Local/UnrealEngine/4.27/DerivedDataCache/Boot.ddc
[2025.12.23-15.20.26:721][  0]LogDerivedDataCache: FDerivedDataBackendGraph:  Pak pak cache file D:/Artemii/Game/Game/DerivedDataCache/DDC.ddp not found, will not use a pak cache.
[2025.12.23-15.20.26:721][  0]LogDerivedDataCache: Unable to find inner node Pak for hierarchical cache Hierarchy.
[2025.12.23-15.20.26:721][  0]LogDerivedDataCache: FDerivedDataBackendGraph:  CompressedPak pak cache file D:/Artemii/Game/Game/DerivedDataCache/Compressed.ddp not found, will not use a pak cache.
[2025.12.23-15.20.26:721][  0]LogDerivedDataCache: Unable to find inner node CompressedPak for hierarchical cache Hierarchy.
[2025.12.23-15.20.26:733][  0]LogDerivedDataCache: Display: Pak cache opened for reading ../../../Engine/DerivedDataCache/Compressed.ddp.
[2025.12.23-15.20.26:733][  0]LogDerivedDataCache: FDerivedDataBackendGraph:  EnterprisePak pak cache file ../../../Enterprise/DerivedDataCache/Compressed.ddp not found, will not use a pak cache.
[2025.12.23-15.20.26:733][  0]LogDerivedDataCache: Unable to find inner node EnterprisePak for hierarchical cache Hierarchy.
[2025.12.23-15.20.26:739][  0]LogDerivedDataCache: Speed tests for C:/Users/LVI/AppData/Local/UnrealEngine/Common/DerivedDataCache took 0.01 seconds
[2025.12.23-15.20.26:739][  0]LogDerivedDataCache: Display: Performance to C:/Users/LVI/AppData/Local/UnrealEngine/Common/DerivedDataCache: Latency=0.01ms. RandomReadSpeed=2268.64MBs, RandomWriteSpeed=184.99MBs. Assigned SpeedClass 'Local'
[2025.12.23-15.20.26:739][  0]LogDerivedDataCache: Using Local data cache path C:/Users/LVI/AppData/Local/UnrealEngine/Common/DerivedDataCache: Writable
[2025.12.23-15.20.26:739][  0]LogDerivedDataCache: Shared data cache path not found in *engine.ini, will not use an Shared cache.
[2025.12.23-15.20.26:739][  0]LogDerivedDataCache: Unable to find inner node Shared for hierarchical cache Hierarchy.
[2025.12.23-15.20.26:767][  0]LogSlate: Using FreeType 2.10.0
[2025.12.23-15.20.26:767][  0]LogSlate: SlateFontServices - WITH_FREETYPE: 1, WITH_HARFBUZZ: 1
[2025.12.23-15.20.26:783][  0]LogAssetRegistry: FAssetRegistry took 0.0018 seconds to start up
[2025.12.23-15.20.26:911][  0]LogInit: Selected Device Profile: [Windows]
[2025.12.23-15.20.26:911][  0]LogInit: Active device profile: [000001C92F7AB100][000001C925341340 49] Windows
[2025.12.23-15.20.26:911][  0]LogInit: Profiles: [000001C92F7AB100][000001C925341340 49] Windows, [000001C92F75D400][000001C9253494C0 49] WindowsNoEditor, [000001C92F7A9400][000001C92D5A5640 49] WindowsServer, [000001C92F75EE00][000001C92D5A97C0 49] WindowsClient, [000001C92F7AAE00][000001C92D5AD940 49] IOS, [000001C92F75D500][000001C92D5B1AC0 49] iPadAir, [000001C92F7A8400][000001C92D5B40C0 49] iPadAir2, [000001C92F604400][000001C92D5BC380 49] IPadPro, [000001C92F604500][000001C92D5B83C0 49] iPadAir3, [000001C92F7AAB00][000001C92D5C0540 49] iPadAir4, [000001C92F607000][000001C925344680 49] iPadMini2, [000001C92F7A9600][000001C92D5C47C0 49] iPadMini3, [000001C92F605800][000001C92D5C8900 49] iPadMini4, [000001C92F7AA900][000001C92D5D0A80 49] iPadMini5, [000001C92F5FBC00][000001C92D5DCD40 49] iPhone6, [000001C92F5FBD00][000001C92D5D4D80 49] iPodTouch6, [000001C92F607E00][000001C92D5E5040 49] iPhone7, [000001C92F607F00][000001C92D5E1080 49] iPodTouch7, [000001C92F5F9500][000001C92D5F1200 49] iPhone5S, [000001C92F605B00][000001C92D5FD380 49] iPhone6Plus, [000001C92F5FAC00][000001C92FE89500 49] iPhone6S, [000001C92F604200][000001C92FEB5680 49] iPhone6SPlus, [000001C92F5F9800][000001C92FEC1800 49] iPhone7Plus, [000001C92F607400][000001C92FEC5980 49] iPhoneSE, [000001C92F5FA900][000001C92FEC9B00 49] iPhone8, [000001C92F605600][000001C92FECC100 49] iPhone8Plus, [000001C92F5FB800][000001C92FED0280 49] iPhoneX, [000001C92F604600][000001C92FED4400 49] iPhoneXS, [000001C92F5FA800][000001C92FED8580 49] iPhoneXSMax, [000001C92F606500][000001C92FEE0700 49] iPhoneXR, [000001C92F5F9D00][000001C92D5CC840 49] iPhone11, [000001C92F604800][000001C92FEE4980 49] iPhone11Pro, [000001C92F5FA500][000001C92FEECAC0 49] iPhone11ProMax, [000001C92F605D00][000001C92FEFCC40 49] iPhoneSE2, [000001C92F5FA000][000001C92FF00DC0 49] iPhone12Mini, [000001C92F604A00][000001C92FF08F40 49] iPhone12, [000001C92F5FA200][000001C92FF190C0 49] iPhone12Pro, [000001C92F604E00][000001C92FF3B240 49] iPhone12ProMax, [000001C92F5FA700][000001C92FF553C0 49] iPadPro105, [000001C92F604D00][000001C92FF59540 49] iPadPro129, [000001C92F5F9900][000001C92FF5D6C0 49] iPadPro97, [000001C92F607D00][000001C92FF61840 49] iPadPro2_129, [000001C92F5FAD00][000001C92FF659C0 49] iPad5, [000001C92F606100][000001C92FF69B40 49] iPad6, [000001C92F5F8700][000001C9277FC140 49] iPad7, [000001C92F606900][000001C9278002C0 49] iPad8, [000001C92F5FB500][000001C927868440 49] iPadPro11, [000001C92F607800][000001C92786C5C0 49] iPadPro2_11, [000001C92F5FB000][000001C927870740 49] iPadPro3_129, [000001C92F606800][000001C9278748C0 49] iPadPro4_129, [000001C92F5F8900][000001C92FEF8A00 49] AppleTV, [000001C92F605900][000001C927878B40 49] AppleTV4K, [000001C92F5FB100][000001C92787CC80 49] TVOS, [000001C92F607200][000001C927880DC0 49] Mac, [000001C92F5F8300][000001C927888F40 49] MacClient, [000001C92F604B00][000001C92788D0C0 49] MacNoEditor, [000001C92F5F8600][000001C927891240 49] MacServer, [000001C92F607900][000001C9278953C0 49] Linux, [000001C92F5FAA00][000001C927899540 49] LinuxAArch64, [000001C92F604900][000001C92789D6C0 49] LinuxNoEditor, [000001C92F5F9A00][000001C9278A1840 49] LinuxAArch64NoEditor, [000001C92F75FC00][000001C9278A59C0 49] LinuxClient, [000001C92F7F9500][000001C9278A9B40 49] LinuxAArch64Client, [000001C92F75C200][000001C9278AC140 49] LinuxServer, [000001C92F7F8B00][000001C9278B02C0 49] LinuxAArch64Server, [000001C92F75D200][000001C9278B4440 49] Android, [000001C92F7F9100][000001C9278B85C0 49] Android_Low, [000001C92F75DC00][000001C9278BC740 49] Android_Mid, [000001C92F7F9700][000001C9278C08C0 49] Android_High, [000001C92F75E800][000001C9278C4A40 49] Android_Default, [000001C92F7F8A00][000001C927884B80 49] Android_Adreno4xx, [000001C92F75F000][000001C9278C8CC0 49] Android_Adreno5xx_Low, [000001C92F7F8300][000001C9278CCE00 49] Android_Adreno5xx, [000001C92F75F800][000001C9278D0F40 49] Android_Adreno6xx, [000001C92F7F8D00][000001C9278D90C0 49] Android_Adreno6xx_Vulkan, [000001C92F75CE00][000001C9278DD240 49] Android_Mali_T6xx, [000001C92F7F8100][000001C9278E13C0 49] Android_Mali_T7xx, [000001C92F75C500][000001C9278E5540 49] Android_Mali_T8xx, [000001C92F7F9C00][000001C9278E96C0 49] Android_Mali_G71, [000001C92F75CA00][000001C9278ED840 49] Android_Mali_G72, [000001C92F7F9300][000001C9278F19C0 49] Android_Mali_G72_Vulkan, [000001C92F75C900][000001C9278F5B40 49] Android_Mali_G76, [000001C92F5F9F00][000001C9278F8140 49] Android_Mali_G76_Vulkan, [000001C92F75F900][000001C9278FC2C0 49] Android_Mali_G77, [000001C92F5FBE00][000001C927900440 49] Android_Mali_G77_Vulkan, [000001C92F75CD00][000001C9279045C0 49] Android_Mali_G78, [000001C92F5F9600][000001C927908740 49] Android_Mali_G78_Vulkan, [000001C92F75FF00][000001C92790C8C0 49] Android_Mali_G710, [000001C92F5FBB00][000001C927910A40 49] Android_Mali_G710_Vulkan, [000001C92F75E200][000001C927914BC0 49] Android_Vulkan_SM5, [000001C92F5FAF00][000001C927918D40 49] Android_PowerVR_G6xxx, [000001C92F75EC00][000001C9278D4E80 49] Android_PowerVR_GT7xxx, [000001C92F5FB700][000001C92791CFC0 49] Android_PowerVR_GE8xxx, [000001C92F75DD00][000001C927921100 49] Android_PowerVR_GM9xxx, [000001C92F5FA100][000001C927929280 49] Android_PowerVR_GM9xxx_Vulkan, [000001C92F75D000][000001C92792D400 49] Android_TegraK1, [000001C92F5F9300][000001C927931580 49] Android_Unknown_Vulkan, [000001C92F75E100][000001C927935700 49] Lumin, [000001C92F5FA400][000001C927939880 49] Lumin_Desktop, [000001C92F75EF00][000001C92793DA00 49] HoloLens, 
[2025.12.23-15.20.26:980][  0]LogMeshReduction: Using QuadricMeshReduction for automatic static mesh reduction
[2025.12.23-15.20.26:980][  0]LogMeshReduction: Using SimplygonMeshReduction for automatic skeletal mesh reduction
[2025.12.23-15.20.26:980][  0]LogMeshReduction: Using ProxyLODMeshReduction for automatic mesh merging
[2025.12.23-15.20.26:980][  0]LogMeshReduction: No distributed automatic mesh merging module available
[2025.12.23-15.20.26:980][  0]LogMeshMerging: No distributed automatic mesh merging module available
[2025.12.23-15.20.26:991][  0]LogNetVersion: Game 1.0.0, NetCL: 17155196, EngineNetVer: 17, GameNetVer: 0 (Checksum: 132826216)
[2025.12.23-15.20.27:212][  0]LogTexture: Default maximum texture size for cubemaps generated from long-lat sources has been changed from 512 to unlimited. In order to preserve old behaiour for '/Engine/MapTemplates/Sky/DaylightAmbientCubemap.DaylightAmbientCubemap', its maximum texture size has been explicitly set to 512.
[2025.12.23-15.20.27:247][  0]LogHMD: PokeAHoleMaterial loaded successfully
[2025.12.23-15.20.27:251][  0]LogUObjectArray: 17178 objects as part of root set at end of initial load.
[2025.12.23-15.20.27:251][  0]LogUObjectAllocator: 4302048 out of 0 bytes used by permanent object pool.
[2025.12.23-15.20.27:251][  0]LogUObjectArray: CloseDisregardForGC: 0/0 objects in disregard for GC pool
[2025.12.23-15.20.27:424][  0]LogPython: Using Python 3.7.7
[2025.12.23-15.20.27:700][  0]LogTcpMessaging: Initializing TcpMessaging bridge
[2025.12.23-15.20.27:702][  0]LogUdpMessaging: Initializing bridge on interface 0.0.0.0:0 to multicast group 230.0.0.1:6666.
[2025.12.23-15.20.27:714][  0]LogNiagaraDebuggerClient: Niagara Debugger Client Initialized | Session: F6EEC88946BC93829DA9EB818393EEC3 | Instance: 8C02602C49ABA0DE3AEB42ABD256EDC0 (ANATOLII-22036).
[2025.12.23-15.20.27:832][  0]SourceControl: Source control is disabled
[2025.12.23-15.20.27:832][  0]SourceControl: Source control is disabled
[2025.12.23-15.20.27:834][  0]SourceControl: Source control is disabled
[2025.12.23-15.20.27:835][  0]SourceControl: Source control is disabled
[2025.12.23-15.20.27:843][  0]LogUProjectInfo: Found projects:
[2025.12.23-15.20.27:849][  0]SourceControl: Source control is disabled
[2025.12.23-15.20.27:906][  0]LogOpenImageDenoise: OIDN starting up
[2025.12.23-15.20.28:021][  0]LogAndroidPermission: UAndroidPermissionCallbackProxy::GetInstance
[2025.12.23-15.20.28:034][  0]LogAudioCaptureCore: Display: No Audio Capture implementations found. Audio input will be silent.
[2025.12.23-15.20.28:034][  0]LogAudioCaptureCore: Display: No Audio Capture implementations found. Audio input will be silent.
[2025.12.23-15.20.28:098][  0]LogCollectionManager: Loaded 0 collections in 0.000938 seconds
[2025.12.23-15.20.28:111][  0]LogFileCache: Scanning file cache for directory 'D:/Artemii/Game/Game/Saved/Collections/' took 0.00s
[2025.12.23-15.20.28:111][  0]LogFileCache: Scanning file cache for directory 'D:/Artemii/Game/Game/Content/Developers/LVI/Collections/' took 0.00s
[2025.12.23-15.20.28:111][  0]LogFileCache: Scanning file cache for directory 'D:/Artemii/Game/Game/Content/Collections/' took 0.00s
[2025.12.23-15.20.28:111][  0]LogOcInput: OculusInput pre-init called
[2025.12.23-15.20.28:254][  0]LogEngine: Initializing Engine...
[2025.12.23-15.20.28:354][  0]LogHMD: Failed to enumerate extensions. Please check that you have a valid OpenXR runtime installed.
[2025.12.23-15.20.28:355][  0]LogHMD: Failed to initialize OpenVR with code 110
[2025.12.23-15.20.28:355][  0]LogMagicLeap: Warning: VR disabled because ZI is not enabled.  To enable, in the editor, Edit -> Project Settings -> Plugins -> Magic Leap Plugin -> Enable Zero Iteration
[2025.12.23-15.20.28:356][  0]LogStats: UGameplayTagsManager::InitializeManager -  0.000 s
[2025.12.23-15.20.28:434][  0]LogInit: Initializing FReadOnlyCVARCache
[2025.12.23-15.20.28:438][  0]LogAIModule: Creating AISystem for world Untitled
[2025.12.23-15.20.28:438][  0]LogAudio: Display: Initializing Audio Device Manager...
[2025.12.23-15.20.28:440][  0]LogAudio: Display: Loading Default Audio Settings Objects...
[2025.12.23-15.20.28:440][  0]LogAudio: Display: No default SoundConcurrencyObject specified (or failed to load).
[2025.12.23-15.20.28:440][  0]LogAudio: Display: Audio Device Manager Initialized
[2025.12.23-15.20.28:440][  0]LogAudio: Display: Creating Audio Device:                 Id: 1, Scope: Shared, Realtime: True
[2025.12.23-15.20.28:440][  0]LogAudioMixer: Display: Audio Mixer Platform Settings:
[2025.12.23-15.20.28:440][  0]LogAudioMixer: Display: 	Sample Rate:						  48000
[2025.12.23-15.20.28:440][  0]LogAudioMixer: Display: 	Callback Buffer Frame Size Requested: 1024
[2025.12.23-15.20.28:440][  0]LogAudioMixer: Display: 	Callback Buffer Frame Size To Use:	  1024
[2025.12.23-15.20.28:440][  0]LogAudioMixer: Display: 	Number of buffers to queue:			  2
[2025.12.23-15.20.28:440][  0]LogAudioMixer: Display: 	Max Channels (voices):				  32
[2025.12.23-15.20.28:440][  0]LogAudioMixer: Display: 	Number of Async Source Workers:		  0
[2025.12.23-15.20.28:440][  0]LogAudio: Display: AudioDevice MaxSources: 32
[2025.12.23-15.20.28:441][  0]LogAudio: Display: Audio Spatialization Plugin: None (built-in).
[2025.12.23-15.20.28:441][  0]LogAudio: Display: Audio Reverb Plugin: None (built-in).
[2025.12.23-15.20.28:441][  0]LogAudio: Display: Audio Occlusion Plugin: None (built-in).
[2025.12.23-15.20.28:441][  0]LogAudioMixer: Display: Initializing audio mixer.
[2025.12.23-15.20.28:448][  0]LogAudioMixer: Display: 0: FrontLeft
[2025.12.23-15.20.28:448][  0]LogAudioMixer: Display: 1: FrontRight
[2025.12.23-15.20.28:460][  0]LogAudioMixer: Display: Using Audio Device Speakers (Realtek(R) Audio)
[2025.12.23-15.20.28:461][  0]LogAudioMixer: Display: Initializing Sound Submixes...
[2025.12.23-15.20.28:462][  0]LogAudioMixer: Display: Creating Master Submix 'MasterSubmixDefault'
[2025.12.23-15.20.28:462][  0]LogAudioMixer: Display: Creating Master Submix 'MasterReverbSubmixDefault'
[2025.12.23-15.20.28:463][  0]LogAudioMixer: Display: Creating Master Submix 'MasterEQSubmixDefault'
[2025.12.23-15.20.28:463][  0]LogAudioMixer: FMixerPlatformXAudio2::StartAudioStream() called
[2025.12.23-15.20.28:463][  0]LogAudioMixer: Display: Output buffers initialized: Frames=1024, Channels=2, Samples=2048
[2025.12.23-15.20.28:464][  0]LogAudioMixer: Display: Starting AudioMixerPlatformInterface::RunInternal()
[2025.12.23-15.20.28:464][  0]LogAudioMixer: Display: FMixerPlatformXAudio2::SubmitBuffer() called for the first time
[2025.12.23-15.20.28:464][  0]LogInit: FAudioDevice initialized.
[2025.12.23-15.20.28:464][  0]LogAudio: Display: Audio Device (ID: 1) registered with world 'Untitled'.
[2025.12.23-15.20.28:464][  0]LogNetVersion: Set ProjectVersion to 1.0.0.0. Version Checksum will be recalculated on next use.
[2025.12.23-15.20.28:535][  0]LogDerivedDataCache: Saved boot cache 0.07s 96MB C:/Users/LVI/AppData/Local/UnrealEngine/4.27/DerivedDataCache/Boot.ddc.
[2025.12.23-15.20.28:536][  0]LogInit: Texture streaming: Enabled
[2025.12.23-15.20.28:542][  0]LogAnalytics: Display: [UEEditor.Rocket.Release] APIServer = https://datarouter.ol.epicgames.com/. AppVersion = 4.27.2-18319896+++UE4+Release-4.27
[2025.12.23-15.20.28:544][  0]LogEngineSessionManager: EngineSessionManager initialized
[2025.12.23-15.20.28:544][  0]LogEditorSessionSummary: Verbose: Initializing EditorSessionSummaryWriter for editor session tracking
[2025.12.23-15.20.28:545][  0]LogEditorSessionSummary: EditorSessionSummaryWriter initialized
[2025.12.23-15.20.28:572][  0]LogInit: Transaction tracking system initialized
[2025.12.23-15.20.28:583][  0]BlueprintLog: New page: Editor Load
[2025.12.23-15.20.28:611][  0]LocalizationService: Localization service is disabled
[2025.12.23-15.20.28:622][  0]TimingProfiler: Initialize
[2025.12.23-15.20.28:622][  0]TimingProfiler: OnSessionChanged
[2025.12.23-15.20.28:622][  0]LoadingProfiler: Initialize
[2025.12.23-15.20.28:622][  0]LoadingProfiler: OnSessionChanged
[2025.12.23-15.20.28:622][  0]NetworkingProfiler: Initialize
[2025.12.23-15.20.28:622][  0]NetworkingProfiler: OnSessionChanged
[2025.12.23-15.20.28:622][  0]MemoryProfiler: Initialize
[2025.12.23-15.20.28:622][  0]MemoryProfiler: OnSessionChanged
[2025.12.23-15.20.28:701][  0]LogCook: Display: CookSettings for Memory: MemoryMaxUsedVirtual 0MiB, MemoryMaxUsedPhysical 16384MiB, MemoryMinFreeVirtual 0MiB, MemoryMinFreePhysical 1024MiB
[2025.12.23-15.20.28:701][  0]LogCook: Display: Mobile HDR setting 1
[2025.12.23-15.20.28:773][  0]LogFileCache: Scanning file cache for directory 'D:/Artemii/Game/Game/Content/' took 0.01s
[2025.12.23-15.20.28:897][  0]LogInit: Display: Engine is initialized. Leaving FEngineLoop::Init()
[2025.12.23-15.20.28:899][  0]SourceControl: Source control is disabled
[2025.12.23-15.20.28:899][  0]LogUnrealEdMisc: Loading editor; pre map load, took 4.424
[2025.12.23-15.20.28:899][  0]Cmd: MAP LOAD FILE="../../../Engine/Content/Maps/Templates/Template_Default.umap" TEMPLATE=1 SHOWPROGRESS=1 FEATURELEVEL=3
[2025.12.23-15.20.28:899][  0]LightingResults: New page: Lighting Build
[2025.12.23-15.20.28:900][  0]LogWorld: UWorld::CleanupWorld for Untitled, bSessionEnded=true, bCleanupResources=true
[2025.12.23-15.20.28:900][  0]LogSlate: InvalidateAllWidgets triggered.  All widgets were invalidated
[2025.12.23-15.20.28:900][  0]MapCheck: New page: Map Check
[2025.12.23-15.20.28:900][  0]LightingResults: New page: Lighting Build
[2025.12.23-15.20.28:903][  0]LogAudio: Display: Audio Device unregistered from world 'None'.
[2025.12.23-15.20.28:905][  0]LogUObjectHash: Compacting FUObjectHashTables data took   0.48ms
[2025.12.23-15.20.28:934][  0]LogTexture: Display: Building textures: DeprecatedTextureEB9CBE3C423008B5E8E130901E171C89 (BGRA8, 128X128)
[2025.12.23-15.20.28:936][  0]LogAudio: Display: Audio Device (ID: 1) registered with world 'Untitled_1'.
[2025.12.23-15.20.28:936][  0]LogAIModule: Creating AISystem for world Untitled_1
[2025.12.23-15.20.28:944][  0]LogEditorServer: Finished looking for orphan Actors (0.000 secs)
[2025.12.23-15.20.28:949][  0]LogUObjectHash: Compacting FUObjectHashTables data took   0.49ms
[2025.12.23-15.20.28:949][  0]Cmd: MAP CHECKDEP NOCLEARLOG
[2025.12.23-15.20.28:949][  0]MapCheck: Map check complete: 0 Error(s), 0 Warning(s), took 0,08ms to complete.
[2025.12.23-15.20.28:949][  0]LogFileHelpers: Loading map 'Template_Default' took 0.050
[2025.12.23-15.20.28:950][  0]LogUnrealEdMisc: Total Editor Startup Time, took 4.475
[2025.12.23-15.20.29:116][  0]LogTemp: Warning: SetupViewportDisplaySettings
[2025.12.23-15.20.29:167][  0]LogSlate: Updating window title bar state: overlay mode, drag disabled, window buttons hidden, title bar hidden
[2025.12.23-15.20.29:172][  0]LogTemp: Warning: SetupViewportDisplaySettings
[2025.12.23-15.20.29:175][  0]LogSlate: Updating window title bar state: overlay mode, drag disabled, window buttons hidden, title bar hidden
[2025.12.23-15.20.29:175][  0]LogTemp: Warning: SetupViewportDisplaySettings
[2025.12.23-15.20.29:178][  0]LogSlate: Updating window title bar state: overlay mode, drag disabled, window buttons hidden, title bar hidden
[2025.12.23-15.20.29:178][  0]LogTemp: Warning: SetupViewportDisplaySettings
[2025.12.23-15.20.29:181][  0]LogSlate: Updating window title bar state: overlay mode, drag disabled, window buttons hidden, title bar hidden
[2025.12.23-15.20.29:268][  0]LogNativeClassHierarchy: Verbose: Native class hierarchy populated in 0.0096 seconds. Added 3827 classes and 934 folders.
[2025.12.23-15.20.29:313][  0]LogNativeClassHierarchy: Verbose: Native class hierarchy updated for 'WidgetCarousel' in 0.0002 seconds. Added 0 classes and 0 folders.
[2025.12.23-15.20.29:341][  0]LogPakFile: PakFile PrimaryIndexSize=187
[2025.12.23-15.20.29:341][  0]LogPakFile: PakFile PathHashIndexSize=101
[2025.12.23-15.20.29:341][  0]LogPakFile: PakFile FullDirectoryIndexSize=148
[2025.12.23-15.20.29:341][  0]LogShaderLibrary: Display: ShaderCodeLibraryPakFileMountedCallback: PakFile 'C:/Program Files/Epic Games/UE_4.27/FeaturePacks/FP_FirstPerson.upack' (chunk index -1, root 'root:/') mounted
[2025.12.23-15.20.29:341][  0]LogShaderLibrary: Display: ShaderCodeLibraryPakFileMountedCallback: pending pak file info (ChunkID:-1 Root:root:/ File:C:/Program Files/Epic Games/UE_4.27/FeaturePacks/FP_FirstPerson.upack)
[2025.12.23-15.20.29:341][  0]LogPakFile: OnPakFileMounted2Time == 0.000041
[2025.12.23-15.20.29:358][  0]LogPakFile: PakFile PrimaryIndexSize=189
[2025.12.23-15.20.29:358][  0]LogPakFile: PakFile PathHashIndexSize=101
[2025.12.23-15.20.29:358][  0]LogPakFile: PakFile FullDirectoryIndexSize=152
[2025.12.23-15.20.29:359][  0]LogShaderLibrary: Display: ShaderCodeLibraryPakFileMountedCallback: PakFile 'C:/Program Files/Epic Games/UE_4.27/FeaturePacks/FP_FirstPersonBP.upack' (chunk index -1, root 'root:/') mounted
[2025.12.23-15.20.29:359][  0]LogShaderLibrary: Display: ShaderCodeLibraryPakFileMountedCallback: pending pak file info (ChunkID:-1 Root:root:/ File:C:/Program Files/Epic Games/UE_4.27/FeaturePacks/FP_FirstPersonBP.upack)
[2025.12.23-15.20.29:359][  0]LogPakFile: OnPakFileMounted2Time == 0.000034
[2025.12.23-15.20.29:376][  0]LogPakFile: PakFile PrimaryIndexSize=191
[2025.12.23-15.20.29:376][  0]LogPakFile: PakFile PathHashIndexSize=101
[2025.12.23-15.20.29:376][  0]LogPakFile: PakFile FullDirectoryIndexSize=160
[2025.12.23-15.20.29:376][  0]LogShaderLibrary: Display: ShaderCodeLibraryPakFileMountedCallback: PakFile 'C:/Program Files/Epic Games/UE_4.27/FeaturePacks/MobileStarterContent.upack' (chunk index -1, root 'root:/') mounted
[2025.12.23-15.20.29:376][  0]LogShaderLibrary: Display: ShaderCodeLibraryPakFileMountedCallback: pending pak file info (ChunkID:-1 Root:root:/ File:C:/Program Files/Epic Games/UE_4.27/FeaturePacks/MobileStarterContent.upack)
[2025.12.23-15.20.29:376][  0]LogPakFile: OnPakFileMounted2Time == 0.000027
[2025.12.23-15.20.29:390][  0]LogPakFile: PakFile PrimaryIndexSize=185
[2025.12.23-15.20.29:390][  0]LogPakFile: PakFile PathHashIndexSize=101
[2025.12.23-15.20.29:390][  0]LogPakFile: PakFile FullDirectoryIndexSize=148
[2025.12.23-15.20.29:390][  0]LogShaderLibrary: Display: ShaderCodeLibraryPakFileMountedCallback: PakFile 'C:/Program Files/Epic Games/UE_4.27/FeaturePacks/StarterContent.upack' (chunk index -1, root 'root:/') mounted
[2025.12.23-15.20.29:390][  0]LogShaderLibrary: Display: ShaderCodeLibraryPakFileMountedCallback: pending pak file info (ChunkID:-1 Root:root:/ File:C:/Program Files/Epic Games/UE_4.27/FeaturePacks/StarterContent.upack)
[2025.12.23-15.20.29:390][  0]LogPakFile: OnPakFileMounted2Time == 0.000028
[2025.12.23-15.20.29:398][  0]LogPakFile: PakFile PrimaryIndexSize=190
[2025.12.23-15.20.29:398][  0]LogPakFile: PakFile PathHashIndexSize=101
[2025.12.23-15.20.29:398][  0]LogPakFile: PakFile FullDirectoryIndexSize=154
[2025.12.23-15.20.29:398][  0]LogShaderLibrary: Display: ShaderCodeLibraryPakFileMountedCallback: PakFile 'C:/Program Files/Epic Games/UE_4.27/FeaturePacks/TP_2DSideScroller.upack' (chunk index -1, root 'root:/') mounted
[2025.12.23-15.20.29:398][  0]LogShaderLibrary: Display: ShaderCodeLibraryPakFileMountedCallback: pending pak file info (ChunkID:-1 Root:root:/ File:C:/Program Files/Epic Games/UE_4.27/FeaturePacks/TP_2DSideScroller.upack)
[2025.12.23-15.20.29:398][  0]LogPakFile: OnPakFileMounted2Time == 0.000025
[2025.12.23-15.20.29:408][  0]LogPakFile: PakFile PrimaryIndexSize=192
[2025.12.23-15.20.29:408][  0]LogPakFile: PakFile PathHashIndexSize=101
[2025.12.23-15.20.29:408][  0]LogPakFile: PakFile FullDirectoryIndexSize=158
[2025.12.23-15.20.29:408][  0]LogShaderLibrary: Display: ShaderCodeLibraryPakFileMountedCallback: PakFile 'C:/Program Files/Epic Games/UE_4.27/FeaturePacks/TP_2DSideScrollerBP.upack' (chunk index -1, root 'root:/') mounted
[2025.12.23-15.20.29:408][  0]LogShaderLibrary: Display: ShaderCodeLibraryPakFileMountedCallback: pending pak file info (ChunkID:-1 Root:root:/ File:C:/Program Files/Epic Games/UE_4.27/FeaturePacks/TP_2DSideScrollerBP.upack)
[2025.12.23-15.20.29:408][  0]LogPakFile: OnPakFileMounted2Time == 0.000027
[2025.12.23-15.20.29:421][  0]LogPakFile: PakFile PrimaryIndexSize=182
[2025.12.23-15.20.29:422][  0]LogPakFile: PakFile PathHashIndexSize=101
[2025.12.23-15.20.29:422][  0]LogPakFile: PakFile FullDirectoryIndexSize=138
[2025.12.23-15.20.29:422][  0]LogShaderLibrary: Display: ShaderCodeLibraryPakFileMountedCallback: PakFile 'C:/Program Files/Epic Games/UE_4.27/FeaturePacks/TP_Flying.upack' (chunk index -1, root 'root:/') mounted
[2025.12.23-15.20.29:422][  0]LogShaderLibrary: Display: ShaderCodeLibraryPakFileMountedCallback: pending pak file info (ChunkID:-1 Root:root:/ File:C:/Program Files/Epic Games/UE_4.27/FeaturePacks/TP_Flying.upack)
[2025.12.23-15.20.29:422][  0]LogPakFile: OnPakFileMounted2Time == 0.000026
[2025.12.23-15.20.29:440][  0]LogPakFile: PakFile PrimaryIndexSize=184
[2025.12.23-15.20.29:440][  0]LogPakFile: PakFile PathHashIndexSize=101
[2025.12.23-15.20.29:440][  0]LogPakFile: PakFile FullDirectoryIndexSize=142
[2025.12.23-15.20.29:440][  0]LogShaderLibrary: Display: ShaderCodeLibraryPakFileMountedCallback: PakFile 'C:/Program Files/Epic Games/UE_4.27/FeaturePacks/TP_FlyingBP.upack' (chunk index -1, root 'root:/') mounted
[2025.12.23-15.20.29:440][  0]LogShaderLibrary: Display: ShaderCodeLibraryPakFileMountedCallback: pending pak file info (ChunkID:-1 Root:root:/ File:C:/Program Files/Epic Games/UE_4.27/FeaturePacks/TP_FlyingBP.upack)
[2025.12.23-15.20.29:440][  0]LogPakFile: OnPakFileMounted2Time == 0.000026
[2025.12.23-15.20.29:448][  0]LogPakFile: PakFile PrimaryIndexSize=188
[2025.12.23-15.20.29:448][  0]LogPakFile: PakFile PathHashIndexSize=101
[2025.12.23-15.20.29:448][  0]LogPakFile: PakFile FullDirectoryIndexSize=150
[2025.12.23-15.20.29:448][  0]LogShaderLibrary: Display: ShaderCodeLibraryPakFileMountedCallback: PakFile 'C:/Program Files/Epic Games/UE_4.27/FeaturePacks/TP_HandheldARBP.upack' (chunk index -1, root 'root:/') mounted
[2025.12.23-15.20.29:448][  0]LogShaderLibrary: Display: ShaderCodeLibraryPakFileMountedCallback: pending pak file info (ChunkID:-1 Root:root:/ File:C:/Program Files/Epic Games/UE_4.27/FeaturePacks/TP_HandheldARBP.upack)
[2025.12.23-15.20.29:448][  0]LogPakFile: OnPakFileMounted2Time == 0.000027
[2025.12.23-15.20.29:463][  0]LogPakFile: PakFile PrimaryIndexSize=182
[2025.12.23-15.20.29:463][  0]LogPakFile: PakFile PathHashIndexSize=101
[2025.12.23-15.20.29:463][  0]LogPakFile: PakFile FullDirectoryIndexSize=138
[2025.12.23-15.20.29:463][  0]LogShaderLibrary: Display: ShaderCodeLibraryPakFileMountedCallback: PakFile 'C:/Program Files/Epic Games/UE_4.27/FeaturePacks/TP_Puzzle.upack' (chunk index -1, root 'root:/') mounted
[2025.12.23-15.20.29:463][  0]LogShaderLibrary: Display: ShaderCodeLibraryPakFileMountedCallback: pending pak file info (ChunkID:-1 Root:root:/ File:C:/Program Files/Epic Games/UE_4.27/FeaturePacks/TP_Puzzle.upack)
[2025.12.23-15.20.29:463][  0]LogPakFile: OnPakFileMounted2Time == 0.000027
[2025.12.23-15.20.29:469][  0]LogPakFile: PakFile PrimaryIndexSize=184
[2025.12.23-15.20.29:469][  0]LogPakFile: PakFile PathHashIndexSize=101
[2025.12.23-15.20.29:469][  0]LogPakFile: PakFile FullDirectoryIndexSize=142
[2025.12.23-15.20.29:469][  0]LogShaderLibrary: Display: ShaderCodeLibraryPakFileMountedCallback: PakFile 'C:/Program Files/Epic Games/UE_4.27/FeaturePacks/TP_PuzzleBP.upack' (chunk index -1, root 'root:/') mounted
[2025.12.23-15.20.29:469][  0]LogShaderLibrary: Display: ShaderCodeLibraryPakFileMountedCallback: pending pak file info (ChunkID:-1 Root:root:/ File:C:/Program Files/Epic Games/UE_4.27/FeaturePacks/TP_PuzzleBP.upack)
[2025.12.23-15.20.29:469][  0]LogPakFile: OnPakFileMounted2Time == 0.000024
[2025.12.23-15.20.29:475][  0]LogPakFile: PakFile PrimaryIndexSize=183
[2025.12.23-15.20.29:475][  0]LogPakFile: PakFile PathHashIndexSize=101
[2025.12.23-15.20.29:475][  0]LogPakFile: PakFile FullDirectoryIndexSize=140
[2025.12.23-15.20.29:475][  0]LogShaderLibrary: Display: ShaderCodeLibraryPakFileMountedCallback: PakFile 'C:/Program Files/Epic Games/UE_4.27/FeaturePacks/TP_Rolling.upack' (chunk index -1, root 'root:/') mounted
[2025.12.23-15.20.29:475][  0]LogShaderLibrary: Display: ShaderCodeLibraryPakFileMountedCallback: pending pak file info (ChunkID:-1 Root:root:/ File:C:/Program Files/Epic Games/UE_4.27/FeaturePacks/TP_Rolling.upack)
[2025.12.23-15.20.29:475][  0]LogPakFile: OnPakFileMounted2Time == 0.000026
[2025.12.23-15.20.29:486][  0]LogPakFile: PakFile PrimaryIndexSize=185
[2025.12.23-15.20.29:487][  0]LogPakFile: PakFile PathHashIndexSize=101
[2025.12.23-15.20.29:487][  0]LogPakFile: PakFile FullDirectoryIndexSize=144
[2025.12.23-15.20.29:487][  0]LogShaderLibrary: Display: ShaderCodeLibraryPakFileMountedCallback: PakFile 'C:/Program Files/Epic Games/UE_4.27/FeaturePacks/TP_RollingBP.upack' (chunk index -1, root 'root:/') mounted
[2025.12.23-15.20.29:487][  0]LogShaderLibrary: Display: ShaderCodeLibraryPakFileMountedCallback: pending pak file info (ChunkID:-1 Root:root:/ File:C:/Program Files/Epic Games/UE_4.27/FeaturePacks/TP_RollingBP.upack)
[2025.12.23-15.20.29:487][  0]LogPakFile: OnPakFileMounted2Time == 0.000029
[2025.12.23-15.20.29:494][  0]LogPakFile: PakFile PrimaryIndexSize=188
[2025.12.23-15.20.29:494][  0]LogPakFile: PakFile PathHashIndexSize=101
[2025.12.23-15.20.29:494][  0]LogPakFile: PakFile FullDirectoryIndexSize=150
[2025.12.23-15.20.29:494][  0]LogShaderLibrary: Display: ShaderCodeLibraryPakFileMountedCallback: PakFile 'C:/Program Files/Epic Games/UE_4.27/FeaturePacks/TP_SideScroller.upack' (chunk index -1, root 'root:/') mounted
[2025.12.23-15.20.29:494][  0]LogShaderLibrary: Display: ShaderCodeLibraryPakFileMountedCallback: pending pak file info (ChunkID:-1 Root:root:/ File:C:/Program Files/Epic Games/UE_4.27/FeaturePacks/TP_SideScroller.upack)
[2025.12.23-15.20.29:494][  0]LogPakFile: OnPakFileMounted2Time == 0.000027
[2025.12.23-15.20.29:505][  0]LogPakFile: PakFile PrimaryIndexSize=190
[2025.12.23-15.20.29:505][  0]LogPakFile: PakFile PathHashIndexSize=101
[2025.12.23-15.20.29:505][  0]LogPakFile: PakFile FullDirectoryIndexSize=154
[2025.12.23-15.20.29:505][  0]LogShaderLibrary: Display: ShaderCodeLibraryPakFileMountedCallback: PakFile 'C:/Program Files/Epic Games/UE_4.27/FeaturePacks/TP_SideScrollerBP.upack' (chunk index -1, root 'root:/') mounted
[2025.12.23-15.20.29:505][  0]LogShaderLibrary: Display: ShaderCodeLibraryPakFileMountedCallback: pending pak file info (ChunkID:-1 Root:root:/ File:C:/Program Files/Epic Games/UE_4.27/FeaturePacks/TP_SideScrollerBP.upack)
[2025.12.23-15.20.29:505][  0]LogPakFile: OnPakFileMounted2Time == 0.000033
[2025.12.23-15.20.29:522][  0]LogPakFile: PakFile PrimaryIndexSize=187
[2025.12.23-15.20.29:522][  0]LogPakFile: PakFile PathHashIndexSize=101
[2025.12.23-15.20.29:522][  0]LogPakFile: PakFile FullDirectoryIndexSize=148
[2025.12.23-15.20.29:522][  0]LogShaderLibrary: Display: ShaderCodeLibraryPakFileMountedCallback: PakFile 'C:/Program Files/Epic Games/UE_4.27/FeaturePacks/TP_ThirdPerson.upack' (chunk index -1, root 'root:/') mounted
[2025.12.23-15.20.29:522][  0]LogShaderLibrary: Display: ShaderCodeLibraryPakFileMountedCallback: pending pak file info (ChunkID:-1 Root:root:/ File:C:/Program Files/Epic Games/UE_4.27/FeaturePacks/TP_ThirdPerson.upack)
[2025.12.23-15.20.29:522][  0]LogPakFile: OnPakFileMounted2Time == 0.000028
[2025.12.23-15.20.29:528][  0]LogPakFile: PakFile PrimaryIndexSize=189
[2025.12.23-15.20.29:528][  0]LogPakFile: PakFile PathHashIndexSize=101
[2025.12.23-15.20.29:528][  0]LogPakFile: PakFile FullDirectoryIndexSize=152
[2025.12.23-15.20.29:528][  0]LogShaderLibrary: Display: ShaderCodeLibraryPakFileMountedCallback: PakFile 'C:/Program Files/Epic Games/UE_4.27/FeaturePacks/TP_ThirdPersonBP.upack' (chunk index -1, root 'root:/') mounted
[2025.12.23-15.20.29:528][  0]LogShaderLibrary: Display: ShaderCodeLibraryPakFileMountedCallback: pending pak file info (ChunkID:-1 Root:root:/ File:C:/Program Files/Epic Games/UE_4.27/FeaturePacks/TP_ThirdPersonBP.upack)
[2025.12.23-15.20.29:528][  0]LogPakFile: OnPakFileMounted2Time == 0.000025
[2025.12.23-15.20.29:540][  0]LogPakFile: PakFile PrimaryIndexSize=183
[2025.12.23-15.20.29:540][  0]LogPakFile: PakFile PathHashIndexSize=101
[2025.12.23-15.20.29:540][  0]LogPakFile: PakFile FullDirectoryIndexSize=140
[2025.12.23-15.20.29:540][  0]LogShaderLibrary: Display: ShaderCodeLibraryPakFileMountedCallback: PakFile 'C:/Program Files/Epic Games/UE_4.27/FeaturePacks/TP_TopDown.upack' (chunk index -1, root 'root:/') mounted
[2025.12.23-15.20.29:540][  0]LogShaderLibrary: Display: ShaderCodeLibraryPakFileMountedCallback: pending pak file info (ChunkID:-1 Root:root:/ File:C:/Program Files/Epic Games/UE_4.27/FeaturePacks/TP_TopDown.upack)
[2025.12.23-15.20.29:540][  0]LogPakFile: OnPakFileMounted2Time == 0.000031
[2025.12.23-15.20.29:551][  0]LogPakFile: PakFile PrimaryIndexSize=185
[2025.12.23-15.20.29:551][  0]LogPakFile: PakFile PathHashIndexSize=101
[2025.12.23-15.20.29:551][  0]LogPakFile: PakFile FullDirectoryIndexSize=144
[2025.12.23-15.20.29:551][  0]LogShaderLibrary: Display: ShaderCodeLibraryPakFileMountedCallback: PakFile 'C:/Program Files/Epic Games/UE_4.27/FeaturePacks/TP_TopDownBP.upack' (chunk index -1, root 'root:/') mounted
[2025.12.23-15.20.29:551][  0]LogShaderLibrary: Display: ShaderCodeLibraryPakFileMountedCallback: pending pak file info (ChunkID:-1 Root:root:/ File:C:/Program Files/Epic Games/UE_4.27/FeaturePacks/TP_TopDownBP.upack)
[2025.12.23-15.20.29:551][  0]LogPakFile: OnPakFileMounted2Time == 0.000028
[2025.12.23-15.20.29:560][  0]LogPakFile: PakFile PrimaryIndexSize=185
[2025.12.23-15.20.29:560][  0]LogPakFile: PakFile PathHashIndexSize=101
[2025.12.23-15.20.29:560][  0]LogPakFile: PakFile FullDirectoryIndexSize=144
[2025.12.23-15.20.29:560][  0]LogShaderLibrary: Display: ShaderCodeLibraryPakFileMountedCallback: PakFile 'C:/Program Files/Epic Games/UE_4.27/FeaturePacks/TP_TwinStick.upack' (chunk index -1, root 'root:/') mounted
[2025.12.23-15.20.29:560][  0]LogShaderLibrary: Display: ShaderCodeLibraryPakFileMountedCallback: pending pak file info (ChunkID:-1 Root:root:/ File:C:/Program Files/Epic Games/UE_4.27/FeaturePacks/TP_TwinStick.upack)
[2025.12.23-15.20.29:560][  0]LogPakFile: OnPakFileMounted2Time == 0.000025
[2025.12.23-15.20.29:574][  0]LogPakFile: PakFile PrimaryIndexSize=187
[2025.12.23-15.20.29:574][  0]LogPakFile: PakFile PathHashIndexSize=101
[2025.12.23-15.20.29:574][  0]LogPakFile: PakFile FullDirectoryIndexSize=148
[2025.12.23-15.20.29:574][  0]LogShaderLibrary: Display: ShaderCodeLibraryPakFileMountedCallback: PakFile 'C:/Program Files/Epic Games/UE_4.27/FeaturePacks/TP_TwinStickBP.upack' (chunk index -1, root 'root:/') mounted
[2025.12.23-15.20.29:574][  0]LogShaderLibrary: Display: ShaderCodeLibraryPakFileMountedCallback: pending pak file info (ChunkID:-1 Root:root:/ File:C:/Program Files/Epic Games/UE_4.27/FeaturePacks/TP_TwinStickBP.upack)
[2025.12.23-15.20.29:574][  0]LogPakFile: OnPakFileMounted2Time == 0.000027
[2025.12.23-15.20.29:590][  0]LogPakFile: PakFile PrimaryIndexSize=183
[2025.12.23-15.20.29:590][  0]LogPakFile: PakFile PathHashIndexSize=101
[2025.12.23-15.20.29:590][  0]LogPakFile: PakFile FullDirectoryIndexSize=140
[2025.12.23-15.20.29:590][  0]LogShaderLibrary: Display: ShaderCodeLibraryPakFileMountedCallback: PakFile 'C:/Program Files/Epic Games/UE_4.27/FeaturePacks/TP_Vehicle.upack' (chunk index -1, root 'root:/') mounted
[2025.12.23-15.20.29:590][  0]LogShaderLibrary: Display: ShaderCodeLibraryPakFileMountedCallback: pending pak file info (ChunkID:-1 Root:root:/ File:C:/Program Files/Epic Games/UE_4.27/FeaturePacks/TP_Vehicle.upack)
[2025.12.23-15.20.29:590][  0]LogPakFile: OnPakFileMounted2Time == 0.000026
[2025.12.23-15.20.29:601][  0]LogPakFile: PakFile PrimaryIndexSize=186
[2025.12.23-15.20.29:601][  0]LogPakFile: PakFile PathHashIndexSize=101
[2025.12.23-15.20.29:601][  0]LogPakFile: PakFile FullDirectoryIndexSize=146
[2025.12.23-15.20.29:601][  0]LogShaderLibrary: Display: ShaderCodeLibraryPakFileMountedCallback: PakFile 'C:/Program Files/Epic Games/UE_4.27/FeaturePacks/TP_VehicleAdv.upack' (chunk index -1, root 'root:/') mounted
[2025.12.23-15.20.29:601][  0]LogShaderLibrary: Display: ShaderCodeLibraryPakFileMountedCallback: pending pak file info (ChunkID:-1 Root:root:/ File:C:/Program Files/Epic Games/UE_4.27/FeaturePacks/TP_VehicleAdv.upack)
[2025.12.23-15.20.29:601][  0]LogPakFile: OnPakFileMounted2Time == 0.000029
[2025.12.23-15.20.29:617][  0]LogPakFile: PakFile PrimaryIndexSize=188
[2025.12.23-15.20.29:617][  0]LogPakFile: PakFile PathHashIndexSize=101
[2025.12.23-15.20.29:617][  0]LogPakFile: PakFile FullDirectoryIndexSize=150
[2025.12.23-15.20.29:617][  0]LogShaderLibrary: Display: ShaderCodeLibraryPakFileMountedCallback: PakFile 'C:/Program Files/Epic Games/UE_4.27/FeaturePacks/TP_VehicleAdvBP.upack' (chunk index -1, root 'root:/') mounted
[2025.12.23-15.20.29:617][  0]LogShaderLibrary: Display: ShaderCodeLibraryPakFileMountedCallback: pending pak file info (ChunkID:-1 Root:root:/ File:C:/Program Files/Epic Games/UE_4.27/FeaturePacks/TP_VehicleAdvBP.upack)
[2025.12.23-15.20.29:617][  0]LogPakFile: OnPakFileMounted2Time == 0.000027
[2025.12.23-15.20.29:635][  0]LogPakFile: PakFile PrimaryIndexSize=185
[2025.12.23-15.20.29:635][  0]LogPakFile: PakFile PathHashIndexSize=101
[2025.12.23-15.20.29:635][  0]LogPakFile: PakFile FullDirectoryIndexSize=144
[2025.12.23-15.20.29:635][  0]LogShaderLibrary: Display: ShaderCodeLibraryPakFileMountedCallback: PakFile 'C:/Program Files/Epic Games/UE_4.27/FeaturePacks/TP_VehicleBP.upack' (chunk index -1, root 'root:/') mounted
[2025.12.23-15.20.29:635][  0]LogShaderLibrary: Display: ShaderCodeLibraryPakFileMountedCallback: pending pak file info (ChunkID:-1 Root:root:/ File:C:/Program Files/Epic Games/UE_4.27/FeaturePacks/TP_VehicleBP.upack)
[2025.12.23-15.20.29:635][  0]LogPakFile: OnPakFileMounted2Time == 0.000026
[2025.12.23-15.20.29:643][  0]LogPakFile: PakFile PrimaryIndexSize=192
[2025.12.23-15.20.29:643][  0]LogPakFile: PakFile PathHashIndexSize=101
[2025.12.23-15.20.29:643][  0]LogPakFile: PakFile FullDirectoryIndexSize=158
[2025.12.23-15.20.29:643][  0]LogShaderLibrary: Display: ShaderCodeLibraryPakFileMountedCallback: PakFile 'C:/Program Files/Epic Games/UE_4.27/FeaturePacks/TP_VirtualRealityBP.upack' (chunk index -1, root 'root:/') mounted
[2025.12.23-15.20.29:643][  0]LogShaderLibrary: Display: ShaderCodeLibraryPakFileMountedCallback: pending pak file info (ChunkID:-1 Root:root:/ File:C:/Program Files/Epic Games/UE_4.27/FeaturePacks/TP_VirtualRealityBP.upack)
[2025.12.23-15.20.29:643][  0]LogPakFile: OnPakFileMounted2Time == 0.000025
[2025.12.23-15.20.30:041][  0]LogNativeClassHierarchy: Verbose: Native class hierarchy updated for 'AddContentDialog' in 0.0002 seconds. Added 0 classes and 0 folders.
[2025.12.23-15.20.30:072][  0]LogNativeClassHierarchy: Verbose: Native class hierarchy updated for 'SceneOutliner' in 0.0002 seconds. Added 2 classes and 0 folders.
[2025.12.23-15.20.30:234][  0]LogSlate: Took 0.000102 seconds to synchronously load lazily loaded font '../../../Engine/Content/Slate/Fonts/Roboto-Regular.ttf' (155K)
[2025.12.23-15.20.30:240][  0]LogSlate: Took 0.005758 seconds to synchronously load lazily loaded font '../../../Engine/Content/Editor/Slate/Fonts/FontAwesome.ttf' (139K)
[2025.12.23-15.20.30:241][  0]LogSlate: Took 0.000088 seconds to synchronously load lazily loaded font '../../../Engine/Content/Slate/Fonts/Roboto-Bold.ttf' (160K)
[2025.12.23-15.20.30:383][  0]LogRenderer: Reallocating scene render targets to support 1616x792 Format 10 NumSamples 1 (Frame:1).
[2025.12.23-15.20.30:796][  0]LogNativeClassHierarchy: Verbose: Native class hierarchy updated for 'HierarchicalLODOutliner' in 0.0002 seconds. Added 0 classes and 0 folders.
[2025.12.23-15.20.30:796][  0]LogLoad: (Engine Initialization) Total time: 6.32 seconds
[2025.12.23-15.20.30:796][  0]LogLoad: (Engine Initialization) Total Blueprint compile time: 0.00 seconds
[2025.12.23-15.20.30:830][  0]LogAssetRegistry: Asset discovery search completed in 4.0481 seconds
[2025.12.23-15.20.30:833][  0]LogCollectionManager: Fixed up redirectors for 0 collections in 0.000002 seconds (updated 0 objects)
[2025.12.23-15.20.30:847][  0]LogContentStreaming: Texture pool size now 1000 MB
[2025.12.23-15.20.32:171][  4]LogSlate: Took 0.022890 seconds to synchronously load lazily loaded font '../../../Engine/Content/Slate/Fonts/Roboto-Light.ttf' (167K)
[2025.12.23-15.20.48:050][461]LogUObjectHash: Compacting FUObjectHashTables data took   0.36ms
[2025.12.23-15.20.48:050][461]Cmd: MAP LOAD FILE="D:/Artemii/Game/Game/Content/01Gameplay.umap" TEMPLATE=0 SHOWPROGRESS=1 FEATURELEVEL=3
[2025.12.23-15.20.48:074][461]LightingResults: New page: Lighting Build
[2025.12.23-15.20.48:074][461]LoadErrors: New page: Loading map: 01Gameplay.umap
[2025.12.23-15.20.48:108][461]LogWorld: UWorld::CleanupWorld for Untitled_1, bSessionEnded=true, bCleanupResources=true
[2025.12.23-15.20.48:109][461]LogSlate: InvalidateAllWidgets triggered.  All widgets were invalidated
[2025.12.23-15.20.48:109][461]MapCheck: New page: Map Check
[2025.12.23-15.20.48:109][461]LightingResults: New page: Lighting Build
[2025.12.23-15.20.48:117][461]LogAudio: Display: Audio Device unregistered from world 'None'.
[2025.12.23-15.20.48:118][461]LogUObjectHash: Compacting FUObjectHashTables data took   0.42ms
[2025.12.23-15.20.49:133][461]LogLinker: Warning: [AssetLog] D:\Artemii\Game\Game\Content\HeroChar\Materials\MaterialLayers\ML_Plastic_Shiny_Beige_LOGO.uasset: Failed to load '/Game/FirstPerson/Character/Textures/UE4_LOGO_CARD': Can't find file.
[2025.12.23-15.20.49:133][461]LoadErrors: Failed to load /Game/HeroChar/Mesh/SK_Mannequin_Arms.SK_Mannequin_Arms Referenced by Arms_GEN_VARIABLE
[2025.12.23-15.20.49:133][461]LogLinker: Warning: [AssetLog] D:\Artemii\Game\Game\Content\HeroChar\Materials\MaterialLayers\ML_Plastic_Shiny_Beige_LOGO.uasset: Failed to load '/Game/FirstPerson/Character/Textures/UE4_LOGO_CARD': Can't find file.
[2025.12.23-15.20.49:133][461]LogLinker: Warning: [AssetLog] D:\Artemii\Game\Game\Content\HeroChar\Materials\MaterialLayers\ML_Plastic_Shiny_Beige_LOGO.uasset: Failed to load '/Game/FirstPerson/Character/Textures/UE4_LOGO_CARD': Can't find file.
[2025.12.23-15.20.49:673][461]LogTexture: Display: Building textures: KeyWhite (BGRA8, 331X341)
[2025.12.23-15.20.49:673][461]LogTexture: Display: Building textures: KeyGreen (BGRA8, 478X469)
[2025.12.23-15.20.49:673][461]LogLinker: Warning: [AssetLog] D:\Artemii\Game\Game\Content\HeroChar\Materials\MaterialLayers\ML_Plastic_Shiny_Beige_LOGO.uasset: Failed to load '/Game/FirstPerson/Character/Textures/UE4_LOGO_CARD': Can't find file.
[2025.12.23-15.20.49:673][461]LogTexture: Display: Building textures: KeyRed (BGRA8, 478X482)
[2025.12.23-15.20.49:673][461]LoadErrors: Failed to load /Game/FirstPerson/Character/Textures/UE4_LOGO_CARD.UE4_LOGO_CARD Referenced by MaterialExpressionTextureSample_6
[2025.12.23-15.20.49:787][461]LogTexture: Display: Building textures: target (OODLE_AutoDXT, 512X512)
[2025.12.23-15.20.49:787][461]LogTexture: Display: Building textures: KeyBlue (BGRA8, 495X504)
[2025.12.23-15.20.49:787][461]LogTexture: Display: Building textures: hud-icons_v2 (BGRA8, 610X165)
[2025.12.23-15.20.49:787][461]LogTexture: Display: Building textures: DeprecatedTextureEB9CBE3C423008B5E8E130901E171C89 (BGRA8, 128X128)
[2025.12.23-15.20.49:787][461]LogTexture: Display: Building textures: T_FPGun_M (OODLE_AutoDXT, 2048X2048)
[2025.12.23-15.20.49:787][461]LogMaterial: Display: Missing cached shadermap for M_Glaz in PCD3D_SM5, Default, SM5 (DDC key hash: A5B894166437F8FD1F125810229F604A1E9BE10E), compiling. 
[2025.12.23-15.20.49:826][461]LogTextureFormatOodle: Display: non-RDO encode 1024 x 1024 x 1 to format OODLE_AutoDXT (Oodle OodleTex_BC3) lambda=0 effort=20 
[2025.12.23-15.20.49:826][461]LogTextureFormatOodle: Display: non-RDO encode 2048 x 2048 x 1 to format OODLE_AutoDXT (Oodle OodleTex_BC3) lambda=0 effort=20 
[2025.12.23-15.20.49:826][461]LogShaderCompilers: Display: Submitted 16 shader compile jobs with 'Low' priority
[2025.12.23-15.20.49:827][461]LogMaterial: Display: Missing cached shadermap for M_Basic_Wall in PCD3D_SM5, Default, SM5 (DDC key hash: 4E55EDF8061F9E83DC794F7D6B57CE0CDF510569), compiling. 
[2025.12.23-15.20.49:847][461]LogShaderCompilers: Display: Worker (1/17): shaders left to compile 16
[2025.12.23-15.20.49:847][461]LogShaderCompilers: Display: Worker (2/17): shaders left to compile 14
[2025.12.23-15.20.49:847][461]LogShaderCompilers: Display: Worker (3/17): shaders left to compile 12
[2025.12.23-15.20.49:847][461]LogShaderCompilers: Display: Worker (4/17): shaders left to compile 10
[2025.12.23-15.20.49:847][461]LogShaderCompilers: Display: Worker (5/17): shaders left to compile 8
[2025.12.23-15.20.49:847][461]LogShaderCompilers: Display: Worker (6/17): shaders left to compile 6
[2025.12.23-15.20.49:847][461]LogShaderCompilers: Display: Worker (7/17): shaders left to compile 4
[2025.12.23-15.20.49:847][461]LogShaderCompilers: Display: Worker (8/17): shaders left to compile 2
[2025.12.23-15.20.49:847][461]LogShaderCompilers: Display: Started 16 'Local' shader compile jobs with 'Low' priority
[2025.12.23-15.20.49:847][461]LogShaderCompilers: Display: Submitted 25 shader compile jobs with 'Low' priority
[2025.12.23-15.20.49:847][461]LogStaticMesh: Building static mesh EnemyMesh...
[2025.12.23-15.20.49:867][461]LogTexture: Display: Building textures: T_FPGun_N (OODLE_BC5, 2048X2048)
[2025.12.23-15.20.49:867][461]LogStaticMesh: Built static mesh [0.02s] /Game/Enemy/EnemyMesh.EnemyMesh
[2025.12.23-15.20.49:884][461]LogTextureFormatOodle: Display: non-RDO encode 1024 x 1024 x 1 to format OODLE_BC5 (Oodle OodleTex_BC5U) lambda=0 effort=20 
[2025.12.23-15.20.49:884][461]LogTextureFormatOodle: Display: non-RDO encode 2048 x 2048 x 1 to format OODLE_BC5 (Oodle OodleTex_BC5U) lambda=0 effort=20 
[2025.12.23-15.20.49:884][461]LogShaderCompilers: Display: Worker (9/17): shaders left to compile 25
[2025.12.23-15.20.49:884][461]LogShaderCompilers: Display: Worker (10/17): shaders left to compile 23
[2025.12.23-15.20.49:884][461]LogShaderCompilers: Display: Worker (11/17): shaders left to compile 21
[2025.12.23-15.20.49:884][461]LogShaderCompilers: Display: Worker (12/17): shaders left to compile 19
[2025.12.23-15.20.49:884][461]LogShaderCompilers: Display: Worker (13/17): shaders left to compile 17
[2025.12.23-15.20.49:884][461]LogShaderCompilers: Display: Worker (14/17): shaders left to compile 15
[2025.12.23-15.20.49:884][461]LogShaderCompilers: Display: Worker (15/17): shaders left to compile 13
[2025.12.23-15.20.49:884][461]LogShaderCompilers: Display: Worker (16/17): shaders left to compile 11
[2025.12.23-15.20.49:884][461]LogShaderCompilers: Display: Started 16 'Local' shader compile jobs with 'Low' priority
[2025.12.23-15.20.49:884][461]LogMaterial: Display: Missing cached shadermap for M_Glow in PCD3D_SM5, Default, SM5 (DDC key hash: DE06A417AE7063580798130191A95C5A30AF0E72), compiling. 
[2025.12.23-15.20.49:893][461]LogShaderCompilers: Display: Submitted 16 shader compile jobs with 'Low' priority
[2025.12.23-15.20.49:894][461]LogStaticMesh: Building static mesh ProjectilMesh...
[2025.12.23-15.20.49:897][461]LogStaticMesh: Built static mesh [0.00s] /Game/HeroChar/Gun/ProjectilMesh.ProjectilMesh
[2025.12.23-15.20.49:935][461]LogAnimationCompression: Building Anim DDC data for AnimSequence /Game/HeroChar/Animations/FirstPerson_JumpStart.FirstPerson_JumpStart
[2025.12.23-15.20.49:935][461]LogAnimationCompression: Building Anim DDC data for AnimSequence /Game/HeroChar/Animations/FirstPerson_JumpLoop.FirstPerson_JumpLoop
[2025.12.23-15.20.49:935][461]LogStaticMesh: Building static mesh Totem...
[2025.12.23-15.20.49:941][461]LogStaticMesh: Built static mesh [0.01s] /Game/Objects/Totem/Totem.Totem
[2025.12.23-15.20.49:943][461]LogMaterial: Display: Missing cached shadermap for 02_-_Default in PCD3D_SM5, Default, SM5 (DDC key hash: 9F9EDA3AE78523D1C72E4319A43C7EAA37301300), compiling. 
[2025.12.23-15.20.49:953][461]LogShaderCompilers: Display: Submitted 16 shader compile jobs with 'Low' priority
[2025.12.23-15.20.49:954][461]LogMaterial: Display: Missing cached shadermap for 01_-_Default in PCD3D_SM5, Default, SM5 (DDC key hash: F865FDE6B3D97AD8F4A52B53BB87B9ECE50BEF2D), compiling. 
[2025.12.23-15.20.49:961][461]LogShaderCompilers: Display: Submitted 16 shader compile jobs with 'Low' priority
[2025.12.23-15.20.49:962][461]LogStaticMesh: Building static mesh TotemSquare...
[2025.12.23-15.20.49:964][461]LogStaticMesh: Built static mesh [0.00s] /Game/Objects/Totem/TotemSquare.TotemSquare
[2025.12.23-15.20.49:973][461]LogStaticMesh: Building static mesh Key_1...
[2025.12.23-15.20.49:975][461]LogStaticMesh: Built static mesh [0.00s] /Game/Objects/Key/Key_1.Key_1
[2025.12.23-15.20.49:976][461]LogMaterial: Display: Missing cached shadermap for M_Flour in PCD3D_SM5, Default, SM5 (DDC key hash: 51DED57E35B22EE76290A2EE0B77F10B726C52DC), compiling. 
[2025.12.23-15.20.49:986][461]LogShaderCompilers: Display: Submitted 25 shader compile jobs with 'Low' priority
[2025.12.23-15.20.49:987][461]LogMaterial: Display: Missing cached shadermap for M_Hero in PCD3D_SM5, Default, SM5 (DDC key hash: 77A9268D0314EAC86EF6C5E1C92BA3DEBDBFCF6B), compiling. 
[2025.12.23-15.20.50:001][461]LogShaderCompilers: Display: Submitted 32 shader compile jobs with 'Low' priority
[2025.12.23-15.20.50:002][461]LogMaterial: Display: Missing cached shadermap for M_UE4Man_Body in PCD3D_SM5, Default, SM5 (DDC key hash: 33D2D094F3DA3EDEDFEB472DBBBDA6FAC6309E2E), compiling. 
[2025.12.23-15.20.50:049][461]LogShaderCompilers: Display: Submitted 88 shader compile jobs with 'Low' priority
[2025.12.23-15.20.50:148][461]LogMaterial: Display: Missing cached shadermap for M_GlazPortal in PCD3D_SM5, Default, SM5 (DDC key hash: 17A89C8B531BC4258B985E6D41B59BBBEEFB90B8), compiling. 
[2025.12.23-15.20.50:156][461]LogShaderCompilers: Display: Submitted 16 shader compile jobs with 'Low' priority
[2025.12.23-15.20.50:157][461]LogMaterial: Display: Missing cached shadermap for M_Cube in PCD3D_SM5, Default, SM5 (DDC key hash: 0D57AEC51101C704C82103FE591341068C538ABB), compiling. 
[2025.12.23-15.20.50:164][461]LogShaderCompilers: Display: Submitted 16 shader compile jobs with 'Low' priority
[2025.12.23-15.20.50:164][461]LogMaterial: Display: Missing cached shadermap for M_Frame1 in PCD3D_SM5, Default, SM5 (DDC key hash: 4FAE74429F1104C70B26F96580368B5F8AF29154), compiling. 
[2025.12.23-15.20.50:171][461]LogShaderCompilers: Display: Submitted 16 shader compile jobs with 'Low' priority
[2025.12.23-15.20.50:172][461]LogMaterial: Display: Missing cached shadermap for M_Frame2 in PCD3D_SM5, Default, SM5 (DDC key hash: 1CABAB8CDBB3C9FC2D9E075E640A351F28D53090), compiling. 
[2025.12.23-15.20.50:179][461]LogShaderCompilers: Display: Submitted 16 shader compile jobs with 'Low' priority
[2025.12.23-15.20.50:188][461]LogMaterial: Display: Missing cached shadermap for M_FPGun in PCD3D_SM5, Default, SM5 (DDC key hash: 9A62D591630C72A73E404F77FDBEF8833296DF0F), compiling. 
[2025.12.23-15.20.50:200][461]LogShaderCompilers: Display: Submitted 32 shader compile jobs with 'Low' priority
[2025.12.23-15.20.50:200][461]LogSkeletalMesh: Building Skeletal Mesh SK_FPGun...
[2025.12.23-15.20.50:351][461]LogSkeletalMesh: Section 0: Material=0, 10317 triangles
[2025.12.23-15.20.50:364][461]LogSkeletalMesh: Built Skeletal Mesh [0.16s] /Game/HeroChar/Gun/SKGun/SK_FPGun.SK_FPGun
[2025.12.23-15.20.50:367][461]LogAudio: Display: Audio Device (ID: 1) registered with world '01Gameplay'.
[2025.12.23-15.20.50:367][461]LogAIModule: Creating AISystem for world 01Gameplay
[2025.12.23-15.20.50:452][461]LogEditorServer: Finished looking for orphan Actors (0.000 secs)
[2025.12.23-15.20.50:498][461]LogUObjectHash: Compacting FUObjectHashTables data took   0.69ms
[2025.12.23-15.20.50:511][461]Cmd: MAP CHECKDEP NOCLEARLOG
[2025.12.23-15.20.50:511][461]MapCheck: Map check complete: 0 Error(s), 0 Warning(s), took 0,062ms to complete.
[2025.12.23-15.20.50:511][461]LogFileHelpers: Loading map '01Gameplay' took 2.461
[2025.12.23-15.20.50:512][461]LogSlate: Window 'Open Level' being destroyed
[2025.12.23-15.20.50:563][461]LogAnimationCompression: Building Anim DDC data for AnimSequence /Game/HeroChar/Animations/FirstPerson_Fire.FirstPerson_Fire
[2025.12.23-15.20.50:563][461]LogAnimationCompression: Building Anim DDC data for AnimSequence /Game/HeroChar/Animations/FirstPerson_Idle.FirstPerson_Idle
[2025.12.23-15.20.50:563][461]LogSlate: Took 0.025346 seconds to synchronously load lazily loaded font '../../../Engine/Content/Slate/Fonts/DroidSansMono.ttf' (77K)
[2025.12.23-15.20.50:572][463]LogAnimationCompression: Building Anim DDC data for AnimSequence /Game/HeroChar/Animations/FirstPerson_JumpEnd.FirstPerson_JumpEnd
[2025.12.23-15.20.50:572][463]LogAnimationCompression: Building Anim DDC data for AnimSequence /Game/HeroChar/Animations/FirstPerson_Run.FirstPerson_Run
[2025.12.23-15.20.51:207][514]LogAssetEditorSubsystem: Opening Asset editor for Blueprint /Game/HeroChar/BP_HaroChar.BP_HaroChar
[2025.12.23-15.20.51:693][514]LogShaderCompilers: Display: Worker (2/17): shaders left to compile 18
[2025.12.23-15.20.51:693][514]LogShaderCompilers: Display: Started 2 'Local' shader compile jobs with 'ForceLocal' priority
[2025.12.23-15.20.51:693][514]LogShaderCompilers: Display: Worker (9/17): shaders left to compile 16
[2025.12.23-15.20.51:693][514]LogShaderCompilers: Display: Started 2 'Local' shader compile jobs with 'ForceLocal' priority
[2025.12.23-15.20.51:904][514]LogShaderCompilers: Display: Worker (11/17): shaders left to compile 14
[2025.12.23-15.20.51:904][514]LogShaderCompilers: Display: Started 1 'Local' shader compile jobs with 'ForceLocal' priority
[2025.12.23-15.20.51:904][514]LogShaderCompilers: Display: Worker (4/17): shaders left to compile 13
[2025.12.23-15.20.51:904][514]LogShaderCompilers: Display: Started 1 'Local' shader compile jobs with 'ForceLocal' priority
[2025.12.23-15.20.52:113][514]LogShaderCompilers: Display: Worker (7/17): shaders left to compile 12
[2025.12.23-15.20.52:113][514]LogShaderCompilers: Display: Started 1 'Local' shader compile jobs with 'ForceLocal' priority
[2025.12.23-15.20.52:113][514]LogShaderCompilers: Display: Worker (8/17): shaders left to compile 11
[2025.12.23-15.20.52:114][514]LogShaderCompilers: Display: Worker (12/17): shaders left to compile 10
[2025.12.23-15.20.52:114][514]LogShaderCompilers: Display: Started 2 'Local' shader compile jobs with 'ForceLocal' priority
[2025.12.23-15.20.52:114][514]LogShaderCompilers: Display: Worker (1/17): shaders left to compile 9
[2025.12.23-15.20.52:114][514]LogShaderCompilers: Display: Started 1 'Local' shader compile jobs with 'ForceLocal' priority
[2025.12.23-15.20.52:114][514]LogShaderCompilers: Display: Worker (5/17): shaders left to compile 8
[2025.12.23-15.20.52:114][514]LogShaderCompilers: Display: Started 1 'Local' shader compile jobs with 'ForceLocal' priority
[2025.12.23-15.20.52:114][514]LogShaderCompilers: Display: Worker (15/17): shaders left to compile 7
[2025.12.23-15.20.52:114][514]LogShaderCompilers: Display: Started 1 'Local' shader compile jobs with 'ForceLocal' priority
[2025.12.23-15.20.52:317][514]LogShaderCompilers: Display: Worker (14/17): shaders left to compile 6
[2025.12.23-15.20.52:317][514]LogShaderCompilers: Display: Started 1 'Local' shader compile jobs with 'ForceLocal' priority
[2025.12.23-15.20.52:317][514]LogShaderCompilers: Display: Worker (10/17): shaders left to compile 5
[2025.12.23-15.20.52:317][514]LogShaderCompilers: Display: Started 1 'Local' shader compile jobs with 'ForceLocal' priority
[2025.12.23-15.20.52:317][514]LogShaderCompilers: Display: Worker (13/17): shaders left to compile 4
[2025.12.23-15.20.52:317][514]LogShaderCompilers: Display: Started 1 'Local' shader compile jobs with 'ForceLocal' priority
[2025.12.23-15.20.52:534][514]LogShaderCompilers: Display: Worker (11/17): shaders left to compile 3
[2025.12.23-15.20.52:534][514]LogShaderCompilers: Display: Started 1 'Local' shader compile jobs with 'ForceLocal' priority
[2025.12.23-15.20.52:736][514]LogShaderCompilers: Display: Worker (4/17): shaders left to compile 2
[2025.12.23-15.20.52:736][514]LogShaderCompilers: Display: Started 1 'Local' shader compile jobs with 'ForceLocal' priority
[2025.12.23-15.20.52:736][514]LogShaderCompilers: Display: Worker (15/17): shaders left to compile 1
[2025.12.23-15.20.52:736][514]LogShaderCompilers: Display: Started 1 'Local' shader compile jobs with 'ForceLocal' priority
[2025.12.23-15.20.52:736][514]LogShaderCompilers: Display: Worker (8/17): shaders left to compile 112
[2025.12.23-15.20.52:736][514]LogShaderCompilers: Display: Started 8 'Local' shader compile jobs with 'Normal' priority
[2025.12.23-15.20.52:736][514]LogNativeClassHierarchy: Verbose: Native class hierarchy updated for 'BlueprintGraph' in 0.0004 seconds. Added 126 classes and 0 folders.
[2025.12.23-15.20.53:307][514]LogShaderCompilers: Display: Worker (14/17): shaders left to compile 104
[2025.12.23-15.20.53:307][514]LogShaderCompilers: Display: Worker (16/17): shaders left to compile 97
[2025.12.23-15.20.53:307][514]LogShaderCompilers: Display: Started 14 'Local' shader compile jobs with 'Normal' priority
[2025.12.23-15.20.53:307][514]LogShaderCompilers: Display: Worker (1/17): shaders left to compile 90
[2025.12.23-15.20.53:307][514]LogShaderCompilers: Display: Worker (3/17): shaders left to compile 84
[2025.12.23-15.20.53:307][514]LogShaderCompilers: Display: Worker (5/17): shaders left to compile 78
[2025.12.23-15.20.53:307][514]LogShaderCompilers: Display: Worker (6/17): shaders left to compile 72
[2025.12.23-15.20.53:307][514]LogShaderCompilers: Display: Worker (7/17): shaders left to compile 66
[2025.12.23-15.20.53:307][514]LogShaderCompilers: Display: Worker (12/17): shaders left to compile 60
[2025.12.23-15.20.53:307][514]LogShaderCompilers: Display: Started 36 'Local' shader compile jobs with 'Normal' priority
[2025.12.23-15.20.53:307][514]LogShaderCompilers: Display: Worker (13/17): shaders left to compile 54
[2025.12.23-15.20.53:307][514]LogShaderCompilers: Display: Started 4 'Local' shader compile jobs with 'Normal' priority
[2025.12.23-15.20.53:307][514]LogShaderCompilers: Display: Worker (10/17): shaders left to compile 50
[2025.12.23-15.20.53:307][514]LogShaderCompilers: Display: Worker (15/17): shaders left to compile 46
[2025.12.23-15.20.53:307][514]LogShaderCompilers: Display: Started 8 'Local' shader compile jobs with 'Normal' priority
[2025.12.23-15.20.53:307][514]LogShaderCompilers: Display: Worker (9/17): shaders left to compile 42
[2025.12.23-15.20.53:307][514]LogShaderCompilers: Display: Started 3 'Local' shader compile jobs with 'Normal' priority
[2025.12.23-15.20.53:307][514]LogShaderCompilers: Display: Worker (11/17): shaders left to compile 39
[2025.12.23-15.20.53:307][514]LogShaderCompilers: Display: Started 3 'Local' shader compile jobs with 'Normal' priority
[2025.12.23-15.20.53:308][514]LogShaderCompilers: Display: Worker (2/17): shaders left to compile 36
[2025.12.23-15.20.53:308][514]LogShaderCompilers: Display: Started 3 'Local' shader compile jobs with 'Normal' priority
[2025.12.23-15.20.53:308][514]LogTemp: Warning: SetupViewportDisplaySettings
[2025.12.23-15.20.53:553][514]LogShaderCompilers: Display: Worker (4/17): shaders left to compile 33
[2025.12.23-15.20.53:553][514]LogShaderCompilers: Display: Started 3 'Local' shader compile jobs with 'Normal' priority
[2025.12.23-15.20.53:554][514]LogAssetEditorSubsystem: Opening Asset editor for Blueprint /Game/GameLogic/BP_Gameplay_GameMode.BP_Gameplay_GameMode
[2025.12.23-15.20.53:771][514]LogTemp: Warning: SetupViewportDisplaySettings
[2025.12.23-15.20.53:839][514]LogAssetEditorSubsystem: Opening Asset editor for Blueprint /Game/Objects/Portal/BP_Portal.BP_Portal
[2025.12.23-15.20.54:086][514]LogTemp: Warning: SetupViewportDisplaySettings
[2025.12.23-15.20.54:137][514]LogAssetEditorSubsystem: Opening Asset editor for Blueprint /Game/Objects/Portal/BP_Destination.BP_Destination
[2025.12.23-15.20.54:323][514]LogTemp: Warning: SetupViewportDisplaySettings
[2025.12.23-15.20.54:390][514]LogAssetEditorSubsystem: Opening Asset editor for Blueprint /Game/Objects/Key/BP_Key.BP_Key
[2025.12.23-15.20.54:587][514]LogTemp: Warning: SetupViewportDisplaySettings
[2025.12.23-15.20.54:625][514]LogLinker: Warning: Failed to load '/Game/01Gameplay.01Gameplay:PersistentLevel.01Gameplay': Can't resolve asset name
[2025.12.23-15.20.54:685][514]LogSlate: Took 0.000357 seconds to synchronously load lazily loaded font '../../../Engine/Content/Slate/Fonts/Roboto-BoldCondensed.ttf' (158K)
[2025.12.23-15.20.54:879][515]LogShaderCompilers: Display: Worker (9/17): shaders left to compile 30
[2025.12.23-15.20.54:879][515]LogShaderCompilers: Display: Started 2 'Local' shader compile jobs with 'Normal' priority
[2025.12.23-15.20.54:995][516]LogShaderCompilers: Display: Worker (2/17): shaders left to compile 1
[2025.12.23-15.20.54:995][516]LogShaderCompilers: Display: Started 1 'Local' shader compile jobs with 'ForceLocal' priority
[2025.12.23-15.20.55:336][535]LogShaderCompilers: Display: Worker (4/17): shaders left to compile 27
[2025.12.23-15.20.55:336][535]LogShaderCompilers: Display: Started 2 'Local' shader compile jobs with 'Normal' priority
[2025.12.23-15.20.55:702][569]LogShaderCompilers: Display: Worker (11/17): shaders left to compile 25
[2025.12.23-15.20.55:702][569]LogShaderCompilers: Display: Started 2 'Local' shader compile jobs with 'Normal' priority
[2025.12.23-15.20.55:801][580]LogShaderCompilers: Display: Worker (10/17): shaders left to compile 23
[2025.12.23-15.20.55:801][580]LogShaderCompilers: Display: Started 2 'Local' shader compile jobs with 'Normal' priority
[2025.12.23-15.20.55:880][587]LogShaderCompilers: Display: Worker (13/17): shaders left to compile 21
[2025.12.23-15.20.55:880][587]LogShaderCompilers: Display: Started 2 'Local' shader compile jobs with 'Normal' priority
[2025.12.23-15.20.55:958][592]LogShaderCompilers: Display: Worker (15/17): shaders left to compile 19
[2025.12.23-15.20.55:958][592]LogShaderCompilers: Display: Started 2 'Local' shader compile jobs with 'Normal' priority
[2025.12.23-15.20.55:958][592]LogShaderCompilers: Display: Worker (7/17): shaders left to compile 17
[2025.12.23-15.20.55:958][592]LogShaderCompilers: Display: Started 2 'Local' shader compile jobs with 'Normal' priority
[2025.12.23-15.20.56:535][643]LogShaderCompilers: Display: Worker (2/17): shaders left to compile 15
[2025.12.23-15.20.56:535][643]LogShaderCompilers: Display: Started 1 'Local' shader compile jobs with 'Normal' priority
[2025.12.23-15.20.56:548][644]LogShaderCompilers: Display: Worker (3/17): shaders left to compile 14
[2025.12.23-15.20.56:549][644]LogShaderCompilers: Display: Started 1 'Local' shader compile jobs with 'Normal' priority
[2025.12.23-15.20.56:630][652]LogShaderCompilers: Display: Worker (4/17): shaders left to compile 13
[2025.12.23-15.20.56:630][652]LogShaderCompilers: Display: Started 1 'Local' shader compile jobs with 'Normal' priority
[2025.12.23-15.20.56:681][657]LogShaderCompilers: Display: Worker (10/17): shaders left to compile 12
[2025.12.23-15.20.56:681][657]LogShaderCompilers: Display: Started 1 'Local' shader compile jobs with 'Normal' priority
[2025.12.23-15.20.56:925][681]LogShaderCompilers: Display: Worker (16/17): shaders left to compile 11
[2025.12.23-15.20.56:925][681]LogShaderCompilers: Display: Started 1 'Local' shader compile jobs with 'Normal' priority
[2025.12.23-15.20.56:949][682]LogShaderCompilers: Display: Worker (11/17): shaders left to compile 10
[2025.12.23-15.20.56:950][682]LogShaderCompilers: Display: Started 1 'Local' shader compile jobs with 'Normal' priority
[2025.12.23-15.20.57:263][707]LogShaderCompilers: Display: Worker (9/17): shaders left to compile 9
[2025.12.23-15.20.57:263][707]LogShaderCompilers: Display: Started 1 'Local' shader compile jobs with 'Normal' priority
[2025.12.23-15.20.57:295][709]LogShaderCompilers: Display: Worker (11/17): shaders left to compile 8
[2025.12.23-15.20.57:295][709]LogShaderCompilers: Display: Started 1 'Local' shader compile jobs with 'Normal' priority
[2025.12.23-15.20.57:295][709]LogShaderCompilers: Display: Worker (5/17): shaders left to compile 7
[2025.12.23-15.20.57:295][709]LogShaderCompilers: Display: Started 1 'Local' shader compile jobs with 'Normal' priority
[2025.12.23-15.20.57:346][711]LogShaderCompilers: Display: Worker (4/17): shaders left to compile 6
[2025.12.23-15.20.57:346][711]LogShaderCompilers: Display: Started 1 'Local' shader compile jobs with 'Normal' priority
[2025.12.23-15.20.57:368][712]LogShaderCompilers: Display: Worker (2/17): shaders left to compile 5
[2025.12.23-15.20.57:368][712]LogShaderCompilers: Display: Started 1 'Local' shader compile jobs with 'Normal' priority
[2025.12.23-15.20.57:368][712]LogShaderCompilers: Display: Worker (1/17): shaders left to compile 4
[2025.12.23-15.20.57:368][712]LogShaderCompilers: Display: Worker (7/17): shaders left to compile 3
[2025.12.23-15.20.57:368][712]LogShaderCompilers: Display: Worker (8/17): shaders left to compile 2
[2025.12.23-15.20.57:368][712]LogShaderCompilers: Display: Started 3 'Local' shader compile jobs with 'Normal' priority
[2025.12.23-15.20.57:420][715]LogShaderCompilers: Display: Worker (12/17): shaders left to compile 1
[2025.12.23-15.20.57:420][715]LogShaderCompilers: Display: Started 1 'Local' shader compile jobs with 'Normal' priority
[2025.12.23-15.20.57:440][716]LogShaderCompilers: Display: Worker (3/17): shaders left to compile 168
[2025.12.23-15.20.57:440][716]LogShaderCompilers: Display: Started 10 'Local' shader compile jobs with 'Low' priority
[2025.12.23-15.20.57:526][722]LogShaderCompilers: Display: Worker (10/17): shaders left to compile 158
[2025.12.23-15.20.57:526][722]LogShaderCompilers: Display: Started 10 'Local' shader compile jobs with 'Low' priority
[2025.12.23-15.20.57:564][724]LogShaderCompilers: Display: Worker (13/17): shaders left to compile 148
[2025.12.23-15.20.57:564][724]LogShaderCompilers: Display: Started 10 'Local' shader compile jobs with 'Low' priority
[2025.12.23-15.20.57:724][737]LogShaderCompilers: Display: Worker (16/17): shaders left to compile 138
[2025.12.23-15.20.57:724][737]LogShaderCompilers: Display: Started 9 'Local' shader compile jobs with 'Low' priority
[2025.12.23-15.20.57:744][738]LogShaderCompilers: Display: Worker (8/17): shaders left to compile 129
[2025.12.23-15.20.57:744][738]LogShaderCompilers: Display: Started 9 'Local' shader compile jobs with 'Low' priority
[2025.12.23-15.20.57:790][741]LogShaderCompilers: Display: Worker (11/17): shaders left to compile 120
[2025.12.23-15.20.57:790][741]LogShaderCompilers: Display: Worker (15/17): shaders left to compile 112
[2025.12.23-15.20.57:790][741]LogShaderCompilers: Display: Started 16 'Local' shader compile jobs with 'Low' priority
[2025.12.23-15.20.57:981][754]LogShaderCompilers: Display: Worker (5/17): shaders left to compile 104
[2025.12.23-15.20.57:981][754]LogShaderCompilers: Display: Started 7 'Local' shader compile jobs with 'Low' priority
[2025.12.23-15.20.58:121][766]LogShaderCompilers: Display: Worker (2/17): shaders left to compile 97
[2025.12.23-15.20.58:121][766]LogShaderCompilers: Display: Started 7 'Local' shader compile jobs with 'Low' priority
[2025.12.23-15.20.58:216][775]LogShaderCompilers: Display: Worker (1/17): shaders left to compile 90
[2025.12.23-15.20.58:216][775]LogShaderCompilers: Display: Worker (14/17): shaders left to compile 84
[2025.12.23-15.20.58:216][775]LogShaderCompilers: Display: Started 12 'Local' shader compile jobs with 'Low' priority
[2025.12.23-15.20.58:421][792]LogShaderCompilers: Display: Worker (9/17): shaders left to compile 78
[2025.12.23-15.20.58:421][792]LogShaderCompilers: Display: Started 5 'Local' shader compile jobs with 'Low' priority
[2025.12.23-15.20.58:527][801]LogShaderCompilers: Display: Worker (4/17): shaders left to compile 73
[2025.12.23-15.20.58:527][801]LogShaderCompilers: Display: Started 5 'Local' shader compile jobs with 'Low' priority
[2025.12.23-15.20.58:589][807]LogShaderCompilers: Display: Worker (12/17): shaders left to compile 68
[2025.12.23-15.20.58:590][807]LogShaderCompilers: Display: Started 5 'Local' shader compile jobs with 'Low' priority
[2025.12.23-15.20.58:590][807]LogShaderCompilers: Display: Worker (6/17): shaders left to compile 63
[2025.12.23-15.20.58:590][807]LogShaderCompilers: Display: Started 4 'Local' shader compile jobs with 'Low' priority
[2025.12.23-15.20.58:681][815]LogShaderCompilers: Display: Worker (7/17): shaders left to compile 59
[2025.12.23-15.20.58:681][815]LogShaderCompilers: Display: Started 4 'Local' shader compile jobs with 'Low' priority
[2025.12.23-15.20.59:947][944]LogShaderCompilers: Display: Worker (7/17): shaders left to compile 55
[2025.12.23-15.20.59:947][944]LogShaderCompilers: Display: Started 4 'Local' shader compile jobs with 'Low' priority
[2025.12.23-15.21.00:169][964]LogShaderCompilers: Display: Worker (6/17): shaders left to compile 51
[2025.12.23-15.21.00:169][964]LogShaderCompilers: Display: Started 4 'Local' shader compile jobs with 'Low' priority
[2025.12.23-15.21.00:440][986]LogShaderCompilers: Display: Worker (14/17): shaders left to compile 47
[2025.12.23-15.21.00:441][986]LogShaderCompilers: Display: Started 3 'Local' shader compile jobs with 'Low' priority
[2025.12.23-15.21.00:441][986]LogShaderCompilers: Display: Worker (9/17): shaders left to compile 44
[2025.12.23-15.21.00:441][986]LogShaderCompilers: Display: Started 3 'Local' shader compile jobs with 'Low' priority
[2025.12.23-15.21.00:877][ 30]LogShaderCompilers: Display: Worker (5/17): shaders left to compile 41
[2025.12.23-15.21.00:877][ 30]LogShaderCompilers: Display: Started 3 'Local' shader compile jobs with 'Low' priority
[2025.12.23-15.21.00:918][ 33]LogShaderCompilers: Display: Worker (4/17): shaders left to compile 38
[2025.12.23-15.21.00:918][ 33]LogShaderCompilers: Display: Started 3 'Local' shader compile jobs with 'Low' priority
[2025.12.23-15.21.01:276][ 69]LogShaderCompilers: Display: Worker (12/17): shaders left to compile 35
[2025.12.23-15.21.01:276][ 69]LogShaderCompilers: Display: Started 3 'Local' shader compile jobs with 'Low' priority
[2025.12.23-15.21.01:638][ 95]LogShaderCompilers: Display: Worker (7/17): shaders left to compile 32
[2025.12.23-15.21.01:638][ 95]LogShaderCompilers: Display: Started 3 'Local' shader compile jobs with 'Low' priority
[2025.12.23-15.21.01:710][101]LogShaderCompilers: Display: Worker (14/17): shaders left to compile 29
[2025.12.23-15.21.01:710][101]LogShaderCompilers: Display: Started 2 'Local' shader compile jobs with 'Low' priority
[2025.12.23-15.21.02:221][156]LogShaderCompilers: Display: Worker (8/17): shaders left to compile 27
[2025.12.23-15.21.02:221][156]LogShaderCompilers: Display: Started 2 'Local' shader compile jobs with 'Low' priority
[2025.12.23-15.21.02:275][162]LogShaderCompilers: Display: Worker (2/17): shaders left to compile 25
[2025.12.23-15.21.02:275][162]LogShaderCompilers: Display: Started 2 'Local' shader compile jobs with 'Low' priority
[2025.12.23-15.21.02:307][166]LogShaderCompilers: Display: Worker (6/17): shaders left to compile 23
[2025.12.23-15.21.02:307][166]LogShaderCompilers: Display: Started 2 'Local' shader compile jobs with 'Low' priority
[2025.12.23-15.21.02:379][171]LogShaderCompilers: Display: Worker (13/17): shaders left to compile 21
[2025.12.23-15.21.02:379][171]LogShaderCompilers: Display: Started 2 'Local' shader compile jobs with 'Low' priority
[2025.12.23-15.21.02:541][181]LogShaderCompilers: Display: Worker (11/17): shaders left to compile 19
[2025.12.23-15.21.02:541][181]LogShaderCompilers: Display: Started 2 'Local' shader compile jobs with 'Low' priority
[2025.12.23-15.21.02:541][181]LogShaderCompilers: Display: Worker (14/17): shaders left to compile 17
[2025.12.23-15.21.02:541][181]LogShaderCompilers: Display: Started 2 'Local' shader compile jobs with 'Low' priority
[2025.12.23-15.21.02:771][206]LogShaderCompilers: Display: Worker (7/17): shaders left to compile 15
[2025.12.23-15.21.02:771][206]LogShaderCompilers: Display: Started 1 'Local' shader compile jobs with 'Low' priority
[2025.12.23-15.21.02:808][209]LogShaderCompilers: Display: Worker (9/17): shaders left to compile 14
[2025.12.23-15.21.02:809][209]LogShaderCompilers: Display: Started 1 'Local' shader compile jobs with 'Low' priority
[2025.12.23-15.21.03:029][230]LogShaderCompilers: Display: Worker (1/17): shaders left to compile 13
[2025.12.23-15.21.03:029][230]LogShaderCompilers: Display: Started 1 'Local' shader compile jobs with 'Low' priority
[2025.12.23-15.21.03:085][235]LogShaderCompilers: Display: Worker (15/17): shaders left to compile 12
[2025.12.23-15.21.03:085][235]LogShaderCompilers: Display: Started 1 'Local' shader compile jobs with 'Low' priority
[2025.12.23-15.21.03:085][235]LogShaderCompilers: Display: Worker (5/17): shaders left to compile 11
[2025.12.23-15.21.03:085][235]LogShaderCompilers: Display: Started 1 'Local' shader compile jobs with 'Low' priority
[2025.12.23-15.21.03:187][246]LogShaderCompilers: Display: Worker (2/17): shaders left to compile 10
[2025.12.23-15.21.03:187][246]LogShaderCompilers: Display: Worker (7/17): shaders left to compile 9
[2025.12.23-15.21.03:187][246]LogShaderCompilers: Display: Started 2 'Local' shader compile jobs with 'Low' priority
[2025.12.23-15.21.03:222][250]LogShaderCompilers: Display: Worker (9/17): shaders left to compile 8
[2025.12.23-15.21.03:222][250]LogShaderCompilers: Display: Started 1 'Local' shader compile jobs with 'Low' priority
[2025.12.23-15.21.03:293][256]LogShaderCompilers: Display: Worker (8/17): shaders left to compile 7
[2025.12.23-15.21.03:293][256]LogShaderCompilers: Display: Started 1 'Local' shader compile jobs with 'Low' priority
[2025.12.23-15.21.03:293][256]LogShaderCompilers: Display: Worker (6/17): shaders left to compile 6
[2025.12.23-15.21.03:293][256]LogShaderCompilers: Display: Started 1 'Local' shader compile jobs with 'Low' priority
[2025.12.23-15.21.03:385][264]LogShaderCompilers: Display: Worker (12/17): shaders left to compile 5
[2025.12.23-15.21.03:385][264]LogShaderCompilers: Display: Started 1 'Local' shader compile jobs with 'Low' priority
[2025.12.23-15.21.03:495][273]LogShaderCompilers: Display: Worker (7/17): shaders left to compile 4
[2025.12.23-15.21.03:495][273]LogShaderCompilers: Display: Started 1 'Local' shader compile jobs with 'Low' priority
[2025.12.23-15.21.03:542][276]LogShaderCompilers: Display: Worker (13/17): shaders left to compile 3
[2025.12.23-15.21.03:542][276]LogShaderCompilers: Display: Started 1 'Local' shader compile jobs with 'Low' priority
[2025.12.23-15.21.03:585][279]LogShaderCompilers: Display: Worker (4/17): shaders left to compile 2
[2025.12.23-15.21.03:585][279]LogShaderCompilers: Display: Started 1 'Local' shader compile jobs with 'Low' priority
[2025.12.23-15.21.03:839][299]LogShaderCompilers: Display: Worker (11/17): shaders left to compile 1
[2025.12.23-15.21.03:839][299]LogShaderCompilers: Display: Started 1 'Local' shader compile jobs with 'Low' priority
[2025.12.23-15.23.32:113][375]LogSlate: Took 0.016926 seconds to synchronously load lazily loaded font '../../../Engine/Content/Slate/Fonts/Roboto-Italic.ttf' (157K)
[2025.12.23-15.23.34:087][587]LogSlate: Window 'BP_Destination' being destroyed
[2025.12.23-15.23.39:670][213]LogSlate: Window 'Message Log' being destroyed
[2025.12.23-15.23.39:673][213]LogSlate: Window 'Message Log' being destroyed
[2025.12.23-15.33.47:850][991]LogHttp: Warning: 000001C98E522B00: invalid HTTP response code received. URL: https://datarouter.ol.epicgames.com/datarouter/api/v1/public/data?SessionID=%7BB3116B7F-4817-C913-A8A7-27924446C934%7D&AppID=UEEditor.Rocket.Release&AppVersion=4.27.2-18319896%2B%2B%2BUE4%2BRelease-4.27&UserID=3dc6b55f4655f522313eee89e4ab5d74%7Cd6119bee42044f12b5b3ac1e748b47de%7Cb4fc89d3-2795-437f-be36-4b1f9918196f&AppEnvironment=datacollector-binary&UploadType=eteventstream, HTTP code: 0, content length: 0, actual payload size: 0
[2025.12.23-15.33.47:850][991]LogHttp: Warning: 000001C98E522B00: request failed, libcurl error: 56 (Failure when receiving data from the peer)
[2025.12.23-15.33.47:850][991]LogHttp: Warning: 000001C98E522B00: libcurl info message cache 0 (Found bundle for host datarouter.ol.epicgames.com: 0x1c90d423eb0 [can pipeline])
[2025.12.23-15.33.47:850][991]LogHttp: Warning: 000001C98E522B00: libcurl info message cache 1 (Re-using existing connection! (#0) with host datarouter.ol.epicgames.com)
[2025.12.23-15.33.47:850][991]LogHttp: Warning: 000001C98E522B00: libcurl info message cache 2 (Connected to datarouter.ol.epicgames.com (98.91.167.56) port 443 (#0))
[2025.12.23-15.33.47:850][991]LogHttp: Warning: 000001C98E522B00: libcurl info message cache 3 (TLSv1.3 (OUT), TLS Unknown, Unknown (23):)
[2025.12.23-15.33.47:850][991]LogHttp: Warning: 000001C98E522B00: libcurl info message cache 4 (TLSv1.3 (OUT), TLS Unknown, Unknown (23):)
[2025.12.23-15.33.47:850][991]LogHttp: Warning: 000001C98E522B00: libcurl info message cache 5 (We are completely uploaded and fine)
[2025.12.23-15.33.47:850][991]LogHttp: Warning: 000001C98E522B00: libcurl info message cache 6 (OpenSSL SSL_read: SSL_ERROR_SYSCALL, errno 10054)
[2025.12.23-15.33.47:850][991]LogHttp: Warning: 000001C98E522B00: libcurl info message cache 7 (Connection died, retrying a fresh connect)
[2025.12.23-15.33.47:850][991]LogHttp: Warning: 000001C98E522B00: libcurl info message cache 8 (necessary data rewind wasn't possible)
[2025.12.23-15.33.47:850][991]LogHttp: Warning: 000001C98E522B00: libcurl info message cache 9 (Closing connection 0)
[2025.12.23-15.33.47:850][991]LogHttp: Warning: 000001C98E522B00: libcurl info message cache 10 (TLSv1.3 (OUT), TLS Unknown, Unknown (21):)
[2025.12.23-15.33.47:858][992]LogHttp: Warning: Retry exhausted on https://datarouter.ol.epicgames.com/datarouter/api/v1/public/data?SessionID=%7BB3116B7F-4817-C913-A8A7-27924446C934%7D&AppID=UEEditor.Rocket.Release&AppVersion=4.27.2-18319896%2B%2B%2BUE4%2BRelease-4.27&UserID=3dc6b55f4655f522313eee89e4ab5d74%7Cd6119bee42044f12b5b3ac1e748b47de%7Cb4fc89d3-2795-437f-be36-4b1f9918196f&AppEnvironment=datacollector-binary&UploadType=eteventstream
[2025.12.23-15.35.28:425][606]LogHttp: Warning: 000001C98E522B00: invalid HTTP response code received. URL: https://datarouter.ol.epicgames.com/datarouter/api/v1/public/data?SessionID=%7BB3116B7F-4817-C913-A8A7-27924446C934%7D&AppID=UEEditor.Rocket.Release&AppVersion=4.27.2-18319896%2B%2B%2BUE4%2BRelease-4.27&UserID=3dc6b55f4655f522313eee89e4ab5d74%7Cd6119bee42044f12b5b3ac1e748b47de%7Cb4fc89d3-2795-437f-be36-4b1f9918196f&AppEnvironment=datacollector-binary&UploadType=eteventstream, HTTP code: 0, content length: 0, actual payload size: 0
[2025.12.23-15.35.28:425][606]LogHttp: Warning: 000001C98E522B00: request failed, libcurl error: 7 (Couldn't connect to server)
[2025.12.23-15.35.28:425][606]LogHttp: Warning: 000001C98E522B00: libcurl info message cache 0 (  Trying 54.85.79.150...)
[2025.12.23-15.35.28:425][606]LogHttp: Warning: 000001C98E522B00: libcurl info message cache 1 (TCP_NODELAY set)
[2025.12.23-15.35.28:425][606]LogHttp: Warning: 000001C98E522B00: libcurl info message cache 2 (connect to 54.85.79.150 port 443 failed: Timed out)
[2025.12.23-15.35.28:425][606]LogHttp: Warning: 000001C98E522B00: libcurl info message cache 3 (  Trying 34.232.59.94...)
[2025.12.23-15.35.28:425][606]LogHttp: Warning: 000001C98E522B00: libcurl info message cache 4 (TCP_NODELAY set)
[2025.12.23-15.35.28:425][606]LogHttp: Warning: 000001C98E522B00: libcurl info message cache 5 (After 19469ms connect time, move on!)
[2025.12.23-15.35.28:425][606]LogHttp: Warning: 000001C98E522B00: libcurl info message cache 6 (connect to 34.232.59.94 port 443 failed: Timed out)
[2025.12.23-15.35.28:425][606]LogHttp: Warning: 000001C98E522B00: libcurl info message cache 7 (  Trying 3.208.137.105...)
[2025.12.23-15.35.28:425][606]LogHttp: Warning: 000001C98E522B00: libcurl info message cache 8 (TCP_NODELAY set)
[2025.12.23-15.35.28:425][606]LogHttp: Warning: 000001C98E522B00: libcurl info message cache 9 (After 9734ms connect time, move on!)
[2025.12.23-15.35.28:425][606]LogHttp: Warning: 000001C98E522B00: libcurl info message cache 10 (connect to 3.208.137.105 port 443 failed: Timed out)
[2025.12.23-15.35.28:425][606]LogHttp: Warning: 000001C98E522B00: libcurl info message cache 11 (  Trying 35.169.118.198...)
[2025.12.23-15.35.28:425][606]LogHttp: Warning: 000001C98E522B00: libcurl info message cache 12 (TCP_NODELAY set)
[2025.12.23-15.35.28:425][606]LogHttp: Warning: 000001C98E522B00: libcurl info message cache 13 (After 4867ms connect time, move on!)
[2025.12.23-15.35.28:425][606]LogHttp: Warning: 000001C98E522B00: libcurl info message cache 14 (connect to 35.169.118.198 port 443 failed: Timed out)
[2025.12.23-15.35.28:425][606]LogHttp: Warning: 000001C98E522B00: libcurl info message cache 15 (  Trying 44.197.5.238...)
[2025.12.23-15.35.28:425][606]LogHttp: Warning: 000001C98E522B00: libcurl info message cache 16 (TCP_NODELAY set)
[2025.12.23-15.35.28:425][606]LogHttp: Warning: 000001C98E522B00: libcurl info message cache 17 (After 2430ms connect time, move on!)
[2025.12.23-15.35.28:425][606]LogHttp: Warning: 000001C98E522B00: libcurl info message cache 18 (connect to 44.197.5.238 port 443 failed: Timed out)
[2025.12.23-15.35.28:425][606]LogHttp: Warning: 000001C98E522B00: libcurl info message cache 19 (  Trying 3.231.236.54...)
[2025.12.23-15.35.28:425][606]LogHttp: Warning: 000001C98E522B00: libcurl info message cache 20 (TCP_NODELAY set)
[2025.12.23-15.35.28:425][606]LogHttp: Warning: 000001C98E522B00: libcurl info message cache 21 (After 1211ms connect time, move on!)
[2025.12.23-15.35.28:425][606]LogHttp: Warning: 000001C98E522B00: libcurl info message cache 22 (connect to 3.231.236.54 port 443 failed: Timed out)
[2025.12.23-15.35.28:425][606]LogHttp: Warning: 000001C98E522B00: libcurl info message cache 23 (  Trying 3.220.181.60...)
[2025.12.23-15.35.28:425][606]LogHttp: Warning: 000001C98E522B00: libcurl info message cache 24 (TCP_NODELAY set)
[2025.12.23-15.35.28:425][606]LogHttp: Warning: 000001C98E522B00: libcurl info message cache 25 (After 601ms connect time, move on!)
[2025.12.23-15.35.28:425][606]LogHttp: Warning: 000001C98E522B00: libcurl info message cache 26 (connect to 3.220.181.60 port 443 failed: Timed out)
[2025.12.23-15.35.28:425][606]LogHttp: Warning: 000001C98E522B00: libcurl info message cache 27 (  Trying 54.159.15.91...)
[2025.12.23-15.35.28:425][606]LogHttp: Warning: 000001C98E522B00: libcurl info message cache 28 (TCP_NODELAY set)
[2025.12.23-15.35.28:425][606]LogHttp: Warning: 000001C98E522B00: libcurl info message cache 29 (After 297ms connect time, move on!)
[2025.12.23-15.35.28:425][606]LogHttp: Warning: 000001C98E522B00: libcurl info message cache 30 (connect to 54.159.15.91 port 443 failed: Timed out)
[2025.12.23-15.35.28:425][606]LogHttp: Warning: 000001C98E522B00: libcurl info message cache 31 (Failed to connect to datarouter.ol.epicgames.com port 443: Timed out)
[2025.12.23-15.35.28:425][606]LogHttp: Warning: 000001C98E522B00: libcurl info message cache 32 (Closing connection 1)
[2025.12.23-15.35.28:425][606]LogHttp: Warning: Retry exhausted on https://datarouter.ol.epicgames.com/datarouter/api/v1/public/data?SessionID=%7BB3116B7F-4817-C913-A8A7-27924446C934%7D&AppID=UEEditor.Rocket.Release&AppVersion=4.27.2-18319896%2B%2B%2BUE4%2BRelease-4.27&UserID=3dc6b55f4655f522313eee89e4ab5d74%7Cd6119bee42044f12b5b3ac1e748b47de%7Cb4fc89d3-2795-437f-be36-4b1f9918196f&AppEnvironment=datacollector-binary&UploadType=eteventstream
[2025.12.23-15.36.28:666][561]LogHttp: Warning: 000001C98E522B00: invalid HTTP response code received. URL: https://datarouter.ol.epicgames.com/datarouter/api/v1/public/data?SessionID=%7BB3116B7F-4817-C913-A8A7-27924446C934%7D&AppID=UEEditor.Rocket.Release&AppVersion=4.27.2-18319896%2B%2B%2BUE4%2BRelease-4.27&UserID=3dc6b55f4655f522313eee89e4ab5d74%7Cd6119bee42044f12b5b3ac1e748b47de%7Cb4fc89d3-2795-437f-be36-4b1f9918196f&AppEnvironment=datacollector-binary&UploadType=eteventstream, HTTP code: 0, content length: 0, actual payload size: 0
[2025.12.23-15.36.28:666][561]LogHttp: Warning: 000001C98E522B00: request failed, libcurl error: 7 (Couldn't connect to server)
[2025.12.23-15.36.28:666][561]LogHttp: Warning: 000001C98E522B00: libcurl info message cache 0 (  Trying 54.85.79.150...)
[2025.12.23-15.36.28:666][561]LogHttp: Warning: 000001C98E522B00: libcurl info message cache 1 (TCP_NODELAY set)
[2025.12.23-15.36.28:666][561]LogHttp: Warning: 000001C98E522B00: libcurl info message cache 2 (connect to 54.85.79.150 port 443 failed: Timed out)
[2025.12.23-15.36.28:667][561]LogHttp: Warning: 000001C98E522B00: libcurl info message cache 3 (  Trying 34.232.59.94...)
[2025.12.23-15.36.28:667][561]LogHttp: Warning: 000001C98E522B00: libcurl info message cache 4 (TCP_NODELAY set)
[2025.12.23-15.36.28:667][561]LogHttp: Warning: 000001C98E522B00: libcurl info message cache 5 (After 19468ms connect time, move on!)
[2025.12.23-15.36.28:667][561]LogHttp: Warning: 000001C98E522B00: libcurl info message cache 6 (connect to 34.232.59.94 port 443 failed: Timed out)
[2025.12.23-15.36.28:667][561]LogHttp: Warning: 000001C98E522B00: libcurl info message cache 7 (  Trying 3.208.137.105...)
[2025.12.23-15.36.28:667][561]LogHttp: Warning: 000001C98E522B00: libcurl info message cache 8 (TCP_NODELAY set)
[2025.12.23-15.36.28:667][561]LogHttp: Warning: 000001C98E522B00: libcurl info message cache 9 (After 9734ms connect time, move on!)
[2025.12.23-15.36.28:667][561]LogHttp: Warning: 000001C98E522B00: libcurl info message cache 10 (connect to 3.208.137.105 port 443 failed: Timed out)
[2025.12.23-15.36.28:667][561]LogHttp: Warning: 000001C98E522B00: libcurl info message cache 11 (  Trying 35.169.118.198...)
[2025.12.23-15.36.28:667][561]LogHttp: Warning: 000001C98E522B00: libcurl info message cache 12 (TCP_NODELAY set)
[2025.12.23-15.36.28:667][561]LogHttp: Warning: 000001C98E522B00: libcurl info message cache 13 (After 4867ms connect time, move on!)
[2025.12.23-15.36.28:667][561]LogHttp: Warning: 000001C98E522B00: libcurl info message cache 14 (connect to 35.169.118.198 port 443 failed: Timed out)
[2025.12.23-15.36.28:667][561]LogHttp: Warning: 000001C98E522B00: libcurl info message cache 15 (  Trying 44.197.5.238...)
[2025.12.23-15.36.28:667][561]LogHttp: Warning: 000001C98E522B00: libcurl info message cache 16 (TCP_NODELAY set)
[2025.12.23-15.36.28:667][561]LogHttp: Warning: 000001C98E522B00: libcurl info message cache 17 (After 2429ms connect time, move on!)
[2025.12.23-15.36.28:667][561]LogHttp: Warning: 000001C98E522B00: libcurl info message cache 18 (connect to 44.197.5.238 port 443 failed: Timed out)
[2025.12.23-15.36.28:667][561]LogHttp: Warning: 000001C98E522B00: libcurl info message cache 19 (  Trying 3.231.236.54...)
[2025.12.23-15.36.28:667][561]LogHttp: Warning: 000001C98E522B00: libcurl info message cache 20 (TCP_NODELAY set)
[2025.12.23-15.36.28:667][561]LogHttp: Warning: 000001C98E522B00: libcurl info message cache 21 (After 1211ms connect time, move on!)
[2025.12.23-15.36.28:667][561]LogHttp: Warning: 000001C98E522B00: libcurl info message cache 22 (connect to 3.231.236.54 port 443 failed: Timed out)
[2025.12.23-15.36.28:667][561]LogHttp: Warning: 000001C98E522B00: libcurl info message cache 23 (  Trying 3.220.181.60...)
[2025.12.23-15.36.28:667][561]LogHttp: Warning: 000001C98E522B00: libcurl info message cache 24 (TCP_NODELAY set)
[2025.12.23-15.36.28:667][561]LogHttp: Warning: 000001C98E522B00: libcurl info message cache 25 (After 601ms connect time, move on!)
[2025.12.23-15.36.28:667][561]LogHttp: Warning: 000001C98E522B00: libcurl info message cache 26 (connect to 3.220.181.60 port 443 failed: Timed out)
[2025.12.23-15.36.28:667][561]LogHttp: Warning: 000001C98E522B00: libcurl info message cache 27 (  Trying 54.159.15.91...)
[2025.12.23-15.36.28:667][561]LogHttp: Warning: 000001C98E522B00: libcurl info message cache 28 (TCP_NODELAY set)
[2025.12.23-15.36.28:667][561]LogHttp: Warning: 000001C98E522B00: libcurl info message cache 29 (After 297ms connect time, move on!)
[2025.12.23-15.36.28:667][561]LogHttp: Warning: 000001C98E522B00: libcurl info message cache 30 (connect to 54.159.15.91 port 443 failed: Timed out)
[2025.12.23-15.36.28:667][561]LogHttp: Warning: 000001C98E522B00: libcurl info message cache 31 (Failed to connect to datarouter.ol.epicgames.com port 443: Timed out)
[2025.12.23-15.36.28:667][561]LogHttp: Warning: 000001C98E522B00: libcurl info message cache 32 (Closing connection 2)
[2025.12.23-15.36.28:999][562]LogHttp: Warning: Retry exhausted on https://datarouter.ol.epicgames.com/datarouter/api/v1/public/data?SessionID=%7BB3116B7F-4817-C913-A8A7-27924446C934%7D&AppID=UEEditor.Rocket.Release&AppVersion=4.27.2-18319896%2B%2B%2BUE4%2BRelease-4.27&UserID=3dc6b55f4655f522313eee89e4ab5d74%7Cd6119bee42044f12b5b3ac1e748b47de%7Cb4fc89d3-2795-437f-be36-4b1f9918196f&AppEnvironment=datacollector-binary&UploadType=eteventstream
[2025.12.23-15.37.28:504][788]LogHttp: Warning: 000001C95CF48F00: invalid HTTP response code received. URL: https://datarouter.ol.epicgames.com/datarouter/api/v1/public/data?SessionID=%7BB3116B7F-4817-C913-A8A7-27924446C934%7D&AppID=UEEditor.Rocket.Release&AppVersion=4.27.2-18319896%2B%2B%2BUE4%2BRelease-4.27&UserID=3dc6b55f4655f522313eee89e4ab5d74%7Cd6119bee42044f12b5b3ac1e748b47de%7Cb4fc89d3-2795-437f-be36-4b1f9918196f&AppEnvironment=datacollector-binary&UploadType=eteventstream, HTTP code: 0, content length: 0, actual payload size: 0
[2025.12.23-15.37.28:504][788]LogHttp: Warning: 000001C95CF48F00: request failed, libcurl error: 7 (Couldn't connect to server)
[2025.12.23-15.37.28:504][788]LogHttp: Warning: 000001C95CF48F00: libcurl info message cache 0 (  Trying 54.85.79.150...)
[2025.12.23-15.37.28:504][788]LogHttp: Warning: 000001C95CF48F00: libcurl info message cache 1 (TCP_NODELAY set)
[2025.12.23-15.37.28:504][788]LogHttp: Warning: 000001C95CF48F00: libcurl info message cache 2 (connect to 54.85.79.150 port 443 failed: Timed out)
[2025.12.23-15.37.28:505][788]LogHttp: Warning: 000001C95CF48F00: libcurl info message cache 3 (  Trying 34.232.59.94...)
[2025.12.23-15.37.28:505][788]LogHttp: Warning: 000001C95CF48F00: libcurl info message cache 4 (TCP_NODELAY set)
[2025.12.23-15.37.28:505][788]LogHttp: Warning: 000001C95CF48F00: libcurl info message cache 5 (After 19484ms connect time, move on!)
[2025.12.23-15.37.28:505][788]LogHttp: Warning: 000001C95CF48F00: libcurl info message cache 6 (connect to 34.232.59.94 port 443 failed: Timed out)
[2025.12.23-15.37.28:505][788]LogHttp: Warning: 000001C95CF48F00: libcurl info message cache 7 (  Trying 3.208.137.105...)
[2025.12.23-15.37.28:505][788]LogHttp: Warning: 000001C95CF48F00: libcurl info message cache 8 (TCP_NODELAY set)
[2025.12.23-15.37.28:505][788]LogHttp: Warning: 000001C95CF48F00: libcurl info message cache 9 (After 9742ms connect time, move on!)
[2025.12.23-15.37.28:505][788]LogHttp: Warning: 000001C95CF48F00: libcurl info message cache 10 (connect to 3.208.137.105 port 443 failed: Timed out)
[2025.12.23-15.37.28:505][788]LogHttp: Warning: 000001C95CF48F00: libcurl info message cache 11 (  Trying 35.169.118.198...)
[2025.12.23-15.37.28:505][788]LogHttp: Warning: 000001C95CF48F00: libcurl info message cache 12 (TCP_NODELAY set)
[2025.12.23-15.37.28:505][788]LogHttp: Warning: 000001C95CF48F00: libcurl info message cache 13 (After 4867ms connect time, move on!)
[2025.12.23-15.37.28:505][788]LogHttp: Warning: 000001C95CF48F00: libcurl info message cache 14 (connect to 35.169.118.198 port 443 failed: Timed out)
[2025.12.23-15.37.28:505][788]LogHttp: Warning: 000001C95CF48F00: libcurl info message cache 15 (  Trying 44.197.5.238...)
[2025.12.23-15.37.28:505][788]LogHttp: Warning: 000001C95CF48F00: libcurl info message cache 16 (TCP_NODELAY set)
[2025.12.23-15.37.28:505][788]LogHttp: Warning: 000001C95CF48F00: libcurl info message cache 17 (After 2429ms connect time, move on!)
[2025.12.23-15.37.28:505][788]LogHttp: Warning: 000001C95CF48F00: libcurl info message cache 18 (connect to 44.197.5.238 port 443 failed: Timed out)
[2025.12.23-15.37.28:505][788]LogHttp: Warning: 000001C95CF48F00: libcurl info message cache 19 (  Trying 3.231.236.54...)
[2025.12.23-15.37.28:505][788]LogHttp: Warning: 000001C95CF48F00: libcurl info message cache 20 (TCP_NODELAY set)
[2025.12.23-15.37.28:505][788]LogHttp: Warning: 000001C95CF48F00: libcurl info message cache 21 (After 1211ms connect time, move on!)
[2025.12.23-15.37.28:505][788]LogHttp: Warning: 000001C95CF48F00: libcurl info message cache 22 (connect to 3.231.236.54 port 443 failed: Timed out)
[2025.12.23-15.37.28:505][788]LogHttp: Warning: 000001C95CF48F00: libcurl info message cache 23 (  Trying 3.220.181.60...)
[2025.12.23-15.37.28:505][788]LogHttp: Warning: 000001C95CF48F00: libcurl info message cache 24 (TCP_NODELAY set)
[2025.12.23-15.37.28:505][788]LogHttp: Warning: 000001C95CF48F00: libcurl info message cache 25 (After 601ms connect time, move on!)
[2025.12.23-15.37.28:505][788]LogHttp: Warning: 000001C95CF48F00: libcurl info message cache 26 (connect to 3.220.181.60 port 443 failed: Timed out)
[2025.12.23-15.37.28:505][788]LogHttp: Warning: 000001C95CF48F00: libcurl info message cache 27 (  Trying 54.159.15.91...)
[2025.12.23-15.37.28:505][788]LogHttp: Warning: 000001C95CF48F00: libcurl info message cache 28 (TCP_NODELAY set)
[2025.12.23-15.37.28:505][788]LogHttp: Warning: 000001C95CF48F00: libcurl info message cache 29 (After 296ms connect time, move on!)
[2025.12.23-15.37.28:505][788]LogHttp: Warning: 000001C95CF48F00: libcurl info message cache 30 (connect to 54.159.15.91 port 443 failed: Timed out)
[2025.12.23-15.37.28:505][788]LogHttp: Warning: 000001C95CF48F00: libcurl info message cache 31 (Failed to connect to datarouter.ol.epicgames.com port 443: Timed out)
[2025.12.23-15.37.28:505][788]LogHttp: Warning: 000001C95CF48F00: libcurl info message cache 32 (Closing connection 3)
[2025.12.23-15.37.28:505][788]LogHttp: Warning: Retry exhausted on https://datarouter.ol.epicgames.com/datarouter/api/v1/public/data?SessionID=%7BB3116B7F-4817-C913-A8A7-27924446C934%7D&AppID=UEEditor.Rocket.Release&AppVersion=4.27.2-18319896%2B%2B%2BUE4%2BRelease-4.27&UserID=3dc6b55f4655f522313eee89e4ab5d74%7Cd6119bee42044f12b5b3ac1e748b47de%7Cb4fc89d3-2795-437f-be36-4b1f9918196f&AppEnvironment=datacollector-binary&UploadType=eteventstream
[2025.12.23-15.38.28:556][967]LogHttp: Warning: 000001C95CDC0800: invalid HTTP response code received. URL: https://datarouter.ol.epicgames.com/datarouter/api/v1/public/data?SessionID=%7BB3116B7F-4817-C913-A8A7-27924446C934%7D&AppID=UEEditor.Rocket.Release&AppVersion=4.27.2-18319896%2B%2B%2BUE4%2BRelease-4.27&UserID=3dc6b55f4655f522313eee89e4ab5d74%7Cd6119bee42044f12b5b3ac1e748b47de%7Cb4fc89d3-2795-437f-be36-4b1f9918196f&AppEnvironment=datacollector-binary&UploadType=eteventstream, HTTP code: 0, content length: 0, actual payload size: 0
[2025.12.23-15.38.28:556][967]LogHttp: Warning: 000001C95CDC0800: request failed, libcurl error: 7 (Couldn't connect to server)
[2025.12.23-15.38.28:556][967]LogHttp: Warning: 000001C95CDC0800: libcurl info message cache 0 (  Trying 54.85.79.150...)
[2025.12.23-15.38.28:556][967]LogHttp: Warning: 000001C95CDC0800: libcurl info message cache 1 (TCP_NODELAY set)
[2025.12.23-15.38.28:556][967]LogHttp: Warning: 000001C95CDC0800: libcurl info message cache 2 (connect to 54.85.79.150 port 443 failed: Timed out)
[2025.12.23-15.38.28:556][967]LogHttp: Warning: 000001C95CDC0800: libcurl info message cache 3 (  Trying 34.232.59.94...)
[2025.12.23-15.38.28:556][967]LogHttp: Warning: 000001C95CDC0800: libcurl info message cache 4 (TCP_NODELAY set)
[2025.12.23-15.38.28:556][967]LogHttp: Warning: 000001C95CDC0800: libcurl info message cache 5 (After 19476ms connect time, move on!)
[2025.12.23-15.38.28:556][967]LogHttp: Warning: 000001C95CDC0800: libcurl info message cache 6 (connect to 34.232.59.94 port 443 failed: Timed out)
[2025.12.23-15.38.28:556][967]LogHttp: Warning: 000001C95CDC0800: libcurl info message cache 7 (  Trying 3.208.137.105...)
[2025.12.23-15.38.28:556][967]LogHttp: Warning: 000001C95CDC0800: libcurl info message cache 8 (TCP_NODELAY set)
[2025.12.23-15.38.28:556][967]LogHttp: Warning: 000001C95CDC0800: libcurl info message cache 9 (After 9734ms connect time, move on!)
[2025.12.23-15.38.28:556][967]LogHttp: Warning: 000001C95CDC0800: libcurl info message cache 10 (connect to 3.208.137.105 port 443 failed: Timed out)
[2025.12.23-15.38.28:556][967]LogHttp: Warning: 000001C95CDC0800: libcurl info message cache 11 (  Trying 35.169.118.198...)
[2025.12.23-15.38.28:556][967]LogHttp: Warning: 000001C95CDC0800: libcurl info message cache 12 (TCP_NODELAY set)
[2025.12.23-15.38.28:556][967]LogHttp: Warning: 000001C95CDC0800: libcurl info message cache 13 (After 4867ms connect time, move on!)
[2025.12.23-15.38.28:556][967]LogHttp: Warning: 000001C95CDC0800: libcurl info message cache 14 (connect to 35.169.118.198 port 443 failed: Timed out)
[2025.12.23-15.38.28:556][967]LogHttp: Warning: 000001C95CDC0800: libcurl info message cache 15 (  Trying 44.197.5.238...)
[2025.12.23-15.38.28:556][967]LogHttp: Warning: 000001C95CDC0800: libcurl info message cache 16 (TCP_NODELAY set)
[2025.12.23-15.38.28:556][967]LogHttp: Warning: 000001C95CDC0800: libcurl info message cache 17 (After 2429ms connect time, move on!)
[2025.12.23-15.38.28:556][967]LogHttp: Warning: 000001C95CDC0800: libcurl info message cache 18 (connect to 44.197.5.238 port 443 failed: Timed out)
[2025.12.23-15.38.28:556][967]LogHttp: Warning: 000001C95CDC0800: libcurl info message cache 19 (  Trying 3.231.236.54...)
[2025.12.23-15.38.28:556][967]LogHttp: Warning: 000001C95CDC0800: libcurl info message cache 20 (TCP_NODELAY set)
[2025.12.23-15.38.28:556][967]LogHttp: Warning: 000001C95CDC0800: libcurl info message cache 21 (After 1211ms connect time, move on!)
[2025.12.23-15.38.28:556][967]LogHttp: Warning: 000001C95CDC0800: libcurl info message cache 22 (connect to 3.231.236.54 port 443 failed: Timed out)
[2025.12.23-15.38.28:556][967]LogHttp: Warning: 000001C95CDC0800: libcurl info message cache 23 (  Trying 3.220.181.60...)
[2025.12.23-15.38.28:556][967]LogHttp: Warning: 000001C95CDC0800: libcurl info message cache 24 (TCP_NODELAY set)
[2025.12.23-15.38.28:556][967]LogHttp: Warning: 000001C95CDC0800: libcurl info message cache 25 (After 601ms connect time, move on!)
[2025.12.23-15.38.28:557][967]LogHttp: Warning: 000001C95CDC0800: libcurl info message cache 26 (connect to 3.220.181.60 port 443 failed: Timed out)
[2025.12.23-15.38.28:557][967]LogHttp: Warning: 000001C95CDC0800: libcurl info message cache 27 (  Trying 54.159.15.91...)
[2025.12.23-15.38.28:557][967]LogHttp: Warning: 000001C95CDC0800: libcurl info message cache 28 (TCP_NODELAY set)
[2025.12.23-15.38.28:557][967]LogHttp: Warning: 000001C95CDC0800: libcurl info message cache 29 (After 297ms connect time, move on!)
[2025.12.23-15.38.28:557][967]LogHttp: Warning: 000001C95CDC0800: libcurl info message cache 30 (connect to 54.159.15.91 port 443 failed: Timed out)
[2025.12.23-15.38.28:557][967]LogHttp: Warning: 000001C95CDC0800: libcurl info message cache 31 (Failed to connect to datarouter.ol.epicgames.com port 443: Timed out)
[2025.12.23-15.38.28:557][967]LogHttp: Warning: 000001C95CDC0800: libcurl info message cache 32 (Closing connection 4)
[2025.12.23-15.38.28:898][968]LogHttp: Warning: Retry exhausted on https://datarouter.ol.epicgames.com/datarouter/api/v1/public/data?SessionID=%7BB3116B7F-4817-C913-A8A7-27924446C934%7D&AppID=UEEditor.Rocket.Release&AppVersion=4.27.2-18319896%2B%2B%2BUE4%2BRelease-4.27&UserID=3dc6b55f4655f522313eee89e4ab5d74%7Cd6119bee42044f12b5b3ac1e748b47de%7Cb4fc89d3-2795-437f-be36-4b1f9918196f&AppEnvironment=datacollector-binary&UploadType=eteventstream
[2025.12.23-15.38.40:436][538]LogEditorViewport: Clicking on Actor (LMB): BP_Totem_C (BP_Totem2)
[2025.12.23-15.38.46:492][235]LogEditorViewport: Clicking on Actor (LMB): BP_Totem_C (BP_Totem3)
[2025.12.23-15.38.52:135][883]LogEditorViewport: Clicking on Actor (LMB): BP_Totem_C (BP_Totem)
[2025.12.23-15.39.26:479][113]LogUObjectHash: Compacting FUObjectHashTables data took   2.13ms
[2025.12.23-15.39.26:481][113]Cmd: OBJ SAVEPACKAGE PACKAGE="/Game/01Gameplay" FILE="D:/Artemii/Game/Game/Saved/Autosaves/Game/01Gameplay_Auto1.umap" SILENT=true AUTOSAVING=true KEEPDIRTY=false
[2025.12.23-15.39.26:533][113]LogSavePackage: Moving 'D:/Artemii/Game/Game/Saved/01Gameplay_Auto1F17836D04E5D89841AE3C2BF0B515558.tmp' to 'D:/Artemii/Game/Game/Saved/Autosaves/Game/01Gameplay_Auto1.umap'
[2025.12.23-15.39.26:537][113]LogFileHelpers: Editor autosave (incl. external actors) for '/Game/01Gameplay' took 0.099
[2025.12.23-15.39.26:537][113]LogFileHelpers: Editor autosave (incl. sublevels & external actors) for all levels took 0.099
[2025.12.23-15.39.28:416][120]LogHttp: Warning: 000001C95CF49D00: invalid HTTP response code received. URL: https://datarouter.ol.epicgames.com/datarouter/api/v1/public/data?SessionID=%7BB3116B7F-4817-C913-A8A7-27924446C934%7D&AppID=UEEditor.Rocket.Release&AppVersion=4.27.2-18319896%2B%2B%2BUE4%2BRelease-4.27&UserID=3dc6b55f4655f522313eee89e4ab5d74%7Cd6119bee42044f12b5b3ac1e748b47de%7Cb4fc89d3-2795-437f-be36-4b1f9918196f&AppEnvironment=datacollector-binary&UploadType=eteventstream, HTTP code: 0, content length: 0, actual payload size: 0
[2025.12.23-15.39.28:416][120]LogHttp: Warning: 000001C95CF49D00: request failed, libcurl error: 7 (Couldn't connect to server)
[2025.12.23-15.39.28:416][120]LogHttp: Warning: 000001C95CF49D00: libcurl info message cache 0 (  Trying 54.85.79.150...)
[2025.12.23-15.39.28:416][120]LogHttp: Warning: 000001C95CF49D00: libcurl info message cache 1 (TCP_NODELAY set)
[2025.12.23-15.39.28:416][120]LogHttp: Warning: 000001C95CF49D00: libcurl info message cache 2 (connect to 54.85.79.150 port 443 failed: Timed out)
[2025.12.23-15.39.28:416][120]LogHttp: Warning: 000001C95CF49D00: libcurl info message cache 3 (  Trying 34.232.59.94...)
[2025.12.23-15.39.28:416][120]LogHttp: Warning: 000001C95CF49D00: libcurl info message cache 4 (TCP_NODELAY set)
[2025.12.23-15.39.28:416][120]LogHttp: Warning: 000001C95CF49D00: libcurl info message cache 5 (After 19492ms connect time, move on!)
[2025.12.23-15.39.28:416][120]LogHttp: Warning: 000001C95CF49D00: libcurl info message cache 6 (connect to 34.232.59.94 port 443 failed: Timed out)
[2025.12.23-15.39.28:416][120]LogHttp: Warning: 000001C95CF49D00: libcurl info message cache 7 (  Trying 3.208.137.105...)
[2025.12.23-15.39.28:416][120]LogHttp: Warning: 000001C95CF49D00: libcurl info message cache 8 (TCP_NODELAY set)
[2025.12.23-15.39.28:416][120]LogHttp: Warning: 000001C95CF49D00: libcurl info message cache 9 (After 9742ms connect time, move on!)
[2025.12.23-15.39.28:416][120]LogHttp: Warning: 000001C95CF49D00: libcurl info message cache 10 (connect to 3.208.137.105 port 443 failed: Timed out)
[2025.12.23-15.39.28:416][120]LogHttp: Warning: 000001C95CF49D00: libcurl info message cache 11 (  Trying 35.169.118.198...)
[2025.12.23-15.39.28:416][120]LogHttp: Warning: 000001C95CF49D00: libcurl info message cache 12 (TCP_NODELAY set)
[2025.12.23-15.39.28:416][120]LogHttp: Warning: 000001C95CF49D00: libcurl info message cache 13 (After 4867ms connect time, move on!)
[2025.12.23-15.39.28:416][120]LogHttp: Warning: 000001C95CF49D00: libcurl info message cache 14 (connect to 35.169.118.198 port 443 failed: Timed out)
[2025.12.23-15.39.28:416][120]LogHttp: Warning: 000001C95CF49D00: libcurl info message cache 15 (  Trying 44.197.5.238...)
[2025.12.23-15.39.28:416][120]LogHttp: Warning: 000001C95CF49D00: libcurl info message cache 16 (TCP_NODELAY set)
[2025.12.23-15.39.28:416][120]LogHttp: Warning: 000001C95CF49D00: libcurl info message cache 17 (After 2430ms connect time, move on!)
[2025.12.23-15.39.28:416][120]LogHttp: Warning: 000001C95CF49D00: libcurl info message cache 18 (connect to 44.197.5.238 port 443 failed: Timed out)
[2025.12.23-15.39.28:416][120]LogHttp: Warning: 000001C95CF49D00: libcurl info message cache 19 (  Trying 3.231.236.54...)
[2025.12.23-15.39.28:416][120]LogHttp: Warning: 000001C95CF49D00: libcurl info message cache 20 (TCP_NODELAY set)
[2025.12.23-15.39.28:416][120]LogHttp: Warning: 000001C95CF49D00: libcurl info message cache 21 (After 1211ms connect time, move on!)
[2025.12.23-15.39.28:416][120]LogHttp: Warning: 000001C95CF49D00: libcurl info message cache 22 (connect to 3.231.236.54 port 443 failed: Timed out)
[2025.12.23-15.39.28:416][120]LogHttp: Warning: 000001C95CF49D00: libcurl info message cache 23 (  Trying 3.220.181.60...)
[2025.12.23-15.39.28:416][120]LogHttp: Warning: 000001C95CF49D00: libcurl info message cache 24 (TCP_NODELAY set)
[2025.12.23-15.39.28:416][120]LogHttp: Warning: 000001C95CF49D00: libcurl info message cache 25 (After 602ms connect time, move on!)
[2025.12.23-15.39.28:416][120]LogHttp: Warning: 000001C95CF49D00: libcurl info message cache 26 (connect to 3.220.181.60 port 443 failed: Timed out)
[2025.12.23-15.39.28:416][120]LogHttp: Warning: 000001C95CF49D00: libcurl info message cache 27 (  Trying 54.159.15.91...)
[2025.12.23-15.39.28:416][120]LogHttp: Warning: 000001C95CF49D00: libcurl info message cache 28 (TCP_NODELAY set)
[2025.12.23-15.39.28:416][120]LogHttp: Warning: 000001C95CF49D00: libcurl info message cache 29 (After 297ms connect time, move on!)
[2025.12.23-15.39.28:416][120]LogHttp: Warning: 000001C95CF49D00: libcurl info message cache 30 (connect to 54.159.15.91 port 443 failed: Timed out)
[2025.12.23-15.39.28:416][120]LogHttp: Warning: 000001C95CF49D00: libcurl info message cache 31 (Failed to connect to datarouter.ol.epicgames.com port 443: Timed out)
[2025.12.23-15.39.28:416][120]LogHttp: Warning: 000001C95CF49D00: libcurl info message cache 32 (Closing connection 5)
[2025.12.23-15.39.28:416][120]LogHttp: Warning: Retry exhausted on https://datarouter.ol.epicgames.com/datarouter/api/v1/public/data?SessionID=%7BB3116B7F-4817-C913-A8A7-27924446C934%7D&AppID=UEEditor.Rocket.Release&AppVersion=4.27.2-18319896%2B%2B%2BUE4%2BRelease-4.27&UserID=3dc6b55f4655f522313eee89e4ab5d74%7Cd6119bee42044f12b5b3ac1e748b47de%7Cb4fc89d3-2795-437f-be36-4b1f9918196f&AppEnvironment=datacollector-binary&UploadType=eteventstream
[2025.12.23-15.40.19:062][651]LogHttp: Warning: 000001C95CF49D00: invalid HTTP response code received. URL: https://datarouter.ol.epicgames.com/datarouter/api/v1/public/data?SessionID=%7BB3116B7F-4817-C913-A8A7-27924446C934%7D&AppID=UEEditor.Rocket.Release&AppVersion=4.27.2-18319896%2B%2B%2BUE4%2BRelease-4.27&UserID=3dc6b55f4655f522313eee89e4ab5d74%7Cd6119bee42044f12b5b3ac1e748b47de%7Cb4fc89d3-2795-437f-be36-4b1f9918196f&AppEnvironment=datacollector-binary&UploadType=eteventstream, HTTP code: 0, content length: 0, actual payload size: 0
[2025.12.23-15.40.19:062][651]LogHttp: Warning: 000001C95CF49D00: request failed, libcurl error: 7 (Couldn't connect to server)
[2025.12.23-15.40.19:062][651]LogHttp: Warning: 000001C95CF49D00: libcurl info message cache 0 (  Trying 54.85.79.150...)
[2025.12.23-15.40.19:062][651]LogHttp: Warning: 000001C95CF49D00: libcurl info message cache 1 (TCP_NODELAY set)
[2025.12.23-15.40.19:062][651]LogHttp: Warning: 000001C95CF49D00: libcurl info message cache 2 (connect to 54.85.79.150 port 443 failed: Timed out)
[2025.12.23-15.40.19:062][651]LogHttp: Warning: 000001C95CF49D00: libcurl info message cache 3 (  Trying 34.232.59.94...)
[2025.12.23-15.40.19:062][651]LogHttp: Warning: 000001C95CF49D00: libcurl info message cache 4 (TCP_NODELAY set)
[2025.12.23-15.40.19:062][651]LogHttp: Warning: 000001C95CF49D00: libcurl info message cache 5 (After 19469ms connect time, move on!)
[2025.12.23-15.40.19:062][651]LogHttp: Warning: 000001C95CF49D00: libcurl info message cache 6 (connect to 34.232.59.94 port 443 failed: Timed out)
[2025.12.23-15.40.19:062][651]LogHttp: Warning: 000001C95CF49D00: libcurl info message cache 7 (  Trying 3.208.137.105...)
[2025.12.23-15.40.19:062][651]LogHttp: Warning: 000001C95CF49D00: libcurl info message cache 8 (TCP_NODELAY set)
[2025.12.23-15.40.19:062][651]LogHttp: Warning: 000001C95CF49D00: libcurl info message cache 9 (After 9734ms connect time, move on!)
[2025.12.23-15.40.19:062][651]LogHttp: Warning: 000001C95CF49D00: libcurl info message cache 10 (connect to 3.208.137.105 port 443 failed: Timed out)
[2025.12.23-15.40.19:062][651]LogHttp: Warning: 000001C95CF49D00: libcurl info message cache 11 (  Trying 35.169.118.198...)
[2025.12.23-15.40.19:062][651]LogHttp: Warning: 000001C95CF49D00: libcurl info message cache 12 (TCP_NODELAY set)
[2025.12.23-15.40.19:062][651]LogHttp: Warning: 000001C95CF49D00: libcurl info message cache 13 (connect to 35.169.118.198 port 443 failed: Host unreachable)
[2025.12.23-15.40.19:062][651]LogHttp: Warning: 000001C95CF49D00: libcurl info message cache 14 (  Trying 44.197.5.238...)
[2025.12.23-15.40.19:062][651]LogHttp: Warning: 000001C95CF49D00: libcurl info message cache 15 (TCP_NODELAY set)
[2025.12.23-15.40.19:062][651]LogHttp: Warning: 000001C95CF49D00: libcurl info message cache 16 (connect to 44.197.5.238 port 443 failed: Host unreachable)
[2025.12.23-15.40.19:062][651]LogHttp: Warning: 000001C95CF49D00: libcurl info message cache 17 (  Trying 3.231.236.54...)
[2025.12.23-15.40.19:062][651]LogHttp: Warning: 000001C95CF49D00: libcurl info message cache 18 (TCP_NODELAY set)
[2025.12.23-15.40.19:062][651]LogHttp: Warning: 000001C95CF49D00: libcurl info message cache 19 (connect to 3.231.236.54 port 443 failed: Host unreachable)
[2025.12.23-15.40.19:062][651]LogHttp: Warning: 000001C95CF49D00: libcurl info message cache 20 (  Trying 3.220.181.60...)
[2025.12.23-15.40.19:062][651]LogHttp: Warning: 000001C95CF49D00: libcurl info message cache 21 (TCP_NODELAY set)
[2025.12.23-15.40.19:062][651]LogHttp: Warning: 000001C95CF49D00: libcurl info message cache 22 (connect to 3.220.181.60 port 443 failed: Host unreachable)
[2025.12.23-15.40.19:062][651]LogHttp: Warning: 000001C95CF49D00: libcurl info message cache 23 (  Trying 54.159.15.91...)
[2025.12.23-15.40.19:062][651]LogHttp: Warning: 000001C95CF49D00: libcurl info message cache 24 (TCP_NODELAY set)
[2025.12.23-15.40.19:062][651]LogHttp: Warning: 000001C95CF49D00: libcurl info message cache 25 (connect to 54.159.15.91 port 443 failed: Host unreachable)
[2025.12.23-15.40.19:062][651]LogHttp: Warning: 000001C95CF49D00: libcurl info message cache 26 (Failed to connect to datarouter.ol.epicgames.com port 443: Host unreachable)
[2025.12.23-15.40.19:062][651]LogHttp: Warning: 000001C95CF49D00: libcurl info message cache 27 (Closing connection 6)
[2025.12.23-15.40.19:071][652]LogHttp: Warning: Retry exhausted on https://datarouter.ol.epicgames.com/datarouter/api/v1/public/data?SessionID=%7BB3116B7F-4817-C913-A8A7-27924446C934%7D&AppID=UEEditor.Rocket.Release&AppVersion=4.27.2-18319896%2B%2B%2BUE4%2BRelease-4.27&UserID=3dc6b55f4655f522313eee89e4ab5d74%7Cd6119bee42044f12b5b3ac1e748b47de%7Cb4fc89d3-2795-437f-be36-4b1f9918196f&AppEnvironment=datacollector-binary&UploadType=eteventstream
[2025.12.23-15.40.28:537][788]LogHttp: Warning: 000001C95D588100: invalid HTTP response code received. URL: https://datarouter.ol.epicgames.com/datarouter/api/v1/public/data?SessionID=%7BB3116B7F-4817-C913-A8A7-27924446C934%7D&AppID=UEEditor.Rocket.Release&AppVersion=4.27.2-18319896%2B%2B%2BUE4%2BRelease-4.27&UserID=3dc6b55f4655f522313eee89e4ab5d74%7Cd6119bee42044f12b5b3ac1e748b47de%7Cb4fc89d3-2795-437f-be36-4b1f9918196f&AppEnvironment=datacollector-binary&UploadType=eteventstream, HTTP code: 0, content length: 0, actual payload size: 0
[2025.12.23-15.40.28:537][788]LogHttp: Warning: 000001C95D588100: request failed, libcurl error: 6 (Couldn't resolve host name)
[2025.12.23-15.40.28:537][788]LogHttp: Warning: 000001C95D588100: libcurl info message cache 0 (Hostname in DNS cache was stale, zapped)
[2025.12.23-15.40.28:537][788]LogHttp: Warning: 000001C95D588100: libcurl info message cache 1 (Could not resolve host: datarouter.ol.epicgames.com)
[2025.12.23-15.40.28:537][788]LogHttp: Warning: 000001C95D588100: libcurl info message cache 2 (Closing connection 7)
[2025.12.23-15.40.28:537][788]LogHttp: Warning: Retry exhausted on https://datarouter.ol.epicgames.com/datarouter/api/v1/public/data?SessionID=%7BB3116B7F-4817-C913-A8A7-27924446C934%7D&AppID=UEEditor.Rocket.Release&AppVersion=4.27.2-18319896%2B%2B%2BUE4%2BRelease-4.27&UserID=3dc6b55f4655f522313eee89e4ab5d74%7Cd6119bee42044f12b5b3ac1e748b47de%7Cb4fc89d3-2795-437f-be36-4b1f9918196f&AppEnvironment=datacollector-binary&UploadType=eteventstream
[2025.12.23-15.44.51:482][231]LogEditorViewport: Clicking on Actor (LMB): StaticMeshActor (Floor5)
[2025.12.23-15.44.52:748][371]Cmd: EDIT COPY
[2025.12.23-15.44.52:950][395]Cmd: EDIT PASTE
[2025.12.23-15.47.08:885][181]LogEditorViewport: Clicking on Actor (LMB): StaticMeshActor (Floor46)
[2025.12.23-15.47.10:253][343]LogEditorViewport: Clicking on Actor (LMB): StaticMeshActor (Floor46)
[2025.12.23-15.47.10:329][351]LogEditorViewport: Clicking on Component (LMB): StaticMeshComponent (StaticMeshComponent0)
[2025.12.23-15.47.11:138][446]LogEditorViewport: Clicking on Component (context menu): StaticMeshComponent (StaticMeshComponent0)
[2025.12.23-15.47.16:283][971]LogEditorViewport: Clicking on Component (context menu): StaticMeshComponent (StaticMeshComponent0)
[2025.12.23-15.47.24:635][955]Cmd: TRANSACTION UNDO
[2025.12.23-15.47.24:635][955]LogEditorTransaction: Undo Clicking on Components
[2025.12.23-15.47.26:086][ 76]LogEditorViewport: Clicking on Actor (context menu): StaticMeshActor (Floor46)
[2025.12.23-15.47.36:752][291]LogEditorViewport: Clicking on Actor (LMB): StaticMeshActor (Floor46)
[2025.12.23-15.47.39:162][579]Cmd: EDIT COPY
[2025.12.23-15.48.08:079][ 64]LogEditorClassViewer: Warning: Class /Engine/Tutorial/InWorldBlueprintEditing/TutorialAssets/IWBE_Blutility.IWBE_Blutility_C has parent /Script/Blutility.PlacedEditorUtilityBase, but this parent is not found. The Class will not be shown in ClassViewer.
[2025.12.23-15.48.09:588][ 64]LogSlate: Window 'Pick Parent Class' being destroyed
[2025.12.23-15.48.09:601][ 64]LogContentBrowser: Deferred new asset file creation: NewBlueprint
[2025.12.23-15.48.09:612][ 64]LogContentBrowser: Creating deferred item: NewBlueprint
[2025.12.23-15.48.23:277][354]LogContentBrowser: Attempting asset rename: NewBlueprint -> NewBlueprint
[2025.12.23-15.48.23:285][354]LogContentBrowser: End creating deferred item NewBlueprint
[2025.12.23-15.48.23:952][415]LogAssetEditorSubsystem: Opening Asset editor for Blueprint /Game/Objects/LevelPortal/NewBlueprint.NewBlueprint
[2025.12.23-15.48.24:096][415]LogTemp: Warning: SetupViewportDisplaySettings
[2025.12.23-15.48.24:168][416]LogRenderer: Reallocating scene render targets to support 1616x1000 Format 10 NumSamples 1 (Frame:1).
[2025.12.23-15.48.27:793][815]LogWindows: LaunchURL https://docs.unrealengine.com/4.27/en//index.html?utm_source=editor&utm_medium=docs&utm_campaign=help_menu
[2025.12.23-15.48.43:650][365]LogContentBrowser: Attempting asset rename: NewBlueprint -> BP_PortalLevel
[2025.12.23-15.48.43:666][365]LogMetaData: Removing '/Game/Objects/LevelPortal/BP_PortalLevel.BP_PortalLevel:UserConstructionScript.K2Node_FunctionEntry_0' ref from Metadata '/Game/Objects/LevelPortal/NewBlueprint.PackageMetaData'
[2025.12.23-15.48.43:666][365]LogMetaData: Removing '/Game/Objects/LevelPortal/BP_PortalLevel.SKEL_BP_PortalLevel_C:UserConstructionScript' ref from Metadata '/Game/Objects/LevelPortal/NewBlueprint.PackageMetaData'
[2025.12.23-15.48.43:666][365]LogMetaData: Removing '/Game/Objects/LevelPortal/BP_PortalLevel.SKEL_BP_PortalLevel_C' ref from Metadata '/Game/Objects/LevelPortal/NewBlueprint.PackageMetaData'
[2025.12.23-15.48.43:666][365]LogMetaData: Removing '/Game/Objects/LevelPortal/BP_PortalLevel.BP_PortalLevel_C' ref from Metadata '/Game/Objects/LevelPortal/NewBlueprint.PackageMetaData'
[2025.12.23-15.48.43:666][365]LogMetaData: Removing '/Game/Objects/LevelPortal/BP_PortalLevel.BP_PortalLevel:EventGraph.K2Node_Event_0' ref from Metadata '/Game/Objects/LevelPortal/NewBlueprint.PackageMetaData'
[2025.12.23-15.48.43:666][365]LogMetaData: Removing '/Game/Objects/LevelPortal/BP_PortalLevel.BP_PortalLevel:EventGraph.K2Node_Event_1' ref from Metadata '/Game/Objects/LevelPortal/NewBlueprint.PackageMetaData'
[2025.12.23-15.48.43:666][365]LogMetaData: Removing '/Game/Objects/LevelPortal/BP_PortalLevel.BP_PortalLevel:EventGraph.K2Node_Event_2' ref from Metadata '/Game/Objects/LevelPortal/NewBlueprint.PackageMetaData'
[2025.12.23-15.48.43:685][365]Cmd: OBJ SAVEPACKAGE PACKAGE="/Game/Objects/LevelPortal/BP_PortalLevel" FILE="D:/Artemii/Game/Game/Content/Objects/LevelPortal/BP_PortalLevel.uasset" SILENT=true
[2025.12.23-15.48.43:688][365]LogSavePackage: Moving 'D:/Artemii/Game/Game/Saved/BP_PortalLevel3391256B4871A6EB31CDC1BD0FA9E7B0.tmp' to 'D:/Artemii/Game/Game/Content/Objects/LevelPortal/BP_PortalLevel.uasset'
[2025.12.23-15.48.43:740][365]LogUObjectHash: Compacting FUObjectHashTables data took   1.09ms
[2025.12.23-15.48.43:760][365]LogUObjectHash: Compacting FUObjectHashTables data took   0.91ms
[2025.12.23-15.48.43:775][365]LogUObjectHash: Compacting FUObjectHashTables data took   0.36ms
[2025.12.23-15.48.43:799][365]AssetCheck: New page: Asset Save: BP_PortalLevel
[2025.12.23-15.48.43:799][365]LogContentValidation: Display: Validating Blueprint /Game/Objects/LevelPortal/BP_PortalLevel.BP_PortalLevel
[2025.12.23-15.49.02:941][600]LogWindows: LaunchURL https://docs.unrealengine.com/4.27/en//index.html?utm_source=editor&utm_medium=docs&utm_campaign=help_menu
[2025.12.23-15.49.32:176][923]LogUObjectHash: Compacting FUObjectHashTables data took   1.32ms
[2025.12.23-15.49.32:177][923]Cmd: OBJ SAVEPACKAGE PACKAGE="/Game/01Gameplay" FILE="D:/Artemii/Game/Game/Saved/Autosaves/Game/01Gameplay_Auto2.umap" SILENT=true AUTOSAVING=true KEEPDIRTY=false
[2025.12.23-15.49.32:199][923]LogSavePackage: Moving 'D:/Artemii/Game/Game/Saved/01Gameplay_Auto27B8436C9459D2275FBB73B8CB6749344.tmp' to 'D:/Artemii/Game/Game/Saved/Autosaves/Game/01Gameplay_Auto2.umap'
[2025.12.23-15.49.32:200][923]LogFileHelpers: Editor autosave (incl. external actors) for '/Game/01Gameplay' took 0.052
[2025.12.23-15.49.32:200][923]LogFileHelpers: Editor autosave (incl. sublevels & external actors) for all levels took 0.052
[2025.12.23-15.49.46:919][572]LogWorld: UWorld::CleanupWorld for World_4, bSessionEnded=true, bCleanupResources=true
[2025.12.23-15.49.46:919][572]LogSlate: InvalidateAllWidgets triggered.  All widgets were invalidated
[2025.12.23-15.49.46:943][572]LogTemp: Warning: OnLevelViewportClientListChanged
[2025.12.23-15.49.48:183][716]LogActorComponent: UnregisterComponent: (/Engine/Transient.EditorFloorComp) Not registered. Aborting.
[2025.12.23-15.49.48:183][716]LogWorld: UWorld::CleanupWorld for World_5, bSessionEnded=true, bCleanupResources=true
[2025.12.23-15.49.48:183][716]LogSlate: InvalidateAllWidgets triggered.  All widgets were invalidated
[2025.12.23-15.49.48:207][716]LogTemp: Warning: OnLevelViewportClientListChanged
[2025.12.23-15.49.50:017][928]LogActorComponent: UnregisterComponent: (/Engine/Transient.EditorFloorComp) Not registered. Aborting.
[2025.12.23-15.49.50:017][928]LogWorld: UWorld::CleanupWorld for World_3, bSessionEnded=true, bCleanupResources=true
[2025.12.23-15.49.50:017][928]LogSlate: InvalidateAllWidgets triggered.  All widgets were invalidated
[2025.12.23-15.49.50:041][928]LogTemp: Warning: OnLevelViewportClientListChanged
[2025.12.23-15.50.35:880][392]LogAssetEditorSubsystem: Opening Asset editor for Material /Engine/EditorMaterials/WidgetMaterial.WidgetMaterial
[2025.12.23-15.50.35:887][392]LogMaterial: Display: Missing cached shadermap for WidgetMaterial in PCD3D_SM5, Default, SM5 (DDC key hash: 9418015DD0BD993EEBEFF449DACFE76BAC935A7E), compiling. 
[2025.12.23-15.50.35:891][392]LogShaderCompilers: Display: Submitted 8 shader compile jobs with 'Normal' priority
[2025.12.23-15.50.36:015][392]LogTexture: Default maximum texture size for cubemaps generated from long-lat sources has been changed from 512 to unlimited. In order to preserve old behaiour for '/Engine/EditorMaterials/AssetViewer/EpicQuadPanorama_CC+EV1.EpicQuadPanorama_CC+EV1', its maximum texture size has been explicitly set to 512.
[2025.12.23-15.50.36:746][392]LogTexture: Default maximum texture size for cubemaps generated from long-lat sources has been changed from 512 to unlimited. In order to preserve old behaiour for '/Engine/MapTemplates/Sky/SunsetAmbientCubemap.SunsetAmbientCubemap', its maximum texture size has been explicitly set to 512.
[2025.12.23-15.50.37:114][392]LogMaterial: Display: Missing cached shadermap for WidgetMaterial in PCD3D_SM5, Default, SM5 (DDC key hash: A52E9A3C9F61032FBB218D5602BE45F33C0088ED), compiling. 
[2025.12.23-15.50.37:119][392]LogMaterial: Display: Missing cached shadermap for WidgetMaterial in PCD3D_SM5, Default, SM5 (DDC key hash: 299CFD1DBA4AD9C066CC549E7F63ECA40658DD33), compiling. 
[2025.12.23-15.50.37:120][392]LogMaterial: Display: Missing cached shadermap for FMatExpressionPreview MaterialExpressionConstant3Vector0 in PCD3D_SM5, Default, SM5 (DDC key hash: 57F6C9F2BF24539E7CED8EE37C6733948FA8FAF6), compiling. 
[2025.12.23-15.50.37:133][392]MaterialEditorStats: Texture samplers: 0/16
[2025.12.23-15.50.37:193][393]LogShaderCompilers: Display: Submitted 2 shader compile jobs with 'ForceLocal' priority
[2025.12.23-15.50.37:194][393]LogShaderCompilers: Display: Submitted 6 shader compile jobs with 'Normal' priority
[2025.12.23-15.50.37:194][393]LogShaderCompilers: Display: Worker (1/17): shaders left to compile 5
[2025.12.23-15.50.37:194][393]LogShaderCompilers: Display: Worker (2/17): shaders left to compile 4
[2025.12.23-15.50.37:194][393]LogShaderCompilers: Display: Worker (3/17): shaders left to compile 3
[2025.12.23-15.50.37:194][393]LogShaderCompilers: Display: Worker (4/17): shaders left to compile 2
[2025.12.23-15.50.37:194][393]LogShaderCompilers: Display: Worker (5/17): shaders left to compile 1
[2025.12.23-15.50.37:194][393]LogShaderCompilers: Display: Worker (6/17): shaders left to compile 3
[2025.12.23-15.50.37:194][393]LogShaderCompilers: Display: Worker (7/17): shaders left to compile 2
[2025.12.23-15.50.37:194][393]LogShaderCompilers: Display: Worker (8/17): shaders left to compile 1
[2025.12.23-15.50.37:194][393]LogShaderCompilers: Display: Started 3 'Local' shader compile jobs with 'Normal' priority
[2025.12.23-15.50.37:194][393]LogShaderCompilers: Display: Started 5 'Local' shader compile jobs with 'ForceLocal' priority
[2025.12.23-15.50.37:311][405]LogShaderCompilers: Display: Submitted 2 shader compile jobs with 'ForceLocal' priority
[2025.12.23-15.50.37:311][405]LogShaderCompilers: Display: Worker (9/17): shaders left to compile 2
[2025.12.23-15.50.37:311][405]LogShaderCompilers: Display: Worker (10/17): shaders left to compile 1
[2025.12.23-15.50.37:311][405]LogShaderCompilers: Display: Started 2 'Local' shader compile jobs with 'ForceLocal' priority
[2025.12.23-15.50.37:490][424]LogShaderCompilers: Display: === FShaderJobCache stats ===
[2025.12.23-15.50.37:490][424]LogShaderCompilers: Display: Total job queries 351, among them cache hits 3 (0.85%)
[2025.12.23-15.50.37:490][424]LogShaderCompilers: Display: Tracking 331 distinct input hashes that result in 217 distinct outputs (65.56%)
[2025.12.23-15.50.37:490][424]LogShaderCompilers: Display: RAM used: 1.17 MB (0.00 GB) of 1638.40 MB (1.60 GB) budget. Usage: 0.07%
[2025.12.23-15.50.37:490][424]LogShaderCompilers: Display: ================================================
[2025.12.23-15.50.37:881][470]MaterialEditorStats: Base pass shader without light map: 42 instructions
[2025.12.23-15.50.37:881][470]MaterialEditorStats: Base pass vertex shader: 46 instructions
[2025.12.23-15.50.37:881][470]MaterialEditorStats: Texture samplers: 0/16
[2025.12.23-15.50.42:584][ 21]LogWorld: UWorld::CleanupWorld for World_20, bSessionEnded=true, bCleanupResources=true
[2025.12.23-15.50.42:584][ 21]LogSlate: InvalidateAllWidgets triggered.  All widgets were invalidated
[2025.12.23-15.51.11:420][174]BlueprintLog: New page: Compile BP_PortalLevel
[2025.12.23-15.51.11:466][174]LogUObjectHash: Compacting FUObjectHashTables data took   2.24ms
[2025.12.23-15.51.11:922][222]Cmd: OBJ SAVEPACKAGE PACKAGE="/Game/Objects/LevelPortal/BP_PortalLevel" FILE="D:/Artemii/Game/Game/Content/Objects/LevelPortal/BP_PortalLevel.uasset" SILENT=true
[2025.12.23-15.51.11:928][222]LogSavePackage: Moving 'D:/Artemii/Game/Game/Saved/BP_PortalLevel2D3DBAD6483FF58D8DDEFE87F47F3E2C.tmp' to 'D:/Artemii/Game/Game/Content/Objects/LevelPortal/BP_PortalLevel.uasset'
[2025.12.23-15.51.11:948][222]AssetCheck: New page: Asset Save: BP_PortalLevel
[2025.12.23-15.51.11:948][222]LogContentValidation: Display: Validating Blueprint /Game/Objects/LevelPortal/BP_PortalLevel.BP_PortalLevel
[2025.12.23-15.53.16:825][782]LogAssetEditorSubsystem: Opening Asset editor for Material /Engine/EditorMaterials/WidgetMaterial.WidgetMaterial
[2025.12.23-15.53.16:826][782]LogMaterial: Display: Missing cached shadermap for WidgetMaterial in PCD3D_SM5, Default, SM5 (DDC key hash: CD0534862A88439516F67314CF4C93F49E621B9F), compiling. 
[2025.12.23-15.53.16:834][782]LogTemp: Warning: SetupViewportDisplaySettings
[2025.12.23-15.53.16:867][782]LogMaterial: Display: Missing cached shadermap for WidgetMaterial in PCD3D_SM5, Default, SM5 (DDC key hash: 292587C012A736F71345A687B6A2ADF1B4EB112B), compiling. 
[2025.12.23-15.53.16:868][782]LogMaterial: Display: Missing cached shadermap for WidgetMaterial in PCD3D_SM5, Default, SM5 (DDC key hash: D8F2C7CB7BC21DABB3CE668B8E120833A5CDCBBC), compiling. 
[2025.12.23-15.53.16:869][782]LogMaterial: Display: Missing cached shadermap for FMatExpressionPreview MaterialExpressionConstant3Vector0 in PCD3D_SM5, Default, SM5 (DDC key hash: 410191A3E3A759A789FC6C6E889D5290C30D4BDA), compiling. 
[2025.12.23-15.53.16:881][782]MaterialEditorStats: Texture samplers: 0/16
[2025.12.23-15.53.16:927][784]MaterialEditorStats: Base pass shader without light map: 42 instructions
[2025.12.23-15.53.16:927][784]MaterialEditorStats: Base pass vertex shader: 46 instructions
[2025.12.23-15.53.16:927][784]MaterialEditorStats: Texture samplers: 0/16
[2025.12.23-15.53.19:118][ 27]LogMaterial: Display: Missing cached shadermap for WidgetMaterial in PCD3D_SM5, Default, SM5 (DDC key hash: 32BC8723E9303B8B94A63923D9FCEB436F6330CD), compiling. 
[2025.12.23-15.53.19:119][ 27]LogMaterial: Display: Missing cached shadermap for FMatExpressionPreview MaterialExpressionConstant3Vector0 in PCD3D_SM5, Default, SM5 (DDC key hash: 04EE3A73B967FBDB55DADBB49B25BF62EBB4A295), compiling. 
[2025.12.23-15.53.19:120][ 27]MaterialEditorStats: Texture samplers: 0/16
[2025.12.23-15.53.19:123][ 28]LogShaderCompilers: Display: Submitted 2 shader compile jobs with 'ForceLocal' priority
[2025.12.23-15.53.19:129][ 29]LogShaderCompilers: Display: Submitted 6 shader compile jobs with 'Normal' priority
[2025.12.23-15.53.19:130][ 29]LogShaderCompilers: Display: Submitted 2 shader compile jobs with 'ForceLocal' priority
[2025.12.23-15.53.19:139][ 30]LogShaderCompilers: Display: Worker (1/17): shaders left to compile 7
[2025.12.23-15.53.19:139][ 30]LogShaderCompilers: Display: Worker (2/17): shaders left to compile 6
[2025.12.23-15.53.19:139][ 30]LogShaderCompilers: Display: Worker (3/17): shaders left to compile 5
[2025.12.23-15.53.19:139][ 30]LogShaderCompilers: Display: Worker (4/17): shaders left to compile 4
[2025.12.23-15.53.19:139][ 30]LogShaderCompilers: Display: Worker (5/17): shaders left to compile 3
[2025.12.23-15.53.19:139][ 30]LogShaderCompilers: Display: Worker (6/17): shaders left to compile 2
[2025.12.23-15.53.19:139][ 30]LogShaderCompilers: Display: Worker (7/17): shaders left to compile 1
[2025.12.23-15.53.19:139][ 30]LogShaderCompilers: Display: Worker (8/17): shaders left to compile 3
[2025.12.23-15.53.19:139][ 30]LogShaderCompilers: Display: Worker (9/17): shaders left to compile 2
[2025.12.23-15.53.19:139][ 30]LogShaderCompilers: Display: Worker (10/17): shaders left to compile 1
[2025.12.23-15.53.19:139][ 30]LogShaderCompilers: Display: Started 3 'Local' shader compile jobs with 'Normal' priority
[2025.12.23-15.53.19:139][ 30]LogShaderCompilers: Display: Started 7 'Local' shader compile jobs with 'ForceLocal' priority
[2025.12.23-15.53.19:875][110]LogMaterial: Display: Missing cached shadermap for WidgetMaterial in PCD3D_SM5, Default, SM5 (DDC key hash: 2B564D0EA892E0D7B424A088225D0DCD70F3D1E0), compiling. 
[2025.12.23-15.53.19:876][110]LogMaterial: Display: Missing cached shadermap for FMatExpressionPreview MaterialExpressionConstant3Vector0 in PCD3D_SM5, Default, SM5 (DDC key hash: 45B9044B5C923DBDF5C6947E51B8111881838692), compiling. 
[2025.12.23-15.53.19:880][111]LogShaderCompilers: Display: Submitted 2 shader compile jobs with 'ForceLocal' priority
[2025.12.23-15.53.19:886][112]LogShaderCompilers: Display: Submitted 6 shader compile jobs with 'Normal' priority
[2025.12.23-15.53.19:886][112]LogShaderCompilers: Display: Worker (1/17): shaders left to compile 5
[2025.12.23-15.53.19:886][112]LogShaderCompilers: Display: Worker (2/17): shaders left to compile 4
[2025.12.23-15.53.19:886][112]LogShaderCompilers: Display: Worker (3/17): shaders left to compile 3
[2025.12.23-15.53.19:886][112]LogShaderCompilers: Display: Worker (4/17): shaders left to compile 2
[2025.12.23-15.53.19:886][112]LogShaderCompilers: Display: Worker (5/17): shaders left to compile 1
[2025.12.23-15.53.19:886][112]LogShaderCompilers: Display: Worker (6/17): shaders left to compile 3
[2025.12.23-15.53.19:886][112]LogShaderCompilers: Display: Worker (7/17): shaders left to compile 2
[2025.12.23-15.53.19:886][112]LogShaderCompilers: Display: Worker (8/17): shaders left to compile 1
[2025.12.23-15.53.19:886][112]LogShaderCompilers: Display: Started 3 'Local' shader compile jobs with 'Normal' priority
[2025.12.23-15.53.19:886][112]LogShaderCompilers: Display: Started 5 'Local' shader compile jobs with 'ForceLocal' priority
[2025.12.23-15.53.19:886][112]LogShaderCompilers: Display: Submitted 2 shader compile jobs with 'ForceLocal' priority
[2025.12.23-15.53.19:898][113]LogShaderCompilers: Display: Worker (9/17): shaders left to compile 2
[2025.12.23-15.53.19:898][113]LogShaderCompilers: Display: Worker (10/17): shaders left to compile 1
[2025.12.23-15.53.19:898][113]LogShaderCompilers: Display: Started 2 'Local' shader compile jobs with 'ForceLocal' priority
[2025.12.23-15.53.20:493][179]MaterialEditorStats: Base pass shader without light map: 41 instructions
[2025.12.23-15.53.20:493][179]MaterialEditorStats: Base pass vertex shader: 46 instructions
[2025.12.23-15.53.20:493][179]MaterialEditorStats: Texture samplers: 0/16
[2025.12.23-15.53.21:341][278]LogMaterial: Display: Missing cached shadermap for WidgetMaterial in PCD3D_SM5, Default, SM5 (DDC key hash: 3EC38EB685C59318FC899050A8FC6A8E9A64C46B), compiling. 
[2025.12.23-15.53.21:342][278]LogMaterial: Display: Missing cached shadermap for FMatExpressionPreview MaterialExpressionConstant3Vector0 in PCD3D_SM5, Default, SM5 (DDC key hash: 57C5A563F1A47B53B7B20DA1679D2BB2B90A9C77), compiling. 
[2025.12.23-15.53.21:343][278]LogSlate: Window 'Color Picker' being destroyed
[2025.12.23-15.53.21:347][278]MaterialEditorStats: Texture samplers: 0/16
[2025.12.23-15.53.21:367][281]MaterialEditorStats: Base pass shader without light map: 41 instructions
[2025.12.23-15.53.21:367][281]MaterialEditorStats: Base pass vertex shader: 46 instructions
[2025.12.23-15.53.21:367][281]MaterialEditorStats: Texture samplers: 0/16
[2025.12.23-15.53.23:918][580]BlueprintLog: New page: Compile BP_PortalLevel
[2025.12.23-15.53.23:950][580]LogUObjectHash: Compacting FUObjectHashTables data took   1.85ms
[2025.12.23-15.53.24:347][622]Cmd: OBJ SAVEPACKAGE PACKAGE="/Game/Objects/LevelPortal/BP_PortalLevel" FILE="D:/Artemii/Game/Game/Content/Objects/LevelPortal/BP_PortalLevel.uasset" SILENT=true
[2025.12.23-15.53.24:352][622]LogSavePackage: Moving 'D:/Artemii/Game/Game/Saved/BP_PortalLevel66F2BC08440F2126D5688DADEAC253AD.tmp' to 'D:/Artemii/Game/Game/Content/Objects/LevelPortal/BP_PortalLevel.uasset'
[2025.12.23-15.53.24:362][622]AssetCheck: New page: Asset Save: BP_PortalLevel
[2025.12.23-15.53.24:362][622]LogContentValidation: Display: Validating Blueprint /Game/Objects/LevelPortal/BP_PortalLevel.BP_PortalLevel
[2025.12.23-15.53.25:526][753]Cmd: OBJ SAVEPACKAGE PACKAGE="/Game/Objects/LevelPortal/BP_PortalLevel" FILE="D:/Artemii/Game/Game/Content/Objects/LevelPortal/BP_PortalLevel.uasset" SILENT=true
[2025.12.23-15.53.25:539][753]LogSavePackage: Moving 'D:/Artemii/Game/Game/Saved/BP_PortalLevelB88DE645462A1BF673B201BCCF4D0023.tmp' to 'D:/Artemii/Game/Game/Content/Objects/LevelPortal/BP_PortalLevel.uasset'
[2025.12.23-15.53.25:548][753]AssetCheck: New page: Asset Save: BP_PortalLevel
[2025.12.23-15.53.25:549][753]LogContentValidation: Display: Validating Blueprint /Game/Objects/LevelPortal/BP_PortalLevel.BP_PortalLevel
[2025.12.23-15.53.25:709][771]Cmd: OBJ SAVEPACKAGE PACKAGE="/Game/Objects/LevelPortal/BP_PortalLevel" FILE="D:/Artemii/Game/Game/Content/Objects/LevelPortal/BP_PortalLevel.uasset" SILENT=true
[2025.12.23-15.53.25:721][771]LogSavePackage: Moving 'D:/Artemii/Game/Game/Saved/BP_PortalLevel8EA178A4432DE68D2E15F9A5FF050CD5.tmp' to 'D:/Artemii/Game/Game/Content/Objects/LevelPortal/BP_PortalLevel.uasset'
[2025.12.23-15.53.25:741][771]AssetCheck: New page: Asset Save: BP_PortalLevel
[2025.12.23-15.53.25:741][771]LogContentValidation: Display: Validating Blueprint /Game/Objects/LevelPortal/BP_PortalLevel.BP_PortalLevel
[2025.12.23-15.53.27:761][992]LogMaterialEditor: Saving and Compiling material WidgetMaterial
[2025.12.23-15.53.27:985][992]LogMaterial: Display: Missing cached shadermap for WidgetMaterial in PCD3D_SM5, Default, SM5 (DDC key hash: 8CD9F5E0A2D02A6E9DAF56166BE2B7A35050D05C), compiling. 
[2025.12.23-15.53.27:999][992]LogMaterial: Display: Missing cached shadermap for WidgetMaterial in PCD3D_SM5, Default, SM5 (DDC key hash: A8D79A8AB31BD3B11D3991FAC9809FE804435322), compiling. 
[2025.12.23-15.53.28:021][992]LogShaderCompilers: Display: Submitted 3 shader compile jobs with 'Normal' priority
[2025.12.23-15.53.28:023][992]LogShaderCompilers: Display: Worker (1/17): shaders left to compile 3
[2025.12.23-15.53.28:023][992]LogShaderCompilers: Display: Worker (2/17): shaders left to compile 2
[2025.12.23-15.53.28:023][992]LogShaderCompilers: Display: Worker (3/17): shaders left to compile 1
[2025.12.23-15.53.28:023][992]LogShaderCompilers: Display: Started 3 'Local' shader compile jobs with 'Normal' priority
[2025.12.23-15.53.28:031][992]LogUObjectHash: Compacting FUObjectHashTables data took   2.13ms
[2025.12.23-15.53.28:263][992]LogUObjectHash: Compacting FUObjectHashTables data took   0.45ms
[2025.12.23-15.53.28:281][992]Cmd: OBJ SAVEPACKAGE PACKAGE="/Engine/EditorMaterials/WidgetMaterial" FILE="../../../Engine/Content/EditorMaterials/WidgetMaterial.uasset" SILENT=true
[2025.12.23-15.53.28:284][992]LogSavePackage: Moving 'D:/Artemii/Game/Game/Saved/WidgetMaterial8CEC478843BBD6080466F5AE183BA2FB.tmp' to '../../../Engine/Content/EditorMaterials/WidgetMaterial.uasset'
[2025.12.23-15.53.28:304][992]AssetCheck: New page: Asset Save: WidgetMaterial
[2025.12.23-15.53.28:304][992]LogContentValidation: Display: Validating Material /Engine/EditorMaterials/WidgetMaterial.WidgetMaterial
[2025.12.23-15.53.35:250][807]LogMaterial: Display: Missing cached shadermap for WidgetMaterial in PCD3D_SM5, Default, SM5 (DDC key hash: 9F50AC5F69439E5EED3D059639F1223A2611B742), compiling. 
[2025.12.23-15.53.37:076][ 24]LogMaterial: Display: Missing cached shadermap for WidgetMaterial in PCD3D_SM5, Default, SM5 (DDC key hash: 6509D50588F268ED3D0EF10E61C966573F7D949C), compiling. 
[2025.12.23-15.53.37:077][ 24]LogMaterial: Display: Missing cached shadermap for FMatExpressionPreview MaterialExpressionConstant3Vector0 in PCD3D_SM5, Default, SM5 (DDC key hash: A05463E4D90E8DDC5794C2F3DDC950F009BFCFA2), compiling. 
[2025.12.23-15.53.37:079][ 24]MaterialEditorStats: Texture samplers: 0/16
[2025.12.23-15.53.37:092][ 26]MaterialEditorStats: Base pass shader without light map: 41 instructions
[2025.12.23-15.53.37:092][ 26]MaterialEditorStats: Base pass vertex shader: 46 instructions
[2025.12.23-15.53.37:092][ 26]MaterialEditorStats: Texture samplers: 0/16
[2025.12.23-15.53.44:586][886]LogMaterial: Display: Missing cached shadermap for WidgetMaterial in PCD3D_SM5, Default, SM5 (DDC key hash: 94862CA66D62577D7669090C26633B8A2A047066), compiling. 
[2025.12.23-15.53.44:587][886]LogMaterial: Display: Missing cached shadermap for WidgetMaterial in PCD3D_SM5, Default, SM5 (DDC key hash: 0D32D295191568718A1045C4342E89401253EC84), compiling. 
[2025.12.23-15.53.44:589][886]MaterialEditorStats: Texture samplers: 0/16
[2025.12.23-15.53.44:620][887]LogShaderCompilers: Display: Submitted 2 shader compile jobs with 'ForceLocal' priority
[2025.12.23-15.53.44:620][887]LogShaderCompilers: Display: Submitted 6 shader compile jobs with 'Normal' priority
[2025.12.23-15.53.44:620][887]LogShaderCompilers: Display: Worker (1/17): shaders left to compile 5
[2025.12.23-15.53.44:620][887]LogShaderCompilers: Display: Worker (2/17): shaders left to compile 4
[2025.12.23-15.53.44:620][887]LogShaderCompilers: Display: Worker (3/17): shaders left to compile 3
[2025.12.23-15.53.44:620][887]LogShaderCompilers: Display: Worker (4/17): shaders left to compile 2
[2025.12.23-15.53.44:620][887]LogShaderCompilers: Display: Worker (5/17): shaders left to compile 1
[2025.12.23-15.53.44:620][887]LogShaderCompilers: Display: Worker (6/17): shaders left to compile 3
[2025.12.23-15.53.44:620][887]LogShaderCompilers: Display: Worker (7/17): shaders left to compile 2
[2025.12.23-15.53.44:620][887]LogShaderCompilers: Display: Worker (8/17): shaders left to compile 1
[2025.12.23-15.53.44:620][887]LogShaderCompilers: Display: Started 3 'Local' shader compile jobs with 'Normal' priority
[2025.12.23-15.53.44:620][887]LogShaderCompilers: Display: Started 5 'Local' shader compile jobs with 'ForceLocal' priority
[2025.12.23-15.53.44:767][904]LogShaderCompilers: Display: === FShaderJobCache stats ===
[2025.12.23-15.53.44:767][904]LogShaderCompilers: Display: Total job queries 458, among them cache hits 79 (17.25%)
[2025.12.23-15.53.44:767][904]LogShaderCompilers: Display: Tracking 364 distinct input hashes that result in 229 distinct outputs (62.91%)
[2025.12.23-15.53.44:767][904]LogShaderCompilers: Display: RAM used: 1.19 MB (0.00 GB) of 1638.40 MB (1.60 GB) budget. Usage: 0.07%
[2025.12.23-15.53.44:767][904]LogShaderCompilers: Display: ================================================
[2025.12.23-15.53.45:141][940]MaterialEditorStats: Base pass shader without light map: 41 instructions
[2025.12.23-15.53.45:141][940]MaterialEditorStats: Base pass vertex shader: 46 instructions
[2025.12.23-15.53.45:141][940]MaterialEditorStats: Texture samplers: 0/16
[2025.12.23-15.53.48:921][393]LogMaterial: Display: Missing cached shadermap for WidgetMaterial in PCD3D_SM5, Default, SM5 (DDC key hash: DAD0C7E55D0180BB549FC9DCE93D5AF3D0678CFD), compiling. 
[2025.12.23-15.53.48:922][393]MaterialEditorStats: Texture samplers: 0/16
[2025.12.23-15.53.48:959][395]MaterialEditorStats: Base pass shader without light map: 41 instructions
[2025.12.23-15.53.48:959][395]MaterialEditorStats: Base pass vertex shader: 46 instructions
[2025.12.23-15.53.48:959][395]MaterialEditorStats: Texture samplers: 0/16
[2025.12.23-15.53.50:218][546]LogMaterial: Display: Missing cached shadermap for WidgetMaterial in PCD3D_SM5, Default, SM5 (DDC key hash: 36D4BE6B921EA53FE369F2F55EF0827D41797323), compiling. 
[2025.12.23-15.53.50:219][546]MaterialEditorStats: Texture samplers: 0/16
[2025.12.23-15.53.50:236][548]MaterialEditorStats: Base pass shader without light map: 41 instructions
[2025.12.23-15.53.50:236][548]MaterialEditorStats: Base pass vertex shader: 46 instructions
[2025.12.23-15.53.50:236][548]MaterialEditorStats: Texture samplers: 0/16
[2025.12.23-15.53.52:226][783]LogMaterial: Display: Missing cached shadermap for WidgetMaterial in PCD3D_SM5, Default, SM5 (DDC key hash: D32CDCD7FF5A3C60C8771D883746717B7BAF317C), compiling. 
[2025.12.23-15.53.52:228][783]MaterialEditorStats: Texture samplers: 0/16
[2025.12.23-15.53.52:242][785]MaterialEditorStats: Base pass shader without light map: 41 instructions
[2025.12.23-15.53.52:242][785]MaterialEditorStats: Base pass vertex shader: 46 instructions
[2025.12.23-15.53.52:242][785]MaterialEditorStats: Texture samplers: 0/16
[2025.12.23-15.53.58:366][511]LogMaterial: Display: Missing cached shadermap for WidgetMaterial in PCD3D_SM5, Default, SM5 (DDC key hash: 5D400D9AEE4FC799F754528E2ABFE266489E41A5), compiling. 
[2025.12.23-15.53.58:368][511]LogMaterial: Display: Missing cached shadermap for WidgetMaterial in PCD3D_SM5, Default, SM5 (DDC key hash: B88770D62C5CC0CBAD557C205C7AE32A5361C974), compiling. 
[2025.12.23-15.54.04:174][196]LogMaterial: Display: Missing cached shadermap for WidgetMaterial in PCD3D_SM5, Default, SM5 (DDC key hash: AFFA146D84ECBB228C01CC2BB64AE0ACDC7E0C53), compiling. 
[2025.12.23-15.54.04:175][196]LogMaterial: Display: Missing cached shadermap for FMatExpressionPreview MaterialExpressionConstant3Vector0 in PCD3D_SM5, Default, SM5 (DDC key hash: 6B09A2A921478C2B0755E1E8A1C66631C00CD054), compiling. 
[2025.12.23-15.54.04:177][196]MaterialEditorStats: Texture samplers: 0/16
[2025.12.23-15.54.04:187][198]LogShaderCompilers: Display: Submitted 2 shader compile jobs with 'ForceLocal' priority
[2025.12.23-15.54.04:191][198]MaterialEditorStats: Base pass shader without light map: 41 instructions
[2025.12.23-15.54.04:191][198]MaterialEditorStats: Base pass vertex shader: 46 instructions
[2025.12.23-15.54.04:191][198]MaterialEditorStats: Texture samplers: 0/16
[2025.12.23-15.54.04:195][199]LogShaderCompilers: Display: Worker (1/17): shaders left to compile 2
[2025.12.23-15.54.04:195][199]LogShaderCompilers: Display: Worker (2/17): shaders left to compile 1
[2025.12.23-15.54.04:195][199]LogShaderCompilers: Display: Started 2 'Local' shader compile jobs with 'ForceLocal' priority
[2025.12.23-15.54.05:258][325]LogMaterial: Display: Missing cached shadermap for WidgetMaterial in PCD3D_SM5, Default, SM5 (DDC key hash: D99DCF57B799750289E3A825D9E03E4AB9480AAB), compiling. 
[2025.12.23-15.54.05:259][325]LogMaterial: Display: Missing cached shadermap for FMatExpressionPreview MaterialExpressionConstant3Vector0 in PCD3D_SM5, Default, SM5 (DDC key hash: E19055FB03AA0B16AAE0DD22E267EB40740C97EA), compiling. 
[2025.12.23-15.54.05:260][325]LogSlate: Window 'Color Picker' being destroyed
[2025.12.23-15.54.05:264][325]MaterialEditorStats: Texture samplers: 0/16
[2025.12.23-15.54.05:284][328]MaterialEditorStats: Base pass shader without light map: 41 instructions
[2025.12.23-15.54.05:284][328]MaterialEditorStats: Base pass vertex shader: 46 instructions
[2025.12.23-15.54.05:284][328]MaterialEditorStats: Texture samplers: 0/16
[2025.12.23-15.54.06:315][444]LogMaterialEditor: Saving and Compiling material WidgetMaterial
[2025.12.23-15.54.06:524][444]LogMaterial: Display: Missing cached shadermap for WidgetMaterial in PCD3D_SM5, Default, SM5 (DDC key hash: 08A23199EAA08E02E974A8B1658F89EFDD9249AF), compiling. 
[2025.12.23-15.54.06:547][444]LogMaterial: Display: Missing cached shadermap for WidgetMaterial in PCD3D_SM5, Default, SM5 (DDC key hash: 587232D7B3A63BF9757D1084159795A30DAD99C9), compiling. 
[2025.12.23-15.54.06:566][444]LogUObjectHash: Compacting FUObjectHashTables data took   1.27ms
[2025.12.23-15.54.06:795][444]LogShaderCompilers: Display: Submitted 3 shader compile jobs with 'Normal' priority
[2025.12.23-15.54.06:795][444]LogShaderCompilers: Display: Worker (1/17): shaders left to compile 3
[2025.12.23-15.54.06:795][444]LogShaderCompilers: Display: Worker (2/17): shaders left to compile 2
[2025.12.23-15.54.06:795][444]LogShaderCompilers: Display: Worker (3/17): shaders left to compile 1
[2025.12.23-15.54.06:795][444]LogShaderCompilers: Display: Started 3 'Local' shader compile jobs with 'Normal' priority
[2025.12.23-15.54.06:795][444]LogUObjectHash: Compacting FUObjectHashTables data took   0.47ms
[2025.12.23-15.54.06:813][444]Cmd: OBJ SAVEPACKAGE PACKAGE="/Engine/EditorMaterials/WidgetMaterial" FILE="../../../Engine/Content/EditorMaterials/WidgetMaterial.uasset" SILENT=true
[2025.12.23-15.54.06:816][444]LogSavePackage: Moving 'D:/Artemii/Game/Game/Saved/WidgetMaterial851C4A374114AFA6EC95BFAE9A2D017C.tmp' to '../../../Engine/Content/EditorMaterials/WidgetMaterial.uasset'
[2025.12.23-15.54.06:828][444]AssetCheck: New page: Asset Save: WidgetMaterial
[2025.12.23-15.54.06:828][444]LogContentValidation: Display: Validating Material /Engine/EditorMaterials/WidgetMaterial.WidgetMaterial
[2025.12.23-15.54.16:890][639]LogMaterial: Display: Missing cached shadermap for WidgetMaterial in PCD3D_SM5, Default, SM5 (DDC key hash: F12FD9EE239D28079ED228E75A08854D8CDC11D9), compiling. 
[2025.12.23-15.54.16:891][639]MaterialEditorStats: Texture samplers: 0/16
[2025.12.23-15.54.16:908][641]MaterialEditorStats: Base pass shader without light map: 41 instructions
[2025.12.23-15.54.16:908][641]MaterialEditorStats: Base pass vertex shader: 46 instructions
[2025.12.23-15.54.16:908][641]MaterialEditorStats: Texture samplers: 0/16
[2025.12.23-15.54.18:350][813]LogMaterial: Display: Missing cached shadermap for WidgetMaterial in PCD3D_SM5, Default, SM5 (DDC key hash: 7AE1B0551A5A9043667716DA601484F04DC536D9), compiling. 
[2025.12.23-15.54.18:352][813]MaterialEditorStats: Texture samplers: 0/16
[2025.12.23-15.54.18:366][815]MaterialEditorStats: Base pass shader without light map: 41 instructions
[2025.12.23-15.54.18:366][815]MaterialEditorStats: Base pass vertex shader: 46 instructions
[2025.12.23-15.54.18:366][815]MaterialEditorStats: Texture samplers: 0/16
[2025.12.23-15.54.22:232][271]LogMaterial: Display: Missing cached shadermap for WidgetMaterial in PCD3D_SM5, Default, SM5 (DDC key hash: 13219556D33C71E2CA2D116FFC1D1068C0E436FD), compiling. 
[2025.12.23-15.54.22:234][271]LogMaterial: Display: Missing cached shadermap for WidgetMaterial in PCD3D_SM5, Default, SM5 (DDC key hash: 9B787AC419BAA798EA14EACDF1AC88DF25DF7043), compiling. 
[2025.12.23-15.54.22:235][271]MaterialEditorStats: Texture samplers: 0/16
[2025.12.23-15.54.22:238][272]LogShaderCompilers: Display: Submitted 2 shader compile jobs with 'ForceLocal' priority
[2025.12.23-15.54.22:243][273]LogShaderCompilers: Display: Submitted 6 shader compile jobs with 'Normal' priority
[2025.12.23-15.54.22:251][274]LogShaderCompilers: Display: Worker (1/17): shaders left to compile 5
[2025.12.23-15.54.22:251][274]LogShaderCompilers: Display: Worker (2/17): shaders left to compile 4
[2025.12.23-15.54.22:251][274]LogShaderCompilers: Display: Worker (3/17): shaders left to compile 3
[2025.12.23-15.54.22:251][274]LogShaderCompilers: Display: Worker (4/17): shaders left to compile 2
[2025.12.23-15.54.22:251][274]LogShaderCompilers: Display: Worker (5/17): shaders left to compile 1
[2025.12.23-15.54.22:251][274]LogShaderCompilers: Display: Worker (6/17): shaders left to compile 3
[2025.12.23-15.54.22:251][274]LogShaderCompilers: Display: Worker (7/17): shaders left to compile 2
[2025.12.23-15.54.22:251][274]LogShaderCompilers: Display: Worker (8/17): shaders left to compile 1
[2025.12.23-15.54.22:251][274]LogShaderCompilers: Display: Started 3 'Local' shader compile jobs with 'Normal' priority
[2025.12.23-15.54.22:251][274]LogShaderCompilers: Display: Started 5 'Local' shader compile jobs with 'ForceLocal' priority
[2025.12.23-15.54.22:791][338]MaterialEditorStats: Base pass shader without light map: 42 instructions
[2025.12.23-15.54.22:791][338]MaterialEditorStats: Base pass vertex shader: 46 instructions
[2025.12.23-15.54.22:791][338]MaterialEditorStats: Texture samplers: 0/16
[2025.12.23-15.54.29:216][100]LogMaterial: Display: Missing cached shadermap for WidgetMaterial in PCD3D_SM5, Default, SM5 (DDC key hash: 126A400135F8AC83F5B5EB02DED76FCB8E6A172E), compiling. 
[2025.12.23-15.54.29:217][100]LogMaterial: Display: Missing cached shadermap for WidgetMaterial in PCD3D_SM5, Default, SM5 (DDC key hash: 5DB5660B7E0205AED656914D76711A31F537B472), compiling. 
[2025.12.23-15.54.29:218][100]MaterialEditorStats: Texture samplers: 0/16
[2025.12.23-15.54.29:221][101]LogShaderCompilers: Display: Submitted 2 shader compile jobs with 'ForceLocal' priority
[2025.12.23-15.54.29:229][102]LogShaderCompilers: Display: Worker (1/17): shaders left to compile 2
[2025.12.23-15.54.29:229][102]LogShaderCompilers: Display: Worker (2/17): shaders left to compile 1
[2025.12.23-15.54.29:229][102]LogShaderCompilers: Display: Started 2 'Local' shader compile jobs with 'ForceLocal' priority
[2025.12.23-15.54.29:229][102]LogShaderCompilers: Display: Submitted 6 shader compile jobs with 'Normal' priority
[2025.12.23-15.54.29:229][102]LogShaderCompilers: Display: Worker (3/17): shaders left to compile 3
[2025.12.23-15.54.29:229][102]LogShaderCompilers: Display: Worker (4/17): shaders left to compile 2
[2025.12.23-15.54.29:229][102]LogShaderCompilers: Display: Worker (5/17): shaders left to compile 1
[2025.12.23-15.54.29:229][102]LogShaderCompilers: Display: Worker (6/17): shaders left to compile 3
[2025.12.23-15.54.29:229][102]LogShaderCompilers: Display: Worker (7/17): shaders left to compile 2
[2025.12.23-15.54.29:229][102]LogShaderCompilers: Display: Worker (8/17): shaders left to compile 1
[2025.12.23-15.54.29:229][102]LogShaderCompilers: Display: Started 3 'Local' shader compile jobs with 'Normal' priority
[2025.12.23-15.54.29:229][102]LogShaderCompilers: Display: Started 3 'Local' shader compile jobs with 'ForceLocal' priority
[2025.12.23-15.54.29:775][166]MaterialEditorStats: Base pass shader without light map: 42 instructions
[2025.12.23-15.54.29:775][166]MaterialEditorStats: Base pass vertex shader: 46 instructions
[2025.12.23-15.54.29:775][166]MaterialEditorStats: Texture samplers: 0/16
[2025.12.23-15.54.34:091][683]LogMaterial: Display: Missing cached shadermap for WidgetMaterial in PCD3D_SM5, Default, SM5 (DDC key hash: 847DB16067076C76AE6C70E5C0B1EEB5351636F7), compiling. 
[2025.12.23-15.54.34:092][683]MaterialEditorStats: Texture samplers: 0/16
[2025.12.23-15.54.34:123][685]MaterialEditorStats: Base pass shader without light map: 41 instructions
[2025.12.23-15.54.34:124][685]MaterialEditorStats: Base pass vertex shader: 46 instructions
[2025.12.23-15.54.34:124][685]MaterialEditorStats: Texture samplers: 0/16
[2025.12.23-15.54.38:192][158]LogMaterial: Display: Missing cached shadermap for WidgetMaterial in PCD3D_SM5, Default, SM5 (DDC key hash: 010BE37E0933A6A479D794BF51E92B67487FE85A), compiling. 
[2025.12.23-15.54.38:194][158]MaterialEditorStats: Texture samplers: 0/16
[2025.12.23-15.54.38:208][160]MaterialEditorStats: Base pass shader without light map: 41 instructions
[2025.12.23-15.54.38:208][160]MaterialEditorStats: Base pass vertex shader: 46 instructions
[2025.12.23-15.54.38:208][160]MaterialEditorStats: Texture samplers: 0/16
[2025.12.23-15.54.40:450][420]LogMaterial: Display: Missing cached shadermap for WidgetMaterial in PCD3D_SM5, Default, SM5 (DDC key hash: DCAFA1CA5C3B476769F839695C9399593E0FEC8D), compiling. 
[2025.12.23-15.54.40:452][420]MaterialEditorStats: Texture samplers: 0/16
[2025.12.23-15.54.40:467][422]MaterialEditorStats: Base pass shader without light map: 41 instructions
[2025.12.23-15.54.40:467][422]MaterialEditorStats: Base pass vertex shader: 46 instructions
[2025.12.23-15.54.40:467][422]MaterialEditorStats: Texture samplers: 0/16
[2025.12.23-15.54.42:408][640]LogMaterialEditor: Saving and Compiling material WidgetMaterial
[2025.12.23-15.54.42:614][640]LogMaterial: Display: Missing cached shadermap for WidgetMaterial in PCD3D_SM5, Default, SM5 (DDC key hash: CC3A654876F9E51019CAA8899CE3ED525942E07C), compiling. 
[2025.12.23-15.54.42:630][640]LogMaterial: Display: Missing cached shadermap for WidgetMaterial in PCD3D_SM5, Default, SM5 (DDC key hash: A9EC93E1672A230AB477F9A2C7F7BBE6B364D7E4), compiling. 
[2025.12.23-15.54.42:649][640]LogUObjectHash: Compacting FUObjectHashTables data took   1.10ms
[2025.12.23-15.54.42:786][640]LogUObjectHash: Compacting FUObjectHashTables data took   0.39ms
[2025.12.23-15.54.42:815][640]Cmd: OBJ SAVEPACKAGE PACKAGE="/Engine/EditorMaterials/WidgetMaterial" FILE="../../../Engine/Content/EditorMaterials/WidgetMaterial.uasset" SILENT=true
[2025.12.23-15.54.42:818][640]LogSavePackage: Moving 'D:/Artemii/Game/Game/Saved/WidgetMaterialC650DC7341E6BE423696F7B5B7140AFE.tmp' to '../../../Engine/Content/EditorMaterials/WidgetMaterial.uasset'
[2025.12.23-15.54.42:829][640]AssetCheck: New page: Asset Save: WidgetMaterial
[2025.12.23-15.54.42:829][640]LogContentValidation: Display: Validating Material /Engine/EditorMaterials/WidgetMaterial.WidgetMaterial
[2025.12.23-15.54.50:415][521]BlueprintLog: New page: Compile BP_PortalLevel
[2025.12.23-15.54.50:441][521]LogUObjectHash: Compacting FUObjectHashTables data took   1.48ms
[2025.12.23-15.54.50:929][574]Cmd: OBJ SAVEPACKAGE PACKAGE="/Game/Objects/LevelPortal/BP_PortalLevel" FILE="D:/Artemii/Game/Game/Content/Objects/LevelPortal/BP_PortalLevel.uasset" SILENT=true
[2025.12.23-15.54.50:933][574]LogSavePackage: Moving 'D:/Artemii/Game/Game/Saved/BP_PortalLevelA3E659854F987BAE1E43D8927F330439.tmp' to 'D:/Artemii/Game/Game/Content/Objects/LevelPortal/BP_PortalLevel.uasset'
[2025.12.23-15.54.50:943][574]AssetCheck: New page: Asset Save: BP_PortalLevel
[2025.12.23-15.54.50:943][574]LogContentValidation: Display: Validating Blueprint /Game/Objects/LevelPortal/BP_PortalLevel.BP_PortalLevel
[2025.12.23-15.57.51:342][706]LogEditorTransaction: Undo Modify Component Scale
[2025.12.23-15.57.51:351][706]LogMaterial: Display: Missing cached shadermap for WidgetMaterial in PCD3D_SM5, Default, SM5 (DDC key hash: 15406B6876D92D381D7EB3F4831273FCD663256A), compiling. 
[2025.12.23-15.57.51:355][706]MaterialEditorStats: Texture samplers: 0/16
[2025.12.23-15.57.51:420][708]LogShaderCompilers: Display: === FShaderJobCache stats ===
[2025.12.23-15.57.51:420][708]LogShaderCompilers: Display: Total job queries 638, among them cache hits 238 (37.30%)
[2025.12.23-15.57.51:420][708]LogShaderCompilers: Display: Tracking 392 distinct input hashes that result in 231 distinct outputs (58.93%)
[2025.12.23-15.57.51:420][708]LogShaderCompilers: Display: RAM used: 1.19 MB (0.00 GB) of 1638.40 MB (1.60 GB) budget. Usage: 0.07%
[2025.12.23-15.57.51:420][708]LogShaderCompilers: Display: ================================================
[2025.12.23-15.57.51:451][709]MaterialEditorStats: Base pass shader without light map: 41 instructions
[2025.12.23-15.57.51:451][709]MaterialEditorStats: Base pass vertex shader: 46 instructions
[2025.12.23-15.57.51:451][709]MaterialEditorStats: Texture samplers: 0/16
[2025.12.23-15.57.52:389][778]LogEditorTransaction: Undo Set Scale
[2025.12.23-15.57.52:390][778]LogMaterial: Display: Missing cached shadermap for WidgetMaterial in PCD3D_SM5, Default, SM5 (DDC key hash: 863ABD5C65120C7861455ED87F6AB7DEFE518536), compiling. 
[2025.12.23-15.57.52:393][778]MaterialEditorStats: Texture samplers: 0/16
[2025.12.23-15.57.52:440][781]MaterialEditorStats: Base pass shader without light map: 41 instructions
[2025.12.23-15.57.52:440][781]MaterialEditorStats: Base pass vertex shader: 46 instructions
[2025.12.23-15.57.52:440][781]MaterialEditorStats: Texture samplers: 0/16
[2025.12.23-15.58.27:225][891]BlueprintLog: New page: Compile BP_PortalLevel
[2025.12.23-15.58.27:255][891]LogUObjectHash: Compacting FUObjectHashTables data took   1.76ms
[2025.12.23-15.58.27:723][943]Cmd: OBJ SAVEPACKAGE PACKAGE="/Game/Objects/LevelPortal/BP_PortalLevel" FILE="D:/Artemii/Game/Game/Content/Objects/LevelPortal/BP_PortalLevel.uasset" SILENT=true
[2025.12.23-15.58.27:728][943]LogSavePackage: Moving 'D:/Artemii/Game/Game/Saved/BP_PortalLevel211EA249476B37BB33BE0D9196B07429.tmp' to 'D:/Artemii/Game/Game/Content/Objects/LevelPortal/BP_PortalLevel.uasset'
[2025.12.23-15.58.27:737][943]AssetCheck: New page: Asset Save: BP_PortalLevel
[2025.12.23-15.58.27:738][943]LogContentValidation: Display: Validating Blueprint /Game/Objects/LevelPortal/BP_PortalLevel.BP_PortalLevel
[2025.12.23-15.58.49:237][434]LogContentBrowser: Deferred new asset file creation: NewMaterial
[2025.12.23-15.58.49:254][434]LogContentBrowser: Creating deferred item: NewMaterial
[2025.12.23-15.58.59:669][682]LogContentBrowser: Attempting asset rename: NewMaterial -> LevelPortal
[2025.12.23-15.58.59:670][682]LogContentBrowser: End creating deferred item NewMaterial
[2025.12.23-15.59.12:650][697]LogContentBrowser: Attempting asset rename: LevelPortal -> M_LevelPortal
[2025.12.23-15.59.12:686][697]Cmd: OBJ SAVEPACKAGE PACKAGE="/Game/Material/M_LevelPortal" FILE="D:/Artemii/Game/Game/Content/Material/M_LevelPortal.uasset" SILENT=true
[2025.12.23-15.59.12:689][697]LogSavePackage: Moving 'D:/Artemii/Game/Game/Saved/M_LevelPortal566D95744099ABB9220623B0E86FD1E9.tmp' to 'D:/Artemii/Game/Game/Content/Material/M_LevelPortal.uasset'
[2025.12.23-15.59.12:731][697]LogUObjectHash: Compacting FUObjectHashTables data took   1.70ms
[2025.12.23-15.59.12:752][697]LogUObjectHash: Compacting FUObjectHashTables data took   1.29ms
[2025.12.23-15.59.12:766][697]LogUObjectHash: Compacting FUObjectHashTables data took   0.40ms
[2025.12.23-15.59.12:790][697]AssetCheck: New page: Asset Save: M_LevelPortal
[2025.12.23-15.59.12:790][697]LogContentValidation: Display: Validating Material /Game/Material/M_LevelPortal.M_LevelPortal
[2025.12.23-15.59.29:158][169]LogContentBrowser: Attempting asset rename: M_LevelPortal -> M_PortalCube
[2025.12.23-15.59.29:186][169]Cmd: OBJ SAVEPACKAGE PACKAGE="/Game/Material/M_PortalCube" FILE="D:/Artemii/Game/Game/Content/Material/M_PortalCube.uasset" SILENT=true
[2025.12.23-15.59.29:189][169]LogSavePackage: Moving 'D:/Artemii/Game/Game/Saved/M_PortalCubeFB4DDD074A4E69569F5A38903D104086.tmp' to 'D:/Artemii/Game/Game/Content/Material/M_PortalCube.uasset'
[2025.12.23-15.59.29:230][169]LogUObjectHash: Compacting FUObjectHashTables data took   0.43ms
[2025.12.23-15.59.29:250][169]LogUObjectHash: Compacting FUObjectHashTables data took   1.15ms
[2025.12.23-15.59.29:265][169]LogUObjectHash: Compacting FUObjectHashTables data took   0.40ms
[2025.12.23-15.59.29:289][169]AssetCheck: New page: Asset Save: M_PortalCube
[2025.12.23-15.59.29:289][169]LogContentValidation: Display: Validating Material /Game/Material/M_PortalCube.M_PortalCube
[2025.12.23-15.59.36:151][316]LogAssetEditorSubsystem: Opening Asset editor for Material /Game/Material/M_PortalCube.M_PortalCube
[2025.12.23-15.59.36:152][316]LogMaterial: Display: Missing cached shadermap for M_PortalCube in PCD3D_SM5, Default, SM5 (DDC key hash: D674165DD10E10CB6FC8ED45BAC031110B8A0CFD), compiling. 
[2025.12.23-15.59.36:164][316]LogShaderCompilers: Display: Submitted 10 shader compile jobs with 'Normal' priority
[2025.12.23-15.59.36:166][316]LogTemp: Warning: SetupViewportDisplaySettings
[2025.12.23-15.59.36:193][316]LogMaterial: Display: Missing cached shadermap for M_PortalCube in PCD3D_SM5, Default, SM5 (DDC key hash: F9ABDBEB41A08B76EB671B5569E1C64D9A9CD734), compiling. 
[2025.12.23-15.59.36:195][316]LogMaterial: Display: Missing cached shadermap for M_PortalCube in PCD3D_SM5, Default, SM5 (DDC key hash: D06D3AE56C59CB9D0168F9496FB748FBEBF0A210), compiling. 
[2025.12.23-15.59.36:208][316]MaterialEditorStats: Texture samplers: 0/16
[2025.12.23-15.59.36:237][317]LogShaderCompilers: Display: Submitted 2 shader compile jobs with 'ForceLocal' priority
[2025.12.23-15.59.36:237][317]LogShaderCompilers: Display: Submitted 8 shader compile jobs with 'Normal' priority
[2025.12.23-15.59.36:237][317]LogShaderCompilers: Display: Worker (1/17): shaders left to compile 2
[2025.12.23-15.59.36:237][317]LogShaderCompilers: Display: Worker (2/17): shaders left to compile 1
[2025.12.23-15.59.36:237][317]LogShaderCompilers: Display: Worker (3/17): shaders left to compile 8
[2025.12.23-15.59.36:237][317]LogShaderCompilers: Display: Worker (4/17): shaders left to compile 7
[2025.12.23-15.59.36:237][317]LogShaderCompilers: Display: Worker (5/17): shaders left to compile 6
[2025.12.23-15.59.36:237][317]LogShaderCompilers: Display: Worker (6/17): shaders left to compile 5
[2025.12.23-15.59.36:237][317]LogShaderCompilers: Display: Worker (7/17): shaders left to compile 4
[2025.12.23-15.59.36:237][317]LogShaderCompilers: Display: Worker (8/17): shaders left to compile 3
[2025.12.23-15.59.36:237][317]LogShaderCompilers: Display: Worker (9/17): shaders left to compile 2
[2025.12.23-15.59.36:237][317]LogShaderCompilers: Display: Worker (10/17): shaders left to compile 1
[2025.12.23-15.59.36:237][317]LogShaderCompilers: Display: Started 8 'Local' shader compile jobs with 'Normal' priority
[2025.12.23-15.59.36:237][317]LogShaderCompilers: Display: Started 2 'Local' shader compile jobs with 'ForceLocal' priority
[2025.12.23-15.59.36:896][379]MaterialEditorStats: Texture samplers: 2/16
[2025.12.23-15.59.36:980][389]MaterialEditorStats: Base pass shader: 117 instructions
[2025.12.23-15.59.36:980][389]MaterialEditorStats: Base pass shader with Volumetric Lightmap: 191 instructions
[2025.12.23-15.59.36:980][389]MaterialEditorStats: Base pass vertex shader: 42 instructions
[2025.12.23-15.59.36:980][389]MaterialEditorStats: Texture samplers: 2/16
[2025.12.23-15.59.44:965][319]LogContentBrowser: Attempting asset rename: M_PortalCube -> M_PortalCube
[2025.12.23-16.00.04:844][463]LogMaterial: Display: Missing cached shadermap for M_PortalCube in PCD3D_SM5, Default, SM5 (DDC key hash: 2610ACC79F9BE56921B527F8AF9708FF4D60BC0B), compiling. 
[2025.12.23-16.00.06:070][575]LogMaterial: Display: Missing cached shadermap for M_PortalCube in PCD3D_SM5, Default, SM5 (DDC key hash: B221F41E8317283B33F80912EFA6978B9DA169FA), compiling. 
[2025.12.23-16.00.06:071][575]LogMaterial: Display: Missing cached shadermap for M_PortalCube in PCD3D_SM5, Default, SM5 (DDC key hash: 6AED03D1A02916B6A8FD863B7E2AD2CE993E2E75), compiling. 
[2025.12.23-16.00.06:072][575]LogMaterial: Display: Missing cached shadermap for M_PortalCube in PCD3D_SM5, Default, SM5 (DDC key hash: EA3B84FF7CE3F98D4ED441A7EAC020F34C3F6627), compiling. 
[2025.12.23-16.00.06:075][575]MaterialEditorStats: Texture samplers: 0/16
[2025.12.23-16.00.06:097][577]LogShaderCompilers: Display: Submitted 23 shader compile jobs with 'Normal' priority
[2025.12.23-16.00.06:102][578]LogShaderCompilers: Display: Worker (1/17): shaders left to compile 2
[2025.12.23-16.00.06:102][578]LogShaderCompilers: Display: Worker (2/17): shaders left to compile 1
[2025.12.23-16.00.06:102][578]LogShaderCompilers: Display: Worker (3/17): shaders left to compile 21
[2025.12.23-16.00.06:102][578]LogShaderCompilers: Display: Worker (4/17): shaders left to compile 19
[2025.12.23-16.00.06:102][578]LogShaderCompilers: Display: Worker (5/17): shaders left to compile 17
[2025.12.23-16.00.06:102][578]LogShaderCompilers: Display: Worker (6/17): shaders left to compile 15
[2025.12.23-16.00.06:112][579]LogShaderCompilers: Display: Worker (7/17): shaders left to compile 13
[2025.12.23-16.00.06:112][579]LogShaderCompilers: Display: Worker (8/17): shaders left to compile 11
[2025.12.23-16.00.06:112][579]LogShaderCompilers: Display: Worker (9/17): shaders left to compile 9
[2025.12.23-16.00.06:113][579]LogShaderCompilers: Display: Worker (10/17): shaders left to compile 7
[2025.12.23-16.00.06:113][579]LogShaderCompilers: Display: Worker (11/17): shaders left to compile 5
[2025.12.23-16.00.06:113][579]LogShaderCompilers: Display: Worker (12/17): shaders left to compile 3
[2025.12.23-16.00.06:113][579]LogShaderCompilers: Display: Worker (13/17): shaders left to compile 1
[2025.12.23-16.00.06:113][579]LogShaderCompilers: Display: Started 21 'Local' shader compile jobs with 'Normal' priority
[2025.12.23-16.00.06:113][579]LogShaderCompilers: Display: Started 2 'Local' shader compile jobs with 'ForceLocal' priority
[2025.12.23-16.00.06:946][666]MaterialEditorStats: Texture samplers: 2/16
[2025.12.23-16.00.07:427][712]MaterialEditorStats: Texture samplers: 4/16
[2025.12.23-16.00.08:352][741]MaterialEditorStats: Base pass shader: 73 instructions
[2025.12.23-16.00.08:352][741]MaterialEditorStats: Base pass shader with Volumetric Lightmap: 94 instructions
[2025.12.23-16.00.08:352][741]MaterialEditorStats: Base pass vertex shader: 193 instructions
[2025.12.23-16.00.08:352][741]MaterialEditorStats: Texture samplers: 4/16
[2025.12.23-16.00.13:521][923]LogMaterial: Display: Missing cached shadermap for M_PortalCube in PCD3D_SM5, Default, SM5 (DDC key hash: A43A7E56A1DAF77FA22206C905EEB7F039D46973), compiling. 
[2025.12.23-16.00.13:522][923]LogMaterial: Display: Missing cached shadermap for FMatExpressionPreview MaterialExpressionConstant3Vector_0 in PCD3D_SM5, Default, SM5 (DDC key hash: BB1036A624A61904D779752D611CD92CB90C5557), compiling. 
[2025.12.23-16.00.13:523][923]MaterialEditorStats: Texture samplers: 0/16
[2025.12.23-16.00.13:565][925]LogShaderCompilers: Display: Submitted 2 shader compile jobs with 'ForceLocal' priority
[2025.12.23-16.00.13:565][925]LogShaderCompilers: Display: Worker (1/17): shaders left to compile 2
[2025.12.23-16.00.13:565][925]LogShaderCompilers: Display: Worker (2/17): shaders left to compile 1
[2025.12.23-16.00.13:565][925]LogShaderCompilers: Display: Started 2 'Local' shader compile jobs with 'ForceLocal' priority
[2025.12.23-16.00.13:599][926]MaterialEditorStats: Base pass shader: 73 instructions
[2025.12.23-16.00.13:599][926]MaterialEditorStats: Base pass shader with Volumetric Lightmap: 94 instructions
[2025.12.23-16.00.13:599][926]MaterialEditorStats: Base pass vertex shader: 193 instructions
[2025.12.23-16.00.13:599][926]MaterialEditorStats: Texture samplers: 4/16
[2025.12.23-16.00.15:366][129]LogMaterial: Display: Missing cached shadermap for M_PortalCube in PCD3D_SM5, Default, SM5 (DDC key hash: 69E9009AE00DA735A98EA55B9C60B99FD8CB8329), compiling. 
[2025.12.23-16.00.15:367][129]LogMaterial: Display: Missing cached shadermap for FMatExpressionPreview MaterialExpressionConstant3Vector_0 in PCD3D_SM5, Default, SM5 (DDC key hash: A9A142B68BD8DCF826DA3537A342CF41AE485C23), compiling. 
[2025.12.23-16.00.15:369][129]MaterialEditorStats: Texture samplers: 0/16
[2025.12.23-16.00.15:393][132]MaterialEditorStats: Base pass shader: 73 instructions
[2025.12.23-16.00.15:393][132]MaterialEditorStats: Base pass shader with Volumetric Lightmap: 94 instructions
[2025.12.23-16.00.15:393][132]MaterialEditorStats: Base pass vertex shader: 193 instructions
[2025.12.23-16.00.15:393][132]MaterialEditorStats: Texture samplers: 4/16
[2025.12.23-16.00.17:517][368]LogMaterial: Display: Missing cached shadermap for WidgetMaterial in PCD3D_SM5, Default, SM5 (DDC key hash: CDDDC6C62102C1D4AEB906BA0FD3FB5DB480DFA8), compiling. 
[2025.12.23-16.00.19:391][586]LogMaterial: Display: Missing cached shadermap for WidgetMaterial in PCD3D_SM5, Default, SM5 (DDC key hash: C09C63B472931F654AAC2A336A995B7949EAB5C4), compiling. 
[2025.12.23-16.00.20:826][749]LogMaterial: Display: Missing cached shadermap for WidgetMaterial in PCD3D_SM5, Default, SM5 (DDC key hash: 40AE74865964B1D285FB5569F68322000C6BBC66), compiling. 
[2025.12.23-16.00.40:323][104]LogMaterial: Display: Missing cached shadermap for M_PortalCube in PCD3D_SM5, Default, SM5 (DDC key hash: 2F71AF932477AD10F495D24328991380617F81D5), compiling. 
[2025.12.23-16.00.40:324][104]LogMaterial: Display: Missing cached shadermap for FMatExpressionPreview MaterialExpressionConstant3Vector_0 in PCD3D_SM5, Default, SM5 (DDC key hash: A6ECC82C5D2B268AFDA4BBDF1254A4B77781B070), compiling. 
[2025.12.23-16.00.40:326][104]MaterialEditorStats: Texture samplers: 0/16
[2025.12.23-16.00.40:351][107]MaterialEditorStats: Base pass shader: 73 instructions
[2025.12.23-16.00.40:351][107]MaterialEditorStats: Base pass shader with Volumetric Lightmap: 94 instructions
[2025.12.23-16.00.40:351][107]MaterialEditorStats: Base pass vertex shader: 193 instructions
[2025.12.23-16.00.40:351][107]MaterialEditorStats: Texture samplers: 4/16
[2025.12.23-16.00.42:007][305]LogMaterial: Display: Missing cached shadermap for M_PortalCube in PCD3D_SM5, Default, SM5 (DDC key hash: 403BDEFACC9EB4869AFA5089CEA3F4542CC9653D), compiling. 
[2025.12.23-16.00.42:008][305]LogMaterial: Display: Missing cached shadermap for FMatExpressionPreview MaterialExpressionConstant3Vector_0 in PCD3D_SM5, Default, SM5 (DDC key hash: A8C86D65FBACCFE64643EEBC802EF07E6D5692CD), compiling. 
[2025.12.23-16.00.42:009][305]MaterialEditorStats: Texture samplers: 0/16
[2025.12.23-16.00.42:021][307]LogShaderCompilers: Display: Submitted 23 shader compile jobs with 'Normal' priority
[2025.12.23-16.00.42:023][307]LogShaderCompilers: Display: Submitted 2 shader compile jobs with 'ForceLocal' priority
[2025.12.23-16.00.42:029][308]LogShaderCompilers: Display: Worker (1/17): shaders left to compile 4
[2025.12.23-16.00.42:029][308]LogShaderCompilers: Display: Worker (2/17): shaders left to compile 3
[2025.12.23-16.00.42:029][308]LogShaderCompilers: Display: Worker (3/17): shaders left to compile 2
[2025.12.23-16.00.42:029][308]LogShaderCompilers: Display: Worker (4/17): shaders left to compile 1
[2025.12.23-16.00.42:029][308]LogShaderCompilers: Display: Worker (5/17): shaders left to compile 21
[2025.12.23-16.00.42:029][308]LogShaderCompilers: Display: Worker (6/17): shaders left to compile 19
[2025.12.23-16.00.42:029][308]LogShaderCompilers: Display: Worker (7/17): shaders left to compile 17
[2025.12.23-16.00.42:029][308]LogShaderCompilers: Display: Worker (8/17): shaders left to compile 15
[2025.12.23-16.00.42:029][308]LogShaderCompilers: Display: Worker (9/17): shaders left to compile 13
[2025.12.23-16.00.42:029][308]LogShaderCompilers: Display: Worker (10/17): shaders left to compile 11
[2025.12.23-16.00.42:029][308]LogShaderCompilers: Display: Worker (11/17): shaders left to compile 9
[2025.12.23-16.00.42:029][308]LogShaderCompilers: Display: Worker (12/17): shaders left to compile 7
[2025.12.23-16.00.42:030][308]LogShaderCompilers: Display: Worker (13/17): shaders left to compile 5
[2025.12.23-16.00.42:030][308]LogShaderCompilers: Display: Worker (14/17): shaders left to compile 3
[2025.12.23-16.00.42:030][308]LogShaderCompilers: Display: Worker (15/17): shaders left to compile 1
[2025.12.23-16.00.42:030][308]LogShaderCompilers: Display: Started 21 'Local' shader compile jobs with 'Normal' priority
[2025.12.23-16.00.42:030][308]LogShaderCompilers: Display: Started 4 'Local' shader compile jobs with 'ForceLocal' priority
[2025.12.23-16.00.42:650][373]MaterialEditorStats: Texture samplers: 2/16
[2025.12.23-16.00.44:883][638]LogMaterial: Display: Missing cached shadermap for M_PortalCube in PCD3D_SM5, Default, SM5 (DDC key hash: 592DD321151498D915AA23757D244078E201C8B4), compiling. 
[2025.12.23-16.00.44:884][638]LogMaterial: Display: Missing cached shadermap for FMatExpressionPreview MaterialExpressionConstant3Vector_0 in PCD3D_SM5, Default, SM5 (DDC key hash: 45A29F59D634DFCC6BC426E131924B4B403407D2), compiling. 
[2025.12.23-16.00.44:885][638]MaterialEditorStats: Texture samplers: 0/16
[2025.12.23-16.00.44:897][640]LogShaderCompilers: Display: Submitted 23 shader compile jobs with 'Normal' priority
[2025.12.23-16.00.44:899][640]LogShaderCompilers: Display: Submitted 2 shader compile jobs with 'ForceLocal' priority
[2025.12.23-16.00.44:899][640]LogShaderCompilers: Display: Worker (1/17): shaders left to compile 4
[2025.12.23-16.00.44:899][640]LogShaderCompilers: Display: Worker (2/17): shaders left to compile 3
[2025.12.23-16.00.44:899][640]LogShaderCompilers: Display: Worker (3/17): shaders left to compile 2
[2025.12.23-16.00.44:899][640]LogShaderCompilers: Display: Worker (4/17): shaders left to compile 1
[2025.12.23-16.00.44:899][640]LogShaderCompilers: Display: Worker (5/17): shaders left to compile 21
[2025.12.23-16.00.44:899][640]LogShaderCompilers: Display: Worker (6/17): shaders left to compile 19
[2025.12.23-16.00.44:899][640]LogShaderCompilers: Display: Worker (7/17): shaders left to compile 17
[2025.12.23-16.00.44:899][640]LogShaderCompilers: Display: Worker (8/17): shaders left to compile 15
[2025.12.23-16.00.44:899][640]LogShaderCompilers: Display: Worker (9/17): shaders left to compile 13
[2025.12.23-16.00.44:899][640]LogShaderCompilers: Display: Worker (10/17): shaders left to compile 11
[2025.12.23-16.00.44:899][640]LogShaderCompilers: Display: Worker (11/17): shaders left to compile 9
[2025.12.23-16.00.44:899][640]LogShaderCompilers: Display: Worker (12/17): shaders left to compile 7
[2025.12.23-16.00.44:899][640]LogShaderCompilers: Display: Worker (13/17): shaders left to compile 5
[2025.12.23-16.00.44:899][640]LogShaderCompilers: Display: Worker (14/17): shaders left to compile 3
[2025.12.23-16.00.44:899][640]LogShaderCompilers: Display: Worker (15/17): shaders left to compile 1
[2025.12.23-16.00.44:899][640]LogShaderCompilers: Display: Started 21 'Local' shader compile jobs with 'Normal' priority
[2025.12.23-16.00.44:899][640]LogShaderCompilers: Display: Started 4 'Local' shader compile jobs with 'ForceLocal' priority
[2025.12.23-16.00.45:688][724]LogMaterial: Display: Missing cached shadermap for M_PortalCube in PCD3D_SM5, Default, SM5 (DDC key hash: DC24D24FE9759D1976F9D8F221154C1EDB976E17), compiling. 
[2025.12.23-16.00.45:690][724]LogMaterial: Display: Missing cached shadermap for FMatExpressionPreview MaterialExpressionConstant3Vector_0 in PCD3D_SM5, Default, SM5 (DDC key hash: 2C6FE0597D8A863A19CFA787FFEE0FCEE3E6EFBB), compiling. 
[2025.12.23-16.00.45:691][724]LogSlate: Window 'Color Picker' being destroyed
[2025.12.23-16.00.45:727][727]MaterialEditorStats: Texture samplers: 1/16
[2025.12.23-16.00.45:811][737]MaterialEditorStats: Texture samplers: 2/16
[2025.12.23-16.00.46:231][787]MaterialEditorStats: Texture samplers: 4/16
[2025.12.23-16.00.47:304][835]MaterialEditorStats: Base pass shader: 74 instructions
[2025.12.23-16.00.47:304][835]MaterialEditorStats: Base pass shader with Volumetric Lightmap: 95 instructions
[2025.12.23-16.00.47:304][835]MaterialEditorStats: Base pass vertex shader: 193 instructions
[2025.12.23-16.00.47:304][835]MaterialEditorStats: Texture samplers: 4/16
[2025.12.23-16.00.57:680][ 57]LogMaterial: Display: Missing cached shadermap for M_PortalCube in PCD3D_SM5, Default, SM5 (DDC key hash: C094801D30745B15F6A5FBA7ABC096B94A3A7915), compiling. 
[2025.12.23-16.00.57:681][ 57]LogMaterial: Display: Missing cached shadermap for FMatExpressionPreview MaterialExpressionConstant3Vector_0 in PCD3D_SM5, Default, SM5 (DDC key hash: 7FF823F7991F523352FC39AF76CEA63A9274D92A), compiling. 
[2025.12.23-16.00.57:683][ 57]MaterialEditorStats: Texture samplers: 0/16
[2025.12.23-16.00.57:693][ 59]LogShaderCompilers: Display: Submitted 23 shader compile jobs with 'Normal' priority
[2025.12.23-16.00.57:696][ 59]LogShaderCompilers: Display: Submitted 2 shader compile jobs with 'ForceLocal' priority
[2025.12.23-16.00.57:709][ 61]LogShaderCompilers: Display: Worker (1/17): shaders left to compile 4
[2025.12.23-16.00.57:709][ 61]LogShaderCompilers: Display: Worker (2/17): shaders left to compile 3
[2025.12.23-16.00.57:709][ 61]LogShaderCompilers: Display: Worker (3/17): shaders left to compile 2
[2025.12.23-16.00.57:709][ 61]LogShaderCompilers: Display: Worker (4/17): shaders left to compile 1
[2025.12.23-16.00.57:709][ 61]LogShaderCompilers: Display: Worker (5/17): shaders left to compile 21
[2025.12.23-16.00.57:709][ 61]LogShaderCompilers: Display: Worker (6/17): shaders left to compile 19
[2025.12.23-16.00.57:709][ 61]LogShaderCompilers: Display: Worker (7/17): shaders left to compile 17
[2025.12.23-16.00.57:709][ 61]LogShaderCompilers: Display: Worker (8/17): shaders left to compile 15
[2025.12.23-16.00.57:709][ 61]LogShaderCompilers: Display: Worker (9/17): shaders left to compile 13
[2025.12.23-16.00.57:709][ 61]LogShaderCompilers: Display: Worker (10/17): shaders left to compile 11
[2025.12.23-16.00.57:709][ 61]LogShaderCompilers: Display: Worker (11/17): shaders left to compile 9
[2025.12.23-16.00.57:709][ 61]LogShaderCompilers: Display: Worker (12/17): shaders left to compile 7
[2025.12.23-16.00.57:709][ 61]LogShaderCompilers: Display: Worker (13/17): shaders left to compile 5
[2025.12.23-16.00.57:709][ 61]LogShaderCompilers: Display: Worker (14/17): shaders left to compile 3
[2025.12.23-16.00.57:709][ 61]LogShaderCompilers: Display: Worker (15/17): shaders left to compile 1
[2025.12.23-16.00.57:709][ 61]LogShaderCompilers: Display: Started 21 'Local' shader compile jobs with 'Normal' priority
[2025.12.23-16.00.57:709][ 61]LogShaderCompilers: Display: Started 4 'Local' shader compile jobs with 'ForceLocal' priority
[2025.12.23-16.00.58:563][157]LogShaderCompilers: Display: === FShaderJobCache stats ===
[2025.12.23-16.00.58:563][157]LogShaderCompilers: Display: Total job queries 906, among them cache hits 364 (40.18%)
[2025.12.23-16.00.58:563][157]LogShaderCompilers: Display: Tracking 478 distinct input hashes that result in 276 distinct outputs (57.74%)
[2025.12.23-16.00.58:563][157]LogShaderCompilers: Display: RAM used: 1.42 MB (0.00 GB) of 1638.40 MB (1.60 GB) budget. Usage: 0.09%
[2025.12.23-16.00.58:563][157]LogShaderCompilers: Display: ================================================
[2025.12.23-16.00.58:926][200]LogMaterial: Display: Missing cached shadermap for M_PortalCube in PCD3D_SM5, Default, SM5 (DDC key hash: F01CD4E5599475D9DF4021645A7C203C0DD5CFA7), compiling. 
[2025.12.23-16.00.58:928][200]LogMaterial: Display: Missing cached shadermap for FMatExpressionPreview MaterialExpressionConstant3Vector_0 in PCD3D_SM5, Default, SM5 (DDC key hash: 0200D81DDC40395854CBB81B3F8C225D23A32A8B), compiling. 
[2025.12.23-16.00.58:940][202]LogShaderCompilers: Display: Submitted 23 shader compile jobs with 'Normal' priority
[2025.12.23-16.00.58:940][202]LogShaderCompilers: Display: Worker (1/17): shaders left to compile 23
[2025.12.23-16.00.58:940][202]LogShaderCompilers: Display: Worker (2/17): shaders left to compile 21
[2025.12.23-16.00.58:940][202]LogShaderCompilers: Display: Worker (3/17): shaders left to compile 19
[2025.12.23-16.00.58:940][202]LogShaderCompilers: Display: Worker (4/17): shaders left to compile 17
[2025.12.23-16.00.58:940][202]LogShaderCompilers: Display: Worker (6/17): shaders left to compile 15
[2025.12.23-16.00.58:940][202]LogShaderCompilers: Display: Worker (9/17): shaders left to compile 13
[2025.12.23-16.00.58:940][202]LogShaderCompilers: Display: Worker (10/17): shaders left to compile 11
[2025.12.23-16.00.58:940][202]LogShaderCompilers: Display: Worker (12/17): shaders left to compile 9
[2025.12.23-16.00.58:940][202]LogShaderCompilers: Display: Worker (13/17): shaders left to compile 7
[2025.12.23-16.00.58:940][202]LogShaderCompilers: Display: Worker (15/17): shaders left to compile 5
[2025.12.23-16.00.58:940][202]LogShaderCompilers: Display: Worker (16/17): shaders left to compile 3
[2025.12.23-16.00.58:940][202]LogShaderCompilers: Display: Started 22 'Local' shader compile jobs with 'Normal' priority
[2025.12.23-16.00.58:944][202]LogShaderCompilers: Display: Submitted 2 shader compile jobs with 'ForceLocal' priority
[2025.12.23-16.00.59:000][208]LogShaderCompilers: Display: Worker (11/17): shaders left to compile 2
[2025.12.23-16.00.59:000][208]LogShaderCompilers: Display: Started 1 'Local' shader compile jobs with 'ForceLocal' priority
[2025.12.23-16.00.59:034][212]LogShaderCompilers: Display: Worker (14/17): shaders left to compile 1
[2025.12.23-16.00.59:034][212]LogShaderCompilers: Display: Started 1 'Local' shader compile jobs with 'ForceLocal' priority
[2025.12.23-16.00.59:034][212]LogShaderCompilers: Display: Worker (7/17): shaders left to compile 1
[2025.12.23-16.00.59:034][212]LogShaderCompilers: Display: Started 1 'Local' shader compile jobs with 'Normal' priority
[2025.12.23-16.00.59:793][292]MaterialEditorStats: Texture samplers: 1/16
[2025.12.23-16.01.00:316][350]MaterialEditorStats: Texture samplers: 2/16
[2025.12.23-16.01.00:415][361]MaterialEditorStats: Texture samplers: 4/16
[2025.12.23-16.01.00:756][401]MaterialEditorStats: Base pass shader: 74 instructions
[2025.12.23-16.01.00:756][401]MaterialEditorStats: Base pass shader with Volumetric Lightmap: 95 instructions
[2025.12.23-16.01.00:756][401]MaterialEditorStats: Base pass vertex shader: 193 instructions
[2025.12.23-16.01.00:756][401]MaterialEditorStats: Texture samplers: 4/16
[2025.12.23-16.01.01:048][436]LogMaterial: Display: Missing cached shadermap for M_PortalCube in PCD3D_SM5, Default, SM5 (DDC key hash: E2D8304B3DAADB84D6AA0AB606AAB9EAE0C7AF58), compiling. 
[2025.12.23-16.01.01:049][436]LogMaterial: Display: Missing cached shadermap for FMatExpressionPreview MaterialExpressionConstant3Vector_0 in PCD3D_SM5, Default, SM5 (DDC key hash: AAD03A81BDCE26B53CE27693FFFD50896664D812), compiling. 
[2025.12.23-16.01.01:050][436]MaterialEditorStats: Texture samplers: 0/16
[2025.12.23-16.01.01:061][438]LogShaderCompilers: Display: Submitted 23 shader compile jobs with 'Normal' priority
[2025.12.23-16.01.01:064][438]LogShaderCompilers: Display: Submitted 2 shader compile jobs with 'ForceLocal' priority
[2025.12.23-16.01.01:068][439]LogShaderCompilers: Display: Worker (1/17): shaders left to compile 4
[2025.12.23-16.01.01:068][439]LogShaderCompilers: Display: Worker (2/17): shaders left to compile 3
[2025.12.23-16.01.01:068][439]LogShaderCompilers: Display: Worker (3/17): shaders left to compile 2
[2025.12.23-16.01.01:068][439]LogShaderCompilers: Display: Worker (4/17): shaders left to compile 1
[2025.12.23-16.01.01:068][439]LogShaderCompilers: Display: Worker (5/17): shaders left to compile 21
[2025.12.23-16.01.01:068][439]LogShaderCompilers: Display: Worker (6/17): shaders left to compile 19
[2025.12.23-16.01.01:068][439]LogShaderCompilers: Display: Worker (7/17): shaders left to compile 17
[2025.12.23-16.01.01:068][439]LogShaderCompilers: Display: Worker (8/17): shaders left to compile 15
[2025.12.23-16.01.01:068][439]LogShaderCompilers: Display: Worker (9/17): shaders left to compile 13
[2025.12.23-16.01.01:068][439]LogShaderCompilers: Display: Worker (10/17): shaders left to compile 11
[2025.12.23-16.01.01:068][439]LogShaderCompilers: Display: Worker (11/17): shaders left to compile 9
[2025.12.23-16.01.01:068][439]LogShaderCompilers: Display: Worker (12/17): shaders left to compile 7
[2025.12.23-16.01.01:068][439]LogShaderCompilers: Display: Worker (13/17): shaders left to compile 5
[2025.12.23-16.01.01:068][439]LogShaderCompilers: Display: Worker (14/17): shaders left to compile 3
[2025.12.23-16.01.01:068][439]LogShaderCompilers: Display: Worker (15/17): shaders left to compile 1
[2025.12.23-16.01.01:068][439]LogShaderCompilers: Display: Started 21 'Local' shader compile jobs with 'Normal' priority
[2025.12.23-16.01.01:068][439]LogShaderCompilers: Display: Started 4 'Local' shader compile jobs with 'ForceLocal' priority
[2025.12.23-16.01.01:743][507]MaterialEditorStats: Texture samplers: 2/16
[2025.12.23-16.01.02:029][541]LogMaterial: Display: Missing cached shadermap for M_PortalCube in PCD3D_SM5, Default, SM5 (DDC key hash: BC15C6DC948732A58821D972843AC252A0B868F8), compiling. 
[2025.12.23-16.01.02:031][541]LogMaterial: Display: Missing cached shadermap for FMatExpressionPreview MaterialExpressionConstant3Vector_0 in PCD3D_SM5, Default, SM5 (DDC key hash: D94FA4A039A509A1529AF770616582395DDCD656), compiling. 
[2025.12.23-16.01.02:033][541]LogSlate: Window 'Color Picker' being destroyed
[2025.12.23-16.01.02:040][541]MaterialEditorStats: Texture samplers: 0/16
[2025.12.23-16.01.02:069][544]MaterialEditorStats: Texture samplers: 2/16
[2025.12.23-16.01.02:349][577]MaterialEditorStats: Texture samplers: 4/16
[2025.12.23-16.01.02:741][621]MaterialEditorStats: Base pass shader: 74 instructions
[2025.12.23-16.01.02:741][621]MaterialEditorStats: Base pass shader with Volumetric Lightmap: 95 instructions
[2025.12.23-16.01.02:741][621]MaterialEditorStats: Base pass vertex shader: 193 instructions
[2025.12.23-16.01.02:741][621]MaterialEditorStats: Texture samplers: 4/16
[2025.12.23-16.01.09:268][807]LogMaterial: Display: Missing cached shadermap for M_PortalCube in PCD3D_SM5, Default, SM5 (DDC key hash: 9BEA2F27A6487449DAD56A585E99AEE3AF880812), compiling. 
[2025.12.23-16.01.09:269][807]LogMaterial: Display: Missing cached shadermap for FMatExpressionPreview MaterialExpressionConstant3Vector_0 in PCD3D_SM5, Default, SM5 (DDC key hash: E515E910A753D22BC31C5E086B5A095DCAC6A0CD), compiling. 
[2025.12.23-16.01.09:270][807]MaterialEditorStats: Texture samplers: 0/16
[2025.12.23-16.01.09:281][809]LogShaderCompilers: Display: Submitted 23 shader compile jobs with 'Normal' priority
[2025.12.23-16.01.09:281][809]LogShaderCompilers: Display: Worker (1/17): shaders left to compile 23
[2025.12.23-16.01.09:281][809]LogShaderCompilers: Display: Worker (2/17): shaders left to compile 21
[2025.12.23-16.01.09:281][809]LogShaderCompilers: Display: Worker (3/17): shaders left to compile 19
[2025.12.23-16.01.09:281][809]LogShaderCompilers: Display: Worker (4/17): shaders left to compile 17
[2025.12.23-16.01.09:281][809]LogShaderCompilers: Display: Worker (5/17): shaders left to compile 15
[2025.12.23-16.01.09:281][809]LogShaderCompilers: Display: Worker (6/17): shaders left to compile 13
[2025.12.23-16.01.09:281][809]LogShaderCompilers: Display: Worker (7/17): shaders left to compile 11
[2025.12.23-16.01.09:281][809]LogShaderCompilers: Display: Worker (8/17): shaders left to compile 9
[2025.12.23-16.01.09:281][809]LogShaderCompilers: Display: Worker (9/17): shaders left to compile 7
[2025.12.23-16.01.09:281][809]LogShaderCompilers: Display: Worker (10/17): shaders left to compile 5
[2025.12.23-16.01.09:281][809]LogShaderCompilers: Display: Worker (11/17): shaders left to compile 3
[2025.12.23-16.01.09:281][809]LogShaderCompilers: Display: Worker (12/17): shaders left to compile 1
[2025.12.23-16.01.09:281][809]LogShaderCompilers: Display: Started 23 'Local' shader compile jobs with 'Normal' priority
[2025.12.23-16.01.09:285][809]LogShaderCompilers: Display: Submitted 2 shader compile jobs with 'ForceLocal' priority
[2025.12.23-16.01.09:317][813]LogShaderCompilers: Display: Worker (13/17): shaders left to compile 2
[2025.12.23-16.01.09:317][813]LogShaderCompilers: Display: Worker (14/17): shaders left to compile 1
[2025.12.23-16.01.09:317][813]LogShaderCompilers: Display: Started 2 'Local' shader compile jobs with 'ForceLocal' priority
[2025.12.23-16.01.09:998][888]MaterialEditorStats: Texture samplers: 1/16
[2025.12.23-16.01.10:412][935]MaterialEditorStats: Texture samplers: 2/16
[2025.12.23-16.01.10:495][945]MaterialEditorStats: Texture samplers: 4/16
[2025.12.23-16.01.10:909][989]MaterialEditorStats: Base pass shader: 74 instructions
[2025.12.23-16.01.10:909][989]MaterialEditorStats: Base pass shader with Volumetric Lightmap: 95 instructions
[2025.12.23-16.01.10:909][989]MaterialEditorStats: Base pass vertex shader: 193 instructions
[2025.12.23-16.01.10:909][989]MaterialEditorStats: Texture samplers: 4/16
[2025.12.23-16.01.15:142][ 26]LogMaterial: Display: Missing cached shadermap for M_PortalCube in PCD3D_SM5, Default, SM5 (DDC key hash: 5491FC7F3E3F8055483804B70971A2C2DF98F265), compiling. 
[2025.12.23-16.01.15:143][ 26]LogMaterial: Display: Missing cached shadermap for FMatExpressionPreview MaterialExpressionConstant3Vector_0 in PCD3D_SM5, Default, SM5 (DDC key hash: 94F17BEFFE69B0445966F7518757B1F2626B21FE), compiling. 
[2025.12.23-16.01.15:144][ 26]LogSlate: Window 'Color Picker' being destroyed
[2025.12.23-16.01.15:148][ 26]MaterialEditorStats: Texture samplers: 0/16
[2025.12.23-16.01.15:180][ 30]MaterialEditorStats: Base pass shader: 74 instructions
[2025.12.23-16.01.15:180][ 30]MaterialEditorStats: Base pass shader with Volumetric Lightmap: 95 instructions
[2025.12.23-16.01.15:180][ 30]MaterialEditorStats: Base pass vertex shader: 193 instructions
[2025.12.23-16.01.15:180][ 30]MaterialEditorStats: Texture samplers: 4/16
[2025.12.23-16.01.21:655][388]LogMaterial: Display: Missing cached shadermap for M_PortalCube in PCD3D_SM5, Default, SM5 (DDC key hash: 03CF32D0813D26B96EF437D684F98B866570FA71), compiling. 
[2025.12.23-16.01.21:656][388]LogMaterial: Display: Missing cached shadermap for M_PortalCube in PCD3D_SM5, Default, SM5 (DDC key hash: DDAE254AA97427B9AC53F6A7EE14A79CEDF1C5D3), compiling. 
[2025.12.23-16.01.21:658][388]MaterialEditorStats: Texture samplers: 0/16
[2025.12.23-16.01.21:670][389]LogShaderCompilers: Display: Submitted 23 shader compile jobs with 'Normal' priority
[2025.12.23-16.01.21:683][391]LogShaderCompilers: Display: Worker (1/17): shaders left to compile 2
[2025.12.23-16.01.21:683][391]LogShaderCompilers: Display: Worker (2/17): shaders left to compile 1
[2025.12.23-16.01.21:683][391]LogShaderCompilers: Display: Worker (3/17): shaders left to compile 21
[2025.12.23-16.01.21:683][391]LogShaderCompilers: Display: Worker (4/17): shaders left to compile 19
[2025.12.23-16.01.21:683][391]LogShaderCompilers: Display: Worker (5/17): shaders left to compile 17
[2025.12.23-16.01.21:683][391]LogShaderCompilers: Display: Worker (6/17): shaders left to compile 15
[2025.12.23-16.01.21:683][391]LogShaderCompilers: Display: Worker (7/17): shaders left to compile 13
[2025.12.23-16.01.21:683][391]LogShaderCompilers: Display: Worker (8/17): shaders left to compile 11
[2025.12.23-16.01.21:683][391]LogShaderCompilers: Display: Worker (9/17): shaders left to compile 9
[2025.12.23-16.01.21:683][391]LogShaderCompilers: Display: Worker (10/17): shaders left to compile 7
[2025.12.23-16.01.21:683][391]LogShaderCompilers: Display: Worker (11/17): shaders left to compile 5
[2025.12.23-16.01.21:683][391]LogShaderCompilers: Display: Worker (12/17): shaders left to compile 3
[2025.12.23-16.01.21:683][391]LogShaderCompilers: Display: Worker (13/17): shaders left to compile 1
[2025.12.23-16.01.21:683][391]LogShaderCompilers: Display: Started 21 'Local' shader compile jobs with 'Normal' priority
[2025.12.23-16.01.21:683][391]LogShaderCompilers: Display: Started 2 'Local' shader compile jobs with 'ForceLocal' priority
[2025.12.23-16.01.22:229][446]MaterialEditorStats: Texture samplers: 1/16
[2025.12.23-16.01.22:569][485]MaterialEditorStats: Texture samplers: 2/16
[2025.12.23-16.01.22:913][526]MaterialEditorStats: Texture samplers: 4/16
[2025.12.23-16.01.23:146][554]MaterialEditorStats: Base pass shader: 78 instructions
[2025.12.23-16.01.23:146][554]MaterialEditorStats: Base pass shader with Volumetric Lightmap: 99 instructions
[2025.12.23-16.01.23:146][554]MaterialEditorStats: Base pass vertex shader: 193 instructions
[2025.12.23-16.01.23:146][554]MaterialEditorStats: Texture samplers: 4/16
[2025.12.23-16.01.27:425][ 67]LogMaterial: Display: Missing cached shadermap for M_PortalCube in PCD3D_SM5, Default, SM5 (DDC key hash: F37C8B9FE6FA99F50AC8441B513366A1AB709869), compiling. 
[2025.12.23-16.01.27:427][ 67]MaterialEditorStats: Texture samplers: 0/16
[2025.12.23-16.01.27:447][ 69]MaterialEditorStats: Base pass shader: 74 instructions
[2025.12.23-16.01.27:447][ 69]MaterialEditorStats: Base pass shader with Volumetric Lightmap: 95 instructions
[2025.12.23-16.01.27:447][ 69]MaterialEditorStats: Base pass vertex shader: 193 instructions
[2025.12.23-16.01.27:447][ 69]MaterialEditorStats: Texture samplers: 4/16
[2025.12.23-16.01.29:532][319]LogMaterial: Display: Missing cached shadermap for M_PortalCube in PCD3D_SM5, Default, SM5 (DDC key hash: 99914928909EEE7392AD43EB48BA2F457DE0BC01), compiling. 
[2025.12.23-16.01.29:533][319]MaterialEditorStats: Texture samplers: 0/16
[2025.12.23-16.01.29:558][322]MaterialEditorStats: Base pass shader: 74 instructions
[2025.12.23-16.01.29:558][322]MaterialEditorStats: Base pass shader with Volumetric Lightmap: 95 instructions
[2025.12.23-16.01.29:558][322]MaterialEditorStats: Base pass vertex shader: 193 instructions
[2025.12.23-16.01.29:558][322]MaterialEditorStats: Texture samplers: 4/16
[2025.12.23-16.01.33:406][783]LogMaterial: Display: Missing cached shadermap for M_PortalCube in PCD3D_SM5, Default, SM5 (DDC key hash: F4D9AF83909EB188CFBF2BB76B03C3A949FB36ED), compiling. 
[2025.12.23-16.01.33:408][783]LogMaterial: Display: Missing cached shadermap for M_PortalCube in PCD3D_SM5, Default, SM5 (DDC key hash: 1E7D970B9F35CB8CBBED3F10941562473C811D46), compiling. 
[2025.12.23-16.01.33:409][783]MaterialEditorStats: Texture samplers: 0/16
[2025.12.23-16.01.33:432][786]MaterialEditorStats: Base pass shader: 74 instructions
[2025.12.23-16.01.33:432][786]MaterialEditorStats: Base pass shader with Volumetric Lightmap: 95 instructions
[2025.12.23-16.01.33:432][786]MaterialEditorStats: Base pass vertex shader: 193 instructions
[2025.12.23-16.01.33:432][786]MaterialEditorStats: Texture samplers: 4/16
[2025.12.23-16.01.36:508][153]LogMaterial: Display: Missing cached shadermap for M_PortalCube in PCD3D_SM5, Default, SM5 (DDC key hash: 12D56F3A9F6408354BC6B97F618FFCCD67DC3B20), compiling. 
[2025.12.23-16.01.36:510][153]MaterialEditorStats: Texture samplers: 0/16
[2025.12.23-16.01.36:521][155]LogShaderCompilers: Display: Submitted 23 shader compile jobs with 'Normal' priority
[2025.12.23-16.01.36:538][157]LogShaderCompilers: Display: Worker (1/17): shaders left to compile 2
[2025.12.23-16.01.36:538][157]LogShaderCompilers: Display: Worker (2/17): shaders left to compile 1
[2025.12.23-16.01.36:538][157]LogShaderCompilers: Display: Worker (3/17): shaders left to compile 21
[2025.12.23-16.01.36:538][157]LogShaderCompilers: Display: Worker (4/17): shaders left to compile 19
[2025.12.23-16.01.36:538][157]LogShaderCompilers: Display: Worker (5/17): shaders left to compile 17
[2025.12.23-16.01.36:538][157]LogShaderCompilers: Display: Worker (6/17): shaders left to compile 15
[2025.12.23-16.01.36:538][157]LogShaderCompilers: Display: Worker (7/17): shaders left to compile 13
[2025.12.23-16.01.36:538][157]LogShaderCompilers: Display: Worker (8/17): shaders left to compile 11
[2025.12.23-16.01.36:538][157]LogShaderCompilers: Display: Worker (9/17): shaders left to compile 9
[2025.12.23-16.01.36:538][157]LogShaderCompilers: Display: Worker (10/17): shaders left to compile 7
[2025.12.23-16.01.36:538][157]LogShaderCompilers: Display: Worker (11/17): shaders left to compile 5
[2025.12.23-16.01.36:538][157]LogShaderCompilers: Display: Worker (12/17): shaders left to compile 3
[2025.12.23-16.01.36:538][157]LogShaderCompilers: Display: Worker (13/17): shaders left to compile 1
[2025.12.23-16.01.36:538][157]LogShaderCompilers: Display: Started 21 'Local' shader compile jobs with 'Normal' priority
[2025.12.23-16.01.36:538][157]LogShaderCompilers: Display: Started 2 'Local' shader compile jobs with 'ForceLocal' priority
[2025.12.23-16.01.37:386][250]MaterialEditorStats: Texture samplers: 2/16
[2025.12.23-16.01.37:777][296]MaterialEditorStats: Texture samplers: 4/16
[2025.12.23-16.01.37:989][319]MaterialEditorStats: Base pass shader: 78 instructions
[2025.12.23-16.01.37:989][319]MaterialEditorStats: Base pass shader with Volumetric Lightmap: 99 instructions
[2025.12.23-16.01.37:989][319]MaterialEditorStats: Base pass vertex shader: 193 instructions
[2025.12.23-16.01.37:989][319]MaterialEditorStats: Texture samplers: 4/16
[2025.12.23-16.01.43:392][418]LogMaterialEditor: Saving and Compiling material M_PortalCube
[2025.12.23-16.01.43:597][418]LogMaterial: Display: Missing cached shadermap for M_PortalCube in PCD3D_SM5, Default, SM5 (DDC key hash: 3AD8D3E25354935F68C3D5BF1F3B37D1FB721D40), compiling. 
[2025.12.23-16.01.43:623][418]LogMaterial: Display: Missing cached shadermap for M_PortalCube in PCD3D_SM5, Default, SM5 (DDC key hash: 8B81BC9CCA0E84E90865CD23B93335450EE25D94), compiling. 
[2025.12.23-16.01.43:670][418]LogShaderCompilers: Display: Submitted 9 shader compile jobs with 'Normal' priority
[2025.12.23-16.01.43:671][418]LogShaderCompilers: Display: Worker (1/17): shaders left to compile 9
[2025.12.23-16.01.43:671][418]LogShaderCompilers: Display: Worker (2/17): shaders left to compile 8
[2025.12.23-16.01.43:671][418]LogShaderCompilers: Display: Worker (3/17): shaders left to compile 7
[2025.12.23-16.01.43:671][418]LogShaderCompilers: Display: Worker (4/17): shaders left to compile 6
[2025.12.23-16.01.43:671][418]LogShaderCompilers: Display: Worker (5/17): shaders left to compile 5
[2025.12.23-16.01.43:671][418]LogShaderCompilers: Display: Worker (6/17): shaders left to compile 4
[2025.12.23-16.01.43:671][418]LogShaderCompilers: Display: Worker (7/17): shaders left to compile 3
[2025.12.23-16.01.43:671][418]LogShaderCompilers: Display: Worker (8/17): shaders left to compile 2
[2025.12.23-16.01.43:671][418]LogShaderCompilers: Display: Worker (9/17): shaders left to compile 1
[2025.12.23-16.01.43:671][418]LogShaderCompilers: Display: Started 9 'Local' shader compile jobs with 'Normal' priority
[2025.12.23-16.01.43:686][418]LogUObjectHash: Compacting FUObjectHashTables data took   2.59ms
[2025.12.23-16.01.43:934][418]LogUObjectHash: Compacting FUObjectHashTables data took   0.94ms
[2025.12.23-16.01.44:339][418]Cmd: OBJ SAVEPACKAGE PACKAGE="/Game/Material/M_PortalCube" FILE="D:/Artemii/Game/Game/Content/Material/M_PortalCube.uasset" SILENT=true
[2025.12.23-16.01.44:343][418]LogSavePackage: Moving 'D:/Artemii/Game/Game/Saved/M_PortalCube595D62BF47C9AACF96EBCFB502EE68A4.tmp' to 'D:/Artemii/Game/Game/Content/Material/M_PortalCube.uasset'
[2025.12.23-16.01.44:353][418]AssetCheck: New page: Asset Save: M_PortalCube
[2025.12.23-16.01.44:353][418]LogContentValidation: Display: Validating Material /Game/Material/M_PortalCube.M_PortalCube
[2025.12.23-16.01.46:248][618]LogMaterialEditor: Saving and Compiling material M_PortalCube
[2025.12.23-16.01.46:264][618]Cmd: OBJ SAVEPACKAGE PACKAGE="/Game/Material/M_PortalCube" FILE="D:/Artemii/Game/Game/Content/Material/M_PortalCube.uasset" SILENT=true
[2025.12.23-16.01.46:265][618]LogSavePackage: Moving 'D:/Artemii/Game/Game/Saved/M_PortalCubeE97CFA4D46989D41ABC5B5B8162C06A6.tmp' to 'D:/Artemii/Game/Game/Content/Material/M_PortalCube.uasset'
[2025.12.23-16.01.46:275][618]AssetCheck: New page: Asset Save: M_PortalCube
[2025.12.23-16.01.46:275][618]LogContentValidation: Display: Validating Material /Game/Material/M_PortalCube.M_PortalCube
[2025.12.23-16.02.37:067][411]LogEditorTransaction: Undo Modify Component Scale
[2025.12.23-16.02.37:070][411]LogMaterial: Display: Missing cached shadermap for M_PortalCube in PCD3D_SM5, Default, SM5 (DDC key hash: 085A43F786A3CE1224BD53232F416BD72B7118B8), compiling. 
[2025.12.23-16.02.37:077][411]LogMaterial: Display: Missing cached shadermap for WidgetMaterial in PCD3D_SM5, Default, SM5 (DDC key hash: 8C17E4039BB0786BCACAC585A73D350A2EA68A6C), compiling. 
[2025.12.23-16.02.37:082][411]MaterialEditorStats: Texture samplers: 0/16
[2025.12.23-16.02.37:082][411]MaterialEditorStats: Texture samplers: 0/16
[2025.12.23-16.02.37:180][414]MaterialEditorStats: Base pass shader without light map: 41 instructions
[2025.12.23-16.02.37:180][414]MaterialEditorStats: Base pass vertex shader: 46 instructions
[2025.12.23-16.02.37:180][414]MaterialEditorStats: Texture samplers: 0/16
[2025.12.23-16.02.37:180][414]MaterialEditorStats: Base pass shader: 78 instructions
[2025.12.23-16.02.37:180][414]MaterialEditorStats: Base pass shader with Volumetric Lightmap: 99 instructions
[2025.12.23-16.02.37:180][414]MaterialEditorStats: Base pass vertex shader: 193 instructions
[2025.12.23-16.02.37:180][414]MaterialEditorStats: Texture samplers: 4/16
[2025.12.23-16.02.50:438][923]BlueprintLog: New page: Compile BP_PortalLevel
[2025.12.23-16.02.50:471][923]LogUObjectHash: Compacting FUObjectHashTables data took   1.48ms
[2025.12.23-16.02.51:088][990]Cmd: OBJ SAVEPACKAGE PACKAGE="/Game/Objects/LevelPortal/BP_PortalLevel" FILE="D:/Artemii/Game/Game/Content/Objects/LevelPortal/BP_PortalLevel.uasset" SILENT=true
[2025.12.23-16.02.51:093][990]LogSavePackage: Moving 'D:/Artemii/Game/Game/Saved/BP_PortalLevelC983C2AC4E36FE6844CFED8E5DE6F91C.tmp' to 'D:/Artemii/Game/Game/Content/Objects/LevelPortal/BP_PortalLevel.uasset'
[2025.12.23-16.02.51:103][990]AssetCheck: New page: Asset Save: BP_PortalLevel
[2025.12.23-16.02.51:103][990]LogContentValidation: Display: Validating Blueprint /Game/Objects/LevelPortal/BP_PortalLevel.BP_PortalLevel
[2025.12.23-16.02.54:650][388]Cmd: OBJ SAVEPACKAGE PACKAGE="/Game/01Gameplay" FILE="D:/Artemii/Game/Game/Content/01Gameplay.umap" SILENT=true AUTOSAVING=false KEEPDIRTY=false
[2025.12.23-16.02.54:670][388]LogUObjectHash: Compacting FUObjectHashTables data took   1.70ms
[2025.12.23-16.02.54:694][388]LogSavePackage: Moving 'D:/Artemii/Game/Game/Saved/01GameplayEBE228F540AD28CDF9FA4CA249766167.tmp' to 'D:/Artemii/Game/Game/Content/01Gameplay.umap'
[2025.12.23-16.02.54:716][388]Cmd: OBJ SAVEPACKAGE PACKAGE="/Game/01Gameplay_BuiltData" FILE="D:/Artemii/Game/Game/Content/01Gameplay_BuiltData.uasset" SILENT=true
[2025.12.23-16.02.54:817][388]LogSavePackage: Moving 'D:/Artemii/Game/Game/Saved/01Gameplay_BuiltData24B2375E47ACC3A25D7D818F9A07505F.tmp' to 'D:/Artemii/Game/Game/Content/01Gameplay_BuiltData.uasset'
[2025.12.23-16.02.54:827][388]AssetCheck: New page: Asset Save: multiple assets
[2025.12.23-16.02.54:827][388]LogContentValidation: Display: Validating MapBuildDataRegistry /Game/01Gameplay_BuiltData.01Gameplay_BuiltData
[2025.12.23-16.02.54:827][388]LogContentValidation: Display: Validating World /Game/01Gameplay.01Gameplay
[2025.12.23-16.03.31:788][186]LogTemp: Repeating last play command: Selected Viewport
[2025.12.23-16.03.31:793][186]BlueprintLog: New page: Pre-Play auto-recompile
[2025.12.23-16.03.31:793][186]LogPlayLevel: [PlayLevel] Compiling 01Gameplay before play...
[2025.12.23-16.03.31:821][186]LogUObjectHash: Compacting FUObjectHashTables data took   1.53ms
[2025.12.23-16.03.31:823][186]LogPlayLevel: PlayLevel: Blueprint regeneration took 29 ms (1 blueprints)
[2025.12.23-16.03.31:825][186]PIE: New page: PIE session: 01Gameplay (23 груд. 2025 р., 20:03:31)
[2025.12.23-16.03.31:826][186]LogOnline: OSS: Creating online subsystem instance for: NULL
[2025.12.23-16.03.31:830][186]LogOnline: OSS: TryLoadSubsystemAndSetDefault: Loaded subsystem for module [NULL]
[2025.12.23-16.03.31:831][186]LogPlayLevel: Creating play world package: /Game/UEDPIE_0_01Gameplay
[2025.12.23-16.03.31:837][186]LogPlayLevel: PIE: StaticDuplicateObject took: (0.006609s)
[2025.12.23-16.03.31:838][186]LogAIModule: Creating AISystem for world 01Gameplay
[2025.12.23-16.03.31:838][186]LogPlayLevel: PIE: World Init took: (0.000706s)
[2025.12.23-16.03.31:838][186]LogPlayLevel: PIE: Created PIE world by copying editor world from /Game/01Gameplay.01Gameplay to /Game/UEDPIE_0_01Gameplay.01Gameplay (0.007398s)
[2025.12.23-16.03.31:855][186]LogUObjectHash: Compacting FUObjectHashTables data took   1.38ms
[2025.12.23-16.03.31:855][186]LogAudio: Display: Creating Audio Device:                 Id: 2, Scope: Unique, Realtime: True
[2025.12.23-16.03.31:855][186]LogAudioMixer: Display: Audio Mixer Platform Settings:
[2025.12.23-16.03.31:855][186]LogAudioMixer: Display: 	Sample Rate:						  48000
[2025.12.23-16.03.31:855][186]LogAudioMixer: Display: 	Callback Buffer Frame Size Requested: 1024
[2025.12.23-16.03.31:855][186]LogAudioMixer: Display: 	Callback Buffer Frame Size To Use:	  1024
[2025.12.23-16.03.31:855][186]LogAudioMixer: Display: 	Number of buffers to queue:			  2
[2025.12.23-16.03.31:855][186]LogAudioMixer: Display: 	Max Channels (voices):				  32
[2025.12.23-16.03.31:855][186]LogAudioMixer: Display: 	Number of Async Source Workers:		  0
[2025.12.23-16.03.31:855][186]LogAudio: Display: AudioDevice MaxSources: 32
[2025.12.23-16.03.31:855][186]LogAudio: Display: Audio Spatialization Plugin: None (built-in).
[2025.12.23-16.03.31:855][186]LogAudio: Display: Audio Reverb Plugin: None (built-in).
[2025.12.23-16.03.31:855][186]LogAudio: Display: Audio Occlusion Plugin: None (built-in).
[2025.12.23-16.03.31:855][186]LogAudioMixer: Display: Initializing audio mixer.
[2025.12.23-16.03.31:859][186]LogAudioMixer: Display: 0: FrontLeft
[2025.12.23-16.03.31:859][186]LogAudioMixer: Display: 1: FrontRight
[2025.12.23-16.03.31:867][186]LogAudioMixer: Display: Using Audio Device Speakers (Realtek(R) Audio)
[2025.12.23-16.03.31:867][186]LogAudioMixer: Display: Initializing Sound Submixes...
[2025.12.23-16.03.31:867][186]LogAudioMixer: Display: Creating Master Submix 'MasterSubmixDefault'
[2025.12.23-16.03.31:867][186]LogAudioMixer: Display: Creating Master Submix 'MasterReverbSubmixDefault'
[2025.12.23-16.03.31:867][186]LogAudioMixer: Display: Creating Master Submix 'MasterEQSubmixDefault'
[2025.12.23-16.03.31:867][186]LogAudioMixer: FMixerPlatformXAudio2::StartAudioStream() called
[2025.12.23-16.03.31:867][186]LogAudioMixer: Display: Output buffers initialized: Frames=1024, Channels=2, Samples=2048
[2025.12.23-16.03.31:868][186]LogAudioMixer: Display: Starting AudioMixerPlatformInterface::RunInternal()
[2025.12.23-16.03.31:868][186]LogAudioMixer: Display: FMixerPlatformXAudio2::SubmitBuffer() called for the first time
[2025.12.23-16.03.31:868][186]LogInit: FAudioDevice initialized.
[2025.12.23-16.03.31:868][186]LogAudio: Display: Audio Device (ID: 2) registered with world '01Gameplay'.
[2025.12.23-16.03.31:874][186]LogLoad: Game class is 'BP_Gameplay_GameMode_C'
[2025.12.23-16.03.31:879][186]LogWorld: Bringing World /Game/UEDPIE_0_01Gameplay.01Gameplay up for play (max tick rate 0) at 2025.12.23-18.03.31
[2025.12.23-16.03.31:880][186]LogWorld: Bringing up level for play took: 0.001780
[2025.12.23-16.03.31:880][186]LogOnline: OSS: Creating online subsystem instance for: :Context_24
[2025.12.23-16.03.31:896][186]LogNativeClassHierarchy: Verbose: Native class hierarchy updated for 'MovieSceneCapture' in 0.0003 seconds. Added 20 classes and 0 folders.
[2025.12.23-16.03.31:920][186]PIE: Server logged in
[2025.12.23-16.03.31:921][186]PIE: Play in editor total start time 0,13 seconds.
[2025.12.23-16.03.41:829][347]LogSlate: Updating window title bar state: overlay mode, drag disabled, window buttons hidden, title bar hidden
[2025.12.23-16.03.41:829][347]LogWorld: BeginTearingDown for /Game/UEDPIE_0_01Gameplay
[2025.12.23-16.03.41:830][347]LogWorld: UWorld::CleanupWorld for 01Gameplay, bSessionEnded=true, bCleanupResources=true
[2025.12.23-16.03.41:830][347]LogSlate: InvalidateAllWidgets triggered.  All widgets were invalidated
[2025.12.23-16.03.41:839][347]LogPlayLevel: Display: Shutting down PIE online subsystems
[2025.12.23-16.03.41:846][347]LogSlate: InvalidateAllWidgets triggered.  All widgets were invalidated
[2025.12.23-16.03.41:866][347]LogSlate: Updating window title bar state: overlay mode, drag disabled, window buttons hidden, title bar hidden
[2025.12.23-16.03.41:871][347]LogAudioMixer: FMixerPlatformXAudio2::StopAudioStream() called
[2025.12.23-16.03.41:872][347]LogAudioMixer: FMixerPlatformXAudio2::StopAudioStream() called
[2025.12.23-16.03.41:895][347]LogUObjectHash: Compacting FUObjectHashTables data took   2.40ms
[2025.12.23-16.03.41:921][348]LogPlayLevel: Display: Destroying online subsystem :Context_24
[2025.12.23-16.06.19:218][611]LogSlate: Window 'Message' being destroyed
[2025.12.23-16.06.19:226][611]Message dialog closed, result: Cancel, title: Message, text: Would you like to apply the changes of the modified material to the original material?
/Engine/EditorMaterials/WidgetMaterial.WidgetMaterial
(Selecting 'No' will cause all changes to be lost!)
[2025.12.23-16.06.20:220][729]LogMaterialEditor: Saving and Compiling material WidgetMaterial
[2025.12.23-16.06.20:434][729]LogMaterial: Display: Missing cached shadermap for WidgetMaterial in PCD3D_SM5, Default, SM5 (DDC key hash: 970DAEF87B0E6485EB4B7E2664E020B853B485EF), compiling. 
[2025.12.23-16.06.20:452][729]LogMaterial: Display: Missing cached shadermap for WidgetMaterial in PCD3D_SM5, Default, SM5 (DDC key hash: D750F70EFB527044463901A6CD7176704D3F5039), compiling. 
[2025.12.23-16.06.20:490][729]LogUObjectHash: Compacting FUObjectHashTables data took   2.07ms
[2025.12.23-16.06.20:602][729]LogShaderCompilers: Display: === FShaderJobCache stats ===
[2025.12.23-16.06.20:602][729]LogShaderCompilers: Display: Total job queries 1260, among them cache hits 568 (45.08%)
[2025.12.23-16.06.20:602][729]LogShaderCompilers: Display: Tracking 632 distinct input hashes that result in 348 distinct outputs (55.06%)
[2025.12.23-16.06.20:602][729]LogShaderCompilers: Display: RAM used: 1.73 MB (0.00 GB) of 1638.40 MB (1.60 GB) budget. Usage: 0.11%
[2025.12.23-16.06.20:602][729]LogShaderCompilers: Display: ================================================
[2025.12.23-16.06.20:625][729]LogUObjectHash: Compacting FUObjectHashTables data took   0.48ms
[2025.12.23-16.06.20:652][729]Cmd: OBJ SAVEPACKAGE PACKAGE="/Engine/EditorMaterials/WidgetMaterial" FILE="../../../Engine/Content/EditorMaterials/WidgetMaterial.uasset" SILENT=true
[2025.12.23-16.06.20:655][729]LogSavePackage: Moving 'D:/Artemii/Game/Game/Saved/WidgetMaterial55DA456E4EFFCB530AB344BC82EA2D81.tmp' to '../../../Engine/Content/EditorMaterials/WidgetMaterial.uasset'
[2025.12.23-16.06.20:673][729]AssetCheck: New page: Asset Save: WidgetMaterial
[2025.12.23-16.06.20:673][729]LogContentValidation: Display: Validating Material /Engine/EditorMaterials/WidgetMaterial.WidgetMaterial
[2025.12.23-16.06.22:048][888]LogWorld: UWorld::CleanupWorld for World_21, bSessionEnded=true, bCleanupResources=true
[2025.12.23-16.06.22:048][888]LogSlate: InvalidateAllWidgets triggered.  All widgets were invalidated
[2025.12.23-16.06.22:055][888]LogTemp: Warning: OnLevelViewportClientListChanged
[2025.12.23-16.06.23:957][ 78]LogMaterialEditor: Saving and Compiling material M_PortalCube
[2025.12.23-16.06.24:157][ 78]LogMaterial: Display: Missing cached shadermap for M_PortalCube in PCD3D_SM5, Default, SM5 (DDC key hash: 73CF9B51ABB4696031CDF3EDC68EC313AB1ABC5E), compiling. 
[2025.12.23-16.06.24:185][ 78]LogMaterial: Display: Missing cached shadermap for M_PortalCube in PCD3D_SM5, Default, SM5 (DDC key hash: 4BF5956B27E0C590CEB53D3C6BA6518CFA7E9F35), compiling. 
[2025.12.23-16.06.24:246][ 78]LogUObjectHash: Compacting FUObjectHashTables data took   1.63ms
[2025.12.23-16.06.24:401][ 78]LogUObjectHash: Compacting FUObjectHashTables data took   1.52ms
[2025.12.23-16.06.24:429][ 78]Cmd: OBJ SAVEPACKAGE PACKAGE="/Game/Material/M_PortalCube" FILE="D:/Artemii/Game/Game/Content/Material/M_PortalCube.uasset" SILENT=true
[2025.12.23-16.06.24:432][ 78]LogSavePackage: Moving 'D:/Artemii/Game/Game/Saved/M_PortalCubeE2E9B5114ABF6170CD1BCEAEBB2771D7.tmp' to 'D:/Artemii/Game/Game/Content/Material/M_PortalCube.uasset'
[2025.12.23-16.06.24:442][ 78]AssetCheck: New page: Asset Save: M_PortalCube
[2025.12.23-16.06.24:442][ 78]LogContentValidation: Display: Validating Material /Game/Material/M_PortalCube.M_PortalCube
[2025.12.23-16.06.27:907][474]LogWorld: UWorld::CleanupWorld for World_22, bSessionEnded=true, bCleanupResources=true
[2025.12.23-16.06.27:907][474]LogSlate: InvalidateAllWidgets triggered.  All widgets were invalidated
[2025.12.23-16.06.27:914][474]LogTemp: Warning: OnLevelViewportClientListChanged
[2025.12.23-16.11.30:617][  2]LogEditorTransaction: Undo Mouse Drag
[2025.12.23-16.11.31:427][ 51]LogEditorTransaction: Undo Mouse Drag
[2025.12.23-16.13.27:076][817]BlueprintLog: New page: Compile BP_PortalLevel
[2025.12.23-16.13.27:110][817]LogUObjectHash: Compacting FUObjectHashTables data took   1.93ms
[2025.12.23-16.13.28:148][934]Cmd: OBJ SAVEPACKAGE PACKAGE="/Game/Objects/LevelPortal/BP_PortalLevel" FILE="D:/Artemii/Game/Game/Content/Objects/LevelPortal/BP_PortalLevel.uasset" SILENT=true
[2025.12.23-16.13.28:154][934]LogSavePackage: Moving 'D:/Artemii/Game/Game/Saved/BP_PortalLevelD74EE81B4D1C6E71D861B0A3A1AA99BA.tmp' to 'D:/Artemii/Game/Game/Content/Objects/LevelPortal/BP_PortalLevel.uasset'
[2025.12.23-16.13.28:166][934]AssetCheck: New page: Asset Save: BP_PortalLevel
[2025.12.23-16.13.28:166][934]LogContentValidation: Display: Validating Blueprint /Game/Objects/LevelPortal/BP_PortalLevel.BP_PortalLevel
[2025.12.23-16.13.47:198][ 18]Cmd: TRANSACTION UNDO
[2025.12.23-16.13.47:198][ 18]LogEditorTransaction: Undo Select Interpolation Mode
[2025.12.23-16.13.54:914][888]LogEditorTransaction: Undo Mouse Drag
[2025.12.23-16.15.13:714][635]BlueprintLog: New page: Compile BP_PortalLevel
[2025.12.23-16.15.13:748][635]LogUObjectHash: Compacting FUObjectHashTables data took   1.96ms
[2025.12.23-16.15.14:217][685]Cmd: OBJ SAVEPACKAGE PACKAGE="/Game/Objects/LevelPortal/BP_PortalLevel" FILE="D:/Artemii/Game/Game/Content/Objects/LevelPortal/BP_PortalLevel.uasset" SILENT=true
[2025.12.23-16.15.14:223][685]LogSavePackage: Moving 'D:/Artemii/Game/Game/Saved/BP_PortalLevel3F3E7B314D47C6275E8E3D9501F2ACF7.tmp' to 'D:/Artemii/Game/Game/Content/Objects/LevelPortal/BP_PortalLevel.uasset'
[2025.12.23-16.15.14:235][685]AssetCheck: New page: Asset Save: BP_PortalLevel
[2025.12.23-16.15.14:235][685]LogContentValidation: Display: Validating Blueprint /Game/Objects/LevelPortal/BP_PortalLevel.BP_PortalLevel
[2025.12.23-16.15.45:161][586]LogUdpMessaging: Warning: UDP messaging encountered an error. Auto repair routine started for reinitialization
[2025.12.23-16.15.45:905][588]LogUObjectHash: Compacting FUObjectHashTables data took   3.15ms
[2025.12.23-16.15.45:915][588]Cmd: OBJ SAVEPACKAGE PACKAGE="/Game/01Gameplay" FILE="D:/Artemii/Game/Game/Saved/Autosaves/Game/01Gameplay_Auto3.umap" SILENT=true AUTOSAVING=true KEEPDIRTY=false
[2025.12.23-16.15.45:944][588]LogSavePackage: Moving 'D:/Artemii/Game/Game/Saved/01Gameplay_Auto3FB6C7A464A7CA4B59961228DCD3ED68E.tmp' to 'D:/Artemii/Game/Game/Saved/Autosaves/Game/01Gameplay_Auto3.umap'
[2025.12.23-16.15.45:944][588]LogFileHelpers: Editor autosave (incl. external actors) for '/Game/01Gameplay' took 0.074
[2025.12.23-16.15.45:944][588]LogFileHelpers: Editor autosave (incl. sublevels & external actors) for all levels took 0.074
[2025.12.23-16.15.58:323][521]LogEditorTransaction: Undo Modify Component Location
[2025.12.23-16.16.03:265][ 65]LogEditorTransaction: Undo Modify Component Scale
[2025.12.23-16.16.57:698][428]BlueprintLog: New page: Compile BP_PortalLevel
[2025.12.23-16.16.57:730][428]LogUObjectHash: Compacting FUObjectHashTables data took   1.58ms
[2025.12.23-16.16.58:132][471]Cmd: OBJ SAVEPACKAGE PACKAGE="/Game/Objects/LevelPortal/BP_PortalLevel" FILE="D:/Artemii/Game/Game/Content/Objects/LevelPortal/BP_PortalLevel.uasset" SILENT=true
[2025.12.23-16.16.58:138][471]LogSavePackage: Moving 'D:/Artemii/Game/Game/Saved/BP_PortalLevel4C6A00B349784151A01D28BD70D9C2E3.tmp' to 'D:/Artemii/Game/Game/Content/Objects/LevelPortal/BP_PortalLevel.uasset'
[2025.12.23-16.16.58:149][471]AssetCheck: New page: Asset Save: BP_PortalLevel
[2025.12.23-16.16.58:149][471]LogContentValidation: Display: Validating Blueprint /Game/Objects/LevelPortal/BP_PortalLevel.BP_PortalLevel
[2025.12.23-16.16.59:240][599]Cmd: OBJ SAVEPACKAGE PACKAGE="/Game/01Gameplay" FILE="D:/Artemii/Game/Game/Content/01Gameplay.umap" SILENT=true AUTOSAVING=false KEEPDIRTY=false
[2025.12.23-16.16.59:260][599]LogUObjectHash: Compacting FUObjectHashTables data took   1.88ms
[2025.12.23-16.16.59:289][599]LogSavePackage: Moving 'D:/Artemii/Game/Game/Saved/01Gameplay203664784B7C029F8DA26DA0D72BA0A5.tmp' to 'D:/Artemii/Game/Game/Content/01Gameplay.umap'
[2025.12.23-16.16.59:300][599]Cmd: OBJ SAVEPACKAGE PACKAGE="/Game/01Gameplay_BuiltData" FILE="D:/Artemii/Game/Game/Content/01Gameplay_BuiltData.uasset" SILENT=true
[2025.12.23-16.16.59:324][599]LogSavePackage: Moving 'D:/Artemii/Game/Game/Saved/01Gameplay_BuiltData4DE5CB2C4E052AB25B518DAC28DF9BD2.tmp' to 'D:/Artemii/Game/Game/Content/01Gameplay_BuiltData.uasset'
[2025.12.23-16.16.59:334][599]AssetCheck: New page: Asset Save: multiple assets
[2025.12.23-16.16.59:334][599]LogContentValidation: Display: Validating MapBuildDataRegistry /Game/01Gameplay_BuiltData.01Gameplay_BuiltData
[2025.12.23-16.16.59:334][599]LogContentValidation: Display: Validating World /Game/01Gameplay.01Gameplay
[2025.12.23-16.17.02:972][ 30]LogUObjectHash: Compacting FUObjectHashTables data took   1.45ms
[2025.12.23-16.17.03:029][ 30]LogActorComponent: UnregisterComponent: (/Engine/Transient.EditorFloorComp) Not registered. Aborting.
[2025.12.23-16.17.03:029][ 30]LogWorld: UWorld::CleanupWorld for World_1, bSessionEnded=true, bCleanupResources=true
[2025.12.23-16.17.03:029][ 30]LogSlate: InvalidateAllWidgets triggered.  All widgets were invalidated
[2025.12.23-16.17.03:049][ 30]LogTemp: Warning: OnLevelViewportClientListChanged
[2025.12.23-16.17.03:065][ 30]LogActorComponent: UnregisterComponent: (/Engine/Transient.EditorFloorComp) Not registered. Aborting.
[2025.12.23-16.17.03:065][ 30]LogWorld: UWorld::CleanupWorld for World_2, bSessionEnded=true, bCleanupResources=true
[2025.12.23-16.17.03:065][ 30]LogSlate: InvalidateAllWidgets triggered.  All widgets were invalidated
[2025.12.23-16.17.03:086][ 30]LogTemp: Warning: OnLevelViewportClientListChanged
[2025.12.23-16.17.03:097][ 30]LogActorComponent: UnregisterComponent: (/Engine/Transient.EditorFloorComp) Not registered. Aborting.
[2025.12.23-16.17.03:097][ 30]LogWorld: UWorld::CleanupWorld for World_18, bSessionEnded=true, bCleanupResources=true
[2025.12.23-16.17.03:097][ 30]LogSlate: InvalidateAllWidgets triggered.  All widgets were invalidated
[2025.12.23-16.17.03:120][ 30]LogTemp: Warning: OnLevelViewportClientListChanged
[2025.12.23-16.17.03:151][ 30]LogSlate: Window 'Game - Unreal Editor' being destroyed
[2025.12.23-16.17.03:227][ 30]LogTemp: Warning: OnLevelViewportClientListChanged
[2025.12.23-16.17.03:236][ 30]LogTemp: Warning: OnLevelViewportClientListChanged
[2025.12.23-16.17.03:245][ 30]LogTemp: Warning: OnLevelViewportClientListChanged
[2025.12.23-16.17.03:252][ 30]LogTemp: Warning: OnLevelViewportClientListChanged
[2025.12.23-16.17.03:275][ 31]Cmd: QUIT_EDITOR
[2025.12.23-16.17.03:275][ 31]LogCore: Engine exit requested (reason: UUnrealEdEngine::CloseEditor())
[2025.12.23-16.17.03:277][ 31]LogCore: Engine exit requested (reason: EngineExit() was called; note: exit was already requested)
[2025.12.23-16.17.03:380][ 31]LogAudio: Display: Beginning Audio Device Manager Shutdown (Module: AudioMixerXAudio2)...
[2025.12.23-16.17.03:380][ 31]LogAudio: Display: Destroying 1 Remaining Audio Device(s)...
[2025.12.23-16.17.03:380][ 31]LogAudio: Display: Audio Device unregistered from world '01Gameplay'.
[2025.12.23-16.17.03:380][ 31]LogAudioMixer: FMixerPlatformXAudio2::StopAudioStream() called
[2025.12.23-16.17.03:381][ 31]LogAudioMixer: FMixerPlatformXAudio2::StopAudioStream() called
[2025.12.23-16.17.03:384][ 31]LogAudio: Display: Audio Device Manager Shutdown
[2025.12.23-16.17.03:384][ 31]LogWindowsTextInputMethodSystem: Display: IME system deactivated.
[2025.12.23-16.17.03:387][ 31]LogExit: Preparing to exit.
[2025.12.23-16.17.03:477][ 31]LogUObjectHash: Compacting FUObjectHashTables data took   1.82ms
[2025.12.23-16.17.03:577][ 31]LogWorld: UWorld::CleanupWorld for World_6, bSessionEnded=true, bCleanupResources=true
[2025.12.23-16.17.03:579][ 31]LogWorld: UWorld::CleanupWorld for World_8, bSessionEnded=true, bCleanupResources=true
[2025.12.23-16.17.03:581][ 31]LogWorld: UWorld::CleanupWorld for World_9, bSessionEnded=true, bCleanupResources=true
[2025.12.23-16.17.03:583][ 31]LogWorld: UWorld::CleanupWorld for World_10, bSessionEnded=true, bCleanupResources=true
[2025.12.23-16.17.03:584][ 31]LogWorld: UWorld::CleanupWorld for World_11, bSessionEnded=true, bCleanupResources=true
[2025.12.23-16.17.03:586][ 31]LogWorld: UWorld::CleanupWorld for World_12, bSessionEnded=true, bCleanupResources=true
[2025.12.23-16.17.03:587][ 31]LogWorld: UWorld::CleanupWorld for World_13, bSessionEnded=true, bCleanupResources=true
[2025.12.23-16.17.03:588][ 31]LogWorld: UWorld::CleanupWorld for World_14, bSessionEnded=true, bCleanupResources=true
[2025.12.23-16.17.03:590][ 31]LogWorld: UWorld::CleanupWorld for World_15, bSessionEnded=true, bCleanupResources=true
[2025.12.23-16.17.03:591][ 31]LogWorld: UWorld::CleanupWorld for World_16, bSessionEnded=true, bCleanupResources=true
[2025.12.23-16.17.03:592][ 31]LogWorld: UWorld::CleanupWorld for World_17, bSessionEnded=true, bCleanupResources=true
[2025.12.23-16.17.03:593][ 31]LogWorld: UWorld::CleanupWorld for World_19, bSessionEnded=true, bCleanupResources=true
[2025.12.23-16.17.03:595][ 31]LogWorld: UWorld::CleanupWorld for World_0, bSessionEnded=true, bCleanupResources=true
[2025.12.23-16.17.03:596][ 31]LogWorld: UWorld::CleanupWorld for World_7, bSessionEnded=true, bCleanupResources=true
[2025.12.23-16.17.03:638][ 31]LogDemo: Cleaned up 0 splitscreen connections with owner deletion
[2025.12.23-16.17.03:639][ 31]LogWorld: UWorld::CleanupWorld for None, bSessionEnded=true, bCleanupResources=true
[2025.12.23-16.17.03:640][ 31]LogExit: Editor shut down
[2025.12.23-16.17.03:640][ 31]LogExit: Transaction tracking system shut down
[2025.12.23-16.17.03:886][ 31]LogExit: Object subsystem successfully closed.
[2025.12.23-16.17.03:902][ 31]LogShaderCompilers: Display: === FShaderJobCache stats ===
[2025.12.23-16.17.03:902][ 31]LogShaderCompilers: Display: Total job queries 1315, among them cache hits 623 (47.38%)
[2025.12.23-16.17.03:902][ 31]LogShaderCompilers: Display: Tracking 632 distinct input hashes that result in 348 distinct outputs (55.06%)
[2025.12.23-16.17.03:902][ 31]LogShaderCompilers: Display: RAM used: 1.73 MB (0.00 GB) of 1638.40 MB (1.60 GB) budget. Usage: 0.11%
[2025.12.23-16.17.03:902][ 31]LogShaderCompilers: Display: ================================================
[2025.12.23-16.17.03:915][ 31]LogShaderCompilers: Display: Shaders left to compile 0
[2025.12.23-16.17.03:928][ 31]LogModuleManager: Shutting down and abandoning module MovieSceneCapture (882)
[2025.12.23-16.17.03:928][ 31]LogModuleManager: Shutting down and abandoning module Voice (880)
[2025.12.23-16.17.03:928][ 31]LogModuleManager: Shutting down and abandoning module HierarchicalLODUtilities (878)
[2025.12.23-16.17.03:928][ 31]LogModuleManager: Shutting down and abandoning module BlueprintGraph (876)
[2025.12.23-16.17.03:928][ 31]LogModuleManager: Shutting down and abandoning module HierarchicalLODOutliner (874)
[2025.12.23-16.17.03:928][ 31]LogModuleManager: Shutting down and abandoning module SceneOutliner (872)
[2025.12.23-16.17.03:928][ 31]LogModuleManager: Shutting down and abandoning module AddContentDialog (870)
[2025.12.23-16.17.03:929][ 31]LogModuleManager: Shutting down and abandoning module WidgetCarousel (869)
[2025.12.23-16.17.03:929][ 31]LogModuleManager: Shutting down and abandoning module EditorWidgets (866)
[2025.12.23-16.17.03:929][ 31]LogModuleManager: Shutting down and abandoning module StatsViewer (864)
[2025.12.23-16.17.03:929][ 31]LogModuleManager: Shutting down and abandoning module PIEPreviewDeviceProfileSelector (862)
[2025.12.23-16.17.03:929][ 31]LogModuleManager: Shutting down and abandoning module SequenceRecorderSections (860)
[2025.12.23-16.17.03:929][ 31]LogModuleManager: Shutting down and abandoning module AutomationWorker (858)
[2025.12.23-16.17.03:929][ 31]LogModuleManager: Shutting down and abandoning module SteamVREditor (856)
[2025.12.23-16.17.03:929][ 31]LogModuleManager: Shutting down and abandoning module OculusMR (854)
[2025.12.23-16.17.03:929][ 31]LogModuleManager: Shutting down and abandoning module TakeRecorderSources (852)
[2025.12.23-16.17.03:929][ 31]LogModuleManager: Shutting down and abandoning module TakeRecorder (851)
[2025.12.23-16.17.03:929][ 31]LogModuleManager: Shutting down and abandoning module TakeTrackRecorders (848)
[2025.12.23-16.17.03:929][ 31]LogModuleManager: Shutting down and abandoning module TakesCore (846)
[2025.12.23-16.17.03:929][ 31]LogModuleManager: Shutting down and abandoning module OpenXRInput (844)
[2025.12.23-16.17.03:929][ 31]LogModuleManager: Shutting down and abandoning module GooglePADEditor (842)
[2025.12.23-16.17.03:929][ 31]LogModuleManager: Shutting down and abandoning module AudioCaptureEditor (840)
[2025.12.23-16.17.03:929][ 31]LogModuleManager: Shutting down and abandoning module TemplateSequenceEditor (838)
[2025.12.23-16.17.03:929][ 31]LogModuleManager: Shutting down and abandoning module LevelSequenceEditor (836)
[2025.12.23-16.17.03:929][ 31]LogModuleManager: Shutting down and abandoning module MatineeToLevelSequence (834)
[2025.12.23-16.17.03:929][ 31]LogModuleManager: Shutting down and abandoning module WebMMediaFactory (832)
[2025.12.23-16.17.03:929][ 31]LogModuleManager: Shutting down and abandoning module WebMMediaEditor (830)
[2025.12.23-16.17.03:929][ 31]LogModuleManager: Shutting down and abandoning module WebMMedia (828)
[2025.12.23-16.17.03:929][ 31]LogModuleManager: Shutting down and abandoning module ActorSequenceEditor (826)
[2025.12.23-16.17.03:929][ 31]LogModuleManager: Shutting down and abandoning module WmfMediaFactory (824)
[2025.12.23-16.17.03:929][ 31]LogModuleManager: Shutting down and abandoning module WmfMediaEditor (822)
[2025.12.23-16.17.03:929][ 31]LogModuleManager: Shutting down and abandoning module MediaCompositingEditor (820)
[2025.12.23-16.17.03:929][ 31]LogModuleManager: Shutting down and abandoning module SequenceRecorder (819)
[2025.12.23-16.17.03:929][ 31]LogModuleManager: Shutting down and abandoning module MediaPlayerEditor (816)
[2025.12.23-16.17.03:929][ 31]LogModuleManager: Shutting down and abandoning module OpenExrWrapper (814)
[2025.12.23-16.17.03:929][ 31]LogModuleManager: Shutting down and abandoning module ImgMediaFactory (812)
[2025.12.23-16.17.03:929][ 31]LogModuleManager: Shutting down and abandoning module ImgMediaEditor (810)
[2025.12.23-16.17.03:929][ 31]LogModuleManager: Shutting down and abandoning module AndroidMediaFactory (808)
[2025.12.23-16.17.03:929][ 31]LogModuleManager: Shutting down and abandoning module AndroidMediaEditor (806)
[2025.12.23-16.17.03:929][ 31]LogModuleManager: Shutting down and abandoning module AvfMediaFactory (804)
[2025.12.23-16.17.03:929][ 31]LogModuleManager: Shutting down and abandoning module AvfMediaEditor (802)
[2025.12.23-16.17.03:929][ 31]LogModuleManager: Shutting down and abandoning module MagicLeapMediaCodecFactory (800)
[2025.12.23-16.17.03:929][ 31]LogModuleManager: Shutting down and abandoning module MagicLeapMediaFactory (798)
[2025.12.23-16.17.03:929][ 31]LogModuleManager: Shutting down and abandoning module MagicLeapMediaEditor (796)
[2025.12.23-16.17.03:929][ 31]LogModuleManager: Shutting down and abandoning module PlanarCut (794)
[2025.12.23-16.17.03:929][ 31]LogModuleManager: Shutting down and abandoning module CharacterAI (792)
[2025.12.23-16.17.03:929][ 31]LogModuleManager: Shutting down and abandoning module TextureAlignMode (790)
[2025.12.23-16.17.03:929][ 31]LogModuleManager: Shutting down and abandoning module BspMode (788)
[2025.12.23-16.17.03:929][ 31]LogModuleManager: Shutting down and abandoning module GeometryMode (786)
[2025.12.23-16.17.03:929][ 31]LogModuleManager: Shutting down and abandoning module CameraShakePreviewer (784)
[2025.12.23-16.17.03:929][ 31]LogModuleManager: Shutting down and abandoning module SmartSnapping (782)
[2025.12.23-16.17.03:929][ 31]LogModuleManager: Shutting down and abandoning module SessionServices (780)
[2025.12.23-16.17.03:929][ 31]LogModuleManager: Shutting down and abandoning module MeshPaint (778)
[2025.12.23-16.17.03:929][ 31]LogModuleManager: Shutting down and abandoning module VirtualTexturingEditor (776)
[2025.12.23-16.17.03:929][ 31]LogModuleManager: Shutting down and abandoning module FoliageEdit (774)
[2025.12.23-16.17.03:929][ 31]LogModuleManager: Shutting down and abandoning module LandscapeEditor (772)
[2025.12.23-16.17.03:929][ 31]LogModuleManager: Shutting down and abandoning module MeshPaintMode (770)
[2025.12.23-16.17.03:929][ 31]LogModuleManager: Shutting down and abandoning module SceneDepthPickerMode (768)
[2025.12.23-16.17.03:930][ 31]LogModuleManager: Shutting down and abandoning module ActorPickerMode (766)
[2025.12.23-16.17.03:930][ 31]LogModuleManager: Shutting down and abandoning module PlacementMode (764)
[2025.12.23-16.17.03:930][ 31]LogModuleManager: Shutting down and abandoning module ViewportSnapping (762)
[2025.12.23-16.17.03:930][ 31]LogModuleManager: Shutting down and abandoning module ViewportInteraction (760)
[2025.12.23-16.17.03:930][ 31]LogModuleManager: Shutting down and abandoning module ClothPainter (758)
[2025.12.23-16.17.03:930][ 31]LogModuleManager: Shutting down and abandoning module SkeletalMeshEditor (757)
[2025.12.23-16.17.03:930][ 31]LogModuleManager: Shutting down and abandoning module LogVisualizer (754)
[2025.12.23-16.17.03:930][ 31]LogModuleManager: Shutting down and abandoning module IntroTutorials (752)
[2025.12.23-16.17.03:930][ 31]LogModuleManager: Shutting down and abandoning module GameProjectGeneration (751)
[2025.12.23-16.17.03:930][ 31]LogModuleManager: Shutting down and abandoning module LuminPlatformEditor (748)
[2025.12.23-16.17.03:930][ 31]LogModuleManager: Shutting down and abandoning module IOSPlatformEditor (746)
[2025.12.23-16.17.03:930][ 31]LogModuleManager: Shutting down and abandoning module AndroidPlatformEditor (744)
[2025.12.23-16.17.03:930][ 31]LogModuleManager: Shutting down and abandoning module AndroidDeviceDetection (743)
[2025.12.23-16.17.05:450][ 31]LogModuleManager: Shutting down and abandoning module WindowsPlatformEditor (740)
[2025.12.23-16.17.05:450][ 31]LogModuleManager: Shutting down and abandoning module LuminRuntimeSettings (738)
[2025.12.23-16.17.05:450][ 31]LogModuleManager: Shutting down and abandoning module IOSRuntimeSettings (736)
[2025.12.23-16.17.05:450][ 31]LogModuleManager: Shutting down and abandoning module AndroidRuntimeSettings (734)
[2025.12.23-16.17.05:450][ 31]LogModuleManager: Shutting down and abandoning module TraceInsights (732)
[2025.12.23-16.17.05:451][ 31]MemoryProfiler: Shutdown
[2025.12.23-16.17.05:451][ 31]NetworkingProfiler: Shutdown
[2025.12.23-16.17.05:451][ 31]LoadingProfiler: Shutdown
[2025.12.23-16.17.05:451][ 31]TimingProfiler: Shutdown
[2025.12.23-16.17.05:451][ 31]LogModuleManager: Shutting down and abandoning module TraceServices (731)
[2025.12.23-16.17.05:451][ 31]LogModuleManager: Shutting down and abandoning module EditorInteractiveToolsFramework (728)
[2025.12.23-16.17.05:451][ 31]LogModuleManager: Shutting down and abandoning module TimeManagementEditor (726)
[2025.12.23-16.17.05:451][ 31]LogModuleManager: Shutting down and abandoning module InputBindingEditor (724)
[2025.12.23-16.17.05:451][ 31]LogModuleManager: Shutting down and abandoning module MergeActors (722)
[2025.12.23-16.17.05:451][ 31]LogModuleManager: Shutting down and abandoning module LocalizationDashboard (720)
[2025.12.23-16.17.05:451][ 31]LogModuleManager: Shutting down and abandoning module LocalizationService (719)
[2025.12.23-16.17.05:451][ 31]LogModuleManager: Shutting down and abandoning module HardwareTargeting (716)
[2025.12.23-16.17.05:451][ 31]LogModuleManager: Shutting down and abandoning module DeviceProfileEditor (714)
[2025.12.23-16.17.05:451][ 31]LogModuleManager: Shutting down and abandoning module UndoHistory (712)
[2025.12.23-16.17.05:451][ 31]LogModuleManager: Shutting down and abandoning module XmlParser (710)
[2025.12.23-16.17.05:451][ 31]LogModuleManager: Shutting down and abandoning module Blutility (708)
[2025.12.23-16.17.05:451][ 31]LogModuleManager: Shutting down and abandoning module ProjectSettingsViewer (706)
[2025.12.23-16.17.05:452][ 31]LogModuleManager: Shutting down and abandoning module ProjectTargetPlatformEditor (705)
[2025.12.23-16.17.05:452][ 31]LogModuleManager: Shutting down and abandoning module EditorSettingsViewer (702)
[2025.12.23-16.17.05:452][ 31]LogModuleManager: Shutting down and abandoning module InternationalizationSettings (701)
[2025.12.23-16.17.05:452][ 31]LogModuleManager: Shutting down and abandoning module SettingsEditor (698)
[2025.12.23-16.17.05:452][ 31]LogModuleManager: Shutting down and abandoning module ProjectLauncher (696)
[2025.12.23-16.17.05:452][ 31]LogModuleManager: Shutting down and abandoning module SessionFrontend (694)
[2025.12.23-16.17.05:452][ 31]LogModuleManager: Shutting down and abandoning module ProfilerClient (692)
[2025.12.23-16.17.05:452][ 31]LogModuleManager: Shutting down and abandoning module DeviceManager (690)
[2025.12.23-16.17.05:452][ 31]LogModuleManager: Shutting down and abandoning module TargetDeviceServices (689)
[2025.12.23-16.17.05:485][ 31]LogModuleManager: Shutting down and abandoning module AutomationController (686)
[2025.12.23-16.17.05:485][ 31]LogModuleManager: Shutting down and abandoning module AutomationWindow (684)
[2025.12.23-16.17.05:485][ 31]LogModuleManager: Shutting down and abandoning module Layers (682)
[2025.12.23-16.17.05:486][ 31]LogModuleManager: Shutting down and abandoning module ComponentVisualizers (680)
[2025.12.23-16.17.05:486][ 31]LogModuleManager: Shutting down and abandoning module DetailCustomizations (678)
[2025.12.23-16.17.05:486][ 31]LogModuleManager: Shutting down and abandoning module PackagesDialog (676)
[2025.12.23-16.17.05:487][ 31]LogModuleManager: Shutting down and abandoning module AnimationBlueprintEditor (674)
[2025.12.23-16.17.05:487][ 31]LogModuleManager: Shutting down and abandoning module Persona (672)
[2025.12.23-16.17.05:487][ 31]LogModuleManager: Shutting down and abandoning module AdvancedPreviewScene (671)
[2025.12.23-16.17.05:487][ 31]LogModuleManager: Shutting down and abandoning module AnimGraph (669)
[2025.12.23-16.17.05:487][ 31]LogModuleManager: Shutting down and abandoning module Kismet (666)
[2025.12.23-16.17.05:500][ 31]LogModuleManager: Shutting down and abandoning module KismetWidgets (665)
[2025.12.23-16.17.05:500][ 31]LogModuleManager: Shutting down and abandoning module GraphEditor (662)
[2025.12.23-16.17.05:500][ 31]LogModuleManager: Shutting down and abandoning module StructViewer (660)
[2025.12.23-16.17.05:500][ 31]LogModuleManager: Shutting down and abandoning module ClassViewer (658)
[2025.12.23-16.17.05:501][ 31]LogModuleManager: Shutting down and abandoning module Toolbox (656)
[2025.12.23-16.17.05:501][ 31]LogModuleManager: Shutting down and abandoning module ModuleUI (654)
[2025.12.23-16.17.05:501][ 31]LogModuleManager: Shutting down and abandoning module OutputLog (652)
[2025.12.23-16.17.05:502][ 31]LogModuleManager: Shutting down and abandoning module GammaUI (650)
[2025.12.23-16.17.05:502][ 31]LogModuleManager: Shutting down and abandoning module Documentation (648)
[2025.12.23-16.17.05:502][ 31]LogModuleManager: Shutting down and abandoning module LiveCoding (646)
[2025.12.23-16.17.05:502][ 31]LogModuleManager: Shutting down and abandoning module LevelSequence (644)
[2025.12.23-16.17.05:502][ 31]LogModuleManager: Shutting down and abandoning module MovieSceneTracks (642)
[2025.12.23-16.17.05:502][ 31]LogModuleManager: Shutting down and abandoning module MovieScene (640)
[2025.12.23-16.17.05:502][ 31]LogModuleManager: Shutting down and abandoning module StreamingPauseRendering (638)
[2025.12.23-16.17.05:502][ 31]LogModuleManager: Shutting down and abandoning module LauncherPlatform (636)
[2025.12.23-16.17.05:502][ 31]LogModuleManager: Shutting down and abandoning module AnalyticsET (634)
[2025.12.23-16.17.05:502][ 31]LogModuleManager: Shutting down and abandoning module PortalServices (632)
[2025.12.23-16.17.05:502][ 31]LogModuleManager: Shutting down and abandoning module PortalRpc (630)
[2025.12.23-16.17.05:502][ 31]LogModuleManager: Shutting down and abandoning module MessagingRpc (628)
[2025.12.23-16.17.05:502][ 31]LogModuleManager: Shutting down and abandoning module AudioMixerXAudio2 (626)
[2025.12.23-16.17.05:502][ 31]LogModuleManager: Shutting down and abandoning module AudioMixerCore (625)
[2025.12.23-16.17.05:502][ 31]LogModuleManager: Shutting down and abandoning module AIModule (622)
[2025.12.23-16.17.05:502][ 31]LogModuleManager: Shutting down and abandoning module GameplayDebugger (621)
[2025.12.23-16.17.05:502][ 31]LogModuleManager: Shutting down and abandoning module AITestSuite (619)
[2025.12.23-16.17.05:502][ 31]LogModuleManager: Shutting down and abandoning module NavigationSystem (617)
[2025.12.23-16.17.05:502][ 31]LogModuleManager: Shutting down and abandoning module ImageWriteQueue (614)
[2025.12.23-16.17.05:514][ 31]LogModuleManager: Shutting down and abandoning module ProfilerService (612)
[2025.12.23-16.17.05:640][ 31]LogModuleManager: Shutting down and abandoning module TaskGraph (610)
[2025.12.23-16.17.05:641][ 31]LogModuleManager: Shutting down and abandoning module AudioSynesthesiaEditor (608)
[2025.12.23-16.17.05:641][ 31]LogModuleManager: Shutting down and abandoning module OculusEditor (606)
[2025.12.23-16.17.05:641][ 31]LogModuleManager: Shutting down and abandoning module OculusInput (604)
[2025.12.23-16.17.05:641][ 31]LogModuleManager: Shutting down and abandoning module ContentBrowserClassDataSource (602)
[2025.12.23-16.17.05:641][ 31]LogModuleManager: Shutting down and abandoning module ContentBrowserFileDataSource (600)
[2025.12.23-16.17.05:641][ 31]LogModuleManager: Shutting down and abandoning module ContentBrowserAssetDataSource (598)
[2025.12.23-16.17.05:641][ 31]LogModuleManager: Shutting down and abandoning module CollectionManager (597)
[2025.12.23-16.17.05:641][ 31]LogModuleManager: Shutting down and abandoning module ScreenshotTools (594)
[2025.12.23-16.17.05:641][ 31]LogModuleManager: Shutting down and abandoning module TakeSequencer (592)
[2025.12.23-16.17.05:641][ 31]LogModuleManager: Shutting down and abandoning module TakeMovieScene (590)
[2025.12.23-16.17.05:641][ 31]LogModuleManager: Shutting down and abandoning module SynthesisEditor (588)
[2025.12.23-16.17.05:641][ 31]LogModuleManager: Shutting down and abandoning module Synthesis (586)
[2025.12.23-16.17.05:641][ 31]LogModuleManager: Shutting down and abandoning module ProceduralMeshComponentEditor (584)
[2025.12.23-16.17.05:641][ 31]LogModuleManager: Shutting down and abandoning module ProceduralMeshComponent (582)
[2025.12.23-16.17.05:641][ 31]LogModuleManager: Shutting down and abandoning module OpenXREditor (580)
[2025.12.23-16.17.05:641][ 31]LogModuleManager: Shutting down and abandoning module MobilePatchingUtils (578)
[2025.12.23-16.17.05:641][ 31]LogModuleManager: Shutting down and abandoning module GooglePAD (576)
[2025.12.23-16.17.05:641][ 31]LogModuleManager: Shutting down and abandoning module EditableMesh (574)
[2025.12.23-16.17.05:641][ 31]LogModuleManager: Shutting down and abandoning module CableComponent (572)
[2025.12.23-16.17.05:641][ 31]LogModuleManager: Shutting down and abandoning module AudioCapture (570)
[2025.12.23-16.17.05:641][ 31]LogModuleManager: Shutting down and abandoning module AudioCaptureRtAudio (569)
[2025.12.23-16.17.05:641][ 31]LogModuleManager: Shutting down and abandoning module CustomMeshComponent (566)
[2025.12.23-16.17.05:641][ 31]LogModuleManager: Shutting down and abandoning module ArchVisCharacter (564)
[2025.12.23-16.17.05:641][ 31]LogModuleManager: Shutting down and abandoning module AssetTags (562)
[2025.12.23-16.17.05:641][ 31]LogModuleManager: Shutting down and abandoning module AppleImageUtilsBlueprintSupport (560)
[2025.12.23-16.17.05:641][ 31]LogModuleManager: Shutting down and abandoning module AppleImageUtils (558)
[2025.12.23-16.17.05:641][ 31]LogModuleManager: Shutting down and abandoning module AndroidPermission (556)
[2025.12.23-16.17.05:641][ 31]LogModuleManager: Shutting down and abandoning module ActorLayerUtilitiesEditor (554)
[2025.12.23-16.17.05:641][ 31]LogModuleManager: Shutting down and abandoning module ActorLayerUtilities (552)
[2025.12.23-16.17.05:641][ 31]LogModuleManager: Shutting down and abandoning module NiagaraEditorWidgets (550)
[2025.12.23-16.17.05:641][ 31]LogModuleManager: Shutting down and abandoning module TemplateSequence (548)
[2025.12.23-16.17.05:641][ 31]LogModuleManager: Shutting down and abandoning module MediaCompositing (546)
[2025.12.23-16.17.05:641][ 31]LogModuleManager: Shutting down and abandoning module ImgMedia (544)
[2025.12.23-16.17.05:641][ 31]LogModuleManager: Shutting down and abandoning module MagicLeapSharedWorld (542)
[2025.12.23-16.17.05:641][ 31]LogModuleManager: Shutting down and abandoning module GeometryCollectionTracks (540)
[2025.12.23-16.17.05:641][ 31]LogModuleManager: Shutting down and abandoning module GeometryCollectionSequencer (539)
[2025.12.23-16.17.05:641][ 31]LogModuleManager: Shutting down and abandoning module GeometryCollectionEditor (536)
[2025.12.23-16.17.05:641][ 31]LogModuleManager: Shutting down and abandoning module MagicLeapLightEstimation (534)
[2025.12.23-16.17.05:641][ 31]LogModuleManager: Shutting down and abandoning module MagicLeapHelperVulkan (532)
[2025.12.23-16.17.05:641][ 31]LogModuleManager: Shutting down and abandoning module MagicLeapHelperOpenGL (530)
[2025.12.23-16.17.05:641][ 31]LogModuleManager: Shutting down and abandoning module MagicLeapAudio (528)
[2025.12.23-16.17.05:641][ 31]LogModuleManager: Shutting down and abandoning module MagicBulletLooksEditor (526)
[2025.12.23-16.17.05:641][ 31]LogModuleManager: Shutting down and abandoning module MagicBulletLooks (524)
[2025.12.23-16.17.05:650][ 31]LogModuleManager: Shutting down and abandoning module GeometryCacheTracks (522)
[2025.12.23-16.17.05:650][ 31]LogModuleManager: Shutting down and abandoning module GeometryCacheStreamer (520)
[2025.12.23-16.17.05:650][ 31]LogModuleManager: Shutting down and abandoning module GeometryCacheSequencer (518)
[2025.12.23-16.17.05:650][ 31]LogModuleManager: Shutting down and abandoning module MotoSynthEditor (516)
[2025.12.23-16.17.05:650][ 31]LogModuleManager: Shutting down and abandoning module MotoSynth (514)
[2025.12.23-16.17.05:650][ 31]LogModuleManager: Shutting down and abandoning module MeshConversion (512)
[2025.12.23-16.17.05:650][ 31]LogModuleManager: Shutting down and abandoning module DynamicMesh (510)
[2025.12.23-16.17.05:650][ 31]LogModuleManager: Shutting down and abandoning module GeometryAlgorithms (508)
[2025.12.23-16.17.05:650][ 31]LogModuleManager: Shutting down and abandoning module GeometricObjects (506)
[2025.12.23-16.17.05:650][ 31]LogModuleManager: Shutting down and abandoning module OpenImageDenoise (504)
[2025.12.23-16.17.05:650][ 31]LogOpenImageDenoise: OIDN shutting down
[2025.12.23-16.17.05:650][ 31]LogModuleManager: Shutting down and abandoning module ChaosNiagara (502)
[2025.12.23-16.17.05:650][ 31]LogModuleManager: Shutting down and abandoning module FractureEditor (500)
[2025.12.23-16.17.05:650][ 31]LogModuleManager: Shutting down and abandoning module ChaosSolverEditor (498)
[2025.12.23-16.17.05:650][ 31]LogModuleManager: Shutting down and abandoning module FieldSystemEngine (497)
[2025.12.23-16.17.05:650][ 31]LogModuleManager: Shutting down and abandoning module ChaosClothEditor (494)
[2025.12.23-16.17.05:650][ 31]LogModuleManager: Shutting down and abandoning module BackChannel (492)
[2025.12.23-16.17.05:650][ 31]LogModuleManager: Shutting down and abandoning module AutomationUtilsEditor (490)
[2025.12.23-16.17.05:650][ 31]LogModuleManager: Shutting down and abandoning module AutomationUtils (488)
[2025.12.23-16.17.05:650][ 31]LogModuleManager: Shutting down and abandoning module VariantManagerContentEditor (486)
[2025.12.23-16.17.05:650][ 31]LogModuleManager: Shutting down and abandoning module AlembicImporter (484)
[2025.12.23-16.17.05:650][ 31]LogModuleManager: Shutting down and abandoning module AlembicLibrary (483)
[2025.12.23-16.17.05:650][ 31]LogModuleManager: Shutting down and abandoning module GeometryCache (482)
[2025.12.23-16.17.05:650][ 31]LogModuleManager: Shutting down and abandoning module GeometryCacheEd (481)
[2025.12.23-16.17.05:650][ 31]LogModuleManager: Shutting down and abandoning module DatasmithContentEditor (476)
[2025.12.23-16.17.05:650][ 31]LogModuleManager: Shutting down and abandoning module SubversionSourceControl (474)
[2025.12.23-16.17.05:650][ 31]LogModuleManager: Shutting down and abandoning module VisualStudioCodeSourceCodeAccess (472)
[2025.12.23-16.17.05:650][ 31]LogModuleManager: Shutting down and abandoning module VisualStudioSourceCodeAccess (470)
[2025.12.23-16.17.05:650][ 31]LogModuleManager: Shutting down and abandoning module UObjectPlugin (468)
[2025.12.23-16.17.05:650][ 31]LogModuleManager: Shutting down and abandoning module CLionSourceCodeAccess (466)
[2025.12.23-16.17.05:650][ 31]LogModuleManager: Shutting down and abandoning module RiderSourceCodeAccess (464)
[2025.12.23-16.17.05:650][ 31]LogModuleManager: Shutting down and abandoning module PerforceSourceControl (462)
[2025.12.23-16.17.05:650][ 31]LogModuleManager: Shutting down and abandoning module PluginUtils (460)
[2025.12.23-16.17.05:650][ 31]LogModuleManager: Shutting down and abandoning module PlasticSourceControl (458)
[2025.12.23-16.17.05:650][ 31]LogModuleManager: Shutting down and abandoning module GitSourceControl (456)
[2025.12.23-16.17.05:650][ 31]LogModuleManager: Shutting down and abandoning module SourceControl (455)
[2025.12.23-16.17.05:650][ 31]LogModuleManager: Shutting down and abandoning module SpeedTreeImporter (452)
[2025.12.23-16.17.05:650][ 31]LogModuleManager: Shutting down and abandoning module PluginBrowser (450)
[2025.12.23-16.17.05:650][ 31]LogModuleManager: Shutting down and abandoning module AnimationSharingEd (448)
[2025.12.23-16.17.05:650][ 31]LogModuleManager: Shutting down and abandoning module MaterialAnalyzer (446)
[2025.12.23-16.17.05:650][ 31]LogModuleManager: Shutting down and abandoning module MobileLauncherProfileWizard (444)
[2025.12.23-16.17.05:650][ 31]LogModuleManager: Shutting down and abandoning module OodleNetworkHandlerComponent (442)
[2025.12.23-16.17.05:650][ 31]LogModuleManager: Shutting down and abandoning module CurveEditorTools (440)
[2025.12.23-16.17.05:650][ 31]LogModuleManager: Shutting down and abandoning module CryptoKeysOpenSSL (438)
[2025.12.23-16.17.05:650][ 31]LogModuleManager: Shutting down and abandoning module CryptoKeys (436)
[2025.12.23-16.17.05:650][ 31]LogModuleManager: Shutting down and abandoning module LightPropagationVolumeEditor (434)
[2025.12.23-16.17.05:650][ 31]LogModuleManager: Shutting down and abandoning module LiveLinkSequencer (432)
[2025.12.23-16.17.05:650][ 31]LogModuleManager: Shutting down and abandoning module LiveLinkMovieScene (430)
[2025.12.23-16.17.05:650][ 31]LogModuleManager: Shutting down and abandoning module LiveLinkGraphNode (428)
[2025.12.23-16.17.05:650][ 31]LogModuleManager: Shutting down and abandoning module LiveLinkEditor (426)
[2025.12.23-16.17.05:650][ 31]LogModuleManager: Shutting down and abandoning module LiveLinkComponents (424)
[2025.12.23-16.17.05:650][ 31]LogModuleManager: Shutting down and abandoning module LiveLink (422)
[2025.12.23-16.17.06:586][ 31]LogModuleManager: Shutting down and abandoning module PaperTiledImporter (420)
[2025.12.23-16.17.06:586][ 31]LogModuleManager: Shutting down and abandoning module PaperSpriteSheetImporter (418)
[2025.12.23-16.17.06:586][ 31]LogModuleManager: Shutting down and abandoning module Paper2DEditor (416)
[2025.12.23-16.17.06:586][ 31]LogModuleManager: Shutting down and abandoning module MeshPaintingToolset (414)
[2025.12.23-16.17.06:586][ 31]LogModuleManager: Shutting down and abandoning module MeshPaintEditorMode (412)
[2025.12.23-16.17.06:586][ 31]LogModuleManager: Shutting down and abandoning module SoundFields (410)
[2025.12.23-16.17.06:586][ 31]LogModuleManager: Shutting down and abandoning module RuntimePhysXCooking (408)
[2025.12.23-16.17.06:586][ 31]LogModuleManager: Shutting down and abandoning module SignificanceManager (406)
[2025.12.23-16.17.06:586][ 31]LogModuleManager: Shutting down and abandoning module PropertyAccessEditor (404)
[2025.12.23-16.17.06:586][ 31]LogModuleManager: Shutting down and abandoning module PhysXVehiclesEditor (402)
[2025.12.23-16.17.06:586][ 31]LogModuleManager: Shutting down and abandoning module LocationServicesBPLibrary (398)
[2025.12.23-16.17.06:586][ 31]LogModuleManager: Shutting down and abandoning module AudioSynesthesia (396)
[2025.12.23-16.17.06:586][ 31]LogModuleManager: Shutting down and abandoning module AudioSynesthesiaCore (394)
[2025.12.23-16.17.06:586][ 31]LogModuleManager: Shutting down and abandoning module NiagaraAnimNotifies (392)
[2025.12.23-16.17.06:586][ 31]LogModuleManager: Shutting down and abandoning module Niagara (390)
[2025.12.23-16.17.06:586][ 31]LogModuleManager: Shutting down and abandoning module SignalProcessing (389)
[2025.12.23-16.17.06:586][ 31]LogModuleManager: Shutting down and abandoning module NiagaraEditor (387)
[2025.12.23-16.17.06:586][ 31]LogModuleManager: Shutting down and abandoning module NiagaraCore (384)
[2025.12.23-16.17.06:586][ 31]LogModuleManager: Shutting down and abandoning module UdpMessaging (382)
[2025.12.23-16.17.06:687][ 31]LogModuleManager: Shutting down and abandoning module TcpMessaging (380)
[2025.12.23-16.17.06:788][ 31]LogModuleManager: Shutting down and abandoning module ActorSequence (378)
[2025.12.23-16.17.06:788][ 31]LogModuleManager: Shutting down and abandoning module ImgMediaEngine (376)
[2025.12.23-16.17.06:788][ 31]LogModuleManager: Shutting down and abandoning module MagicLeapARPin (374)
[2025.12.23-16.17.06:788][ 31]LogModuleManager: Shutting down and abandoning module PythonScriptPlugin (372)
[2025.12.23-16.17.06:788][ 31]LogModuleManager: Shutting down and abandoning module MagicLeapHandMeshing (370)
[2025.12.23-16.17.06:789][ 31]LogModuleManager: Shutting down and abandoning module MagicLeapSecureStorage (368)
[2025.12.23-16.17.06:789][ 31]LogModuleManager: Shutting down and abandoning module MagicLeapPrivileges (366)
[2025.12.23-16.17.06:789][ 31]LogModuleManager: Shutting down and abandoning module MagicLeapPlanes (364)
[2025.12.23-16.17.06:789][ 31]LogMagicLeapPlanes: Planes tracker already destroyed.
[2025.12.23-16.17.06:789][ 31]LogModuleManager: Shutting down and abandoning module MagicLeapImageTracker (362)
[2025.12.23-16.17.06:789][ 31]LogModuleManager: Shutting down and abandoning module MagicLeapIdentity (360)
[2025.12.23-16.17.06:789][ 31]LogModuleManager: Shutting down and abandoning module MagicLeapHandTracking (358)
[2025.12.23-16.17.06:789][ 31]LogModuleManager: Shutting down and abandoning module MagicLeapEyeTracker (356)
[2025.12.23-16.17.06:790][ 31]LogModuleManager: Shutting down and abandoning module MagicLeapController (354)
[2025.12.23-16.17.06:790][ 31]LogModuleManager: Shutting down and abandoning module MagicLeapARPinImpl (352)
[2025.12.23-16.17.06:790][ 31]LogModuleManager: Shutting down and abandoning module MagicLeapAR (350)
[2025.12.23-16.17.06:790][ 31]LogModuleManager: Shutting down and abandoning module PropertyAccessNode (348)
[2025.12.23-16.17.06:790][ 31]LogModuleManager: Shutting down and abandoning module AnimationSharing (346)
[2025.12.23-16.17.06:790][ 31]LogModuleManager: Shutting down and abandoning module DataValidation (344)
[2025.12.23-16.17.06:790][ 31]LogModuleManager: Shutting down and abandoning module GameplayTagsEditor (342)
[2025.12.23-16.17.06:790][ 31]LogModuleManager: Shutting down and abandoning module FacialAnimationEditor (340)
[2025.12.23-16.17.06:790][ 31]LogModuleManager: Shutting down and abandoning module FacialAnimation (338)
[2025.12.23-16.17.06:791][ 31]LogModuleManager: Shutting down and abandoning module GameplayCameras (336)
[2025.12.23-16.17.06:791][ 31]LogModuleManager: Shutting down and abandoning module AssetManagerEditor (334)
[2025.12.23-16.17.06:791][ 31]LogModuleManager: Shutting down and abandoning module LevelEditor (333)
[2025.12.23-16.17.06:795][ 31]LogModuleManager: Shutting down and abandoning module PixelInspectorModule (332)
[2025.12.23-16.17.06:795][ 31]LogModuleManager: Shutting down and abandoning module CommonMenuExtensions (330)
[2025.12.23-16.17.06:795][ 31]LogModuleManager: Shutting down and abandoning module MainFrame (328)
[2025.12.23-16.17.06:796][ 31]LogModuleManager: Shutting down and abandoning module HotReload (327)
[2025.12.23-16.17.06:797][ 31]LogModuleManager: Shutting down and abandoning module ToolMenus (323)
[2025.12.23-16.17.06:797][ 31]LogModuleManager: Shutting down and abandoning module ContentBrowser (321)
[2025.12.23-16.17.06:797][ 31]LogModuleManager: Shutting down and abandoning module ContentBrowserData (320)
[2025.12.23-16.17.06:797][ 31]LogModuleManager: Shutting down and abandoning module TreeMap (317)
[2025.12.23-16.17.06:797][ 31]LogModuleManager: Shutting down and abandoning module LightPropagationVolumeRuntime (314)
[2025.12.23-16.17.06:797][ 31]LogModuleManager: Shutting down and abandoning module EnvironmentQueryEditor (312)
[2025.12.23-16.17.06:797][ 31]LogModuleManager: Shutting down and abandoning module Paper2D (310)
[2025.12.23-16.17.06:797][ 31]LogModuleManager: Shutting down and abandoning module WebMMoviePlayer (308)
[2025.12.23-16.17.06:797][ 31]LogModuleManager: Shutting down and abandoning module WindowsMoviePlayer (306)
[2025.12.23-16.17.06:798][ 31]LogModuleManager: Shutting down and abandoning module NetworkReplayStreaming (304)
[2025.12.23-16.17.06:798][ 31]LogModuleManager: Shutting down and abandoning module PacketHandler (302)
[2025.12.23-16.17.06:798][ 31]LogModuleManager: Shutting down and abandoning module ClothingSystemEditor (300)
[2025.12.23-16.17.06:798][ 31]LogModuleManager: Shutting down and abandoning module ClothingSystemRuntimeNv (298)
[2025.12.23-16.17.06:798][ 31]LogModuleManager: Shutting down and abandoning module MediaAssets (296)
[2025.12.23-16.17.06:798][ 31]LogModuleManager: Shutting down and abandoning module Overlay (294)
[2025.12.23-16.17.06:798][ 31]LogModuleManager: Shutting down and abandoning module OverlayEditor (293)
[2025.12.23-16.17.06:799][ 31]LogModuleManager: Shutting down and abandoning module VREditor (290)
[2025.12.23-16.17.06:799][ 31]LogModuleManager: Shutting down and abandoning module StringTableEditor (288)
[2025.12.23-16.17.06:799][ 31]LogModuleManager: Shutting down and abandoning module GameplayTasksEditor (286)
[2025.12.23-16.17.06:799][ 31]LogModuleManager: Shutting down and abandoning module BehaviorTreeEditor (284)
[2025.12.23-16.17.06:799][ 31]LogModuleManager: Shutting down and abandoning module FunctionalTesting (282)
[2025.12.23-16.17.06:799][ 31]LogModuleManager: Shutting down and abandoning module CollisionAnalyzer (280)
[2025.12.23-16.17.06:799][ 31]LogModuleManager: Shutting down and abandoning module WorkspaceMenuStructure (279)
[2025.12.23-16.17.06:799][ 31]LogModuleManager: Shutting down and abandoning module UMG (276)
[2025.12.23-16.17.06:799][ 31]LogModuleManager: Shutting down and abandoning module UMGEditor (275)
[2025.12.23-16.17.06:799][ 31]LogModuleManager: Shutting down and abandoning module MessageLog (273)
[2025.12.23-16.17.06:799][ 31]LogModuleManager: Shutting down and abandoning module SlateReflector (268)
[2025.12.23-16.17.06:799][ 31]LogModuleManager: Shutting down and abandoning module Slate (266)
[2025.12.23-16.17.06:799][ 31]LogModuleManager: Shutting down and abandoning module SlateCore (264)
[2025.12.23-16.17.06:800][ 31]LogModuleManager: Shutting down and abandoning module LandscapeEditorUtilities (262)
[2025.12.23-16.17.06:800][ 31]LogModuleManager: Shutting down and abandoning module UnrealEd (260)
[2025.12.23-16.17.06:800][ 31]LogModuleManager: Shutting down and abandoning module MRMesh (258)
[2025.12.23-16.17.06:800][ 31]LogModuleManager: Shutting down and abandoning module SourceCodeAccess (256)
[2025.12.23-16.17.06:800][ 31]LogModuleManager: Shutting down and abandoning module HeadMountedDisplay (254)
[2025.12.23-16.17.06:800][ 31]LogModuleManager: Shutting down and abandoning module XAudio2 (252)
[2025.12.23-16.17.06:800][ 31]LogModuleManager: Shutting down and abandoning module Networking (250)
[2025.12.23-16.17.06:800][ 31]LogModuleManager: Shutting down and abandoning module Core (248)
[2025.12.23-16.17.06:800][ 31]LogModuleManager: Shutting down and abandoning module MaterialEditor (246)
[2025.12.23-16.17.06:800][ 31]LogModuleManager: Shutting down and abandoning module MovieSceneTools (244)
[2025.12.23-16.17.06:800][ 31]LogModuleManager: Shutting down and abandoning module CurveEditor (243)
[2025.12.23-16.17.06:800][ 31]LogModuleManager: Shutting down and abandoning module Sequencer (241)
[2025.12.23-16.17.06:800][ 31]LogModuleManager: Shutting down and abandoning module EditorStyle (240)
[2025.12.23-16.17.06:801][ 31]LogModuleManager: Shutting down and abandoning module KismetCompiler (236)
[2025.12.23-16.17.06:801][ 31]LogModuleManager: Shutting down and abandoning module MeshBuilder (234)
[2025.12.23-16.17.06:801][ 31]LogModuleManager: Shutting down and abandoning module MeshUtilities (232)
[2025.12.23-16.17.06:801][ 31]LogModuleManager: Shutting down and abandoning module MeshMergeUtilities (231)
[2025.12.23-16.17.06:801][ 31]LogModuleManager: Shutting down and abandoning module MeshReductionInterface (230)
[2025.12.23-16.17.06:801][ 31]LogModuleManager: Shutting down and abandoning module MeshBoneReduction (229)
[2025.12.23-16.17.06:801][ 31]LogModuleManager: Shutting down and abandoning module SkeletalMeshReduction (227)
[2025.12.23-16.17.06:801][ 31]LogModuleManager: Shutting down and abandoning module ProxyLODMeshReduction (225)
[2025.12.23-16.17.06:801][ 31]LogModuleManager: Shutting down and abandoning module QuadricMeshReduction (223)
[2025.12.23-16.17.06:801][ 31]LogModuleManager: Shutting down and abandoning module MaterialBaking (219)
[2025.12.23-16.17.06:801][ 31]LogModuleManager: Shutting down and abandoning module NullInstallBundleManager (214)
[2025.12.23-16.17.06:801][ 31]LogModuleManager: Shutting down and abandoning module DerivedDataCache (212)
[2025.12.23-16.17.06:801][ 31]LogModuleManager: Shutting down and abandoning module TargetPlatform (210)
[2025.12.23-16.17.06:801][ 31]LogModuleManager: Shutting down and abandoning module VulkanShaderFormat (209)
[2025.12.23-16.17.06:801][ 31]LogModuleManager: Shutting down and abandoning module ShaderFormatVectorVM (207)
[2025.12.23-16.17.06:801][ 31]LogModuleManager: Shutting down and abandoning module ShaderFormatOpenGL (205)
[2025.12.23-16.17.06:801][ 31]LogModuleManager: Shutting down and abandoning module ShaderFormatD3D (203)
[2025.12.23-16.17.06:801][ 31]LogModuleManager: Shutting down and abandoning module MetalShaderFormat (201)
[2025.12.23-16.17.06:801][ 31]LogModuleManager: Shutting down and abandoning module TextureFormatOodle (199)
[2025.12.23-16.17.06:801][ 31]LogModuleManager: Shutting down and abandoning module TextureFormatUncompressed (197)
[2025.12.23-16.17.06:801][ 31]LogModuleManager: Shutting down and abandoning module TextureFormatPVR (195)
[2025.12.23-16.17.06:801][ 31]LogModuleManager: Shutting down and abandoning module TextureFormatETC2 (193)
[2025.12.23-16.17.06:801][ 31]LogModuleManager: Shutting down and abandoning module TextureFormatDXT (191)
[2025.12.23-16.17.06:801][ 31]LogModuleManager: Shutting down and abandoning module TextureFormatIntelISPCTexComp (189)
[2025.12.23-16.17.06:802][ 31]LogModuleManager: Shutting down and abandoning module TextureFormatASTC (187)
[2025.12.23-16.17.06:802][ 31]LogModuleManager: Shutting down and abandoning module ImageWrapper (186)
[2025.12.23-16.17.06:802][ 31]LogModuleManager: Shutting down and abandoning module AudioFormatOpus (183)
[2025.12.23-16.17.06:802][ 31]LogModuleManager: Shutting down and abandoning module AudioFormatOgg (181)
[2025.12.23-16.17.06:802][ 31]LogModuleManager: Shutting down and abandoning module AudioFormatADPCM (179)
[2025.12.23-16.17.06:802][ 31]LogModuleManager: Shutting down and abandoning module WindowsServerTargetPlatform (177)
[2025.12.23-16.17.06:802][ 31]LogModuleManager: Shutting down and abandoning module WindowsClientTargetPlatform (175)
[2025.12.23-16.17.06:802][ 31]LogModuleManager: Shutting down and abandoning module WindowsTargetPlatform (173)
[2025.12.23-16.17.06:802][ 31]LogModuleManager: Shutting down and abandoning module WindowsNoEditorTargetPlatform (171)
[2025.12.23-16.17.06:802][ 31]LogModuleManager: Shutting down and abandoning module TVOSTargetPlatform (169)
[2025.12.23-16.17.06:802][ 31]LogModuleManager: Shutting down and abandoning module MacServerTargetPlatform (167)
[2025.12.23-16.17.06:802][ 31]LogModuleManager: Shutting down and abandoning module MacClientTargetPlatform (165)
[2025.12.23-16.17.06:802][ 31]LogModuleManager: Shutting down and abandoning module MacTargetPlatform (163)
[2025.12.23-16.17.06:802][ 31]LogModuleManager: Shutting down and abandoning module MacNoEditorTargetPlatform (161)
[2025.12.23-16.17.06:802][ 31]LogModuleManager: Shutting down and abandoning module LuminTargetPlatform (159)
[2025.12.23-16.17.06:803][ 31]LogModuleManager: Shutting down and abandoning module LinuxAArch64ServerTargetPlatform (157)
[2025.12.23-16.17.06:803][ 31]LogModuleManager: Shutting down and abandoning module LinuxAArch64ClientTargetPlatform (155)
[2025.12.23-16.17.06:803][ 31]LogModuleManager: Shutting down and abandoning module LinuxAArch64NoEditorTargetPlatform (153)
[2025.12.23-16.17.06:803][ 31]LogModuleManager: Shutting down and abandoning module LinuxServerTargetPlatform (151)
[2025.12.23-16.17.06:803][ 31]LogModuleManager: Shutting down and abandoning module LinuxClientTargetPlatform (149)
[2025.12.23-16.17.06:803][ 31]LogModuleManager: Shutting down and abandoning module LinuxNoEditorTargetPlatform (147)
[2025.12.23-16.17.06:803][ 31]LogModuleManager: Shutting down and abandoning module LinuxTargetPlatform (145)
[2025.12.23-16.17.06:803][ 31]LogModuleManager: Shutting down and abandoning module Messaging (143)
[2025.12.23-16.17.06:803][ 31]LogModuleManager: Shutting down and abandoning module IOSTargetPlatform (141)
[2025.12.23-16.17.06:803][ 31]LogModuleManager: Shutting down and abandoning module AndroidTargetPlatform (139)
[2025.12.23-16.17.06:805][ 31]LogModuleManager: Shutting down and abandoning module AllDesktopTargetPlatform (137)
[2025.12.23-16.17.06:805][ 31]LogModuleManager: Shutting down and abandoning module D3D11RHI (134)
[2025.12.23-16.17.06:805][ 31]LogModuleManager: Shutting down and abandoning module InputCore (132)
[2025.12.23-16.17.06:805][ 31]LogModuleManager: Shutting down and abandoning module Settings (130)
[2025.12.23-16.17.06:805][ 31]LogModuleManager: Shutting down and abandoning module DirectoryWatcher (128)
[2025.12.23-16.17.06:805][ 31]LogModuleManager: Shutting down and abandoning module PhysXCooking (126)
[2025.12.23-16.17.06:806][ 31]LogModuleManager: Shutting down and abandoning module Chaos (124)
[2025.12.23-16.17.06:806][ 31]LogModuleManager: Shutting down and abandoning module WindowsPlatformFeatures (122)
[2025.12.23-16.17.06:806][ 31]LogModuleManager: Shutting down and abandoning module GameplayMediaEncoder (121)
[2025.12.23-16.17.06:806][ 31]LogModuleManager: Shutting down and abandoning module AVEncoder (120)
[2025.12.23-16.17.06:806][ 31]LogModuleManager: Shutting down and abandoning module SteamVRInputDevice (116)
[2025.12.23-16.17.06:806][ 31]LogModuleManager: Shutting down and abandoning module SteamVRInput (114)
[2025.12.23-16.17.06:806][ 31]LogModuleManager: Shutting down and abandoning module SteamVR (112)
[2025.12.23-16.17.06:806][ 31]LogHMD: Freeing OpenVRDLLHandle.
[2025.12.23-16.17.06:806][ 31]LogModuleManager: Shutting down and abandoning module OculusHMD (110)
[2025.12.23-16.17.06:806][ 31]LogModuleManager: Shutting down and abandoning module OpenXREyeTracker (108)
[2025.12.23-16.17.06:806][ 31]LogModuleManager: Shutting down and abandoning module OpenXRHandTracking (106)
[2025.12.23-16.17.06:806][ 31]LogSlate: Slate User Destroyed.  User Index 0, Is Virtual User: 0
[2025.12.23-16.17.06:806][ 31]LogModuleManager: Shutting down and abandoning module OpenXRAR (104)
[2025.12.23-16.17.06:806][ 31]LogModuleManager: Shutting down and abandoning module AugmentedReality (103)
[2025.12.23-16.17.06:806][ 31]LogModuleManager: Shutting down and abandoning module OpenXRHMD (100)
[2025.12.23-16.17.06:806][ 31]LogModuleManager: Shutting down and abandoning module ExampleDeviceProfileSelector (98)
[2025.12.23-16.17.06:806][ 31]LogModuleManager: Shutting down and abandoning module ChunkDownloader (96)
[2025.12.23-16.17.06:806][ 31]LogModuleManager: Shutting down and abandoning module NiagaraVertexFactories (94)
[2025.12.23-16.17.06:806][ 31]LogModuleManager: Shutting down and abandoning module NiagaraShader (92)
[2025.12.23-16.17.06:806][ 31]LogModuleManager: Shutting down and abandoning module LauncherChunkInstaller (90)
[2025.12.23-16.17.06:806][ 31]LogModuleManager: Shutting down and abandoning module OnlineBlueprintSupport (88)
[2025.12.23-16.17.06:806][ 31]LogModuleManager: Shutting down and abandoning module OnlineSubsystem (84)
[2025.12.23-16.17.06:807][ 31]LogModuleManager: Shutting down and abandoning module XMPP (79)
[2025.12.23-16.17.06:807][ 31]LogModuleManager: Shutting down and abandoning module WebSockets (78)
[2025.12.23-16.17.06:839][ 31]LogModuleManager: Shutting down and abandoning module HTTP (75)
[2025.12.23-16.17.06:840][ 31]LogHttp: Display: Http module shutting down, but needs to wait on 1 outstanding Http requests:
[2025.12.23-16.17.06:840][ 31]LogHttp: Display: 	verb=[POST] url=[https://datarouter.ol.epicgames.com/datarouter/api/v1/public/data?SessionID=%7BB3116B7F-4817-C913-A8A7-27924446C934%7D&AppID=UEEditor.Rocket.Release&AppVersion=4.27.2-18319896%2B%2B%2BUE4%2BRelease-4.27&UserID=3dc6b55f4655f522313eee89e4ab5d74%7Cd6119bee42044f12b5b3ac1e748b47de%7Cb4fc89d3-2795-437f-be36-4b1f9918196f&AppEnvironment=datacollector-binary&UploadType=eteventstream] refs=[1] status=Processing
[2025.12.23-16.17.06:840][ 31]LogHttp: Display: cleaning up 1 outstanding Http requests.
[2025.12.23-16.17.06:857][ 31]LogModuleManager: Shutting down and abandoning module SSL (74)
[2025.12.23-16.17.06:861][ 31]LogModuleManager: Shutting down and abandoning module WmfMedia (70)
[2025.12.23-16.17.06:869][ 31]LogModuleManager: Shutting down and abandoning module Media (69)
[2025.12.23-16.17.06:873][ 31]LogModuleManager: Shutting down and abandoning module MediaInfo (68)
[2025.12.23-16.17.06:873][ 31]LogModuleManager: Shutting down and abandoning module ExrReaderGpu (64)
[2025.12.23-16.17.06:873][ 31]LogModuleManager: Shutting down and abandoning module MLSDK (62)
[2025.12.23-16.17.06:873][ 31]LogModuleManager: Shutting down and abandoning module MagicLeap (60)
[2025.12.23-16.17.06:873][ 31]LogModuleManager: Shutting down and abandoning module ChaosCloth (58)
[2025.12.23-16.17.06:873][ 31]LogModuleManager: Shutting down and abandoning module VariantManagerContent (56)
[2025.12.23-16.17.06:873][ 31]LogModuleManager: Shutting down and abandoning module DatasmithContent (54)
[2025.12.23-16.17.06:874][ 31]LogModuleManager: Shutting down and abandoning module PixWinPlugin (52)
[2025.12.23-16.17.06:874][ 31]LogModuleManager: Shutting down and abandoning module AISupportModule (50)
[2025.12.23-16.17.06:874][ 31]LogModuleManager: Shutting down and abandoning module DesktopPlatform (48)
[2025.12.23-16.17.06:874][ 31]LogModuleManager: Shutting down and abandoning module PythonScriptPluginPreload (46)
[2025.12.23-16.17.06:874][ 31]LogModuleManager: Shutting down and abandoning module PlatformCryptoOpenSSL (44)
[2025.12.23-16.17.06:874][ 31]LogModuleManager: Shutting down and abandoning module PlatformCryptoTypes (42)
[2025.12.23-16.17.06:874][ 31]LogModuleManager: Shutting down and abandoning module PlatformCrypto (40)
[2025.12.23-16.17.06:874][ 31]LogModuleManager: Shutting down and abandoning module OodleDataCompressionFormat (38)
[2025.12.23-16.17.06:874][ 31]LogModuleManager: Shutting down and abandoning module XGEController (36)
[2025.12.23-16.17.06:874][ 31]LogModuleManager: Shutting down and abandoning module AnimationModifiers (34)
[2025.12.23-16.17.06:874][ 31]LogModuleManager: Shutting down and abandoning module AudioEditor (32)
[2025.12.23-16.17.06:875][ 31]LogModuleManager: Shutting down and abandoning module PropertyEditor (31)
[2025.12.23-16.17.06:875][ 31]LogModuleManager: Shutting down and abandoning module TextureCompressor (28)
[2025.12.23-16.17.06:875][ 31]LogModuleManager: Shutting down and abandoning module RenderCore (26)
[2025.12.23-16.17.06:875][ 31]LogModuleManager: Shutting down and abandoning module Landscape (24)
[2025.12.23-16.17.06:875][ 31]LogModuleManager: Shutting down and abandoning module SlateRHIRenderer (22)
[2025.12.23-16.17.06:878][ 31]LogModuleManager: Shutting down and abandoning module AnimGraphRuntime (20)
[2025.12.23-16.17.06:878][ 31]LogModuleManager: Shutting down and abandoning module Renderer (18)
[2025.12.23-16.17.06:878][ 31]LogModuleManager: Shutting down and abandoning module Engine (16)
[2025.12.23-16.17.06:878][ 31]LogModuleManager: Shutting down and abandoning module CoreUObject (14)
[2025.12.23-16.17.06:878][ 31]LogModuleManager: Shutting down and abandoning module NetworkFile (12)
[2025.12.23-16.17.06:878][ 31]LogModuleManager: Shutting down and abandoning module CookedIterativeFile (10)
[2025.12.23-16.17.06:878][ 31]LogModuleManager: Shutting down and abandoning module StreamingFile (8)
[2025.12.23-16.17.06:878][ 31]LogModuleManager: Shutting down and abandoning module SandboxFile (6)
[2025.12.23-16.17.06:878][ 31]LogModuleManager: Shutting down and abandoning module PakFile (4)
[2025.12.23-16.17.06:878][ 31]LogModuleManager: Shutting down and abandoning module RSA (3)
[2025.12.23-16.17.06:878][ 31]LogContentStreaming: Display: There are 1 unreleased StreamingManagers
[2025.12.23-16.17.06:923][ 31]LogD3D11RHI: Shutdown
[2025.12.23-16.17.06:923][ 31]LogD3D11RHI: CleanupD3DDevice
[2025.12.23-16.17.06:926][ 31]LogExit: Exiting.
[2025.12.23-16.17.06:969][ 31]Log file closed, 12/23/25 18:17:06
