Log file open, 01/02/26 14:46:41
LogWindows: Failed to load 'aqProf.dll' (GetLastError=126)
LogWindows: File 'aqProf.dll' does not exist
LogWindows: Failed to load 'VtuneApi.dll' (GetLastError=126)
LogWindows: File 'VtuneApi.dll' does not exist
LogWindows: Failed to load 'VtuneApi32e.dll' (GetLastError=126)
LogWindows: File 'VtuneApi32e.dll' does not exist
LogConsoleResponse: Display: Failed to find resolution value strings in scalability ini. Falling back to default.
LogConsoleResponse: Display: Failed to find resolution value strings in scalability ini. Falling back to default.
LogInit: Display: Running engine for game: Game
LogPlatformFile: Not using cached read wrapper
LogTaskGraph: Started task graph with 5 named threads and 59 total threads with 3 sets of task threads.
LogStats: Stats thread started at 0.148668
LogICUInternationalization: ICU TimeZone Detection - Raw Offset: +2:00, Platform Override: ''
LogInit: Display: Loading text-based GConfig....
LogPluginManager: Mounting plugin MeshPainting
LogPluginManager: Mounting plugin XGEController
LogPluginManager: Mounting plugin Paper2D
LogPluginManager: Mounting plugin AISupport
LogPluginManager: Mounting plugin EnvironmentQueryEditor
LogPluginManager: Mounting plugin LightPropagationVolume
LogPluginManager: Mounting plugin OodleData
LogPluginManager: Mounting plugin OodleNetwork
LogPluginManager: Mounting plugin LiveLink
LogPluginManager: Mounting plugin CameraShakePreviewer
LogPluginManager: Mounting plugin GameplayCameras
LogPluginManager: Mounting plugin KDevelopSourceCodeAccess
LogPluginManager: Mounting plugin NullSourceCodeAccess
LogPluginManager: Mounting plugin CodeLiteSourceCodeAccess
LogPluginManager: Mounting plugin PerforceSourceControl
LogPluginManager: Mounting plugin CLionSourceCodeAccess
LogPluginManager: Mounting plugin AnimationSharing
LogPluginManager: Mounting plugin GitSourceControl
LogPluginManager: Mounting plugin PlasticSourceControl
LogPluginManager: Mounting plugin PixWinPlugin
LogPluginManager: Mounting plugin TextureFormatOodle
LogPluginManager: Mounting plugin SubversionSourceControl
LogPluginManager: Mounting plugin PropertyAccessNode
LogPluginManager: Mounting plugin RiderSourceCodeAccess
LogPluginManager: Mounting plugin VisualStudioCodeSourceCodeAccess
LogPluginManager: Mounting plugin XCodeSourceCodeAccess
LogPluginManager: Mounting plugin UObjectPlugin
LogPluginManager: Mounting plugin PluginUtils
LogPluginManager: Mounting plugin VisualStudioSourceCodeAccess
LogPluginManager: Mounting plugin Niagara
LogPluginManager: Mounting plugin DatasmithContent
LogPluginManager: Mounting plugin VariantManagerContent
LogPluginManager: Mounting plugin AssetManagerEditor
LogPluginManager: Mounting plugin DataValidation
LogPluginManager: Mounting plugin CurveEditorTools
LogPluginManager: Mounting plugin CryptoKeys
LogPluginManager: Mounting plugin GameplayTagsEditor
LogPluginManager: Mounting plugin FacialAnimation
LogPluginManager: Mounting plugin MaterialAnalyzer
LogPluginManager: Mounting plugin GeometryMode
LogPluginManager: Mounting plugin MacGraphicsSwitching
LogPluginManager: Mounting plugin MobileLauncherProfileWizard
LogPluginManager: Mounting plugin PluginBrowser
LogPluginManager: Mounting plugin SpeedTreeImporter
LogPluginManager: Mounting plugin MagicBulletLooks
LogPluginManager: Mounting plugin AndroidMedia
LogPluginManager: Mounting plugin AvfMedia
LogPluginManager: Mounting plugin TcpMessaging
LogPluginManager: Mounting plugin UdpMessaging
LogPluginManager: Mounting plugin MediaCompositing
LogPluginManager: Mounting plugin WebMMedia
LogPluginManager: Mounting plugin ActorSequence
LogPluginManager: Mounting plugin ImgMedia
LogPluginManager: Mounting plugin MediaPlayerEditor
LogPluginManager: Mounting plugin WmfMedia
LogPluginManager: Mounting plugin LevelSequenceEditor
LogPluginManager: Mounting plugin MatineeToLevelSequence
LogPluginManager: Mounting plugin AutomationUtils
LogPluginManager: Mounting plugin TemplateSequence
LogPluginManager: Mounting plugin BackChannel
LogPluginManager: Mounting plugin AlembicImporter
LogPluginManager: Mounting plugin ChaosClothEditor
LogPluginManager: Mounting plugin ChaosCloth
LogPluginManager: Mounting plugin ChaosEditor
LogPluginManager: Mounting plugin ChaosNiagara
LogPluginManager: Mounting plugin OnlineSubsystem
LogPluginManager: Mounting plugin CharacterAI
LogPluginManager: Mounting plugin ChaosSolverPlugin
LogPluginManager: Mounting plugin OnlineSubsystemNull
LogPluginManager: Mounting plugin OnlineSubsystemUtils
LogPluginManager: Mounting plugin GeometryCache
LogPluginManager: Mounting plugin GeometryProcessing
LogPluginManager: Mounting plugin GeometryCollectionPlugin
LogPluginManager: Mounting plugin OpenImageDenoise
LogPluginManager: Mounting plugin MotoSynth
LogPluginManager: Mounting plugin ProxyLODPlugin
LogPluginManager: Mounting plugin ActorLayerUtilities
LogPluginManager: Mounting plugin PlanarCut
LogPluginManager: Mounting plugin PythonScriptPlugin
LogPluginManager: Mounting plugin PlatformCrypto
LogPluginManager: Mounting plugin AndroidDeviceProfileSelector
LogPluginManager: Mounting plugin AppleMoviePlayer
LogPluginManager: Mounting plugin AndroidMoviePlayer
LogPluginManager: Mounting plugin AndroidPermission
LogPluginManager: Mounting plugin AppleImageUtils
LogPluginManager: Mounting plugin ArchVisCharacter
LogPluginManager: Mounting plugin SkeletalReduction
LogPluginManager: Mounting plugin CableComponent
LogPluginManager: Mounting plugin AudioCapture
LogPluginManager: Mounting plugin CustomMeshComponent
LogPluginManager: Mounting plugin AssetTags
LogPluginManager: Mounting plugin AudioSynesthesia
LogPluginManager: Mounting plugin ChunkDownloader
LogPluginManager: Mounting plugin EditableMesh
LogPluginManager: Mounting plugin GoogleCloudMessaging
LogPluginManager: Mounting plugin ExampleDeviceProfileSelector
LogPluginManager: Mounting plugin IOSDeviceProfileSelector
LogPluginManager: Mounting plugin LinuxDeviceProfileSelector
LogPluginManager: Mounting plugin LocationServicesBPLibrary
LogPluginManager: Mounting plugin MobilePatchingUtils
LogPluginManager: Mounting plugin OpenXR
LogPluginManager: Mounting plugin OpenXREyeTracker
LogPluginManager: Mounting plugin OpenXRHandTracking
LogPluginManager: Mounting plugin PhysXVehicles
LogPluginManager: Mounting plugin PostSplashScreen
LogPluginManager: Mounting plugin ProceduralMeshComponent
LogPluginManager: Mounting plugin ScreenshotTools
LogPluginManager: Mounting plugin PropertyAccessEditor
LogPluginManager: Mounting plugin LauncherChunkInstaller
LogPluginManager: Mounting plugin SignificanceManager
LogPluginManager: Mounting plugin RuntimePhysXCooking
LogPluginManager: Mounting plugin SoundFields
LogPluginManager: Mounting plugin Synthesis
LogPluginManager: Mounting plugin WindowsMoviePlayer
LogPluginManager: Mounting plugin WebMMoviePlayer
LogPluginManager: Mounting plugin Takes
LogPluginManager: Mounting plugin LuminPlatformFeatures
LogPluginManager: Mounting plugin MagicLeap
LogPluginManager: Mounting plugin MagicLeapLightEstimation
LogPluginManager: Mounting plugin MagicLeapMedia
LogPluginManager: Mounting plugin MagicLeapPassableWorld
LogPluginManager: Mounting plugin MLSDK
LogPluginManager: Mounting plugin GooglePAD
LogPluginManager: Mounting plugin ContentBrowserFileDataSource
LogPluginManager: Mounting plugin ContentBrowserClassDataSource
LogPluginManager: Mounting plugin ContentBrowserAssetDataSource
LogPluginManager: Mounting plugin OnlineSubsystemGooglePlay
LogPluginManager: Mounting plugin OnlineSubsystemIOS
LogPluginManager: Mounting plugin OculusVR
LogPluginManager: Mounting plugin SteamVR
PixWinPlugin: PIX capture plugin failed to initialize! Check that the process is launched from PIX.
LogInit: Using libcurl 7.55.1-DEV
LogInit:  - built for x86_64-pc-win32
LogInit:  - supports SSL with OpenSSL/1.1.1
LogInit:  - supports HTTP deflate (compression) using libz 1.2.8
LogInit:  - other features:
LogInit:      CURL_VERSION_SSL
LogInit:      CURL_VERSION_LIBZ
LogInit:      CURL_VERSION_IPV6
LogInit:      CURL_VERSION_ASYNCHDNS
LogInit:      CURL_VERSION_LARGEFILE
LogInit:      CURL_VERSION_IDN
LogInit:  CurlRequestOptions (configurable via config and command line):
LogInit:  - bVerifyPeer = true  - Libcurl will verify peer certificate
LogInit:  - bUseHttpProxy = false  - Libcurl will NOT use HTTP proxy
LogInit:  - bDontReuseConnections = false  - Libcurl will reuse connections
LogInit:  - MaxHostConnections = 16  - Libcurl will limit the number of connections to a host
LogInit:  - LocalHostAddr = Default
LogInit:  - BufferSize = 65536
LogOnline: OSS: Creating online subsystem instance for: NULL
LogInit: WinSock: version 1.1 (2.2), MaxSocks=32767, MaxUdp=65467
LogOnline: OSS: TryLoadSubsystemAndSetDefault: Loaded subsystem for module [NULL]
LogOculusPluginWrapper: OculusPlugin initialized successfully
LogHMD: Failed initializing OVRPlugin 1.59.0
LogInit: Build: ++UE4+Release-4.27-CL-18319896
LogInit: Engine Version: 4.27.2-18319896+++UE4+Release-4.27
LogInit: Compatible Engine Version: 4.27.0-17155196+++UE4+Release-4.27
LogInit: Net CL: 17155196
LogInit: OS: Windows 10 (Release 2009) (), CPU: 13th Gen Intel(R) Core(TM) i5-13500, GPU: NVIDIA GeForce RTX 3060 Ti
LogInit: Compiled (64-bit): Nov 30 2021 07:12:08
LogInit: Compiled with Visual C++: 19.24.28315.00
LogInit: Build Configuration: Development
LogInit: Branch Name: ++UE4+Release-4.27
LogInit: Command Line:  -AUTH_LOGIN=unused -AUTH_PASSWORD=ced82f6e6dd645a181f3a520c1269e38 -AUTH_TYPE=exchangecode -epicapp=UE_4.27 -epicenv=Prod -EpicPortal -epicusername=Onotole_s -epicuserid=d6119bee42044f12b5b3ac1e748b47de -epiclocale=en -epicsandboxid=ue
LogInit: Base Directory: C:/Program Files/Epic Games/UE_4.27/Engine/Binaries/Win64/
LogInit: Allocator: TBB
LogInit: Installed Engine Build: 1
LogDevObjectVersion: Number of dev versions registered: 29
LogDevObjectVersion:   Dev-Blueprints (B0D832E4-1F89-4F0D-ACCF-7EB736FD4AA2): 10
LogDevObjectVersion:   Dev-Build (E1C64328-A22C-4D53-A36C-8E866417BD8C): 0
LogDevObjectVersion:   Dev-Core (375EC13C-06E4-48FB-B500-84F0262A717E): 4
LogDevObjectVersion:   Dev-Editor (E4B068ED-F494-42E9-A231-DA0B2E46BB41): 40
LogDevObjectVersion:   Dev-Framework (CFFC743F-43B0-4480-9391-14DF171D2073): 37
LogDevObjectVersion:   Dev-Mobile (B02B49B5-BB20-44E9-A304-32B752E40360): 3
LogDevObjectVersion:   Dev-Networking (A4E4105C-59A1-49B5-A7C5-40C4547EDFEE): 0
LogDevObjectVersion:   Dev-Online (39C831C9-5AE6-47DC-9A44-9C173E1C8E7C): 0
LogDevObjectVersion:   Dev-Physics (78F01B33-EBEA-4F98-B9B4-84EACCB95AA2): 14
LogDevObjectVersion:   Dev-Platform (6631380F-2D4D-43E0-8009-CF276956A95A): 0
LogDevObjectVersion:   Dev-Rendering (12F88B9F-8875-4AFC-A67C-D90C383ABD29): 45
LogDevObjectVersion:   Dev-Sequencer (7B5AE74C-D270-4C10-A958-57980B212A5A): 13
LogDevObjectVersion:   Dev-VR (D7296918-1DD6-4BDD-9DE2-64A83CC13884): 3
LogDevObjectVersion:   Dev-LoadTimes (C2A15278-BFE7-4AFE-6C17-90FF531DF755): 1
LogDevObjectVersion:   Private-Geometry (6EACA3D4-40EC-4CC1-B786-8BED09428FC5): 3
LogDevObjectVersion:   Dev-AnimPhys (29E575DD-E0A3-4627-9D10-D276232CDCEA): 17
LogDevObjectVersion:   Dev-Anim (AF43A65D-7FD3-4947-9873-3E8ED9C1BB05): 15
LogDevObjectVersion:   Dev-ReflectionCapture (6B266CEC-1EC7-4B8F-A30B-E4D90942FC07): 1
LogDevObjectVersion:   Dev-Automation (0DF73D61-A23F-47EA-B727-89E90C41499A): 1
LogDevObjectVersion:   FortniteMain (601D1886-AC64-4F84-AA16-D3DE0DEAC7D6): 47
LogDevObjectVersion:   FortniteRelease (E7086368-6B23-4C58-8439-1B7016265E91): 1
LogDevObjectVersion:   Dev-Enterprise (9DFFBCD6-494F-0158-E221-12823C92A888): 10
LogDevObjectVersion:   Dev-Niagara (F2AED0AC-9AFE-416F-8664-AA7FFA26D6FC): 1
LogDevObjectVersion:   Dev-Destruction (174F1F0B-B4C6-45A5-B13F-2EE8D0FB917D): 10
LogDevObjectVersion:   Dev-Physics-Ext (35F94A83-E258-406C-A318-09F59610247C): 41
LogDevObjectVersion:   Dev-PhysicsMaterial-Chaos (B68FC16E-8B1B-42E2-B453-215C058844FE): 1
LogDevObjectVersion:   Dev-CineCamera (B2E18506-4273-CFC2-A54E-F4BB758BBA07): 1
LogDevObjectVersion:   Dev-VirtualProduction (64F58936-FD1B-42BA-BA96-7289D5D0FA4E): 1
LogDevObjectVersion:   Dev-MediaFramework (6F0ED827-A609-4895-9C91-998D90180EA4): 2
LogInit: Presizing for max 25165824 objects, including 0 objects not considered by GC, pre-allocating 0 bytes for permanent pool.
LogConfig: Applying CVar settings from Section [/Script/Engine.StreamingSettings] File [D:/Artemii/Game/Game/Saved/Config/Windows/Engine.ini]
LogConfig: Setting CVar [[s.MinBulkDataSizeForAsyncLoading:131072]]
LogConfig: Setting CVar [[s.AsyncLoadingThreadEnabled:0]]
LogConfig: Setting CVar [[s.EventDrivenLoaderEnabled:1]]
LogConfig: Setting CVar [[s.WarnIfTimeLimitExceeded:0]]
LogConfig: Setting CVar [[s.TimeLimitExceededMultiplier:1.5]]
LogConfig: Setting CVar [[s.TimeLimitExceededMinTime:0.005]]
LogConfig: Setting CVar [[s.UseBackgroundLevelStreaming:1]]
LogConfig: Setting CVar [[s.PriorityAsyncLoadingExtraTime:15.0]]
LogConfig: Setting CVar [[s.LevelStreamingActorsUpdateTimeLimit:5.0]]
LogConfig: Setting CVar [[s.PriorityLevelStreamingActorsUpdateExtraTime:5.0]]
LogConfig: Setting CVar [[s.LevelStreamingComponentsRegistrationGranularity:10]]
LogConfig: Setting CVar [[s.UnregisterComponentsTimeLimit:1.0]]
LogConfig: Setting CVar [[s.LevelStreamingComponentsUnregistrationGranularity:5]]
LogConfig: Setting CVar [[s.FlushStreamingOnExit:1]]
LogInit: Object subsystem initialized
LogConfig: Setting CVar [[con.DebugEarlyDefault:1]]
LogConfig: Setting CVar [[r.setres:1280x720]]
[2026.01.02-12.46.41:664][  0]LogConfig: Setting CVar [[r.VSync:0]]
[2026.01.02-12.46.41:664][  0]LogConfig: Setting CVar [[r.RHICmdBypass:0]]
[2026.01.02-12.46.41:664][  0]LogConfig: Applying CVar settings from Section [/Script/Engine.RendererSettings] File [D:/Artemii/Game/Game/Saved/Config/Windows/Engine.ini]
[2026.01.02-12.46.41:664][  0]LogConfig: Setting CVar [[r.GPUCrashDebugging:0]]
[2026.01.02-12.46.41:664][  0]LogConfig: Applying CVar settings from Section [/Script/Engine.RendererOverrideSettings] File [D:/Artemii/Game/Game/Saved/Config/Windows/Engine.ini]
[2026.01.02-12.46.41:664][  0]LogConfig: Applying CVar settings from Section [/Script/Engine.StreamingSettings] File [D:/Artemii/Game/Game/Saved/Config/Windows/Engine.ini]
[2026.01.02-12.46.41:664][  0]LogConfig: Setting CVar [[s.MinBulkDataSizeForAsyncLoading:131072]]
[2026.01.02-12.46.41:664][  0]LogConfig: Setting CVar [[s.AsyncLoadingThreadEnabled:0]]
[2026.01.02-12.46.41:664][  0]LogConfig: Setting CVar [[s.EventDrivenLoaderEnabled:1]]
[2026.01.02-12.46.41:664][  0]LogConfig: Setting CVar [[s.WarnIfTimeLimitExceeded:0]]
[2026.01.02-12.46.41:664][  0]LogConfig: Setting CVar [[s.TimeLimitExceededMultiplier:1.5]]
[2026.01.02-12.46.41:664][  0]LogConfig: Setting CVar [[s.TimeLimitExceededMinTime:0.005]]
[2026.01.02-12.46.41:664][  0]LogConfig: Setting CVar [[s.UseBackgroundLevelStreaming:1]]
[2026.01.02-12.46.41:664][  0]LogConfig: Setting CVar [[s.PriorityAsyncLoadingExtraTime:15.0]]
[2026.01.02-12.46.41:664][  0]LogConfig: Setting CVar [[s.LevelStreamingActorsUpdateTimeLimit:5.0]]
[2026.01.02-12.46.41:664][  0]LogConfig: Setting CVar [[s.PriorityLevelStreamingActorsUpdateExtraTime:5.0]]
[2026.01.02-12.46.41:664][  0]LogConfig: Setting CVar [[s.LevelStreamingComponentsRegistrationGranularity:10]]
[2026.01.02-12.46.41:665][  0]LogConfig: Setting CVar [[s.UnregisterComponentsTimeLimit:1.0]]
[2026.01.02-12.46.41:665][  0]LogConfig: Setting CVar [[s.LevelStreamingComponentsUnregistrationGranularity:5]]
[2026.01.02-12.46.41:665][  0]LogConfig: Setting CVar [[s.FlushStreamingOnExit:1]]
[2026.01.02-12.46.41:665][  0]LogConfig: Applying CVar settings from Section [/Script/Engine.GarbageCollectionSettings] File [D:/Artemii/Game/Game/Saved/Config/Windows/Engine.ini]
[2026.01.02-12.46.41:665][  0]LogConfig: Setting CVar [[gc.MaxObjectsNotConsideredByGC:1]]
[2026.01.02-12.46.41:665][  0]LogConfig: Setting CVar [[gc.SizeOfPermanentObjectPool:0]]
[2026.01.02-12.46.41:665][  0]LogConfig: Setting CVar [[gc.FlushStreamingOnGC:0]]
[2026.01.02-12.46.41:665][  0]LogConfig: Setting CVar [[gc.NumRetriesBeforeForcingGC:10]]
[2026.01.02-12.46.41:665][  0]LogConfig: Setting CVar [[gc.AllowParallelGC:1]]
[2026.01.02-12.46.41:665][  0]LogConfig: Setting CVar [[gc.TimeBetweenPurgingPendingKillObjects:61.1]]
[2026.01.02-12.46.41:665][  0]LogConfig: Setting CVar [[gc.MaxObjectsInEditor:25165824]]
[2026.01.02-12.46.41:665][  0]LogConfig: Setting CVar [[gc.IncrementalBeginDestroyEnabled:1]]
[2026.01.02-12.46.41:665][  0]LogConfig: Setting CVar [[gc.CreateGCClusters:1]]
[2026.01.02-12.46.41:665][  0]LogConfig: Setting CVar [[gc.MinGCClusterSize:5]]
[2026.01.02-12.46.41:665][  0]LogConfig: Setting CVar [[gc.ActorClusteringEnabled:0]]
[2026.01.02-12.46.41:665][  0]LogConfig: Setting CVar [[gc.BlueprintClusteringEnabled:0]]
[2026.01.02-12.46.41:665][  0]LogConfig: Setting CVar [[gc.UseDisregardForGCOnDedicatedServers:0]]
[2026.01.02-12.46.41:665][  0]LogConfig: Setting CVar [[gc.MultithreadedDestructionEnabled:1]]
[2026.01.02-12.46.41:665][  0]LogConfig: Applying CVar settings from Section [/Script/Engine.NetworkSettings] File [D:/Artemii/Game/Game/Saved/Config/Windows/Engine.ini]
[2026.01.02-12.46.41:665][  0]LogConfig: Applying CVar settings from Section [/Script/UnrealEd.CookerSettings] File [D:/Artemii/Game/Game/Saved/Config/Windows/Engine.ini]
[2026.01.02-12.46.41:673][  0]LogConfig: Applying CVar settings from Section [ViewDistanceQuality@3] File [D:/Artemii/Game/Game/Saved/Config/Windows/Scalability.ini]
[2026.01.02-12.46.41:673][  0]LogConfig: Setting CVar [[r.SkeletalMeshLODBias:0]]
[2026.01.02-12.46.41:673][  0]LogConfig: Setting CVar [[r.ViewDistanceScale:1.0]]
[2026.01.02-12.46.41:673][  0]LogConfig: Applying CVar settings from Section [AntiAliasingQuality@3] File [D:/Artemii/Game/Game/Saved/Config/Windows/Scalability.ini]
[2026.01.02-12.46.41:673][  0]LogConfig: Setting CVar [[r.PostProcessAAQuality:4]]
[2026.01.02-12.46.41:673][  0]LogConfig: Applying CVar settings from Section [ShadowQuality@3] File [D:/Artemii/Game/Game/Saved/Config/Windows/Scalability.ini]
[2026.01.02-12.46.41:673][  0]LogConfig: Setting CVar [[r.LightFunctionQuality:1]]
[2026.01.02-12.46.41:673][  0]LogConfig: Setting CVar [[r.ShadowQuality:5]]
[2026.01.02-12.46.41:673][  0]LogConfig: Setting CVar [[r.Shadow.CSM.MaxCascades:10]]
[2026.01.02-12.46.41:673][  0]LogConfig: Setting CVar [[r.Shadow.MaxResolution:2048]]
[2026.01.02-12.46.41:673][  0]LogConfig: Setting CVar [[r.Shadow.MaxCSMResolution:2048]]
[2026.01.02-12.46.41:673][  0]LogConfig: Setting CVar [[r.Shadow.RadiusThreshold:0.01]]
[2026.01.02-12.46.41:673][  0]LogConfig: Setting CVar [[r.Shadow.DistanceScale:1.0]]
[2026.01.02-12.46.41:673][  0]LogConfig: Setting CVar [[r.Shadow.CSM.TransitionScale:1.0]]
[2026.01.02-12.46.41:673][  0]LogConfig: Setting CVar [[r.Shadow.PreShadowResolutionFactor:1.0]]
[2026.01.02-12.46.41:673][  0]LogConfig: Setting CVar [[r.DistanceFieldShadowing:1]]
[2026.01.02-12.46.41:673][  0]LogConfig: Setting CVar [[r.DistanceFieldAO:1]]
[2026.01.02-12.46.41:673][  0]LogConfig: Setting CVar [[r.AOQuality:2]]
[2026.01.02-12.46.41:673][  0]LogConfig: Setting CVar [[r.VolumetricFog:1]]
[2026.01.02-12.46.41:673][  0]LogConfig: Setting CVar [[r.VolumetricFog.GridPixelSize:8]]
[2026.01.02-12.46.41:673][  0]LogConfig: Setting CVar [[r.VolumetricFog.GridSizeZ:128]]
[2026.01.02-12.46.41:673][  0]LogConfig: Setting CVar [[r.VolumetricFog.HistoryMissSupersampleCount:4]]
[2026.01.02-12.46.41:673][  0]LogConfig: Setting CVar [[r.LightMaxDrawDistanceScale:1]]
[2026.01.02-12.46.41:673][  0]LogConfig: Setting CVar [[r.CapsuleShadows:1]]
[2026.01.02-12.46.41:673][  0]LogConfig: Applying CVar settings from Section [PostProcessQuality@3] File [D:/Artemii/Game/Game/Saved/Config/Windows/Scalability.ini]
[2026.01.02-12.46.41:673][  0]LogConfig: Setting CVar [[r.MotionBlurQuality:4]]
[2026.01.02-12.46.41:673][  0]LogConfig: Setting CVar [[r.AmbientOcclusionMipLevelFactor:0.4]]
[2026.01.02-12.46.41:673][  0]LogConfig: Setting CVar [[r.AmbientOcclusionMaxQuality:100]]
[2026.01.02-12.46.41:673][  0]LogConfig: Setting CVar [[r.AmbientOcclusionLevels:-1]]
[2026.01.02-12.46.41:673][  0]LogConfig: Setting CVar [[r.AmbientOcclusionRadiusScale:1.0]]
[2026.01.02-12.46.41:673][  0]LogConfig: Setting CVar [[r.DepthOfFieldQuality:2]]
[2026.01.02-12.46.41:673][  0]LogConfig: Setting CVar [[r.RenderTargetPoolMin:400]]
[2026.01.02-12.46.41:673][  0]LogConfig: Setting CVar [[r.LensFlareQuality:2]]
[2026.01.02-12.46.41:673][  0]LogConfig: Setting CVar [[r.SceneColorFringeQuality:1]]
[2026.01.02-12.46.41:673][  0]LogConfig: Setting CVar [[r.EyeAdaptationQuality:2]]
[2026.01.02-12.46.41:673][  0]LogConfig: Setting CVar [[r.BloomQuality:5]]
[2026.01.02-12.46.41:673][  0]LogConfig: Setting CVar [[r.FastBlurThreshold:100]]
[2026.01.02-12.46.41:673][  0]LogConfig: Setting CVar [[r.Upscale.Quality:3]]
[2026.01.02-12.46.41:673][  0]LogConfig: Setting CVar [[r.Tonemapper.GrainQuantization:1]]
[2026.01.02-12.46.41:673][  0]LogConfig: Setting CVar [[r.LightShaftQuality:1]]
[2026.01.02-12.46.41:673][  0]LogConfig: Setting CVar [[r.Filter.SizeScale:1]]
[2026.01.02-12.46.41:673][  0]LogConfig: Setting CVar [[r.Tonemapper.Quality:5]]
[2026.01.02-12.46.41:673][  0]LogConfig: Setting CVar [[r.DOF.Gather.AccumulatorQuality:1        ; higher gathering accumulator quality]]
[2026.01.02-12.46.41:673][  0]LogConfig: Setting CVar [[r.DOF.Gather.PostfilterMethod:1          ; Median3x3 postfilering method]]
[2026.01.02-12.46.41:673][  0]LogConfig: Setting CVar [[r.DOF.Gather.EnableBokehSettings:0       ; no bokeh simulation when gathering]]
[2026.01.02-12.46.41:673][  0]LogConfig: Setting CVar [[r.DOF.Gather.RingCount:4                 ; medium number of samples when gathering]]
[2026.01.02-12.46.41:673][  0]LogConfig: Setting CVar [[r.DOF.Scatter.ForegroundCompositing:1    ; additive foreground scattering]]
[2026.01.02-12.46.41:673][  0]LogConfig: Setting CVar [[r.DOF.Scatter.BackgroundCompositing:2    ; additive background scattering]]
[2026.01.02-12.46.41:673][  0]LogConfig: Setting CVar [[r.DOF.Scatter.EnableBokehSettings:1      ; bokeh simulation when scattering]]
[2026.01.02-12.46.41:673][  0]LogConfig: Setting CVar [[r.DOF.Scatter.MaxSpriteRatio:0.1         ; only a maximum of 10% of scattered bokeh]]
[2026.01.02-12.46.41:673][  0]LogConfig: Setting CVar [[r.DOF.Recombine.Quality:1                ; cheap slight out of focus]]
[2026.01.02-12.46.41:673][  0]LogConfig: Setting CVar [[r.DOF.Recombine.EnableBokehSettings:0    ; no bokeh simulation on slight out of focus]]
[2026.01.02-12.46.41:673][  0]LogConfig: Setting CVar [[r.DOF.TemporalAAQuality:1                ; more stable temporal accumulation]]
[2026.01.02-12.46.41:673][  0]LogConfig: Setting CVar [[r.DOF.Kernel.MaxForegroundRadius:0.025]]
[2026.01.02-12.46.41:673][  0]LogConfig: Setting CVar [[r.DOF.Kernel.MaxBackgroundRadius:0.025]]
[2026.01.02-12.46.41:673][  0]LogConfig: Applying CVar settings from Section [TextureQuality@3] File [D:/Artemii/Game/Game/Saved/Config/Windows/Scalability.ini]
[2026.01.02-12.46.41:673][  0]LogConfig: Setting CVar [[r.Streaming.MipBias:0]]
[2026.01.02-12.46.41:673][  0]LogConfig: Setting CVar [[r.Streaming.AmortizeCPUToGPUCopy:0]]
[2026.01.02-12.46.41:673][  0]LogConfig: Setting CVar [[r.Streaming.MaxNumTexturesToStreamPerFrame:0]]
[2026.01.02-12.46.41:673][  0]LogConfig: Setting CVar [[r.Streaming.Boost:1]]
[2026.01.02-12.46.41:673][  0]LogConfig: Setting CVar [[r.MaxAnisotropy:8]]
[2026.01.02-12.46.41:673][  0]LogConfig: Setting CVar [[r.VT.MaxAnisotropy:8]]
[2026.01.02-12.46.41:673][  0]LogConfig: Setting CVar [[r.Streaming.LimitPoolSizeToVRAM:0]]
[2026.01.02-12.46.41:673][  0]LogConfig: Setting CVar [[r.Streaming.PoolSize:1000]]
[2026.01.02-12.46.41:673][  0]LogConfig: Setting CVar [[r.Streaming.MaxEffectiveScreenSize:0]]
[2026.01.02-12.46.41:673][  0]LogConfig: Applying CVar settings from Section [EffectsQuality@3] File [D:/Artemii/Game/Game/Saved/Config/Windows/Scalability.ini]
[2026.01.02-12.46.41:673][  0]LogConfig: Setting CVar [[r.TranslucencyLightingVolumeDim:64]]
[2026.01.02-12.46.41:673][  0]LogConfig: Setting CVar [[r.RefractionQuality:2]]
[2026.01.02-12.46.41:673][  0]LogConfig: Setting CVar [[r.SSR.Quality:3]]
[2026.01.02-12.46.41:673][  0]LogConfig: Setting CVar [[r.SSR.HalfResSceneColor:0]]
[2026.01.02-12.46.41:673][  0]LogConfig: Setting CVar [[r.SceneColorFormat:4]]
[2026.01.02-12.46.41:673][  0]LogConfig: Setting CVar [[r.DetailMode:2]]
[2026.01.02-12.46.41:673][  0]LogConfig: Setting CVar [[r.TranslucencyVolumeBlur:1]]
[2026.01.02-12.46.41:673][  0]LogConfig: Setting CVar [[r.MaterialQualityLevel:1 ; High quality]]
[2026.01.02-12.46.41:673][  0]LogConfig: Setting CVar [[r.AnisotropicMaterials:1]]
[2026.01.02-12.46.41:673][  0]LogConfig: Setting CVar [[r.SSS.Scale:1]]
[2026.01.02-12.46.41:673][  0]LogConfig: Setting CVar [[r.SSS.SampleSet:2]]
[2026.01.02-12.46.41:673][  0]LogConfig: Setting CVar [[r.SSS.Quality:1]]
[2026.01.02-12.46.41:673][  0]LogConfig: Setting CVar [[r.SSS.HalfRes:0]]
[2026.01.02-12.46.41:673][  0]LogConfig: Setting CVar [[r.SSGI.Quality:3]]
[2026.01.02-12.46.41:673][  0]LogConfig: Setting CVar [[r.EmitterSpawnRateScale:1.0]]
[2026.01.02-12.46.41:673][  0]LogConfig: Setting CVar [[r.ParticleLightQuality:2]]
[2026.01.02-12.46.41:673][  0]LogConfig: Setting CVar [[r.SkyAtmosphere.AerialPerspectiveLUT.FastApplyOnOpaque:1 ; Always have FastSkyLUT 1 in this case to avoid wrong sky]]
[2026.01.02-12.46.41:673][  0]LogConfig: Setting CVar [[r.SkyAtmosphere.AerialPerspectiveLUT.SampleCountMaxPerSlice:4]]
[2026.01.02-12.46.41:673][  0]LogConfig: Setting CVar [[r.SkyAtmosphere.AerialPerspectiveLUT.DepthResolution:16.0]]
[2026.01.02-12.46.41:673][  0]LogConfig: Setting CVar [[r.SkyAtmosphere.FastSkyLUT:1]]
[2026.01.02-12.46.41:673][  0]LogConfig: Setting CVar [[r.SkyAtmosphere.FastSkyLUT.SampleCountMin:4.0]]
[2026.01.02-12.46.41:673][  0]LogConfig: Setting CVar [[r.SkyAtmosphere.FastSkyLUT.SampleCountMax:128.0]]
[2026.01.02-12.46.41:673][  0]LogConfig: Setting CVar [[r.SkyAtmosphere.SampleCountMin:4.0]]
[2026.01.02-12.46.41:673][  0]LogConfig: Setting CVar [[r.SkyAtmosphere.SampleCountMax:128.0]]
[2026.01.02-12.46.41:673][  0]LogConfig: Setting CVar [[r.SkyAtmosphere.TransmittanceLUT.UseSmallFormat:0]]
[2026.01.02-12.46.41:673][  0]LogConfig: Setting CVar [[r.SkyAtmosphere.TransmittanceLUT.SampleCount:10.0]]
[2026.01.02-12.46.41:673][  0]LogConfig: Setting CVar [[r.SkyAtmosphere.MultiScatteringLUT.SampleCount:15.0]]
[2026.01.02-12.46.41:673][  0]LogConfig: Setting CVar [[r.SkyLight.RealTimeReflectionCapture:1]]
[2026.01.02-12.46.41:673][  0]LogConfig: Applying CVar settings from Section [FoliageQuality@3] File [D:/Artemii/Game/Game/Saved/Config/Windows/Scalability.ini]
[2026.01.02-12.46.41:673][  0]LogConfig: Setting CVar [[foliage.DensityScale:1.0]]
[2026.01.02-12.46.41:673][  0]LogConfig: Setting CVar [[grass.DensityScale:1.0]]
[2026.01.02-12.46.41:673][  0]LogConfig: Applying CVar settings from Section [ShadingQuality@3] File [D:/Artemii/Game/Game/Saved/Config/Windows/Scalability.ini]
[2026.01.02-12.46.41:673][  0]LogConfig: Setting CVar [[r.HairStrands.SkyLighting.IntegrationType:2]]
[2026.01.02-12.46.41:673][  0]LogConfig: Setting CVar [[r.HairStrands.SkyAO.SampleCount:4]]
[2026.01.02-12.46.41:673][  0]LogConfig: Setting CVar [[r.HairStrands.Visibility.MSAA.SamplePerPixel:4]]
[2026.01.02-12.46.41:673][  0]LogInit: Selected Device Profile: [Windows]
[2026.01.02-12.46.41:673][  0]LogInit: Applying CVar settings loaded from the selected device profile: [Windows]
[2026.01.02-12.46.41:673][  0]LogHAL: Display: Platform has ~ 32 GB [34153394176 / 34359738368 / 32], which maps to Largest [LargestMinGB=32, LargerMinGB=12, DefaultMinGB=8, SmallerMinGB=6, SmallestMinGB=0)
[2026.01.02-12.46.41:673][  0]LogInit: Going up to parent DeviceProfile []
[2026.01.02-12.46.41:673][  0]LogConfig: Applying CVar settings from Section [ViewDistanceQuality@3] File [D:/Artemii/Game/Game/Saved/Config/Windows/Scalability.ini]
[2026.01.02-12.46.41:673][  0]LogConfig: Setting CVar [[r.SkeletalMeshLODBias:0]]
[2026.01.02-12.46.41:673][  0]LogConfig: Setting CVar [[r.ViewDistanceScale:1.0]]
[2026.01.02-12.46.41:673][  0]LogConfig: Applying CVar settings from Section [AntiAliasingQuality@3] File [D:/Artemii/Game/Game/Saved/Config/Windows/Scalability.ini]
[2026.01.02-12.46.41:673][  0]LogConfig: Setting CVar [[r.PostProcessAAQuality:4]]
[2026.01.02-12.46.41:673][  0]LogConfig: Applying CVar settings from Section [ShadowQuality@3] File [D:/Artemii/Game/Game/Saved/Config/Windows/Scalability.ini]
[2026.01.02-12.46.41:673][  0]LogConfig: Setting CVar [[r.LightFunctionQuality:1]]
[2026.01.02-12.46.41:673][  0]LogConfig: Setting CVar [[r.ShadowQuality:5]]
[2026.01.02-12.46.41:673][  0]LogConfig: Setting CVar [[r.Shadow.CSM.MaxCascades:10]]
[2026.01.02-12.46.41:673][  0]LogConfig: Setting CVar [[r.Shadow.MaxResolution:2048]]
[2026.01.02-12.46.41:673][  0]LogConfig: Setting CVar [[r.Shadow.MaxCSMResolution:2048]]
[2026.01.02-12.46.41:673][  0]LogConfig: Setting CVar [[r.Shadow.RadiusThreshold:0.01]]
[2026.01.02-12.46.41:673][  0]LogConfig: Setting CVar [[r.Shadow.DistanceScale:1.0]]
[2026.01.02-12.46.41:673][  0]LogConfig: Setting CVar [[r.Shadow.CSM.TransitionScale:1.0]]
[2026.01.02-12.46.41:673][  0]LogConfig: Setting CVar [[r.Shadow.PreShadowResolutionFactor:1.0]]
[2026.01.02-12.46.41:673][  0]LogConfig: Setting CVar [[r.DistanceFieldShadowing:1]]
[2026.01.02-12.46.41:674][  0]LogConfig: Setting CVar [[r.DistanceFieldAO:1]]
[2026.01.02-12.46.41:674][  0]LogConfig: Setting CVar [[r.AOQuality:2]]
[2026.01.02-12.46.41:674][  0]LogConfig: Setting CVar [[r.VolumetricFog:1]]
[2026.01.02-12.46.41:674][  0]LogConfig: Setting CVar [[r.VolumetricFog.GridPixelSize:8]]
[2026.01.02-12.46.41:674][  0]LogConfig: Setting CVar [[r.VolumetricFog.GridSizeZ:128]]
[2026.01.02-12.46.41:674][  0]LogConfig: Setting CVar [[r.VolumetricFog.HistoryMissSupersampleCount:4]]
[2026.01.02-12.46.41:674][  0]LogConfig: Setting CVar [[r.LightMaxDrawDistanceScale:1]]
[2026.01.02-12.46.41:674][  0]LogConfig: Setting CVar [[r.CapsuleShadows:1]]
[2026.01.02-12.46.41:674][  0]LogConfig: Applying CVar settings from Section [PostProcessQuality@3] File [D:/Artemii/Game/Game/Saved/Config/Windows/Scalability.ini]
[2026.01.02-12.46.41:674][  0]LogConfig: Setting CVar [[r.MotionBlurQuality:4]]
[2026.01.02-12.46.41:674][  0]LogConfig: Setting CVar [[r.AmbientOcclusionMipLevelFactor:0.4]]
[2026.01.02-12.46.41:674][  0]LogConfig: Setting CVar [[r.AmbientOcclusionMaxQuality:100]]
[2026.01.02-12.46.41:674][  0]LogConfig: Setting CVar [[r.AmbientOcclusionLevels:-1]]
[2026.01.02-12.46.41:674][  0]LogConfig: Setting CVar [[r.AmbientOcclusionRadiusScale:1.0]]
[2026.01.02-12.46.41:674][  0]LogConfig: Setting CVar [[r.DepthOfFieldQuality:2]]
[2026.01.02-12.46.41:674][  0]LogConfig: Setting CVar [[r.RenderTargetPoolMin:400]]
[2026.01.02-12.46.41:674][  0]LogConfig: Setting CVar [[r.LensFlareQuality:2]]
[2026.01.02-12.46.41:674][  0]LogConfig: Setting CVar [[r.SceneColorFringeQuality:1]]
[2026.01.02-12.46.41:674][  0]LogConfig: Setting CVar [[r.EyeAdaptationQuality:2]]
[2026.01.02-12.46.41:674][  0]LogConfig: Setting CVar [[r.BloomQuality:5]]
[2026.01.02-12.46.41:674][  0]LogConfig: Setting CVar [[r.FastBlurThreshold:100]]
[2026.01.02-12.46.41:674][  0]LogConfig: Setting CVar [[r.Upscale.Quality:3]]
[2026.01.02-12.46.41:674][  0]LogConfig: Setting CVar [[r.Tonemapper.GrainQuantization:1]]
[2026.01.02-12.46.41:674][  0]LogConfig: Setting CVar [[r.LightShaftQuality:1]]
[2026.01.02-12.46.41:674][  0]LogConfig: Setting CVar [[r.Filter.SizeScale:1]]
[2026.01.02-12.46.41:674][  0]LogConfig: Setting CVar [[r.Tonemapper.Quality:5]]
[2026.01.02-12.46.41:674][  0]LogConfig: Setting CVar [[r.DOF.Gather.AccumulatorQuality:1        ; higher gathering accumulator quality]]
[2026.01.02-12.46.41:674][  0]LogConfig: Setting CVar [[r.DOF.Gather.PostfilterMethod:1          ; Median3x3 postfilering method]]
[2026.01.02-12.46.41:674][  0]LogConfig: Setting CVar [[r.DOF.Gather.EnableBokehSettings:0       ; no bokeh simulation when gathering]]
[2026.01.02-12.46.41:674][  0]LogConfig: Setting CVar [[r.DOF.Gather.RingCount:4                 ; medium number of samples when gathering]]
[2026.01.02-12.46.41:674][  0]LogConfig: Setting CVar [[r.DOF.Scatter.ForegroundCompositing:1    ; additive foreground scattering]]
[2026.01.02-12.46.41:674][  0]LogConfig: Setting CVar [[r.DOF.Scatter.BackgroundCompositing:2    ; additive background scattering]]
[2026.01.02-12.46.41:674][  0]LogConfig: Setting CVar [[r.DOF.Scatter.EnableBokehSettings:1      ; bokeh simulation when scattering]]
[2026.01.02-12.46.41:674][  0]LogConfig: Setting CVar [[r.DOF.Scatter.MaxSpriteRatio:0.1         ; only a maximum of 10% of scattered bokeh]]
[2026.01.02-12.46.41:674][  0]LogConfig: Setting CVar [[r.DOF.Recombine.Quality:1                ; cheap slight out of focus]]
[2026.01.02-12.46.41:674][  0]LogConfig: Setting CVar [[r.DOF.Recombine.EnableBokehSettings:0    ; no bokeh simulation on slight out of focus]]
[2026.01.02-12.46.41:674][  0]LogConfig: Setting CVar [[r.DOF.TemporalAAQuality:1                ; more stable temporal accumulation]]
[2026.01.02-12.46.41:674][  0]LogConfig: Setting CVar [[r.DOF.Kernel.MaxForegroundRadius:0.025]]
[2026.01.02-12.46.41:674][  0]LogConfig: Setting CVar [[r.DOF.Kernel.MaxBackgroundRadius:0.025]]
[2026.01.02-12.46.41:674][  0]LogConfig: Applying CVar settings from Section [TextureQuality@3] File [D:/Artemii/Game/Game/Saved/Config/Windows/Scalability.ini]
[2026.01.02-12.46.41:674][  0]LogConfig: Setting CVar [[r.Streaming.MipBias:0]]
[2026.01.02-12.46.41:674][  0]LogConfig: Setting CVar [[r.Streaming.AmortizeCPUToGPUCopy:0]]
[2026.01.02-12.46.41:674][  0]LogConfig: Setting CVar [[r.Streaming.MaxNumTexturesToStreamPerFrame:0]]
[2026.01.02-12.46.41:674][  0]LogConfig: Setting CVar [[r.Streaming.Boost:1]]
[2026.01.02-12.46.41:674][  0]LogConfig: Setting CVar [[r.MaxAnisotropy:8]]
[2026.01.02-12.46.41:674][  0]LogConfig: Setting CVar [[r.VT.MaxAnisotropy:8]]
[2026.01.02-12.46.41:674][  0]LogConfig: Setting CVar [[r.Streaming.LimitPoolSizeToVRAM:0]]
[2026.01.02-12.46.41:674][  0]LogConfig: Setting CVar [[r.Streaming.PoolSize:1000]]
[2026.01.02-12.46.41:674][  0]LogConfig: Setting CVar [[r.Streaming.MaxEffectiveScreenSize:0]]
[2026.01.02-12.46.41:674][  0]LogConfig: Applying CVar settings from Section [EffectsQuality@3] File [D:/Artemii/Game/Game/Saved/Config/Windows/Scalability.ini]
[2026.01.02-12.46.41:674][  0]LogConfig: Setting CVar [[r.TranslucencyLightingVolumeDim:64]]
[2026.01.02-12.46.41:674][  0]LogConfig: Setting CVar [[r.RefractionQuality:2]]
[2026.01.02-12.46.41:674][  0]LogConfig: Setting CVar [[r.SSR.Quality:3]]
[2026.01.02-12.46.41:674][  0]LogConfig: Setting CVar [[r.SSR.HalfResSceneColor:0]]
[2026.01.02-12.46.41:674][  0]LogConfig: Setting CVar [[r.SceneColorFormat:4]]
[2026.01.02-12.46.41:674][  0]LogConfig: Setting CVar [[r.DetailMode:2]]
[2026.01.02-12.46.41:674][  0]LogConfig: Setting CVar [[r.TranslucencyVolumeBlur:1]]
[2026.01.02-12.46.41:674][  0]LogConfig: Setting CVar [[r.MaterialQualityLevel:1 ; High quality]]
[2026.01.02-12.46.41:674][  0]LogConfig: Setting CVar [[r.AnisotropicMaterials:1]]
[2026.01.02-12.46.41:674][  0]LogConfig: Setting CVar [[r.SSS.Scale:1]]
[2026.01.02-12.46.41:674][  0]LogConfig: Setting CVar [[r.SSS.SampleSet:2]]
[2026.01.02-12.46.41:674][  0]LogConfig: Setting CVar [[r.SSS.Quality:1]]
[2026.01.02-12.46.41:674][  0]LogConfig: Setting CVar [[r.SSS.HalfRes:0]]
[2026.01.02-12.46.41:674][  0]LogConfig: Setting CVar [[r.SSGI.Quality:3]]
[2026.01.02-12.46.41:674][  0]LogConfig: Setting CVar [[r.EmitterSpawnRateScale:1.0]]
[2026.01.02-12.46.41:674][  0]LogConfig: Setting CVar [[r.ParticleLightQuality:2]]
[2026.01.02-12.46.41:674][  0]LogConfig: Setting CVar [[r.SkyAtmosphere.AerialPerspectiveLUT.FastApplyOnOpaque:1 ; Always have FastSkyLUT 1 in this case to avoid wrong sky]]
[2026.01.02-12.46.41:674][  0]LogConfig: Setting CVar [[r.SkyAtmosphere.AerialPerspectiveLUT.SampleCountMaxPerSlice:4]]
[2026.01.02-12.46.41:674][  0]LogConfig: Setting CVar [[r.SkyAtmosphere.AerialPerspectiveLUT.DepthResolution:16.0]]
[2026.01.02-12.46.41:674][  0]LogConfig: Setting CVar [[r.SkyAtmosphere.FastSkyLUT:1]]
[2026.01.02-12.46.41:674][  0]LogConfig: Setting CVar [[r.SkyAtmosphere.FastSkyLUT.SampleCountMin:4.0]]
[2026.01.02-12.46.41:674][  0]LogConfig: Setting CVar [[r.SkyAtmosphere.FastSkyLUT.SampleCountMax:128.0]]
[2026.01.02-12.46.41:674][  0]LogConfig: Setting CVar [[r.SkyAtmosphere.SampleCountMin:4.0]]
[2026.01.02-12.46.41:674][  0]LogConfig: Setting CVar [[r.SkyAtmosphere.SampleCountMax:128.0]]
[2026.01.02-12.46.41:674][  0]LogConfig: Setting CVar [[r.SkyAtmosphere.TransmittanceLUT.UseSmallFormat:0]]
[2026.01.02-12.46.41:674][  0]LogConfig: Setting CVar [[r.SkyAtmosphere.TransmittanceLUT.SampleCount:10.0]]
[2026.01.02-12.46.41:674][  0]LogConfig: Setting CVar [[r.SkyAtmosphere.MultiScatteringLUT.SampleCount:15.0]]
[2026.01.02-12.46.41:674][  0]LogConfig: Setting CVar [[r.SkyLight.RealTimeReflectionCapture:1]]
[2026.01.02-12.46.41:674][  0]LogConfig: Applying CVar settings from Section [FoliageQuality@3] File [D:/Artemii/Game/Game/Saved/Config/Windows/Scalability.ini]
[2026.01.02-12.46.41:674][  0]LogConfig: Setting CVar [[foliage.DensityScale:1.0]]
[2026.01.02-12.46.41:674][  0]LogConfig: Setting CVar [[grass.DensityScale:1.0]]
[2026.01.02-12.46.41:674][  0]LogConfig: Applying CVar settings from Section [ShadingQuality@3] File [D:/Artemii/Game/Game/Saved/Config/Windows/Scalability.ini]
[2026.01.02-12.46.41:674][  0]LogConfig: Setting CVar [[r.HairStrands.SkyLighting.IntegrationType:2]]
[2026.01.02-12.46.41:674][  0]LogConfig: Setting CVar [[r.HairStrands.SkyAO.SampleCount:4]]
[2026.01.02-12.46.41:674][  0]LogConfig: Setting CVar [[r.HairStrands.Visibility.MSAA.SamplePerPixel:4]]
[2026.01.02-12.46.41:674][  0]LogConfig: Applying CVar settings from Section [Startup] File [../../../Engine/Config/ConsoleVariables.ini]
[2026.01.02-12.46.41:674][  0]LogConfig: Setting CVar [[net.UseAdaptiveNetUpdateFrequency:0]]
[2026.01.02-12.46.41:674][  0]LogConfig: Setting CVar [[p.chaos.AllowCreatePhysxBodies:1]]
[2026.01.02-12.46.41:674][  0]LogConfig: Setting CVar [[fx.SkipVectorVMBackendOptimizations:1]]
[2026.01.02-12.46.41:674][  0]LogConfig: Applying CVar settings from Section [ConsoleVariables] File [D:/Artemii/Game/Game/Saved/Config/Windows/Engine.ini]
[2026.01.02-12.46.41:674][  0]LogConfig: Applying CVar settings from Section [ConsoleVariables] File [D:/Artemii/Game/Game/Saved/Config/Windows/Editor.ini]
[2026.01.02-12.46.41:674][  0]LogInit: Computer: ANATOLII
[2026.01.02-12.46.41:674][  0]LogInit: User: LVI
[2026.01.02-12.46.41:674][  0]LogInit: CPU Page size=4096, Cores=14
[2026.01.02-12.46.41:674][  0]LogInit: High frequency timer resolution =10.000000 MHz
[2026.01.02-12.46.41:674][  0]LogMemory: Memory total: Physical=31.8GB (32GB approx)
[2026.01.02-12.46.41:674][  0]LogMemory: Platform Memory Stats for Windows
[2026.01.02-12.46.41:674][  0]LogMemory: Process Physical Memory: 147.39 MB used, 147.39 MB peak
[2026.01.02-12.46.41:674][  0]LogMemory: Process Virtual Memory: 132.68 MB used, 132.68 MB peak
[2026.01.02-12.46.41:674][  0]LogMemory: Physical Memory: 8637.99 MB used,  23933.23 MB free, 32571.21 MB total
[2026.01.02-12.46.41:674][  0]LogMemory: Virtual Memory: 134191272.00 MB used,  26458.01 MB free, 134217728.00 MB total
[2026.01.02-12.46.41:677][  0]LogWindows: WindowsPlatformFeatures enabled
[2026.01.02-12.46.41:699][  0]LogInit: Physics initialised using underlying interface: PhysX
[2026.01.02-12.46.41:700][  0]LogInit: Using OS detected language (en-US).
[2026.01.02-12.46.41:700][  0]LogInit: Using OS detected locale (uk-UA).
[2026.01.02-12.46.41:701][  0]LogTextLocalizationManager: No specific localization for 'en-US' exists, so the 'en' localization will be used.
[2026.01.02-12.46.41:798][  0]LogInit: Setting process to per monitor DPI aware
[2026.01.02-12.46.41:809][  0]LogWindowsTextInputMethodSystem: Display: IME system deactivated.
[2026.01.02-12.46.41:823][  0]LogSlate: New Slate User Created.  User Index 0, Is Virtual User: 0
[2026.01.02-12.46.41:823][  0]LogSlate: Slate User Registered.  User Index 0, Is Virtual User: 0
[2026.01.02-12.46.41:883][  0]LogD3D11RHI: Loaded GFSDK_Aftermath_Lib.x64.dll
[2026.01.02-12.46.41:885][  0]LogHMD: Failed to initialize OpenVR with code 110
[2026.01.02-12.46.41:885][  0]LogD3D11RHI: D3D11 min allowed feature level: 11_0
[2026.01.02-12.46.41:885][  0]LogD3D11RHI: D3D11 max allowed feature level: 11_0
[2026.01.02-12.46.41:885][  0]LogD3D11RHI: D3D11 adapters:
[2026.01.02-12.46.42:031][  0]LogD3D11RHI:    0. 'NVIDIA GeForce RTX 3060 Ti' (Feature Level 11_0)
[2026.01.02-12.46.42:031][  0]LogD3D11RHI:       8024/0/16285 MB DedicatedVideo/DedicatedSystem/SharedSystem, Outputs:2, VendorId:0x10de
[2026.01.02-12.46.42:076][  0]LogD3D11RHI:    1. 'Intel(R) UHD Graphics 770' (Feature Level 11_0)
[2026.01.02-12.46.42:076][  0]LogD3D11RHI:       128/0/16285 MB DedicatedVideo/DedicatedSystem/SharedSystem, Outputs:0, VendorId:0x8086
[2026.01.02-12.46.42:077][  0]LogD3D11RHI:    2. 'Microsoft Basic Render Driver' (Feature Level 11_0)
[2026.01.02-12.46.42:077][  0]LogD3D11RHI:       0/0/16285 MB DedicatedVideo/DedicatedSystem/SharedSystem, Outputs:0, VendorId:0x1414
[2026.01.02-12.46.42:180][  0]LogD3D11RHI:    3. 'NVIDIA GeForce RTX 3060 Ti' (Feature Level 11_0)
[2026.01.02-12.46.42:180][  0]LogD3D11RHI:       8024/0/16285 MB DedicatedVideo/DedicatedSystem/SharedSystem, Outputs:0, VendorId:0x10de
[2026.01.02-12.46.42:180][  0]LogD3D11RHI: Chosen D3D11 Adapter:
[2026.01.02-12.46.42:180][  0]LogD3D11RHI:     Description : NVIDIA GeForce RTX 3060 Ti
[2026.01.02-12.46.42:180][  0]LogD3D11RHI:     VendorId    : 10de
[2026.01.02-12.46.42:180][  0]LogD3D11RHI:     DeviceId    : 2489
[2026.01.02-12.46.42:180][  0]LogD3D11RHI:     SubSysId    : 405b1458
[2026.01.02-12.46.42:180][  0]LogD3D11RHI:     Revision    : 00a1
[2026.01.02-12.46.42:180][  0]LogD3D11RHI:     DedicatedVideoMemory : 8413773824 bytes
[2026.01.02-12.46.42:180][  0]LogD3D11RHI:     DedicatedSystemMemory : 0 bytes
[2026.01.02-12.46.42:180][  0]LogD3D11RHI:     SharedSystemMemory : 17076697088 bytes
[2026.01.02-12.46.42:180][  0]LogD3D11RHI:     AdapterLuid : 0 56547
[2026.01.02-12.46.42:184][  0]LogD3D11RHI: Creating new Direct3DDevice
[2026.01.02-12.46.42:184][  0]LogD3D11RHI:     GPU DeviceId: 0x2489 (for the marketing name, search the web for "GPU Device Id")
[2026.01.02-12.46.42:184][  0]LogWindows: EnumDisplayDevices:
[2026.01.02-12.46.42:184][  0]LogWindows:    0. 'NVIDIA GeForce RTX 3060 Ti' (P:0 D:1)
[2026.01.02-12.46.42:184][  0]LogWindows:    1. 'NVIDIA GeForce RTX 3060 Ti' (P:1 D:1)
[2026.01.02-12.46.42:184][  0]LogWindows:    2. 'NVIDIA GeForce RTX 3060 Ti' (P:0 D:0)
[2026.01.02-12.46.42:185][  0]LogWindows:    3. 'NVIDIA GeForce RTX 3060 Ti' (P:0 D:0)
[2026.01.02-12.46.42:185][  0]LogWindows:    4. 'Intel(R) UHD Graphics 770' (P:0 D:0)
[2026.01.02-12.46.42:185][  0]LogWindows:    5. 'Intel(R) UHD Graphics 770' (P:0 D:0)
[2026.01.02-12.46.42:185][  0]LogWindows:    6. 'Intel(R) UHD Graphics 770' (P:0 D:0)
[2026.01.02-12.46.42:185][  0]LogWindows:    7. 'Intel(R) UHD Graphics 770' (P:0 D:0)
[2026.01.02-12.46.42:185][  0]LogWindows:    8. 'Parsec Virtual Display Adapter' (P:0 D:0)
[2026.01.02-12.46.42:185][  0]LogWindows:    9. 'Parsec Virtual Display Adapter' (P:0 D:0)
[2026.01.02-12.46.42:185][  0]LogWindows:    10. 'Parsec Virtual Display Adapter' (P:0 D:0)
[2026.01.02-12.46.42:185][  0]LogWindows:    11. 'Parsec Virtual Display Adapter' (P:0 D:0)
[2026.01.02-12.46.42:185][  0]LogWindows:    12. 'Parsec Virtual Display Adapter' (P:0 D:0)
[2026.01.02-12.46.42:185][  0]LogWindows:    13. 'Parsec Virtual Display Adapter' (P:0 D:0)
[2026.01.02-12.46.42:186][  0]LogWindows:    14. 'Parsec Virtual Display Adapter' (P:0 D:0)
[2026.01.02-12.46.42:186][  0]LogWindows:    15. 'Parsec Virtual Display Adapter' (P:0 D:0)
[2026.01.02-12.46.42:186][  0]LogWindows:    16. 'Parsec Virtual Display Adapter' (P:0 D:0)
[2026.01.02-12.46.42:186][  0]LogWindows:    17. 'Parsec Virtual Display Adapter' (P:0 D:0)
[2026.01.02-12.46.42:186][  0]LogWindows:    18. 'Parsec Virtual Display Adapter' (P:0 D:0)
[2026.01.02-12.46.42:186][  0]LogWindows:    19. 'Parsec Virtual Display Adapter' (P:0 D:0)
[2026.01.02-12.46.42:186][  0]LogWindows:    20. 'Parsec Virtual Display Adapter' (P:0 D:0)
[2026.01.02-12.46.42:186][  0]LogWindows:    21. 'Parsec Virtual Display Adapter' (P:0 D:0)
[2026.01.02-12.46.42:186][  0]LogWindows:    22. 'Parsec Virtual Display Adapter' (P:0 D:0)
[2026.01.02-12.46.42:186][  0]LogWindows:    23. 'Parsec Virtual Display Adapter' (P:0 D:0)
[2026.01.02-12.46.42:186][  0]LogWindows: DebugString: PrimaryIsNotTheChoosenAdapter PrimaryIsNotTheChoosenAdapter PrimaryIsNotTheChoosenAdapter PrimaryIsNotTheChoosenAdapter GetVideoDriverDetailsInvalid PrimaryIsNotTheChoosenAdapter GetVideoDriverDetailsInvalid PrimaryIsNotTheChoosenAdapter GetVideoDriverDetailsInvalid PrimaryIsNotTheChoosenAdapter GetVideoDriverDetailsInvalid PrimaryIsNotTheChoosenAdapter GetVideoDriverDetailsInvalid PrimaryIsNotTheChoosenAdapter GetVideoDriverDetailsInvalid PrimaryIsNotTheChoosenAdapter GetVideoDriverDetailsInvalid PrimaryIsNotTheChoosenAdapter GetVideoDriverDetailsInvalid PrimaryIsNotTheChoosenAdapter GetVideoDriverDetailsInvalid PrimaryIsNotTheChoosenAdapter GetVideoDriverDetailsInvalid PrimaryIsNotTheChoosenAdapter GetVideoDriverDetailsInvalid PrimaryIsNotTheChoosenAdapter GetVideoDriverDetailsInvalid PrimaryIsNotTheChoosenAdapter GetVideoDriverDetailsInvalid PrimaryIsNotTheChoosenAdapter GetVideoDriverDetailsInvalid PrimaryIsNotTheChoosenAdapter GetVideoDriverDetailsInvalid PrimaryIsNotTheChoosenAdapter GetVideoDriverDetailsInvalid PrimaryIsNotTheChoosenAdapter FoundDriverCount:4 
[2026.01.02-12.46.42:186][  0]LogD3D11RHI:     Adapter Name: NVIDIA GeForce RTX 3060 Ti
[2026.01.02-12.46.42:186][  0]LogD3D11RHI:   Driver Version: 576.28 (internal:32.0.15.7628, unified:576.28)
[2026.01.02-12.46.42:186][  0]LogD3D11RHI:      Driver Date: 4-27-2025
[2026.01.02-12.46.42:186][  0]LogRHI: Texture pool is 5616 MB (70% of 8024 MB)
[2026.01.02-12.46.42:186][  0]LogD3D11RHI: Creating D3DDevice using adapter:
[2026.01.02-12.46.42:186][  0]LogD3D11RHI:     Description : NVIDIA GeForce RTX 3060 Ti
[2026.01.02-12.46.42:186][  0]LogD3D11RHI:     VendorId    : 10de
[2026.01.02-12.46.42:186][  0]LogD3D11RHI:     DeviceId    : 2489
[2026.01.02-12.46.42:187][  0]LogD3D11RHI:     SubSysId    : 405b1458
[2026.01.02-12.46.42:187][  0]LogD3D11RHI:     Revision    : 00a1
[2026.01.02-12.46.42:187][  0]LogD3D11RHI:     DedicatedVideoMemory : 8413773824 bytes
[2026.01.02-12.46.42:187][  0]LogD3D11RHI:     DedicatedSystemMemory : 0 bytes
[2026.01.02-12.46.42:187][  0]LogD3D11RHI:     SharedSystemMemory : 17076697088 bytes
[2026.01.02-12.46.42:187][  0]LogD3D11RHI:     AdapterLuid : 0 56547
[2026.01.02-12.46.42:277][  0]LogD3D11RHI: RHI has support for 64 bit atomics
[2026.01.02-12.46.42:277][  0]LogD3D11RHI: Async texture creation enabled
[2026.01.02-12.46.42:277][  0]LogD3D11RHI: Array index from any shader is supported
[2026.01.02-12.46.42:290][  0]LogD3D11RHI: GPU Timing Frequency: 1000.000000 (Debug: 2 1)
[2026.01.02-12.46.42:305][  0]LogRHI: GeForceNow SDK initialized: 1
[2026.01.02-12.46.42:464][  0]LogTargetPlatformManager: Display: Loaded TargetPlatform 'AllDesktop'
[2026.01.02-12.46.42:476][  0]LogTargetPlatformManager: Display: Loaded TargetPlatform 'Android'
[2026.01.02-12.46.42:476][  0]LogTargetPlatformManager: Display: Loaded TargetPlatform 'Android_ASTC'
[2026.01.02-12.46.42:476][  0]LogTargetPlatformManager: Display: Loaded TargetPlatform 'Android_DXT'
[2026.01.02-12.46.42:476][  0]LogTargetPlatformManager: Display: Loaded TargetPlatform 'Android_ETC2'
[2026.01.02-12.46.42:476][  0]LogTargetPlatformManager: Display: Loaded TargetPlatform 'AndroidClient'
[2026.01.02-12.46.42:476][  0]LogTargetPlatformManager: Display: Loaded TargetPlatform 'Android_ASTCClient'
[2026.01.02-12.46.42:476][  0]LogTargetPlatformManager: Display: Loaded TargetPlatform 'Android_DXTClient'
[2026.01.02-12.46.42:476][  0]LogTargetPlatformManager: Display: Loaded TargetPlatform 'Android_ETC2Client'
[2026.01.02-12.46.42:476][  0]LogTargetPlatformManager: Display: Loaded TargetPlatform 'Android_Multi'
[2026.01.02-12.46.42:476][  0]LogTargetPlatformManager: Display: Loaded TargetPlatform 'Android_MultiClient'
[2026.01.02-12.46.42:485][  0]LogTargetPlatformManager: Display: Loaded TargetPlatform 'IOSClient'
[2026.01.02-12.46.42:485][  0]LogTargetPlatformManager: Display: Loaded TargetPlatform 'IOS'
[2026.01.02-12.46.42:490][  0]LogTargetPlatformManager: Display: Loaded TargetPlatform 'Linux'
[2026.01.02-12.46.42:492][  0]LogTargetPlatformManager: Display: Loaded TargetPlatform 'LinuxNoEditor'
[2026.01.02-12.46.42:494][  0]LogTargetPlatformManager: Display: Loaded TargetPlatform 'LinuxClient'
[2026.01.02-12.46.42:496][  0]LogTargetPlatformManager: Display: Loaded TargetPlatform 'LinuxServer'
[2026.01.02-12.46.42:501][  0]LogTargetPlatformManager: Display: Loaded TargetPlatform 'LinuxAArch64NoEditor'
[2026.01.02-12.46.42:503][  0]LogTargetPlatformManager: Display: Loaded TargetPlatform 'LinuxAArch64Client'
[2026.01.02-12.46.42:505][  0]LogTargetPlatformManager: Display: Loaded TargetPlatform 'LinuxAArch64Server'
[2026.01.02-12.46.42:517][  0]LogTargetPlatformManager: Display: Loaded TargetPlatform 'Lumin'
[2026.01.02-12.46.42:517][  0]LogTargetPlatformManager: Display: Loaded TargetPlatform 'LuminClient'
[2026.01.02-12.46.42:521][  0]LogTargetPlatformManager: Display: Loaded TargetPlatform 'MacNoEditor'
[2026.01.02-12.46.42:523][  0]LogTargetPlatformManager: Display: Loaded TargetPlatform 'Mac'
[2026.01.02-12.46.42:525][  0]LogTargetPlatformManager: Display: Loaded TargetPlatform 'MacClient'
[2026.01.02-12.46.42:527][  0]LogTargetPlatformManager: Display: Loaded TargetPlatform 'MacServer'
[2026.01.02-12.46.42:532][  0]LogTargetPlatformManager: Display: Loaded TargetPlatform 'TVOSClient'
[2026.01.02-12.46.42:532][  0]LogTargetPlatformManager: Display: Loaded TargetPlatform 'TVOS'
[2026.01.02-12.46.42:537][  0]LogTargetPlatformManager: Display: Loaded TargetPlatform 'WindowsNoEditor'
[2026.01.02-12.46.42:539][  0]LogTargetPlatformManager: Display: Loaded TargetPlatform 'Windows'
[2026.01.02-12.46.42:541][  0]LogTargetPlatformManager: Display: Loaded TargetPlatform 'WindowsClient'
[2026.01.02-12.46.42:543][  0]LogTargetPlatformManager: Display: Loaded TargetPlatform 'WindowsServer'
[2026.01.02-12.46.42:543][  0]LogTargetPlatformManager: Display: Building Assets For Windows
[2026.01.02-12.46.42:547][  0]LogAudioDebug: Display: Lib vorbis DLL was dynamically loaded.
[2026.01.02-12.46.42:562][  0]LogTextureFormatOodle: Display: Oodle Texture 2.9.0 init RDO Off
[2026.01.02-12.46.42:577][  0]LogRendererCore: Ray tracing is disabled. Reason: r.RayTracing=0.
[2026.01.02-12.46.42:577][  0]LogShaderCompilers: Guid format shader working directory is 23 characters bigger than the processId version (D:/Artemii/Game/Game/Intermediate/Shaders/WorkingDirectory/22796/).
[2026.01.02-12.46.42:577][  0]LogShaderCompilers: Cleaned the shader compiler working directory 'C:/Users/LVI/AppData/Local/Temp/UnrealShaderWorkingDir/70C42BE1460C7BB4492A559E017DB935/'.
[2026.01.02-12.46.42:578][  0]LogXGEController: Cannot use XGE Controller as Incredibuild is not installed on this machine.
[2026.01.02-12.46.42:578][  0]LogShaderCompilers: Cannot use XGE Shader Compiler as Incredibuild is not installed on this machine.
[2026.01.02-12.46.42:578][  0]LogShaderCompilers: Display: Using Local Shader Compiler.
[2026.01.02-12.46.43:053][  0]LogDerivedDataCache: Display: Max Cache Size: 512 MB
[2026.01.02-12.46.43:089][  0]LogDerivedDataCache: Loaded boot cache 0.04s 94MB C:/Users/LVI/AppData/Local/UnrealEngine/4.27/DerivedDataCache/Boot.ddc.
[2026.01.02-12.46.43:089][  0]LogDerivedDataCache: Display: Loaded Boot cache: C:/Users/LVI/AppData/Local/UnrealEngine/4.27/DerivedDataCache/Boot.ddc
[2026.01.02-12.46.43:089][  0]LogDerivedDataCache: FDerivedDataBackendGraph:  Pak pak cache file D:/Artemii/Game/Game/DerivedDataCache/DDC.ddp not found, will not use a pak cache.
[2026.01.02-12.46.43:089][  0]LogDerivedDataCache: Unable to find inner node Pak for hierarchical cache Hierarchy.
[2026.01.02-12.46.43:089][  0]LogDerivedDataCache: FDerivedDataBackendGraph:  CompressedPak pak cache file D:/Artemii/Game/Game/DerivedDataCache/Compressed.ddp not found, will not use a pak cache.
[2026.01.02-12.46.43:089][  0]LogDerivedDataCache: Unable to find inner node CompressedPak for hierarchical cache Hierarchy.
[2026.01.02-12.46.43:100][  0]LogDerivedDataCache: Display: Pak cache opened for reading ../../../Engine/DerivedDataCache/Compressed.ddp.
[2026.01.02-12.46.43:100][  0]LogDerivedDataCache: FDerivedDataBackendGraph:  EnterprisePak pak cache file ../../../Enterprise/DerivedDataCache/Compressed.ddp not found, will not use a pak cache.
[2026.01.02-12.46.43:100][  0]LogDerivedDataCache: Unable to find inner node EnterprisePak for hierarchical cache Hierarchy.
[2026.01.02-12.46.43:105][  0]LogDerivedDataCache: Speed tests for C:/Users/LVI/AppData/Local/UnrealEngine/Common/DerivedDataCache took 0.00 seconds
[2026.01.02-12.46.43:105][  0]LogDerivedDataCache: Display: Performance to C:/Users/LVI/AppData/Local/UnrealEngine/Common/DerivedDataCache: Latency=0.01ms. RandomReadSpeed=2890.82MBs, RandomWriteSpeed=228.19MBs. Assigned SpeedClass 'Local'
[2026.01.02-12.46.43:106][  0]LogDerivedDataCache: Using Local data cache path C:/Users/LVI/AppData/Local/UnrealEngine/Common/DerivedDataCache: Writable
[2026.01.02-12.46.43:106][  0]LogDerivedDataCache: Shared data cache path not found in *engine.ini, will not use an Shared cache.
[2026.01.02-12.46.43:106][  0]LogDerivedDataCache: Unable to find inner node Shared for hierarchical cache Hierarchy.
[2026.01.02-12.46.43:136][  0]LogSlate: Using FreeType 2.10.0
[2026.01.02-12.46.43:136][  0]LogSlate: SlateFontServices - WITH_FREETYPE: 1, WITH_HARFBUZZ: 1
[2026.01.02-12.46.43:151][  0]LogAssetRegistry: FAssetRegistry took 0.0017 seconds to start up
[2026.01.02-12.46.43:275][  0]LogInit: Selected Device Profile: [Windows]
[2026.01.02-12.46.43:275][  0]LogInit: Active device profile: [0000012DB8C73100][0000012DB24E4580 49] Windows
[2026.01.02-12.46.43:275][  0]LogInit: Profiles: [0000012DB8C73100][0000012DB24E4580 49] Windows, [0000012DB8C29400][0000012DB72AA6C0 49] WindowsNoEditor, [0000012DB8C71400][0000012DB72B2840 49] WindowsServer, [0000012DB8C2AE00][0000012DB72B69C0 49] WindowsClient, [0000012DB8C72E00][0000012DB72BAB40 49] IOS, [0000012DB8C29500][0000012DB861ACC0 49] iPadAir, [0000012DB8C70400][0000012DB861EE40 49] iPadAir2, [0000012DB8BD8400][0000012DB8627100 49] IPadPro, [0000012DB8BD8500][0000012DB8623140 49] iPadAir3, [0000012DB8C72B00][0000012DB862B2C0 49] iPadAir4, [0000012DB8BDB000][0000012DB862F440 49] iPadMini2, [0000012DB8C71600][0000012DB86335C0 49] iPadMini3, [0000012DB8BD9800][0000012DB8637740 49] iPadMini4, [0000012DB8C72900][0000012DB863B8C0 49] iPadMini5, [0000012DB8BB7C00][0000012DB8643B80 49] iPhone6, [0000012DB8BB7D00][0000012DB863FBC0 49] iPodTouch6, [0000012DB8BDBE00][0000012DB864A300 49] iPhone7, [0000012DB8BDBF00][0000012DB8646340 49] iPodTouch7, [0000012DB8BB5500][0000012DB864E4C0 49] iPhone5S, [0000012DB8BD9B00][0000012DB72AE600 49] iPhone6Plus, [0000012DB8BB6C00][0000012DB8652740 49] iPhone6S, [0000012DB8BD8200][0000012DB8656880 49] iPhone6SPlus, [0000012DB8BB5800][0000012DB865A9C0 49] iPhone7Plus, [0000012DB8BDB400][0000012DB8662B40 49] iPhoneSE, [0000012DB8BB6900][0000012DB8666CC0 49] iPhone8, [0000012DB8BD9600][0000012DB866AE40 49] iPhone8Plus, [0000012DB8BB7800][0000012DB866EFC0 49] iPhoneX, [0000012DB8BD8600][0000012DB8673140 49] iPhoneXS, [0000012DB8BB6800][0000012DB86772C0 49] iPhoneXSMax, [0000012DB8BDA500][0000012DB867B440 49] iPhoneXR, [0000012DB8BB5D00][0000012DB867F5C0 49] iPhone11, [0000012DB8BD8800][0000012DB8683740 49] iPhone11Pro, [0000012DB8BB6500][0000012DB86878C0 49] iPhone11ProMax, [0000012DB8BD9D00][0000012DB868BA40 49] iPhoneSE2, [0000012DB8BB6000][0000012DB868FBC0 49] iPhone12Mini, [0000012DB8BD8A00][0000012DB86921C0 49] iPhone12, [0000012DB8BB6200][0000012DB8696340 49] iPhone12Pro, [0000012DB8BD8E00][0000012DB869A4C0 49] iPhone12ProMax, [0000012DB8BB6700][0000012DB869E640 49] iPadPro105, [0000012DB8BD8D00][0000012DB865E780 49] iPadPro129, [0000012DB8BB5900][0000012DB86A28C0 49] iPadPro97, [0000012DB8BDBD00][0000012DB86A6A00 49] iPadPro2_129, [0000012DB8BB6D00][0000012DB86AAB40 49] iPad5, [0000012DB8BDA100][0000012DB86B2CC0 49] iPad6, [0000012DB8BB4700][0000012DB86B6E40 49] iPad7, [0000012DB8BDA900][0000012DB86BAFC0 49] iPad8, [0000012DB8BB7500][0000012DB86BF140 49] iPadPro11, [0000012DB8BDB800][0000012DB86C32C0 49] iPadPro2_11, [0000012DB8BB7000][0000012DB86C7440 49] iPadPro3_129, [0000012DB8BDA800][0000012DB86CB5C0 49] iPadPro4_129, [0000012DB8BB4900][0000012DB96E1740 49] AppleTV, [0000012DB8BD9900][0000012DB96E58C0 49] AppleTV4K, [0000012DB8BB7100][0000012DB96E9A40 49] TVOS, [0000012DB8BDB200][0000012DB96EDBC0 49] Mac, [0000012DB8BB4300][0000012DB96F01C0 49] MacClient, [0000012DB8BD8B00][0000012DB96F4340 49] MacNoEditor, [0000012DB8BB4600][0000012DB96F84C0 49] MacServer, [0000012DB8BDB900][0000012DB96FC640 49] Linux, [0000012DB8BB6A00][0000012DB97007C0 49] LinuxAArch64, [0000012DB8BD8900][0000012DB9704940 49] LinuxNoEditor, [0000012DB8BB5A00][0000012DB86AEA80 49] LinuxAArch64NoEditor, [0000012DB8C2BC00][0000012DB9708BC0 49] LinuxClient, [0000012DB8CBD500][0000012DB970CD00 49] LinuxAArch64Client, [0000012DB8C28200][0000012DB9714E80 49] LinuxServer, [0000012DB8CBCB00][0000012DB9719000 49] LinuxAArch64Server, [0000012DB8C29200][0000012DB971D180 49] Android, [0000012DB8CBD100][0000012DB9721300 49] Android_Low, [0000012DB8C29C00][0000012DB9725480 49] Android_Mid, [0000012DB8CBD700][0000012DB9729600 49] Android_High, [0000012DB8C2A800][0000012DB972D780 49] Android_Default, [0000012DB8CBCA00][0000012DB9731900 49] Android_Adreno4xx, [0000012DB8C2B000][0000012DB9735A80 49] Android_Adreno5xx_Low, [0000012DB8CBC300][0000012DB9739C00 49] Android_Adreno5xx, [0000012DB8C2B800][0000012DB973C200 49] Android_Adreno6xx, [0000012DB8CBCD00][0000012DB9740380 49] Android_Adreno6xx_Vulkan, [0000012DB8C28E00][0000012DB9744500 49] Android_Mali_T6xx, [0000012DB8CBC100][0000012DB9748680 49] Android_Mali_T7xx, [0000012DB8C28500][0000012DB974C800 49] Android_Mali_T8xx, [0000012DB8CBDC00][0000012DB9750980 49] Android_Mali_G71, [0000012DB8C28A00][0000012DB9754B00 49] Android_Mali_G72, [0000012DB8CBD300][0000012DB9710C40 49] Android_Mali_G72_Vulkan, [0000012DB8C28900][0000012DB9758D80 49] Android_Mali_G76, [0000012DB8BB5F00][0000012DB975CEC0 49] Android_Mali_G76_Vulkan, [0000012DB8C2B900][0000012DB9765040 49] Android_Mali_G77, [0000012DB8BB7E00][0000012DB97691C0 49] Android_Mali_G77_Vulkan, [0000012DB8C28D00][0000012DB976D340 49] Android_Mali_G78, [0000012DB8BB5600][0000012DB97714C0 49] Android_Mali_G78_Vulkan, [0000012DB8C2BF00][0000012DB9775640 49] Android_Mali_G710, [0000012DB8BB7B00][0000012DB97797C0 49] Android_Mali_G710_Vulkan, [0000012DB8C2A200][0000012DB977D940 49] Android_Vulkan_SM5, [0000012DB8BB6F00][0000012DB9781AC0 49] Android_PowerVR_G6xxx, [0000012DB8C2AC00][0000012DB97840C0 49] Android_PowerVR_GT7xxx, [0000012DB8BB7700][0000012DB9788240 49] Android_PowerVR_GE8xxx, [0000012DB8C29D00][0000012DB978C3C0 49] Android_PowerVR_GM9xxx, [0000012DB8BB6100][0000012DB9790540 49] Android_PowerVR_GM9xxx_Vulkan, [0000012DB8C29000][0000012DB97946C0 49] Android_TegraK1, [0000012DB8BB5300][0000012DB9798840 49] Android_Unknown_Vulkan, [0000012DB8C2A100][0000012DB979C9C0 49] Lumin, [0000012DB8BB6400][0000012DB97A0B40 49] Lumin_Desktop, [0000012DB8C2AF00][0000012DB97A4CC0 49] HoloLens, 
[2026.01.02-12.46.43:370][  0]LogMeshReduction: Using QuadricMeshReduction for automatic static mesh reduction
[2026.01.02-12.46.43:370][  0]LogMeshReduction: Using SimplygonMeshReduction for automatic skeletal mesh reduction
[2026.01.02-12.46.43:370][  0]LogMeshReduction: Using ProxyLODMeshReduction for automatic mesh merging
[2026.01.02-12.46.43:370][  0]LogMeshReduction: No distributed automatic mesh merging module available
[2026.01.02-12.46.43:371][  0]LogMeshMerging: No distributed automatic mesh merging module available
[2026.01.02-12.46.43:382][  0]LogNetVersion: Game 1.0.0, NetCL: 17155196, EngineNetVer: 17, GameNetVer: 0 (Checksum: 132826216)
[2026.01.02-12.46.43:597][  0]LogTexture: Default maximum texture size for cubemaps generated from long-lat sources has been changed from 512 to unlimited. In order to preserve old behaiour for '/Engine/MapTemplates/Sky/DaylightAmbientCubemap.DaylightAmbientCubemap', its maximum texture size has been explicitly set to 512.
[2026.01.02-12.46.43:630][  0]LogHMD: PokeAHoleMaterial loaded successfully
[2026.01.02-12.46.43:634][  0]LogUObjectArray: 17178 objects as part of root set at end of initial load.
[2026.01.02-12.46.43:634][  0]LogUObjectAllocator: 4302048 out of 0 bytes used by permanent object pool.
[2026.01.02-12.46.43:634][  0]LogUObjectArray: CloseDisregardForGC: 0/0 objects in disregard for GC pool
[2026.01.02-12.46.43:716][  0]LogNiagaraDebuggerClient: Niagara Debugger Client Initialized | Session: 59B6CF8E45C353870E5EDE86AAB218A4 | Instance: A210E4A94D0C2EFB6825029A2F545AF0 (ANATOLII-22796).
[2026.01.02-12.46.43:788][  0]LogTcpMessaging: Initializing TcpMessaging bridge
[2026.01.02-12.46.43:791][  0]LogUdpMessaging: Initializing bridge on interface 0.0.0.0:0 to multicast group 230.0.0.1:6666.
[2026.01.02-12.46.43:800][  0]LogPython: Using Python 3.7.7
[2026.01.02-12.46.44:191][  0]SourceControl: Source control is disabled
[2026.01.02-12.46.44:191][  0]SourceControl: Source control is disabled
[2026.01.02-12.46.44:195][  0]SourceControl: Source control is disabled
[2026.01.02-12.46.44:197][  0]SourceControl: Source control is disabled
[2026.01.02-12.46.44:198][  0]SourceControl: Source control is disabled
[2026.01.02-12.46.44:201][  0]LogUProjectInfo: Found projects:
[2026.01.02-12.46.44:374][  0]LogOpenImageDenoise: OIDN starting up
[2026.01.02-12.46.44:384][  0]LogAndroidPermission: UAndroidPermissionCallbackProxy::GetInstance
[2026.01.02-12.46.44:395][  0]LogAudioCaptureCore: Display: No Audio Capture implementations found. Audio input will be silent.
[2026.01.02-12.46.44:395][  0]LogAudioCaptureCore: Display: No Audio Capture implementations found. Audio input will be silent.
[2026.01.02-12.46.44:465][  0]LogCollectionManager: Loaded 0 collections in 0.000924 seconds
[2026.01.02-12.46.44:478][  0]LogFileCache: Scanning file cache for directory 'D:/Artemii/Game/Game/Saved/Collections/' took 0.00s
[2026.01.02-12.46.44:478][  0]LogFileCache: Scanning file cache for directory 'D:/Artemii/Game/Game/Content/Developers/LVI/Collections/' took 0.00s
[2026.01.02-12.46.44:478][  0]LogFileCache: Scanning file cache for directory 'D:/Artemii/Game/Game/Content/Collections/' took 0.00s
[2026.01.02-12.46.44:478][  0]LogOcInput: OculusInput pre-init called
[2026.01.02-12.46.44:620][  0]LogEngine: Initializing Engine...
[2026.01.02-12.46.44:621][  0]LogHMD: Failed to enumerate extensions. Please check that you have a valid OpenXR runtime installed.
[2026.01.02-12.46.44:622][  0]LogHMD: Failed to initialize OpenVR with code 110
[2026.01.02-12.46.44:622][  0]LogMagicLeap: Warning: VR disabled because ZI is not enabled.  To enable, in the editor, Edit -> Project Settings -> Plugins -> Magic Leap Plugin -> Enable Zero Iteration
[2026.01.02-12.46.44:622][  0]LogStats: UGameplayTagsManager::InitializeManager -  0.000 s
[2026.01.02-12.46.44:690][  0]LogInit: Initializing FReadOnlyCVARCache
[2026.01.02-12.46.44:694][  0]LogAIModule: Creating AISystem for world Untitled
[2026.01.02-12.46.44:700][  0]LogAudio: Display: Initializing Audio Device Manager...
[2026.01.02-12.46.44:702][  0]LogAudio: Display: Loading Default Audio Settings Objects...
[2026.01.02-12.46.44:703][  0]LogAudio: Display: No default SoundConcurrencyObject specified (or failed to load).
[2026.01.02-12.46.44:703][  0]LogAudio: Display: Audio Device Manager Initialized
[2026.01.02-12.46.44:703][  0]LogAudio: Display: Creating Audio Device:                 Id: 1, Scope: Shared, Realtime: True
[2026.01.02-12.46.44:703][  0]LogAudioMixer: Display: Audio Mixer Platform Settings:
[2026.01.02-12.46.44:703][  0]LogAudioMixer: Display: 	Sample Rate:						  48000
[2026.01.02-12.46.44:703][  0]LogAudioMixer: Display: 	Callback Buffer Frame Size Requested: 1024
[2026.01.02-12.46.44:703][  0]LogAudioMixer: Display: 	Callback Buffer Frame Size To Use:	  1024
[2026.01.02-12.46.44:703][  0]LogAudioMixer: Display: 	Number of buffers to queue:			  2
[2026.01.02-12.46.44:703][  0]LogAudioMixer: Display: 	Max Channels (voices):				  32
[2026.01.02-12.46.44:703][  0]LogAudioMixer: Display: 	Number of Async Source Workers:		  0
[2026.01.02-12.46.44:703][  0]LogAudio: Display: AudioDevice MaxSources: 32
[2026.01.02-12.46.44:703][  0]LogAudio: Display: Audio Spatialization Plugin: None (built-in).
[2026.01.02-12.46.44:703][  0]LogAudio: Display: Audio Reverb Plugin: None (built-in).
[2026.01.02-12.46.44:703][  0]LogAudio: Display: Audio Occlusion Plugin: None (built-in).
[2026.01.02-12.46.44:703][  0]LogAudioMixer: Display: Initializing audio mixer.
[2026.01.02-12.46.44:710][  0]LogAudioMixer: Display: 0: FrontLeft
[2026.01.02-12.46.44:710][  0]LogAudioMixer: Display: 1: FrontRight
[2026.01.02-12.46.44:722][  0]LogAudioMixer: Display: Using Audio Device Speakers (Realtek(R) Audio)
[2026.01.02-12.46.44:723][  0]LogAudioMixer: Display: Initializing Sound Submixes...
[2026.01.02-12.46.44:724][  0]LogAudioMixer: Display: Creating Master Submix 'MasterSubmixDefault'
[2026.01.02-12.46.44:724][  0]LogAudioMixer: Display: Creating Master Submix 'MasterReverbSubmixDefault'
[2026.01.02-12.46.44:725][  0]LogAudioMixer: Display: Creating Master Submix 'MasterEQSubmixDefault'
[2026.01.02-12.46.44:725][  0]LogAudioMixer: FMixerPlatformXAudio2::StartAudioStream() called
[2026.01.02-12.46.44:725][  0]LogAudioMixer: Display: Output buffers initialized: Frames=1024, Channels=2, Samples=2048
[2026.01.02-12.46.44:725][  0]LogAudioMixer: Display: Starting AudioMixerPlatformInterface::RunInternal()
[2026.01.02-12.46.44:725][  0]LogAudioMixer: Display: FMixerPlatformXAudio2::SubmitBuffer() called for the first time
[2026.01.02-12.46.44:726][  0]LogInit: FAudioDevice initialized.
[2026.01.02-12.46.44:726][  0]LogAudio: Display: Audio Device (ID: 1) registered with world 'Untitled'.
[2026.01.02-12.46.44:726][  0]LogNetVersion: Set ProjectVersion to 1.0.0.0. Version Checksum will be recalculated on next use.
[2026.01.02-12.46.44:790][  0]LogDerivedDataCache: Saved boot cache 0.06s 94MB C:/Users/LVI/AppData/Local/UnrealEngine/4.27/DerivedDataCache/Boot.ddc.
[2026.01.02-12.46.44:790][  0]LogInit: Texture streaming: Enabled
[2026.01.02-12.46.44:796][  0]LogAnalytics: Display: [UEEditor.Rocket.Release] APIServer = https://datarouter.ol.epicgames.com/. AppVersion = 4.27.2-18319896+++UE4+Release-4.27
[2026.01.02-12.46.44:798][  0]LogEngineSessionManager: EngineSessionManager initialized
[2026.01.02-12.46.44:798][  0]LogEngineSessionManager: EngineSessionManager sent abnormal shutdown report. Type=Crashed, SessionId={4566F470-4369-6F82-619C-66AB8523774C}
[2026.01.02-12.46.44:798][  0]LogEditorSessionSummary: Verbose: Initializing EditorSessionSummaryWriter for editor session tracking
[2026.01.02-12.46.44:799][  0]LogEditorSessionSummary: EditorSessionSummaryWriter initialized
[2026.01.02-12.46.44:811][  0]LogInit: Transaction tracking system initialized
[2026.01.02-12.46.44:823][  0]BlueprintLog: New page: Editor Load
[2026.01.02-12.46.44:854][  0]LocalizationService: Localization service is disabled
[2026.01.02-12.46.44:865][  0]TimingProfiler: Initialize
[2026.01.02-12.46.44:865][  0]TimingProfiler: OnSessionChanged
[2026.01.02-12.46.44:865][  0]LoadingProfiler: Initialize
[2026.01.02-12.46.44:866][  0]LoadingProfiler: OnSessionChanged
[2026.01.02-12.46.44:866][  0]NetworkingProfiler: Initialize
[2026.01.02-12.46.44:866][  0]NetworkingProfiler: OnSessionChanged
[2026.01.02-12.46.44:866][  0]MemoryProfiler: Initialize
[2026.01.02-12.46.44:866][  0]MemoryProfiler: OnSessionChanged
[2026.01.02-12.46.44:944][  0]LogCook: Display: CookSettings for Memory: MemoryMaxUsedVirtual 0MiB, MemoryMaxUsedPhysical 16384MiB, MemoryMinFreeVirtual 0MiB, MemoryMinFreePhysical 1024MiB
[2026.01.02-12.46.44:944][  0]LogCook: Display: Mobile HDR setting 1
[2026.01.02-12.46.45:047][  0]LogFileCache: Scanning file cache for directory 'D:/Artemii/Game/Game/Content/' took 0.00s
[2026.01.02-12.46.45:157][  0]LogInit: Display: Engine is initialized. Leaving FEngineLoop::Init()
[2026.01.02-12.46.45:159][  0]SourceControl: Source control is disabled
[2026.01.02-12.46.45:159][  0]LogUnrealEdMisc: Loading editor; pre map load, took 4.030
[2026.01.02-12.46.45:159][  0]Cmd: MAP LOAD FILE="../../../Engine/Content/Maps/Templates/Template_Default.umap" TEMPLATE=1 SHOWPROGRESS=1 FEATURELEVEL=3
[2026.01.02-12.46.45:159][  0]LightingResults: New page: Lighting Build
[2026.01.02-12.46.45:160][  0]LogWorld: UWorld::CleanupWorld for Untitled, bSessionEnded=true, bCleanupResources=true
[2026.01.02-12.46.45:160][  0]LogSlate: InvalidateAllWidgets triggered.  All widgets were invalidated
[2026.01.02-12.46.45:160][  0]MapCheck: New page: Map Check
[2026.01.02-12.46.45:160][  0]LightingResults: New page: Lighting Build
[2026.01.02-12.46.45:163][  0]LogAudio: Display: Audio Device unregistered from world 'None'.
[2026.01.02-12.46.45:165][  0]LogUObjectHash: Compacting FUObjectHashTables data took   0.49ms
[2026.01.02-12.46.45:191][  0]LogTexture: Display: Building textures: DeprecatedTextureEB9CBE3C423008B5E8E130901E171C89 (BGRA8, 128X128)
[2026.01.02-12.46.45:196][  0]LogAudio: Display: Audio Device (ID: 1) registered with world 'Untitled_1'.
[2026.01.02-12.46.45:197][  0]LogAIModule: Creating AISystem for world Untitled_1
[2026.01.02-12.46.45:199][  0]LogEditorServer: Finished looking for orphan Actors (0.000 secs)
[2026.01.02-12.46.45:203][  0]LogUObjectHash: Compacting FUObjectHashTables data took   0.49ms
[2026.01.02-12.46.45:203][  0]Cmd: MAP CHECKDEP NOCLEARLOG
[2026.01.02-12.46.45:203][  0]MapCheck: Map check complete: 0 Error(s), 0 Warning(s), took 0,078ms to complete.
[2026.01.02-12.46.45:203][  0]LogFileHelpers: Loading map 'Template_Default' took 0.045
[2026.01.02-12.46.45:204][  0]LogUnrealEdMisc: Total Editor Startup Time, took 4.076
[2026.01.02-12.46.45:314][  0]LogTemp: Warning: SetupViewportDisplaySettings
[2026.01.02-12.46.45:319][  0]LogSlate: Updating window title bar state: overlay mode, drag disabled, window buttons hidden, title bar hidden
[2026.01.02-12.46.45:320][  0]LogTemp: Warning: SetupViewportDisplaySettings
[2026.01.02-12.46.45:323][  0]LogSlate: Updating window title bar state: overlay mode, drag disabled, window buttons hidden, title bar hidden
[2026.01.02-12.46.45:324][  0]LogTemp: Warning: SetupViewportDisplaySettings
[2026.01.02-12.46.45:326][  0]LogSlate: Updating window title bar state: overlay mode, drag disabled, window buttons hidden, title bar hidden
[2026.01.02-12.46.45:327][  0]LogTemp: Warning: SetupViewportDisplaySettings
[2026.01.02-12.46.45:329][  0]LogSlate: Updating window title bar state: overlay mode, drag disabled, window buttons hidden, title bar hidden
[2026.01.02-12.46.45:337][  0]LogNativeClassHierarchy: Verbose: Native class hierarchy populated in 0.0055 seconds. Added 3827 classes and 934 folders.
[2026.01.02-12.46.45:339][  0]LogNativeClassHierarchy: Verbose: Native class hierarchy updated for 'WidgetCarousel' in 0.0001 seconds. Added 0 classes and 0 folders.
[2026.01.02-12.46.45:340][  0]LogPakFile: PakFile PrimaryIndexSize=187
[2026.01.02-12.46.45:340][  0]LogPakFile: PakFile PathHashIndexSize=101
[2026.01.02-12.46.45:340][  0]LogPakFile: PakFile FullDirectoryIndexSize=148
[2026.01.02-12.46.45:340][  0]LogShaderLibrary: Display: ShaderCodeLibraryPakFileMountedCallback: PakFile 'C:/Program Files/Epic Games/UE_4.27/FeaturePacks/FP_FirstPerson.upack' (chunk index -1, root 'root:/') mounted
[2026.01.02-12.46.45:340][  0]LogShaderLibrary: Display: ShaderCodeLibraryPakFileMountedCallback: pending pak file info (ChunkID:-1 Root:root:/ File:C:/Program Files/Epic Games/UE_4.27/FeaturePacks/FP_FirstPerson.upack)
[2026.01.02-12.46.45:340][  0]LogPakFile: OnPakFileMounted2Time == 0.000035
[2026.01.02-12.46.45:341][  0]LogPakFile: PakFile PrimaryIndexSize=189
[2026.01.02-12.46.45:341][  0]LogPakFile: PakFile PathHashIndexSize=101
[2026.01.02-12.46.45:341][  0]LogPakFile: PakFile FullDirectoryIndexSize=152
[2026.01.02-12.46.45:341][  0]LogShaderLibrary: Display: ShaderCodeLibraryPakFileMountedCallback: PakFile 'C:/Program Files/Epic Games/UE_4.27/FeaturePacks/FP_FirstPersonBP.upack' (chunk index -1, root 'root:/') mounted
[2026.01.02-12.46.45:341][  0]LogShaderLibrary: Display: ShaderCodeLibraryPakFileMountedCallback: pending pak file info (ChunkID:-1 Root:root:/ File:C:/Program Files/Epic Games/UE_4.27/FeaturePacks/FP_FirstPersonBP.upack)
[2026.01.02-12.46.45:341][  0]LogPakFile: OnPakFileMounted2Time == 0.000021
[2026.01.02-12.46.45:341][  0]LogPakFile: PakFile PrimaryIndexSize=191
[2026.01.02-12.46.45:341][  0]LogPakFile: PakFile PathHashIndexSize=101
[2026.01.02-12.46.45:341][  0]LogPakFile: PakFile FullDirectoryIndexSize=160
[2026.01.02-12.46.45:341][  0]LogShaderLibrary: Display: ShaderCodeLibraryPakFileMountedCallback: PakFile 'C:/Program Files/Epic Games/UE_4.27/FeaturePacks/MobileStarterContent.upack' (chunk index -1, root 'root:/') mounted
[2026.01.02-12.46.45:341][  0]LogShaderLibrary: Display: ShaderCodeLibraryPakFileMountedCallback: pending pak file info (ChunkID:-1 Root:root:/ File:C:/Program Files/Epic Games/UE_4.27/FeaturePacks/MobileStarterContent.upack)
[2026.01.02-12.46.45:341][  0]LogPakFile: OnPakFileMounted2Time == 0.000020
[2026.01.02-12.46.45:341][  0]LogPakFile: PakFile PrimaryIndexSize=185
[2026.01.02-12.46.45:341][  0]LogPakFile: PakFile PathHashIndexSize=101
[2026.01.02-12.46.45:341][  0]LogPakFile: PakFile FullDirectoryIndexSize=148
[2026.01.02-12.46.45:341][  0]LogShaderLibrary: Display: ShaderCodeLibraryPakFileMountedCallback: PakFile 'C:/Program Files/Epic Games/UE_4.27/FeaturePacks/StarterContent.upack' (chunk index -1, root 'root:/') mounted
[2026.01.02-12.46.45:341][  0]LogShaderLibrary: Display: ShaderCodeLibraryPakFileMountedCallback: pending pak file info (ChunkID:-1 Root:root:/ File:C:/Program Files/Epic Games/UE_4.27/FeaturePacks/StarterContent.upack)
[2026.01.02-12.46.45:341][  0]LogPakFile: OnPakFileMounted2Time == 0.000019
[2026.01.02-12.46.45:341][  0]LogPakFile: PakFile PrimaryIndexSize=190
[2026.01.02-12.46.45:341][  0]LogPakFile: PakFile PathHashIndexSize=101
[2026.01.02-12.46.45:341][  0]LogPakFile: PakFile FullDirectoryIndexSize=154
[2026.01.02-12.46.45:341][  0]LogShaderLibrary: Display: ShaderCodeLibraryPakFileMountedCallback: PakFile 'C:/Program Files/Epic Games/UE_4.27/FeaturePacks/TP_2DSideScroller.upack' (chunk index -1, root 'root:/') mounted
[2026.01.02-12.46.45:341][  0]LogShaderLibrary: Display: ShaderCodeLibraryPakFileMountedCallback: pending pak file info (ChunkID:-1 Root:root:/ File:C:/Program Files/Epic Games/UE_4.27/FeaturePacks/TP_2DSideScroller.upack)
[2026.01.02-12.46.45:341][  0]LogPakFile: OnPakFileMounted2Time == 0.000018
[2026.01.02-12.46.45:342][  0]LogPakFile: PakFile PrimaryIndexSize=192
[2026.01.02-12.46.45:342][  0]LogPakFile: PakFile PathHashIndexSize=101
[2026.01.02-12.46.45:342][  0]LogPakFile: PakFile FullDirectoryIndexSize=158
[2026.01.02-12.46.45:342][  0]LogShaderLibrary: Display: ShaderCodeLibraryPakFileMountedCallback: PakFile 'C:/Program Files/Epic Games/UE_4.27/FeaturePacks/TP_2DSideScrollerBP.upack' (chunk index -1, root 'root:/') mounted
[2026.01.02-12.46.45:342][  0]LogShaderLibrary: Display: ShaderCodeLibraryPakFileMountedCallback: pending pak file info (ChunkID:-1 Root:root:/ File:C:/Program Files/Epic Games/UE_4.27/FeaturePacks/TP_2DSideScrollerBP.upack)
[2026.01.02-12.46.45:342][  0]LogPakFile: OnPakFileMounted2Time == 0.000018
[2026.01.02-12.46.45:342][  0]LogPakFile: PakFile PrimaryIndexSize=182
[2026.01.02-12.46.45:342][  0]LogPakFile: PakFile PathHashIndexSize=101
[2026.01.02-12.46.45:342][  0]LogPakFile: PakFile FullDirectoryIndexSize=138
[2026.01.02-12.46.45:342][  0]LogShaderLibrary: Display: ShaderCodeLibraryPakFileMountedCallback: PakFile 'C:/Program Files/Epic Games/UE_4.27/FeaturePacks/TP_Flying.upack' (chunk index -1, root 'root:/') mounted
[2026.01.02-12.46.45:342][  0]LogShaderLibrary: Display: ShaderCodeLibraryPakFileMountedCallback: pending pak file info (ChunkID:-1 Root:root:/ File:C:/Program Files/Epic Games/UE_4.27/FeaturePacks/TP_Flying.upack)
[2026.01.02-12.46.45:342][  0]LogPakFile: OnPakFileMounted2Time == 0.000017
[2026.01.02-12.46.45:342][  0]LogPakFile: PakFile PrimaryIndexSize=184
[2026.01.02-12.46.45:342][  0]LogPakFile: PakFile PathHashIndexSize=101
[2026.01.02-12.46.45:342][  0]LogPakFile: PakFile FullDirectoryIndexSize=142
[2026.01.02-12.46.45:342][  0]LogShaderLibrary: Display: ShaderCodeLibraryPakFileMountedCallback: PakFile 'C:/Program Files/Epic Games/UE_4.27/FeaturePacks/TP_FlyingBP.upack' (chunk index -1, root 'root:/') mounted
[2026.01.02-12.46.45:342][  0]LogShaderLibrary: Display: ShaderCodeLibraryPakFileMountedCallback: pending pak file info (ChunkID:-1 Root:root:/ File:C:/Program Files/Epic Games/UE_4.27/FeaturePacks/TP_FlyingBP.upack)
[2026.01.02-12.46.45:342][  0]LogPakFile: OnPakFileMounted2Time == 0.000017
[2026.01.02-12.46.45:342][  0]LogPakFile: PakFile PrimaryIndexSize=188
[2026.01.02-12.46.45:342][  0]LogPakFile: PakFile PathHashIndexSize=101
[2026.01.02-12.46.45:342][  0]LogPakFile: PakFile FullDirectoryIndexSize=150
[2026.01.02-12.46.45:342][  0]LogShaderLibrary: Display: ShaderCodeLibraryPakFileMountedCallback: PakFile 'C:/Program Files/Epic Games/UE_4.27/FeaturePacks/TP_HandheldARBP.upack' (chunk index -1, root 'root:/') mounted
[2026.01.02-12.46.45:342][  0]LogShaderLibrary: Display: ShaderCodeLibraryPakFileMountedCallback: pending pak file info (ChunkID:-1 Root:root:/ File:C:/Program Files/Epic Games/UE_4.27/FeaturePacks/TP_HandheldARBP.upack)
[2026.01.02-12.46.45:342][  0]LogPakFile: OnPakFileMounted2Time == 0.000017
[2026.01.02-12.46.45:343][  0]LogPakFile: PakFile PrimaryIndexSize=182
[2026.01.02-12.46.45:343][  0]LogPakFile: PakFile PathHashIndexSize=101
[2026.01.02-12.46.45:343][  0]LogPakFile: PakFile FullDirectoryIndexSize=138
[2026.01.02-12.46.45:343][  0]LogShaderLibrary: Display: ShaderCodeLibraryPakFileMountedCallback: PakFile 'C:/Program Files/Epic Games/UE_4.27/FeaturePacks/TP_Puzzle.upack' (chunk index -1, root 'root:/') mounted
[2026.01.02-12.46.45:343][  0]LogShaderLibrary: Display: ShaderCodeLibraryPakFileMountedCallback: pending pak file info (ChunkID:-1 Root:root:/ File:C:/Program Files/Epic Games/UE_4.27/FeaturePacks/TP_Puzzle.upack)
[2026.01.02-12.46.45:343][  0]LogPakFile: OnPakFileMounted2Time == 0.000020
[2026.01.02-12.46.45:343][  0]LogPakFile: PakFile PrimaryIndexSize=184
[2026.01.02-12.46.45:343][  0]LogPakFile: PakFile PathHashIndexSize=101
[2026.01.02-12.46.45:343][  0]LogPakFile: PakFile FullDirectoryIndexSize=142
[2026.01.02-12.46.45:343][  0]LogShaderLibrary: Display: ShaderCodeLibraryPakFileMountedCallback: PakFile 'C:/Program Files/Epic Games/UE_4.27/FeaturePacks/TP_PuzzleBP.upack' (chunk index -1, root 'root:/') mounted
[2026.01.02-12.46.45:343][  0]LogShaderLibrary: Display: ShaderCodeLibraryPakFileMountedCallback: pending pak file info (ChunkID:-1 Root:root:/ File:C:/Program Files/Epic Games/UE_4.27/FeaturePacks/TP_PuzzleBP.upack)
[2026.01.02-12.46.45:343][  0]LogPakFile: OnPakFileMounted2Time == 0.000017
[2026.01.02-12.46.45:343][  0]LogPakFile: PakFile PrimaryIndexSize=183
[2026.01.02-12.46.45:343][  0]LogPakFile: PakFile PathHashIndexSize=101
[2026.01.02-12.46.45:343][  0]LogPakFile: PakFile FullDirectoryIndexSize=140
[2026.01.02-12.46.45:343][  0]LogShaderLibrary: Display: ShaderCodeLibraryPakFileMountedCallback: PakFile 'C:/Program Files/Epic Games/UE_4.27/FeaturePacks/TP_Rolling.upack' (chunk index -1, root 'root:/') mounted
[2026.01.02-12.46.45:343][  0]LogShaderLibrary: Display: ShaderCodeLibraryPakFileMountedCallback: pending pak file info (ChunkID:-1 Root:root:/ File:C:/Program Files/Epic Games/UE_4.27/FeaturePacks/TP_Rolling.upack)
[2026.01.02-12.46.45:343][  0]LogPakFile: OnPakFileMounted2Time == 0.000018
[2026.01.02-12.46.45:343][  0]LogPakFile: PakFile PrimaryIndexSize=185
[2026.01.02-12.46.45:343][  0]LogPakFile: PakFile PathHashIndexSize=101
[2026.01.02-12.46.45:343][  0]LogPakFile: PakFile FullDirectoryIndexSize=144
[2026.01.02-12.46.45:343][  0]LogShaderLibrary: Display: ShaderCodeLibraryPakFileMountedCallback: PakFile 'C:/Program Files/Epic Games/UE_4.27/FeaturePacks/TP_RollingBP.upack' (chunk index -1, root 'root:/') mounted
[2026.01.02-12.46.45:343][  0]LogShaderLibrary: Display: ShaderCodeLibraryPakFileMountedCallback: pending pak file info (ChunkID:-1 Root:root:/ File:C:/Program Files/Epic Games/UE_4.27/FeaturePacks/TP_RollingBP.upack)
[2026.01.02-12.46.45:343][  0]LogPakFile: OnPakFileMounted2Time == 0.000017
[2026.01.02-12.46.45:344][  0]LogPakFile: PakFile PrimaryIndexSize=188
[2026.01.02-12.46.45:344][  0]LogPakFile: PakFile PathHashIndexSize=101
[2026.01.02-12.46.45:344][  0]LogPakFile: PakFile FullDirectoryIndexSize=150
[2026.01.02-12.46.45:344][  0]LogShaderLibrary: Display: ShaderCodeLibraryPakFileMountedCallback: PakFile 'C:/Program Files/Epic Games/UE_4.27/FeaturePacks/TP_SideScroller.upack' (chunk index -1, root 'root:/') mounted
[2026.01.02-12.46.45:344][  0]LogShaderLibrary: Display: ShaderCodeLibraryPakFileMountedCallback: pending pak file info (ChunkID:-1 Root:root:/ File:C:/Program Files/Epic Games/UE_4.27/FeaturePacks/TP_SideScroller.upack)
[2026.01.02-12.46.45:344][  0]LogPakFile: OnPakFileMounted2Time == 0.000019
[2026.01.02-12.46.45:344][  0]LogPakFile: PakFile PrimaryIndexSize=190
[2026.01.02-12.46.45:344][  0]LogPakFile: PakFile PathHashIndexSize=101
[2026.01.02-12.46.45:344][  0]LogPakFile: PakFile FullDirectoryIndexSize=154
[2026.01.02-12.46.45:344][  0]LogShaderLibrary: Display: ShaderCodeLibraryPakFileMountedCallback: PakFile 'C:/Program Files/Epic Games/UE_4.27/FeaturePacks/TP_SideScrollerBP.upack' (chunk index -1, root 'root:/') mounted
[2026.01.02-12.46.45:344][  0]LogShaderLibrary: Display: ShaderCodeLibraryPakFileMountedCallback: pending pak file info (ChunkID:-1 Root:root:/ File:C:/Program Files/Epic Games/UE_4.27/FeaturePacks/TP_SideScrollerBP.upack)
[2026.01.02-12.46.45:344][  0]LogPakFile: OnPakFileMounted2Time == 0.000019
[2026.01.02-12.46.45:344][  0]LogPakFile: PakFile PrimaryIndexSize=187
[2026.01.02-12.46.45:344][  0]LogPakFile: PakFile PathHashIndexSize=101
[2026.01.02-12.46.45:344][  0]LogPakFile: PakFile FullDirectoryIndexSize=148
[2026.01.02-12.46.45:344][  0]LogShaderLibrary: Display: ShaderCodeLibraryPakFileMountedCallback: PakFile 'C:/Program Files/Epic Games/UE_4.27/FeaturePacks/TP_ThirdPerson.upack' (chunk index -1, root 'root:/') mounted
[2026.01.02-12.46.45:344][  0]LogShaderLibrary: Display: ShaderCodeLibraryPakFileMountedCallback: pending pak file info (ChunkID:-1 Root:root:/ File:C:/Program Files/Epic Games/UE_4.27/FeaturePacks/TP_ThirdPerson.upack)
[2026.01.02-12.46.45:344][  0]LogPakFile: OnPakFileMounted2Time == 0.000017
[2026.01.02-12.46.45:344][  0]LogPakFile: PakFile PrimaryIndexSize=189
[2026.01.02-12.46.45:344][  0]LogPakFile: PakFile PathHashIndexSize=101
[2026.01.02-12.46.45:344][  0]LogPakFile: PakFile FullDirectoryIndexSize=152
[2026.01.02-12.46.45:344][  0]LogShaderLibrary: Display: ShaderCodeLibraryPakFileMountedCallback: PakFile 'C:/Program Files/Epic Games/UE_4.27/FeaturePacks/TP_ThirdPersonBP.upack' (chunk index -1, root 'root:/') mounted
[2026.01.02-12.46.45:344][  0]LogShaderLibrary: Display: ShaderCodeLibraryPakFileMountedCallback: pending pak file info (ChunkID:-1 Root:root:/ File:C:/Program Files/Epic Games/UE_4.27/FeaturePacks/TP_ThirdPersonBP.upack)
[2026.01.02-12.46.45:344][  0]LogPakFile: OnPakFileMounted2Time == 0.000017
[2026.01.02-12.46.45:345][  0]LogPakFile: PakFile PrimaryIndexSize=183
[2026.01.02-12.46.45:345][  0]LogPakFile: PakFile PathHashIndexSize=101
[2026.01.02-12.46.45:345][  0]LogPakFile: PakFile FullDirectoryIndexSize=140
[2026.01.02-12.46.45:345][  0]LogShaderLibrary: Display: ShaderCodeLibraryPakFileMountedCallback: PakFile 'C:/Program Files/Epic Games/UE_4.27/FeaturePacks/TP_TopDown.upack' (chunk index -1, root 'root:/') mounted
[2026.01.02-12.46.45:345][  0]LogShaderLibrary: Display: ShaderCodeLibraryPakFileMountedCallback: pending pak file info (ChunkID:-1 Root:root:/ File:C:/Program Files/Epic Games/UE_4.27/FeaturePacks/TP_TopDown.upack)
[2026.01.02-12.46.45:345][  0]LogPakFile: OnPakFileMounted2Time == 0.000022
[2026.01.02-12.46.45:345][  0]LogPakFile: PakFile PrimaryIndexSize=185
[2026.01.02-12.46.45:345][  0]LogPakFile: PakFile PathHashIndexSize=101
[2026.01.02-12.46.45:345][  0]LogPakFile: PakFile FullDirectoryIndexSize=144
[2026.01.02-12.46.45:345][  0]LogShaderLibrary: Display: ShaderCodeLibraryPakFileMountedCallback: PakFile 'C:/Program Files/Epic Games/UE_4.27/FeaturePacks/TP_TopDownBP.upack' (chunk index -1, root 'root:/') mounted
[2026.01.02-12.46.45:345][  0]LogShaderLibrary: Display: ShaderCodeLibraryPakFileMountedCallback: pending pak file info (ChunkID:-1 Root:root:/ File:C:/Program Files/Epic Games/UE_4.27/FeaturePacks/TP_TopDownBP.upack)
[2026.01.02-12.46.45:345][  0]LogPakFile: OnPakFileMounted2Time == 0.000018
[2026.01.02-12.46.45:345][  0]LogPakFile: PakFile PrimaryIndexSize=185
[2026.01.02-12.46.45:345][  0]LogPakFile: PakFile PathHashIndexSize=101
[2026.01.02-12.46.45:345][  0]LogPakFile: PakFile FullDirectoryIndexSize=144
[2026.01.02-12.46.45:345][  0]LogShaderLibrary: Display: ShaderCodeLibraryPakFileMountedCallback: PakFile 'C:/Program Files/Epic Games/UE_4.27/FeaturePacks/TP_TwinStick.upack' (chunk index -1, root 'root:/') mounted
[2026.01.02-12.46.45:345][  0]LogShaderLibrary: Display: ShaderCodeLibraryPakFileMountedCallback: pending pak file info (ChunkID:-1 Root:root:/ File:C:/Program Files/Epic Games/UE_4.27/FeaturePacks/TP_TwinStick.upack)
[2026.01.02-12.46.45:345][  0]LogPakFile: OnPakFileMounted2Time == 0.000017
[2026.01.02-12.46.45:345][  0]LogPakFile: PakFile PrimaryIndexSize=187
[2026.01.02-12.46.45:345][  0]LogPakFile: PakFile PathHashIndexSize=101
[2026.01.02-12.46.45:345][  0]LogPakFile: PakFile FullDirectoryIndexSize=148
[2026.01.02-12.46.45:345][  0]LogShaderLibrary: Display: ShaderCodeLibraryPakFileMountedCallback: PakFile 'C:/Program Files/Epic Games/UE_4.27/FeaturePacks/TP_TwinStickBP.upack' (chunk index -1, root 'root:/') mounted
[2026.01.02-12.46.45:345][  0]LogShaderLibrary: Display: ShaderCodeLibraryPakFileMountedCallback: pending pak file info (ChunkID:-1 Root:root:/ File:C:/Program Files/Epic Games/UE_4.27/FeaturePacks/TP_TwinStickBP.upack)
[2026.01.02-12.46.45:345][  0]LogPakFile: OnPakFileMounted2Time == 0.000017
[2026.01.02-12.46.45:346][  0]LogPakFile: PakFile PrimaryIndexSize=183
[2026.01.02-12.46.45:346][  0]LogPakFile: PakFile PathHashIndexSize=101
[2026.01.02-12.46.45:346][  0]LogPakFile: PakFile FullDirectoryIndexSize=140
[2026.01.02-12.46.45:346][  0]LogShaderLibrary: Display: ShaderCodeLibraryPakFileMountedCallback: PakFile 'C:/Program Files/Epic Games/UE_4.27/FeaturePacks/TP_Vehicle.upack' (chunk index -1, root 'root:/') mounted
[2026.01.02-12.46.45:346][  0]LogShaderLibrary: Display: ShaderCodeLibraryPakFileMountedCallback: pending pak file info (ChunkID:-1 Root:root:/ File:C:/Program Files/Epic Games/UE_4.27/FeaturePacks/TP_Vehicle.upack)
[2026.01.02-12.46.45:346][  0]LogPakFile: OnPakFileMounted2Time == 0.000017
[2026.01.02-12.46.45:346][  0]LogPakFile: PakFile PrimaryIndexSize=186
[2026.01.02-12.46.45:346][  0]LogPakFile: PakFile PathHashIndexSize=101
[2026.01.02-12.46.45:346][  0]LogPakFile: PakFile FullDirectoryIndexSize=146
[2026.01.02-12.46.45:346][  0]LogShaderLibrary: Display: ShaderCodeLibraryPakFileMountedCallback: PakFile 'C:/Program Files/Epic Games/UE_4.27/FeaturePacks/TP_VehicleAdv.upack' (chunk index -1, root 'root:/') mounted
[2026.01.02-12.46.45:346][  0]LogShaderLibrary: Display: ShaderCodeLibraryPakFileMountedCallback: pending pak file info (ChunkID:-1 Root:root:/ File:C:/Program Files/Epic Games/UE_4.27/FeaturePacks/TP_VehicleAdv.upack)
[2026.01.02-12.46.45:346][  0]LogPakFile: OnPakFileMounted2Time == 0.000020
[2026.01.02-12.46.45:346][  0]LogPakFile: PakFile PrimaryIndexSize=188
[2026.01.02-12.46.45:346][  0]LogPakFile: PakFile PathHashIndexSize=101
[2026.01.02-12.46.45:346][  0]LogPakFile: PakFile FullDirectoryIndexSize=150
[2026.01.02-12.46.45:346][  0]LogShaderLibrary: Display: ShaderCodeLibraryPakFileMountedCallback: PakFile 'C:/Program Files/Epic Games/UE_4.27/FeaturePacks/TP_VehicleAdvBP.upack' (chunk index -1, root 'root:/') mounted
[2026.01.02-12.46.45:346][  0]LogShaderLibrary: Display: ShaderCodeLibraryPakFileMountedCallback: pending pak file info (ChunkID:-1 Root:root:/ File:C:/Program Files/Epic Games/UE_4.27/FeaturePacks/TP_VehicleAdvBP.upack)
[2026.01.02-12.46.45:346][  0]LogPakFile: OnPakFileMounted2Time == 0.000017
[2026.01.02-12.46.45:346][  0]LogPakFile: PakFile PrimaryIndexSize=185
[2026.01.02-12.46.45:346][  0]LogPakFile: PakFile PathHashIndexSize=101
[2026.01.02-12.46.45:346][  0]LogPakFile: PakFile FullDirectoryIndexSize=144
[2026.01.02-12.46.45:346][  0]LogShaderLibrary: Display: ShaderCodeLibraryPakFileMountedCallback: PakFile 'C:/Program Files/Epic Games/UE_4.27/FeaturePacks/TP_VehicleBP.upack' (chunk index -1, root 'root:/') mounted
[2026.01.02-12.46.45:346][  0]LogShaderLibrary: Display: ShaderCodeLibraryPakFileMountedCallback: pending pak file info (ChunkID:-1 Root:root:/ File:C:/Program Files/Epic Games/UE_4.27/FeaturePacks/TP_VehicleBP.upack)
[2026.01.02-12.46.45:346][  0]LogPakFile: OnPakFileMounted2Time == 0.000019
[2026.01.02-12.46.45:347][  0]LogPakFile: PakFile PrimaryIndexSize=192
[2026.01.02-12.46.45:347][  0]LogPakFile: PakFile PathHashIndexSize=101
[2026.01.02-12.46.45:347][  0]LogPakFile: PakFile FullDirectoryIndexSize=158
[2026.01.02-12.46.45:347][  0]LogShaderLibrary: Display: ShaderCodeLibraryPakFileMountedCallback: PakFile 'C:/Program Files/Epic Games/UE_4.27/FeaturePacks/TP_VirtualRealityBP.upack' (chunk index -1, root 'root:/') mounted
[2026.01.02-12.46.45:347][  0]LogShaderLibrary: Display: ShaderCodeLibraryPakFileMountedCallback: pending pak file info (ChunkID:-1 Root:root:/ File:C:/Program Files/Epic Games/UE_4.27/FeaturePacks/TP_VirtualRealityBP.upack)
[2026.01.02-12.46.45:347][  0]LogPakFile: OnPakFileMounted2Time == 0.000017
[2026.01.02-12.46.45:364][  0]LogNativeClassHierarchy: Verbose: Native class hierarchy updated for 'AddContentDialog' in 0.0002 seconds. Added 0 classes and 0 folders.
[2026.01.02-12.46.45:367][  0]LogNativeClassHierarchy: Verbose: Native class hierarchy updated for 'SceneOutliner' in 0.0002 seconds. Added 2 classes and 0 folders.
[2026.01.02-12.46.45:417][  0]LogSlate: Took 0.000090 seconds to synchronously load lazily loaded font '../../../Engine/Content/Slate/Fonts/Roboto-Regular.ttf' (155K)
[2026.01.02-12.46.45:417][  0]LogSlate: Took 0.000070 seconds to synchronously load lazily loaded font '../../../Engine/Content/Editor/Slate/Fonts/FontAwesome.ttf' (139K)
[2026.01.02-12.46.45:418][  0]LogSlate: Took 0.000073 seconds to synchronously load lazily loaded font '../../../Engine/Content/Slate/Fonts/Roboto-Bold.ttf' (160K)
[2026.01.02-12.46.45:470][  0]LogRenderer: Reallocating scene render targets to support 1616x792 Format 10 NumSamples 1 (Frame:1).
[2026.01.02-12.46.45:769][  0]LogNativeClassHierarchy: Verbose: Native class hierarchy updated for 'HierarchicalLODOutliner' in 0.0002 seconds. Added 0 classes and 0 folders.
[2026.01.02-12.46.45:769][  0]LogLoad: (Engine Initialization) Total time: 4.64 seconds
[2026.01.02-12.46.45:769][  0]LogLoad: (Engine Initialization) Total Blueprint compile time: 0.00 seconds
[2026.01.02-12.46.45:796][  0]LogAssetRegistry: Asset discovery search completed in 2.6461 seconds
[2026.01.02-12.46.45:799][  0]LogCollectionManager: Fixed up redirectors for 0 collections in 0.000003 seconds (updated 0 objects)
[2026.01.02-12.46.45:800][  0]LogContentStreaming: Texture pool size now 1000 MB
[2026.01.02-12.46.46:780][100]LogSlate: Took 0.000137 seconds to synchronously load lazily loaded font '../../../Engine/Content/Slate/Fonts/Roboto-Light.ttf' (167K)
[2026.01.02-12.46.49:075][309]LogLinker: Warning: [AssetLog] D:\Artemii\Game\Game\Content\HeroChar\Materials\MaterialLayers\ML_Plastic_Shiny_Beige_LOGO.uasset: Failed to load '/Game/FirstPerson/Character/Textures/UE4_LOGO_CARD': Can't find file.
[2026.01.02-12.46.49:075][309]LoadErrors: Failed to load /Game/HeroChar/Mesh/SK_Mannequin_Arms.SK_Mannequin_Arms Referenced by Arms_GEN_VARIABLE
[2026.01.02-12.46.49:075][309]LogLinker: Warning: [AssetLog] D:\Artemii\Game\Game\Content\HeroChar\Materials\MaterialLayers\ML_Plastic_Shiny_Beige_LOGO.uasset: Failed to load '/Game/FirstPerson/Character/Textures/UE4_LOGO_CARD': Can't find file.
[2026.01.02-12.46.49:075][309]LogLinker: Warning: [AssetLog] D:\Artemii\Game\Game\Content\HeroChar\Materials\MaterialLayers\ML_Plastic_Shiny_Beige_LOGO.uasset: Failed to load '/Game/FirstPerson/Character/Textures/UE4_LOGO_CARD': Can't find file.
[2026.01.02-12.46.49:141][309]LogLinker: Warning: [AssetLog] D:\Artemii\Game\Game\Content\HeroChar\Materials\MaterialLayers\ML_Plastic_Shiny_Beige_LOGO.uasset: Failed to load '/Game/FirstPerson/Character/Textures/UE4_LOGO_CARD': Can't find file.
[2026.01.02-12.46.49:141][309]LoadErrors: Failed to load /Game/FirstPerson/Character/Textures/UE4_LOGO_CARD.UE4_LOGO_CARD Referenced by MaterialExpressionTextureSample_6
[2026.01.02-12.46.49:221][309]LogAssetEditorSubsystem: Opening Asset editor for Blueprint /Game/HeroChar/BP_HaroChar.BP_HaroChar
[2026.01.02-12.46.49:294][309]LogNativeClassHierarchy: Verbose: Native class hierarchy updated for 'BlueprintGraph' in 0.0003 seconds. Added 126 classes and 0 folders.
[2026.01.02-12.46.49:662][309]LogTemp: Warning: SetupViewportDisplaySettings
[2026.01.02-12.46.49:704][309]LogAssetEditorSubsystem: Opening Asset editor for Blueprint /Game/GameLogic/BP_Gameplay_GameMode.BP_Gameplay_GameMode
[2026.01.02-12.46.49:850][309]LogTemp: Warning: SetupViewportDisplaySettings
[2026.01.02-12.46.49:888][309]LogAssetEditorSubsystem: Opening Asset editor for Blueprint /Game/Objects/LevelPortal/BP_PortalLevel.BP_PortalLevel
[2026.01.02-12.46.50:085][309]LogTemp: Warning: SetupViewportDisplaySettings
[2026.01.02-12.46.50:338][309]LogAssetEditorSubsystem: Opening Asset editor for Material /Game/Maps/M_Flour.M_Flour
[2026.01.02-12.46.50:339][309]LogMaterial: Display: Missing cached shadermap for M_Flour in PCD3D_SM5, Default, SM5 (DDC key hash: 9E008A7FC3BD902EC6645D93EBFD841402FCA103), compiling. 
[2026.01.02-12.46.50:361][309]LogShaderCompilers: Display: Submitted 12 shader compile jobs with 'Normal' priority
[2026.01.02-12.46.50:364][309]LogTexture: Default maximum texture size for cubemaps generated from long-lat sources has been changed from 512 to unlimited. In order to preserve old behaiour for '/Engine/EditorMaterials/AssetViewer/EpicQuadPanorama_CC+EV1.EpicQuadPanorama_CC+EV1', its maximum texture size has been explicitly set to 512.
[2026.01.02-12.46.50:419][309]LogTexture: Default maximum texture size for cubemaps generated from long-lat sources has been changed from 512 to unlimited. In order to preserve old behaiour for '/Engine/MapTemplates/Sky/SunsetAmbientCubemap.SunsetAmbientCubemap', its maximum texture size has been explicitly set to 512.
[2026.01.02-12.46.50:498][309]LogMaterial: Display: Missing cached shadermap for M_Flour in PCD3D_SM5, Default, SM5 (DDC key hash: CC887C364F09DB14708DC2DD250744734991C27A), compiling. 
[2026.01.02-12.46.50:500][309]LogMaterial: Display: Missing cached shadermap for M_Flour in PCD3D_SM5, Default, SM5 (DDC key hash: DDA03773F7B6DC8DA8346B32EACB7B8B5C5063D8), compiling. 
[2026.01.02-12.46.50:501][309]LogMaterial: Display: Missing cached shadermap for FMatExpressionPreview MaterialExpressionConstant3Vector_0 in PCD3D_SM5, Default, SM5 (DDC key hash: F6D47089F94F1CE81E6E121E33605876ADEB6E49), compiling. 
[2026.01.02-12.46.50:537][309]LogAssetEditorSubsystem: Opening Asset editor for Blueprint /Game/HeroChar/Gun/BP_Projectil.BP_Projectil
[2026.01.02-12.46.50:683][309]LogTemp: Warning: SetupViewportDisplaySettings
[2026.01.02-12.46.50:727][309]MaterialEditorStats: Texture samplers: 0/16
[2026.01.02-12.46.50:730][309]LogSlate: Took 0.000177 seconds to synchronously load lazily loaded font '../../../Engine/Content/Slate/Fonts/Roboto-BoldCondensed.ttf' (158K)
[2026.01.02-12.46.50:771][310]LogShaderCompilers: Display: Submitted 2 shader compile jobs with 'ForceLocal' priority
[2026.01.02-12.46.50:775][310]LogShaderCompilers: Display: Worker (1/17): shaders left to compile 2
[2026.01.02-12.46.50:775][310]LogShaderCompilers: Display: Worker (2/17): shaders left to compile 1
[2026.01.02-12.46.50:775][310]LogShaderCompilers: Display: Started 2 'Local' shader compile jobs with 'ForceLocal' priority
[2026.01.02-12.46.50:775][310]LogShaderCompilers: Display: Submitted 10 shader compile jobs with 'Normal' priority
[2026.01.02-12.46.50:784][310]LogShaderCompilers: Display: Worker (3/17): shaders left to compile 10
[2026.01.02-12.46.50:784][310]LogShaderCompilers: Display: Worker (4/17): shaders left to compile 9
[2026.01.02-12.46.50:784][310]LogShaderCompilers: Display: Worker (5/17): shaders left to compile 8
[2026.01.02-12.46.50:784][310]LogShaderCompilers: Display: Worker (6/17): shaders left to compile 7
[2026.01.02-12.46.50:784][310]LogShaderCompilers: Display: Worker (7/17): shaders left to compile 6
[2026.01.02-12.46.50:784][310]LogShaderCompilers: Display: Worker (8/17): shaders left to compile 5
[2026.01.02-12.46.50:784][310]LogShaderCompilers: Display: Worker (9/17): shaders left to compile 4
[2026.01.02-12.46.50:784][310]LogShaderCompilers: Display: Worker (10/17): shaders left to compile 3
[2026.01.02-12.46.50:784][310]LogShaderCompilers: Display: Worker (11/17): shaders left to compile 2
[2026.01.02-12.46.50:784][310]LogShaderCompilers: Display: Worker (12/17): shaders left to compile 1
[2026.01.02-12.46.50:784][310]LogShaderCompilers: Display: Started 10 'Local' shader compile jobs with 'Normal' priority
[2026.01.02-12.46.50:784][310]LogSlate: Took 0.000113 seconds to synchronously load lazily loaded font '../../../Engine/Content/Slate/Fonts/Roboto-Italic.ttf' (157K)
[2026.01.02-12.46.51:427][360]MaterialEditorStats: Texture samplers: 2/16
[2026.01.02-12.46.51:707][387]MaterialEditorStats: Base pass shader: 118 instructions
[2026.01.02-12.46.51:707][387]MaterialEditorStats: Base pass shader with Surface Lightmap: 145 instructions
[2026.01.02-12.46.51:707][387]MaterialEditorStats: Base pass shader with Volumetric Lightmap: 192 instructions
[2026.01.02-12.46.51:707][387]MaterialEditorStats: Base pass vertex shader: 42 instructions
[2026.01.02-12.46.51:707][387]MaterialEditorStats: Texture samplers: 2/16
[2026.01.02-12.46.53:363][577]LogSlate: Window 'BP_PortalLevel' being destroyed
[2026.01.02-12.46.53:944][643]LogSlate: Took 0.000106 seconds to synchronously load lazily loaded font '../../../Engine/Content/Slate/Fonts/DroidSansMono.ttf' (77K)
[2026.01.02-12.46.54:025][652]LogShaderCompilers: Display: Submitted 2 shader compile jobs with 'ForceLocal' priority
[2026.01.02-12.46.54:036][653]LogShaderCompilers: Display: Worker (1/17): shaders left to compile 2
[2026.01.02-12.46.54:036][653]LogShaderCompilers: Display: Worker (2/17): shaders left to compile 1
[2026.01.02-12.46.54:036][653]LogShaderCompilers: Display: Started 2 'Local' shader compile jobs with 'ForceLocal' priority
[2026.01.02-12.46.58:050][105]LogWorld: UWorld::CleanupWorld for World_3, bSessionEnded=true, bCleanupResources=true
[2026.01.02-12.46.58:050][105]LogSlate: InvalidateAllWidgets triggered.  All widgets were invalidated
[2026.01.02-12.46.58:057][105]LogTemp: Warning: OnLevelViewportClientListChanged
[2026.01.02-12.47.01:192][473]LogWorld: UWorld::CleanupWorld for World_0, bSessionEnded=true, bCleanupResources=true
[2026.01.02-12.47.01:192][473]LogSlate: InvalidateAllWidgets triggered.  All widgets were invalidated
[2026.01.02-12.47.01:214][473]LogTemp: Warning: OnLevelViewportClientListChanged
[2026.01.02-12.47.01:583][515]LogActorComponent: UnregisterComponent: (/Engine/Transient.EditorFloorComp) Not registered. Aborting.
[2026.01.02-12.47.01:583][515]LogWorld: UWorld::CleanupWorld for World_1, bSessionEnded=true, bCleanupResources=true
[2026.01.02-12.47.01:583][515]LogSlate: InvalidateAllWidgets triggered.  All widgets were invalidated
[2026.01.02-12.47.01:606][515]LogTemp: Warning: OnLevelViewportClientListChanged
[2026.01.02-12.47.08:758][356]LogUObjectHash: Compacting FUObjectHashTables data took   1.40ms
[2026.01.02-12.47.08:823][356]LogAssetEditorSubsystem: Opening Asset editor for World /Game/Maps/01Gameplay.01Gameplay
[2026.01.02-12.47.08:823][356]Cmd: MAP LOAD FILE="D:/Artemii/Game/Game/Content/Maps/01Gameplay.umap" TEMPLATE=0 SHOWPROGRESS=1 FEATURELEVEL=3
[2026.01.02-12.47.08:823][356]LightingResults: New page: Lighting Build
[2026.01.02-12.47.08:823][356]LoadErrors: New page: Loading map: 01Gameplay.umap
[2026.01.02-12.47.08:850][356]LogWorld: UWorld::CleanupWorld for Untitled_1, bSessionEnded=true, bCleanupResources=true
[2026.01.02-12.47.08:850][356]LogSlate: InvalidateAllWidgets triggered.  All widgets were invalidated
[2026.01.02-12.47.08:850][356]MapCheck: New page: Map Check
[2026.01.02-12.47.08:850][356]LightingResults: New page: Lighting Build
[2026.01.02-12.47.08:867][356]LogAudio: Display: Audio Device unregistered from world 'None'.
[2026.01.02-12.47.08:871][356]LogUObjectHash: Compacting FUObjectHashTables data took   1.23ms
[2026.01.02-12.47.08:871][356]LogAudio: Display: Audio Device (ID: 1) registered with world '01Gameplay'.
[2026.01.02-12.47.08:933][356]LogEditorServer: Finished looking for orphan Actors (0.000 secs)
[2026.01.02-12.47.08:933][356]LogAIModule: Creating AISystem for world 01Gameplay
[2026.01.02-12.47.08:948][356]LogUObjectHash: Compacting FUObjectHashTables data took   1.01ms
[2026.01.02-12.47.08:951][356]Cmd: MAP CHECKDEP NOCLEARLOG
[2026.01.02-12.47.08:951][356]MapCheck: Map check complete: 0 Error(s), 0 Warning(s), took 0,057ms to complete.
[2026.01.02-12.47.08:951][356]LogFileHelpers: Loading map '01Gameplay' took 0.128
[2026.01.02-12.47.11:558][661]LogUObjectHash: Compacting FUObjectHashTables data took   0.32ms
[2026.01.02-12.47.11:581][661]LogAssetEditorSubsystem: Opening Asset editor for World /Game/Maps/02Boss.02Boss
[2026.01.02-12.47.11:582][661]Cmd: MAP LOAD FILE="D:/Artemii/Game/Game/Content/Maps/02Boss.umap" TEMPLATE=0 SHOWPROGRESS=1 FEATURELEVEL=3
[2026.01.02-12.47.11:582][661]LightingResults: New page: Lighting Build
[2026.01.02-12.47.11:582][661]LoadErrors: New page: Loading map: 02Boss.umap
[2026.01.02-12.47.11:632][661]LogWorld: UWorld::CleanupWorld for 01Gameplay, bSessionEnded=true, bCleanupResources=true
[2026.01.02-12.47.11:632][661]LogSlate: InvalidateAllWidgets triggered.  All widgets were invalidated
[2026.01.02-12.47.11:632][661]MapCheck: New page: Map Check
[2026.01.02-12.47.11:632][661]LightingResults: New page: Lighting Build
[2026.01.02-12.47.11:652][661]LogAudio: Display: Audio Device unregistered from world 'None'.
[2026.01.02-12.47.11:655][661]LogUObjectHash: Compacting FUObjectHashTables data took   1.20ms
[2026.01.02-12.47.11:655][661]LogAudio: Display: Audio Device (ID: 1) registered with world '02Boss'.
[2026.01.02-12.47.11:667][661]LogEditorServer: Finished looking for orphan Actors (0.000 secs)
[2026.01.02-12.47.11:667][661]LogAIModule: Creating AISystem for world 02Boss
[2026.01.02-12.47.11:681][661]LogUObjectHash: Compacting FUObjectHashTables data took   1.11ms
[2026.01.02-12.47.11:684][661]Cmd: MAP CHECKDEP NOCLEARLOG
[2026.01.02-12.47.11:684][661]MapCheck: Map check complete: 0 Error(s), 0 Warning(s), took 0,053ms to complete.
[2026.01.02-12.47.11:684][661]LogFileHelpers: Loading map '02Boss' took 0.103
[2026.01.02-12.47.16:804][267]LogEditorViewport: Clicking on Actor (LMB): BP_Enemy_C (BP_Enemy15)
[2026.01.02-12.47.21:283][793]LogUObjectHash: Compacting FUObjectHashTables data took   0.31ms
[2026.01.02-12.47.21:329][793]LogAssetEditorSubsystem: Opening Asset editor for World /Game/Maps/01Gameplay.01Gameplay
[2026.01.02-12.47.21:329][793]Cmd: MAP LOAD FILE="D:/Artemii/Game/Game/Content/Maps/01Gameplay.umap" TEMPLATE=0 SHOWPROGRESS=1 FEATURELEVEL=3
[2026.01.02-12.47.21:329][793]LightingResults: New page: Lighting Build
[2026.01.02-12.47.21:329][793]LoadErrors: New page: Loading map: 01Gameplay.umap
[2026.01.02-12.47.21:351][793]LogWorld: UWorld::CleanupWorld for 02Boss, bSessionEnded=true, bCleanupResources=true
[2026.01.02-12.47.21:351][793]LogSlate: InvalidateAllWidgets triggered.  All widgets were invalidated
[2026.01.02-12.47.21:351][793]MapCheck: New page: Map Check
[2026.01.02-12.47.21:351][793]LightingResults: New page: Lighting Build
[2026.01.02-12.47.21:367][793]LogAudio: Display: Audio Device unregistered from world 'None'.
[2026.01.02-12.47.21:370][793]LogUObjectHash: Compacting FUObjectHashTables data took   1.22ms
[2026.01.02-12.47.21:371][793]LogAudio: Display: Audio Device (ID: 1) registered with world '01Gameplay'.
[2026.01.02-12.47.21:431][793]LogEditorServer: Finished looking for orphan Actors (0.000 secs)
[2026.01.02-12.47.21:431][793]LogAIModule: Creating AISystem for world 01Gameplay
[2026.01.02-12.47.21:445][793]LogUObjectHash: Compacting FUObjectHashTables data took   1.06ms
[2026.01.02-12.47.21:448][793]Cmd: MAP CHECKDEP NOCLEARLOG
[2026.01.02-12.47.21:448][793]MapCheck: Map check complete: 0 Error(s), 0 Warning(s), took 0,055ms to complete.
[2026.01.02-12.47.21:448][793]LogFileHelpers: Loading map '01Gameplay' took 0.119
[2026.01.02-12.47.30:254][832]Cmd: EDIT COPY
[2026.01.02-12.47.31:593][988]LogUObjectHash: Compacting FUObjectHashTables data took   0.35ms
[2026.01.02-12.47.31:614][988]LogAssetEditorSubsystem: Opening Asset editor for World /Game/Maps/02Boss.02Boss
[2026.01.02-12.47.31:614][988]Cmd: MAP LOAD FILE="D:/Artemii/Game/Game/Content/Maps/02Boss.umap" TEMPLATE=0 SHOWPROGRESS=1 FEATURELEVEL=3
[2026.01.02-12.47.31:614][988]LightingResults: New page: Lighting Build
[2026.01.02-12.47.31:614][988]LoadErrors: New page: Loading map: 02Boss.umap
[2026.01.02-12.47.31:616][988]LogWorld: UWorld::CleanupWorld for 01Gameplay, bSessionEnded=true, bCleanupResources=true
[2026.01.02-12.47.31:616][988]LogSlate: InvalidateAllWidgets triggered.  All widgets were invalidated
[2026.01.02-12.47.31:616][988]MapCheck: New page: Map Check
[2026.01.02-12.47.31:616][988]LightingResults: New page: Lighting Build
[2026.01.02-12.47.31:628][988]LogAudio: Display: Audio Device unregistered from world 'None'.
[2026.01.02-12.47.31:631][988]LogUObjectHash: Compacting FUObjectHashTables data took   1.21ms
[2026.01.02-12.47.31:631][988]LogAudio: Display: Audio Device (ID: 1) registered with world '02Boss'.
[2026.01.02-12.47.31:643][988]LogEditorServer: Finished looking for orphan Actors (0.000 secs)
[2026.01.02-12.47.31:643][988]LogAIModule: Creating AISystem for world 02Boss
[2026.01.02-12.47.31:656][988]LogUObjectHash: Compacting FUObjectHashTables data took   0.99ms
[2026.01.02-12.47.31:658][988]Cmd: MAP CHECKDEP NOCLEARLOG
[2026.01.02-12.47.31:658][988]MapCheck: Map check complete: 0 Error(s), 0 Warning(s), took 0,051ms to complete.
[2026.01.02-12.47.31:658][988]LogFileHelpers: Loading map '02Boss' took 0.044
[2026.01.02-12.47.36:544][567]Cmd: EDIT PASTE
[2026.01.02-12.47.40:753][ 38]LogTemp: Repeating last play command: Selected Viewport
[2026.01.02-12.47.40:757][ 38]LogPlayLevel: PlayLevel: No blueprints needed recompiling
[2026.01.02-12.47.40:757][ 38]PIE: New page: PIE session: 02Boss (2 січ. 2026 р., 16:47:40)
[2026.01.02-12.47.40:758][ 38]LogOnline: OSS: Creating online subsystem instance for: NULL
[2026.01.02-12.47.40:759][ 38]LogOnline: OSS: TryLoadSubsystemAndSetDefault: Loaded subsystem for module [NULL]
[2026.01.02-12.47.40:759][ 38]LogPlayLevel: Creating play world package: /Game/Maps/UEDPIE_0_02Boss
[2026.01.02-12.47.40:761][ 38]LogPlayLevel: PIE: StaticDuplicateObject took: (0.002223s)
[2026.01.02-12.47.40:761][ 38]LogAIModule: Creating AISystem for world 02Boss
[2026.01.02-12.47.40:762][ 38]LogPlayLevel: PIE: World Init took: (0.000625s)
[2026.01.02-12.47.40:762][ 38]LogPlayLevel: PIE: Created PIE world by copying editor world from /Game/Maps/02Boss.02Boss to /Game/Maps/UEDPIE_0_02Boss.02Boss (0.002923s)
[2026.01.02-12.47.40:774][ 38]LogUObjectHash: Compacting FUObjectHashTables data took   1.01ms
[2026.01.02-12.47.40:775][ 38]LogAudio: Display: Creating Audio Device:                 Id: 2, Scope: Unique, Realtime: True
[2026.01.02-12.47.40:775][ 38]LogAudioMixer: Display: Audio Mixer Platform Settings:
[2026.01.02-12.47.40:775][ 38]LogAudioMixer: Display: 	Sample Rate:						  48000
[2026.01.02-12.47.40:775][ 38]LogAudioMixer: Display: 	Callback Buffer Frame Size Requested: 1024
[2026.01.02-12.47.40:775][ 38]LogAudioMixer: Display: 	Callback Buffer Frame Size To Use:	  1024
[2026.01.02-12.47.40:775][ 38]LogAudioMixer: Display: 	Number of buffers to queue:			  2
[2026.01.02-12.47.40:775][ 38]LogAudioMixer: Display: 	Max Channels (voices):				  32
[2026.01.02-12.47.40:775][ 38]LogAudioMixer: Display: 	Number of Async Source Workers:		  0
[2026.01.02-12.47.40:775][ 38]LogAudio: Display: AudioDevice MaxSources: 32
[2026.01.02-12.47.40:776][ 38]LogAudio: Display: Audio Spatialization Plugin: None (built-in).
[2026.01.02-12.47.40:776][ 38]LogAudio: Display: Audio Reverb Plugin: None (built-in).
[2026.01.02-12.47.40:776][ 38]LogAudio: Display: Audio Occlusion Plugin: None (built-in).
[2026.01.02-12.47.40:776][ 38]LogAudioMixer: Display: Initializing audio mixer.
[2026.01.02-12.47.40:779][ 38]LogAudioMixer: Display: 0: FrontLeft
[2026.01.02-12.47.40:779][ 38]LogAudioMixer: Display: 1: FrontRight
[2026.01.02-12.47.40:787][ 38]LogAudioMixer: Display: Using Audio Device Speakers (Realtek(R) Audio)
[2026.01.02-12.47.40:787][ 38]LogAudioMixer: Display: Initializing Sound Submixes...
[2026.01.02-12.47.40:787][ 38]LogAudioMixer: Display: Creating Master Submix 'MasterSubmixDefault'
[2026.01.02-12.47.40:787][ 38]LogAudioMixer: Display: Creating Master Submix 'MasterReverbSubmixDefault'
[2026.01.02-12.47.40:787][ 38]LogAudioMixer: Display: Creating Master Submix 'MasterEQSubmixDefault'
[2026.01.02-12.47.40:787][ 38]LogAudioMixer: FMixerPlatformXAudio2::StartAudioStream() called
[2026.01.02-12.47.40:787][ 38]LogAudioMixer: Display: Output buffers initialized: Frames=1024, Channels=2, Samples=2048
[2026.01.02-12.47.40:788][ 38]LogAudioMixer: Display: Starting AudioMixerPlatformInterface::RunInternal()
[2026.01.02-12.47.40:788][ 38]LogAudioMixer: Display: FMixerPlatformXAudio2::SubmitBuffer() called for the first time
[2026.01.02-12.47.40:788][ 38]LogInit: FAudioDevice initialized.
[2026.01.02-12.47.40:788][ 38]LogAudio: Display: Audio Device (ID: 2) registered with world '02Boss'.
[2026.01.02-12.47.40:797][ 38]LogLoad: Game class is 'BP_Gameplay_GameMode_C'
[2026.01.02-12.47.40:798][ 38]LogWorld: Bringing World /Game/Maps/UEDPIE_0_02Boss.02Boss up for play (max tick rate 0) at 2026.01.02-14.47.40
[2026.01.02-12.47.40:799][ 38]LogWorld: Bringing up level for play took: 0.000695
[2026.01.02-12.47.40:799][ 38]LogOnline: OSS: Creating online subsystem instance for: :Context_9
[2026.01.02-12.47.40:800][ 38]LogNativeClassHierarchy: Verbose: Native class hierarchy updated for 'MovieSceneCapture' in 0.0002 seconds. Added 20 classes and 0 folders.
[2026.01.02-12.47.40:802][ 38]PIE: Server logged in
[2026.01.02-12.47.40:803][ 38]PIE: Play in editor total start time 0,047 seconds.
[2026.01.02-12.47.43:393][324]LogSlate: Updating window title bar state: overlay mode, drag disabled, window buttons hidden, title bar hidden
[2026.01.02-12.47.43:393][324]LogWorld: BeginTearingDown for /Game/Maps/UEDPIE_0_02Boss
[2026.01.02-12.47.43:393][324]LogWorld: UWorld::CleanupWorld for 02Boss, bSessionEnded=true, bCleanupResources=true
[2026.01.02-12.47.43:393][324]LogSlate: InvalidateAllWidgets triggered.  All widgets were invalidated
[2026.01.02-12.47.43:405][324]LogPlayLevel: Display: Shutting down PIE online subsystems
[2026.01.02-12.47.43:412][324]LogSlate: InvalidateAllWidgets triggered.  All widgets were invalidated
[2026.01.02-12.47.43:433][324]LogAudio: Display: Audio Device unregistered from world 'None'.
[2026.01.02-12.47.43:433][324]LogAudioMixer: FMixerPlatformXAudio2::StopAudioStream() called
[2026.01.02-12.47.43:433][324]LogAudioMixer: FMixerPlatformXAudio2::StopAudioStream() called
[2026.01.02-12.47.43:435][324]LogSlate: Updating window title bar state: overlay mode, drag disabled, window buttons hidden, title bar hidden
[2026.01.02-12.47.43:446][324]LogUObjectHash: Compacting FUObjectHashTables data took   1.87ms
[2026.01.02-12.47.43:470][325]LogPlayLevel: Display: Destroying online subsystem :Context_9
[2026.01.02-12.47.48:193][866]LogEditorViewport: Clicking on Actor (LMB): BP_Enemy_C (BP_Enemy15)
[2026.01.02-12.48.01:064][352]Cmd: EDIT COPY
[2026.01.02-12.48.01:389][391]Cmd: EDIT PASTE
[2026.01.02-12.48.03:103][594]Cmd: EDIT PASTE
[2026.01.02-12.48.03:347][622]Cmd: EDIT PASTE
[2026.01.02-12.48.06:368][983]Cmd: TRANSACTION UNDO
[2026.01.02-12.48.06:368][983]LogEditorTransaction: Undo Paste
[2026.01.02-12.48.09:977][354]LogTemp: Repeating last play command: Selected Viewport
[2026.01.02-12.48.09:979][354]LogPlayLevel: PlayLevel: No blueprints needed recompiling
[2026.01.02-12.48.09:979][354]PIE: New page: PIE session: 02Boss (2 січ. 2026 р., 16:48:09)
[2026.01.02-12.48.10:021][354]LogPlayLevel: Creating play world package: /Game/Maps/UEDPIE_0_02Boss
[2026.01.02-12.48.10:026][354]LogPlayLevel: PIE: StaticDuplicateObject took: (0.005220s)
[2026.01.02-12.48.10:027][354]LogAIModule: Creating AISystem for world 02Boss
[2026.01.02-12.48.10:027][354]LogPlayLevel: PIE: World Init took: (0.000866s)
[2026.01.02-12.48.10:027][354]LogPlayLevel: PIE: Created PIE world by copying editor world from /Game/Maps/02Boss.02Boss to /Game/Maps/UEDPIE_0_02Boss.02Boss (0.006262s)
[2026.01.02-12.48.10:050][354]LogUObjectHash: Compacting FUObjectHashTables data took   1.71ms
[2026.01.02-12.48.10:053][354]LogAudio: Display: Creating Audio Device:                 Id: 3, Scope: Unique, Realtime: True
[2026.01.02-12.48.10:053][354]LogAudioMixer: Display: Audio Mixer Platform Settings:
[2026.01.02-12.48.10:053][354]LogAudioMixer: Display: 	Sample Rate:						  48000
[2026.01.02-12.48.10:053][354]LogAudioMixer: Display: 	Callback Buffer Frame Size Requested: 1024
[2026.01.02-12.48.10:053][354]LogAudioMixer: Display: 	Callback Buffer Frame Size To Use:	  1024
[2026.01.02-12.48.10:053][354]LogAudioMixer: Display: 	Number of buffers to queue:			  2
[2026.01.02-12.48.10:053][354]LogAudioMixer: Display: 	Max Channels (voices):				  32
[2026.01.02-12.48.10:053][354]LogAudioMixer: Display: 	Number of Async Source Workers:		  0
[2026.01.02-12.48.10:053][354]LogAudio: Display: AudioDevice MaxSources: 32
[2026.01.02-12.48.10:053][354]LogAudio: Display: Audio Spatialization Plugin: None (built-in).
[2026.01.02-12.48.10:053][354]LogAudio: Display: Audio Reverb Plugin: None (built-in).
[2026.01.02-12.48.10:053][354]LogAudio: Display: Audio Occlusion Plugin: None (built-in).
[2026.01.02-12.48.10:053][354]LogAudioMixer: Display: Initializing audio mixer.
[2026.01.02-12.48.10:056][354]LogAudioMixer: Display: 0: FrontLeft
[2026.01.02-12.48.10:056][354]LogAudioMixer: Display: 1: FrontRight
[2026.01.02-12.48.10:064][354]LogAudioMixer: Display: Using Audio Device Speakers (Realtek(R) Audio)
[2026.01.02-12.48.10:065][354]LogAudioMixer: Display: Initializing Sound Submixes...
[2026.01.02-12.48.10:065][354]LogAudioMixer: Display: Creating Master Submix 'MasterSubmixDefault'
[2026.01.02-12.48.10:065][354]LogAudioMixer: Display: Creating Master Submix 'MasterReverbSubmixDefault'
[2026.01.02-12.48.10:065][354]LogAudioMixer: Display: Creating Master Submix 'MasterEQSubmixDefault'
[2026.01.02-12.48.10:065][354]LogAudioMixer: FMixerPlatformXAudio2::StartAudioStream() called
[2026.01.02-12.48.10:065][354]LogAudioMixer: Display: Output buffers initialized: Frames=1024, Channels=2, Samples=2048
[2026.01.02-12.48.10:066][354]LogAudioMixer: Display: Starting AudioMixerPlatformInterface::RunInternal()
[2026.01.02-12.48.10:066][354]LogAudioMixer: Display: FMixerPlatformXAudio2::SubmitBuffer() called for the first time
[2026.01.02-12.48.10:066][354]LogInit: FAudioDevice initialized.
[2026.01.02-12.48.10:066][354]LogAudio: Display: Audio Device (ID: 3) registered with world '02Boss'.
[2026.01.02-12.48.10:070][354]LogLoad: Game class is 'BP_Gameplay_GameMode_C'
[2026.01.02-12.48.10:071][354]LogWorld: Bringing World /Game/Maps/UEDPIE_0_02Boss.02Boss up for play (max tick rate 0) at 2026.01.02-14.48.10
[2026.01.02-12.48.10:071][354]LogWorld: Bringing up level for play took: 0.000711
[2026.01.02-12.48.10:071][354]LogOnline: OSS: Creating online subsystem instance for: :Context_10
[2026.01.02-12.48.10:074][354]PIE: Server logged in
[2026.01.02-12.48.10:074][354]PIE: Play in editor total start time 0,095 seconds.
[2026.01.02-12.48.14:502][884]LogBlueprintUserMessages: [BP_Enemy15] RIP
[2026.01.02-12.48.16:503][124]LogBlueprintUserMessages: [BP_Enemy17] RIP
[2026.01.02-12.48.18:336][344]LogBlueprintUserMessages: [BP_Enemy16] RIP
[2026.01.02-12.48.19:242][450]LogSlate: Updating window title bar state: overlay mode, drag disabled, window buttons hidden, title bar hidden
[2026.01.02-12.48.19:242][450]LogWorld: BeginTearingDown for /Game/Maps/UEDPIE_0_02Boss
[2026.01.02-12.48.19:243][450]LogWorld: UWorld::CleanupWorld for 02Boss, bSessionEnded=true, bCleanupResources=true
[2026.01.02-12.48.19:243][450]LogSlate: InvalidateAllWidgets triggered.  All widgets were invalidated
[2026.01.02-12.48.19:254][450]LogPlayLevel: Display: Shutting down PIE online subsystems
[2026.01.02-12.48.19:259][450]LogSlate: InvalidateAllWidgets triggered.  All widgets were invalidated
[2026.01.02-12.48.19:277][450]LogAudio: Display: Audio Device unregistered from world 'None'.
[2026.01.02-12.48.19:277][450]LogAudioMixer: FMixerPlatformXAudio2::StopAudioStream() called
[2026.01.02-12.48.19:278][450]LogAudioMixer: FMixerPlatformXAudio2::StopAudioStream() called
[2026.01.02-12.48.19:279][450]LogSlate: Updating window title bar state: overlay mode, drag disabled, window buttons hidden, title bar hidden
[2026.01.02-12.48.19:282][450]LogUObjectHash: Compacting FUObjectHashTables data took   1.39ms
[2026.01.02-12.48.19:329][452]LogPlayLevel: Display: Destroying online subsystem :Context_10
[2026.01.02-12.48.28:078][489]LogTemp: Repeating last play command: Selected Viewport
[2026.01.02-12.48.28:082][489]LogPlayLevel: PlayLevel: No blueprints needed recompiling
[2026.01.02-12.48.28:082][489]PIE: New page: PIE session: 02Boss (2 січ. 2026 р., 16:48:28)
[2026.01.02-12.48.28:112][489]LogPlayLevel: Creating play world package: /Game/Maps/UEDPIE_0_02Boss
[2026.01.02-12.48.28:115][489]LogPlayLevel: PIE: StaticDuplicateObject took: (0.003037s)
[2026.01.02-12.48.28:115][489]LogAIModule: Creating AISystem for world 02Boss
[2026.01.02-12.48.28:116][489]LogPlayLevel: PIE: World Init took: (0.000646s)
[2026.01.02-12.48.28:116][489]LogPlayLevel: PIE: Created PIE world by copying editor world from /Game/Maps/02Boss.02Boss to /Game/Maps/UEDPIE_0_02Boss.02Boss (0.003791s)
[2026.01.02-12.48.28:139][489]LogUObjectHash: Compacting FUObjectHashTables data took   1.40ms
[2026.01.02-12.48.28:140][489]LogAudio: Display: Creating Audio Device:                 Id: 4, Scope: Unique, Realtime: True
[2026.01.02-12.48.28:140][489]LogAudioMixer: Display: Audio Mixer Platform Settings:
[2026.01.02-12.48.28:140][489]LogAudioMixer: Display: 	Sample Rate:						  48000
[2026.01.02-12.48.28:140][489]LogAudioMixer: Display: 	Callback Buffer Frame Size Requested: 1024
[2026.01.02-12.48.28:140][489]LogAudioMixer: Display: 	Callback Buffer Frame Size To Use:	  1024
[2026.01.02-12.48.28:140][489]LogAudioMixer: Display: 	Number of buffers to queue:			  2
[2026.01.02-12.48.28:140][489]LogAudioMixer: Display: 	Max Channels (voices):				  32
[2026.01.02-12.48.28:140][489]LogAudioMixer: Display: 	Number of Async Source Workers:		  0
[2026.01.02-12.48.28:140][489]LogAudio: Display: AudioDevice MaxSources: 32
[2026.01.02-12.48.28:141][489]LogAudio: Display: Audio Spatialization Plugin: None (built-in).
[2026.01.02-12.48.28:141][489]LogAudio: Display: Audio Reverb Plugin: None (built-in).
[2026.01.02-12.48.28:141][489]LogAudio: Display: Audio Occlusion Plugin: None (built-in).
[2026.01.02-12.48.28:141][489]LogAudioMixer: Display: Initializing audio mixer.
[2026.01.02-12.48.28:143][489]LogAudioMixer: Display: 0: FrontLeft
[2026.01.02-12.48.28:144][489]LogAudioMixer: Display: 1: FrontRight
[2026.01.02-12.48.28:151][489]LogAudioMixer: Display: Using Audio Device Speakers (Realtek(R) Audio)
[2026.01.02-12.48.28:152][489]LogAudioMixer: Display: Initializing Sound Submixes...
[2026.01.02-12.48.28:152][489]LogAudioMixer: Display: Creating Master Submix 'MasterSubmixDefault'
[2026.01.02-12.48.28:152][489]LogAudioMixer: Display: Creating Master Submix 'MasterReverbSubmixDefault'
[2026.01.02-12.48.28:152][489]LogAudioMixer: Display: Creating Master Submix 'MasterEQSubmixDefault'
[2026.01.02-12.48.28:152][489]LogAudioMixer: FMixerPlatformXAudio2::StartAudioStream() called
[2026.01.02-12.48.28:152][489]LogAudioMixer: Display: Output buffers initialized: Frames=1024, Channels=2, Samples=2048
[2026.01.02-12.48.28:153][489]LogAudioMixer: Display: Starting AudioMixerPlatformInterface::RunInternal()
[2026.01.02-12.48.28:153][489]LogAudioMixer: Display: FMixerPlatformXAudio2::SubmitBuffer() called for the first time
[2026.01.02-12.48.28:153][489]LogInit: FAudioDevice initialized.
[2026.01.02-12.48.28:153][489]LogAudio: Display: Audio Device (ID: 4) registered with world '02Boss'.
[2026.01.02-12.48.28:156][489]LogLoad: Game class is 'BP_Gameplay_GameMode_C'
[2026.01.02-12.48.28:157][489]LogWorld: Bringing World /Game/Maps/UEDPIE_0_02Boss.02Boss up for play (max tick rate 0) at 2026.01.02-14.48.28
[2026.01.02-12.48.28:157][489]LogWorld: Bringing up level for play took: 0.000718
[2026.01.02-12.48.28:158][489]LogOnline: OSS: Creating online subsystem instance for: :Context_11
[2026.01.02-12.48.28:160][489]PIE: Server logged in
[2026.01.02-12.48.28:160][489]PIE: Play in editor total start time 0,079 seconds.
[2026.01.02-12.48.33:654][147]LogBlueprintUserMessages: [BP_Enemy15] RIP
[2026.01.02-12.48.35:495][368]LogBlueprintUserMessages: [BP_Enemy17] RIP
[2026.01.02-12.48.38:129][684]LogBlueprintUserMessages: [BP_Enemy16] RIP
[2026.01.02-12.48.45:654][583]LogSlate: Updating window title bar state: overlay mode, drag disabled, window buttons hidden, title bar hidden
[2026.01.02-12.48.45:654][583]LogWorld: BeginTearingDown for /Game/Maps/UEDPIE_0_02Boss
[2026.01.02-12.48.45:655][583]LogWorld: UWorld::CleanupWorld for 02Boss, bSessionEnded=true, bCleanupResources=true
[2026.01.02-12.48.45:655][583]LogSlate: InvalidateAllWidgets triggered.  All widgets were invalidated
[2026.01.02-12.48.45:665][583]LogPlayLevel: Display: Shutting down PIE online subsystems
[2026.01.02-12.48.45:672][583]LogSlate: InvalidateAllWidgets triggered.  All widgets were invalidated
[2026.01.02-12.48.45:690][583]LogSlate: Updating window title bar state: overlay mode, drag disabled, window buttons hidden, title bar hidden
[2026.01.02-12.48.45:690][583]LogAudioMixer: FMixerPlatformXAudio2::StopAudioStream() called
[2026.01.02-12.48.45:691][583]LogAudioMixer: FMixerPlatformXAudio2::StopAudioStream() called
[2026.01.02-12.48.45:694][583]LogUObjectHash: Compacting FUObjectHashTables data took   1.37ms
[2026.01.02-12.48.45:743][585]LogPlayLevel: Display: Destroying online subsystem :Context_11
[2026.01.02-12.51.37:195][528]LogEditorViewport: Clicking on Actor (CTRL LMB): BP_Enemy_C (BP_Enemy15)
[2026.01.02-12.51.37:962][612]LogEditorViewport: Clicking on Actor (CTRL LMB): BP_Enemy_C (BP_Enemy16)
[2026.01.02-12.51.39:192][758]Cmd: EDIT COPY
[2026.01.02-12.51.39:801][831]Cmd: EDIT PASTE
[2026.01.02-12.51.43:889][318]LogEditorViewport: Clicking on Actor (LMB): BP_Enemy_C (BP_Enemy19)
[2026.01.02-12.51.45:739][538]Cmd: DELETE
[2026.01.02-12.51.45:739][538]Cmd: ACTOR DELETE
[2026.01.02-12.51.45:740][538]LogEditorActor: Deleted Actor: BP_Enemy_C
[2026.01.02-12.51.45:756][538]LogUObjectHash: Compacting FUObjectHashTables data took   1.33ms
[2026.01.02-12.51.45:759][538]LogEditorActor: Deleted 1 Actors (0.020 secs)
[2026.01.02-12.51.47:491][746]LogEditorViewport: Clicking on Actor (LMB): BP_Enemy_C (BP_Enemy17)
[2026.01.02-12.51.48:565][873]LogEditorViewport: Clicking on Actor (CTRL LMB): BP_Enemy_C (BP_Enemy20)
[2026.01.02-12.51.49:197][947]LogEditorViewport: Clicking on Actor (CTRL LMB): BP_Enemy_C (BP_Enemy15)
[2026.01.02-12.51.50:211][ 67]LogEditorViewport: Clicking on Actor (CTRL LMB): BP_Enemy_C (BP_Enemy18)
[2026.01.02-12.51.50:950][154]LogEditorViewport: Clicking on Actor (CTRL LMB): BP_Enemy_C (BP_Enemy16)
[2026.01.02-12.51.56:627][826]Cmd: TRANSACTION UNDO
[2026.01.02-12.51.56:627][826]LogEditorTransaction: Undo Move Actors
[2026.01.02-12.51.58:368][988]Cmd: EDIT COPY
[2026.01.02-12.51.58:676][ 25]Cmd: EDIT PASTE
[2026.01.02-12.52.10:514][440]LogEditorViewport: Clicking on Actor (CTRL LMB): BP_Enemy_C (BP_Enemy17)
[2026.01.02-12.52.11:346][538]LogEditorViewport: Clicking on Actor (CTRL LMB): BP_Enemy_C (BP_Enemy20)
[2026.01.02-12.52.11:944][608]LogEditorViewport: Clicking on Actor (CTRL LMB): BP_Enemy_C (BP_Enemy15)
[2026.01.02-12.52.12:725][700]LogEditorViewport: Clicking on Actor (CTRL LMB): BP_Enemy_C (BP_Enemy18)
[2026.01.02-12.52.14:617][923]LogEditorViewport: Clicking on Actor (CTRL LMB): BP_Enemy_C (BP_Enemy16)
[2026.01.02-12.52.18:931][439]LogEditorViewport: Clicking on Actor (CTRL LMB): BP_Enemy_C (BP_Enemy23)
[2026.01.02-12.52.21:730][773]Cmd: EDIT COPY
[2026.01.02-12.52.22:088][816]Cmd: EDIT PASTE
[2026.01.02-12.52.26:418][327]LogTemp: Repeating last play command: Selected Viewport
[2026.01.02-12.52.26:422][327]LogPlayLevel: PlayLevel: No blueprints needed recompiling
[2026.01.02-12.52.26:422][327]PIE: New page: PIE session: 02Boss (2 січ. 2026 р., 16:52:26)
[2026.01.02-12.52.26:448][327]LogPlayLevel: Creating play world package: /Game/Maps/UEDPIE_0_02Boss
[2026.01.02-12.52.26:452][327]LogPlayLevel: PIE: StaticDuplicateObject took: (0.004319s)
[2026.01.02-12.52.26:453][327]LogAIModule: Creating AISystem for world 02Boss
[2026.01.02-12.52.26:453][327]LogPlayLevel: PIE: World Init took: (0.000628s)
[2026.01.02-12.52.26:453][327]LogPlayLevel: PIE: Created PIE world by copying editor world from /Game/Maps/02Boss.02Boss to /Game/Maps/UEDPIE_0_02Boss.02Boss (0.005046s)
[2026.01.02-12.52.26:475][327]LogUObjectHash: Compacting FUObjectHashTables data took   1.39ms
[2026.01.02-12.52.26:478][327]LogAudio: Display: Creating Audio Device:                 Id: 5, Scope: Unique, Realtime: True
[2026.01.02-12.52.26:478][327]LogAudioMixer: Display: Audio Mixer Platform Settings:
[2026.01.02-12.52.26:478][327]LogAudioMixer: Display: 	Sample Rate:						  48000
[2026.01.02-12.52.26:478][327]LogAudioMixer: Display: 	Callback Buffer Frame Size Requested: 1024
[2026.01.02-12.52.26:478][327]LogAudioMixer: Display: 	Callback Buffer Frame Size To Use:	  1024
[2026.01.02-12.52.26:478][327]LogAudioMixer: Display: 	Number of buffers to queue:			  2
[2026.01.02-12.52.26:478][327]LogAudioMixer: Display: 	Max Channels (voices):				  32
[2026.01.02-12.52.26:478][327]LogAudioMixer: Display: 	Number of Async Source Workers:		  0
[2026.01.02-12.52.26:478][327]LogAudio: Display: AudioDevice MaxSources: 32
[2026.01.02-12.52.26:478][327]LogAudio: Display: Audio Spatialization Plugin: None (built-in).
[2026.01.02-12.52.26:478][327]LogAudio: Display: Audio Reverb Plugin: None (built-in).
[2026.01.02-12.52.26:478][327]LogAudio: Display: Audio Occlusion Plugin: None (built-in).
[2026.01.02-12.52.26:478][327]LogAudioMixer: Display: Initializing audio mixer.
[2026.01.02-12.52.26:481][327]LogAudioMixer: Display: 0: FrontLeft
[2026.01.02-12.52.26:481][327]LogAudioMixer: Display: 1: FrontRight
[2026.01.02-12.52.26:489][327]LogAudioMixer: Display: Using Audio Device Speakers (Realtek(R) Audio)
[2026.01.02-12.52.26:489][327]LogAudioMixer: Display: Initializing Sound Submixes...
[2026.01.02-12.52.26:490][327]LogAudioMixer: Display: Creating Master Submix 'MasterSubmixDefault'
[2026.01.02-12.52.26:490][327]LogAudioMixer: Display: Creating Master Submix 'MasterReverbSubmixDefault'
[2026.01.02-12.52.26:490][327]LogAudioMixer: Display: Creating Master Submix 'MasterEQSubmixDefault'
[2026.01.02-12.52.26:490][327]LogAudioMixer: FMixerPlatformXAudio2::StartAudioStream() called
[2026.01.02-12.52.26:490][327]LogAudioMixer: Display: Output buffers initialized: Frames=1024, Channels=2, Samples=2048
[2026.01.02-12.52.26:491][327]LogAudioMixer: Display: Starting AudioMixerPlatformInterface::RunInternal()
[2026.01.02-12.52.26:491][327]LogAudioMixer: Display: FMixerPlatformXAudio2::SubmitBuffer() called for the first time
[2026.01.02-12.52.26:491][327]LogInit: FAudioDevice initialized.
[2026.01.02-12.52.26:491][327]LogAudio: Display: Audio Device (ID: 5) registered with world '02Boss'.
[2026.01.02-12.52.26:498][327]LogLoad: Game class is 'BP_Gameplay_GameMode_C'
[2026.01.02-12.52.26:500][327]LogWorld: Bringing World /Game/Maps/UEDPIE_0_02Boss.02Boss up for play (max tick rate 0) at 2026.01.02-14.52.26
[2026.01.02-12.52.26:500][327]LogWorld: Bringing up level for play took: 0.001117
[2026.01.02-12.52.26:500][327]LogOnline: OSS: Creating online subsystem instance for: :Context_12
[2026.01.02-12.52.26:502][327]PIE: Server logged in
[2026.01.02-12.52.26:503][327]PIE: Play in editor total start time 0,083 seconds.
[2026.01.02-12.52.31:589][933]LogSlate: Updating window title bar state: overlay mode, drag disabled, window buttons hidden, title bar hidden
[2026.01.02-12.52.31:589][933]LogWorld: BeginTearingDown for /Game/Maps/UEDPIE_0_02Boss
[2026.01.02-12.52.31:589][933]LogWorld: UWorld::CleanupWorld for 02Boss, bSessionEnded=true, bCleanupResources=true
[2026.01.02-12.52.31:590][933]LogSlate: InvalidateAllWidgets triggered.  All widgets were invalidated
[2026.01.02-12.52.31:597][933]LogPlayLevel: Display: Shutting down PIE online subsystems
[2026.01.02-12.52.31:602][933]LogSlate: InvalidateAllWidgets triggered.  All widgets were invalidated
[2026.01.02-12.52.31:619][933]LogAudio: Display: Audio Device unregistered from world 'None'.
[2026.01.02-12.52.31:619][933]LogAudioMixer: FMixerPlatformXAudio2::StopAudioStream() called
[2026.01.02-12.52.31:620][933]LogAudioMixer: FMixerPlatformXAudio2::StopAudioStream() called
[2026.01.02-12.52.31:621][933]LogSlate: Updating window title bar state: overlay mode, drag disabled, window buttons hidden, title bar hidden
[2026.01.02-12.52.31:624][933]LogUObjectHash: Compacting FUObjectHashTables data took   1.37ms
[2026.01.02-12.52.31:671][935]LogPlayLevel: Display: Destroying online subsystem :Context_12
[2026.01.02-12.52.32:221][  1]LogTemp: Repeating last play command: Selected Viewport
[2026.01.02-12.52.32:224][  1]LogPlayLevel: PlayLevel: No blueprints needed recompiling
[2026.01.02-12.52.32:225][  1]PIE: New page: PIE session: 02Boss (2 січ. 2026 р., 16:52:32)
[2026.01.02-12.52.32:248][  1]LogPlayLevel: Creating play world package: /Game/Maps/UEDPIE_0_02Boss
[2026.01.02-12.52.32:252][  1]LogPlayLevel: PIE: StaticDuplicateObject took: (0.004077s)
[2026.01.02-12.52.32:253][  1]LogAIModule: Creating AISystem for world 02Boss
[2026.01.02-12.52.32:253][  1]LogPlayLevel: PIE: World Init took: (0.000623s)
[2026.01.02-12.52.32:253][  1]LogPlayLevel: PIE: Created PIE world by copying editor world from /Game/Maps/02Boss.02Boss to /Game/Maps/UEDPIE_0_02Boss.02Boss (0.004787s)
[2026.01.02-12.52.32:273][  1]LogUObjectHash: Compacting FUObjectHashTables data took   1.32ms
[2026.01.02-12.52.32:273][  1]LogAudio: Display: Creating Audio Device:                 Id: 6, Scope: Unique, Realtime: True
[2026.01.02-12.52.32:273][  1]LogAudioMixer: Display: Audio Mixer Platform Settings:
[2026.01.02-12.52.32:273][  1]LogAudioMixer: Display: 	Sample Rate:						  48000
[2026.01.02-12.52.32:273][  1]LogAudioMixer: Display: 	Callback Buffer Frame Size Requested: 1024
[2026.01.02-12.52.32:273][  1]LogAudioMixer: Display: 	Callback Buffer Frame Size To Use:	  1024
[2026.01.02-12.52.32:273][  1]LogAudioMixer: Display: 	Number of buffers to queue:			  2
[2026.01.02-12.52.32:273][  1]LogAudioMixer: Display: 	Max Channels (voices):				  32
[2026.01.02-12.52.32:273][  1]LogAudioMixer: Display: 	Number of Async Source Workers:		  0
[2026.01.02-12.52.32:273][  1]LogAudio: Display: AudioDevice MaxSources: 32
[2026.01.02-12.52.32:274][  1]LogAudio: Display: Audio Spatialization Plugin: None (built-in).
[2026.01.02-12.52.32:274][  1]LogAudio: Display: Audio Reverb Plugin: None (built-in).
[2026.01.02-12.52.32:274][  1]LogAudio: Display: Audio Occlusion Plugin: None (built-in).
[2026.01.02-12.52.32:274][  1]LogAudioMixer: Display: Initializing audio mixer.
[2026.01.02-12.52.32:277][  1]LogAudioMixer: Display: 0: FrontLeft
[2026.01.02-12.52.32:277][  1]LogAudioMixer: Display: 1: FrontRight
[2026.01.02-12.52.32:285][  1]LogAudioMixer: Display: Using Audio Device Speakers (Realtek(R) Audio)
[2026.01.02-12.52.32:285][  1]LogAudioMixer: Display: Initializing Sound Submixes...
[2026.01.02-12.52.32:285][  1]LogAudioMixer: Display: Creating Master Submix 'MasterSubmixDefault'
[2026.01.02-12.52.32:285][  1]LogAudioMixer: Display: Creating Master Submix 'MasterReverbSubmixDefault'
[2026.01.02-12.52.32:285][  1]LogAudioMixer: Display: Creating Master Submix 'MasterEQSubmixDefault'
[2026.01.02-12.52.32:285][  1]LogAudioMixer: FMixerPlatformXAudio2::StartAudioStream() called
[2026.01.02-12.52.32:285][  1]LogAudioMixer: Display: Output buffers initialized: Frames=1024, Channels=2, Samples=2048
[2026.01.02-12.52.32:286][  1]LogAudioMixer: Display: Starting AudioMixerPlatformInterface::RunInternal()
[2026.01.02-12.52.32:286][  1]LogAudioMixer: Display: FMixerPlatformXAudio2::SubmitBuffer() called for the first time
[2026.01.02-12.52.32:286][  1]LogInit: FAudioDevice initialized.
[2026.01.02-12.52.32:286][  1]LogAudio: Display: Audio Device (ID: 6) registered with world '02Boss'.
[2026.01.02-12.52.32:294][  1]LogLoad: Game class is 'BP_Gameplay_GameMode_C'
[2026.01.02-12.52.32:296][  1]LogWorld: Bringing World /Game/Maps/UEDPIE_0_02Boss.02Boss up for play (max tick rate 0) at 2026.01.02-14.52.32
[2026.01.02-12.52.32:296][  1]LogWorld: Bringing up level for play took: 0.001188
[2026.01.02-12.52.32:296][  1]LogOnline: OSS: Creating online subsystem instance for: :Context_13
[2026.01.02-12.52.32:299][  1]PIE: Server logged in
[2026.01.02-12.52.32:299][  1]PIE: Play in editor total start time 0,075 seconds.
[2026.01.02-12.52.34:429][255]LogPlayerController: Error: InputMode:UIOnly - Attempting to focus Non-Focusable widget SObjectWidget [Widget.cpp(799)]!
[2026.01.02-12.52.34:429][255]LogViewport: Display: Viewport MouseLockMode Changed, LockOnCapture -> DoNotLock
[2026.01.02-12.52.34:429][255]LogViewport: Display: Viewport MouseCaptureMode Changed, CapturePermanently_IncludingInitialMouseDown -> NoCapture
[2026.01.02-12.52.35:894][431]LogViewport: Display: Viewport MouseLockMode Changed, DoNotLock -> LockOnCapture
[2026.01.02-12.52.35:894][431]LogViewport: Display: Viewport MouseCaptureMode Changed, NoCapture -> CapturePermanently
[2026.01.02-12.52.46:846][745]LogBlueprintUserMessages: [BP_Enemy19_11] RIP
[2026.01.02-12.52.49:829][103]LogBlueprintUserMessages: [BP_Enemy24] RIP
[2026.01.02-12.52.52:037][368]LogBlueprintUserMessages: [BP_Enemy22] RIP
[2026.01.02-12.52.56:829][943]LogBlueprintUserMessages: [BP_Enemy29] RIP
[2026.01.02-12.52.58:832][181]LogBlueprintUserMessages: [BP_Enemy20] RIP
[2026.01.02-12.53.02:623][636]LogBlueprintUserMessages: [BP_Enemy15] RIP
[2026.01.02-12.53.04:832][901]LogBlueprintUserMessages: [BP_Enemy18] RIP
[2026.01.02-12.53.07:024][164]LogBlueprintUserMessages: [BP_Enemy16] RIP
[2026.01.02-12.53.09:231][429]LogBlueprintUserMessages: [BP_Enemy23] RIP
[2026.01.02-12.53.11:232][669]LogBlueprintUserMessages: [BP_Enemy28] RIP
[2026.01.02-12.53.14:640][ 78]LogBlueprintUserMessages: [BP_Enemy30] RIP
[2026.01.02-12.53.16:815][339]LogBlueprintUserMessages: [BP_Enemy25] RIP
[2026.01.02-12.53.21:757][932]LogBlueprintUserMessages: [BP_Enemy21] RIP
[2026.01.02-12.53.26:974][558]LogBlueprintUserMessages: [BP_Enemy26] RIP
[2026.01.02-12.53.29:373][846]LogBlueprintUserMessages: [BP_Enemy33] RIP
[2026.01.02-12.53.31:407][ 90]LogBlueprintUserMessages: [BP_Enemy31] RIP
[2026.01.02-12.53.33:740][370]LogBlueprintUserMessages: [BP_Enemy34] RIP
[2026.01.02-12.53.35:899][629]LogBlueprintUserMessages: [BP_Enemy32] RIP
[2026.01.02-12.53.38:931][993]LogBlueprintUserMessages: [BP_Enemy17] RIP
[2026.01.02-12.53.40:540][186]LogBlueprintUserMessages: [BP_Enemy27] RIP
[2026.01.02-12.53.42:171][379]LogSlate: Updating window title bar state: overlay mode, drag disabled, window buttons hidden, title bar hidden
[2026.01.02-12.53.42:171][379]LogWorld: BeginTearingDown for /Game/Maps/UEDPIE_0_02Boss
[2026.01.02-12.53.42:171][379]LogWorld: UWorld::CleanupWorld for 02Boss, bSessionEnded=true, bCleanupResources=true
[2026.01.02-12.53.42:171][379]LogSlate: InvalidateAllWidgets triggered.  All widgets were invalidated
[2026.01.02-12.53.42:177][379]LogPlayLevel: Display: Shutting down PIE online subsystems
[2026.01.02-12.53.42:183][379]LogSlate: InvalidateAllWidgets triggered.  All widgets were invalidated
[2026.01.02-12.53.42:202][379]LogSlate: Updating window title bar state: overlay mode, drag disabled, window buttons hidden, title bar hidden
[2026.01.02-12.53.42:202][379]LogAudioMixer: FMixerPlatformXAudio2::StopAudioStream() called
[2026.01.02-12.53.42:203][379]LogAudioMixer: FMixerPlatformXAudio2::StopAudioStream() called
[2026.01.02-12.53.42:209][379]LogUObjectHash: Compacting FUObjectHashTables data took   1.38ms
[2026.01.02-12.53.42:259][381]LogPlayLevel: Display: Destroying online subsystem :Context_13
[2026.01.02-12.53.58:847][298]LogEditorViewport: Clicking on Actor (LMB): BP_Checkpoint_C (BP_Checkpoint)
[2026.01.02-12.53.58:866][298]LogTemp: Warning: SetupViewportDisplaySettings
[2026.01.02-12.54.05:216][ 48]Cmd: DELETE
[2026.01.02-12.54.05:216][ 48]Cmd: ACTOR DELETE
[2026.01.02-12.54.05:218][ 48]LogEditorActor: Deleted Actor: BP_Checkpoint_C
[2026.01.02-12.54.05:227][ 48]LogTemp: Warning: OnLevelViewportClientListChanged
[2026.01.02-12.54.05:244][ 48]LogUObjectHash: Compacting FUObjectHashTables data took   1.55ms
[2026.01.02-12.54.05:246][ 48]LogEditorActor: Deleted 1 Actors (0.030 secs)
[2026.01.02-12.54.10:640][691]LogTemp: Repeating last play command: Selected Viewport
[2026.01.02-12.54.10:644][691]LogPlayLevel: PlayLevel: No blueprints needed recompiling
[2026.01.02-12.54.10:644][691]PIE: New page: PIE session: 02Boss (2 січ. 2026 р., 16:54:10)
[2026.01.02-12.54.10:690][691]LogPlayLevel: Creating play world package: /Game/Maps/UEDPIE_0_02Boss
[2026.01.02-12.54.10:698][691]LogPlayLevel: PIE: StaticDuplicateObject took: (0.008067s)
[2026.01.02-12.54.10:699][691]LogAIModule: Creating AISystem for world 02Boss
[2026.01.02-12.54.10:699][691]LogPlayLevel: PIE: World Init took: (0.000649s)
[2026.01.02-12.54.10:699][691]LogPlayLevel: PIE: Created PIE world by copying editor world from /Game/Maps/02Boss.02Boss to /Game/Maps/UEDPIE_0_02Boss.02Boss (0.008913s)
[2026.01.02-12.54.10:718][691]LogUObjectHash: Compacting FUObjectHashTables data took   1.34ms
[2026.01.02-12.54.10:719][691]LogAudio: Display: Creating Audio Device:                 Id: 7, Scope: Unique, Realtime: True
[2026.01.02-12.54.10:719][691]LogAudioMixer: Display: Audio Mixer Platform Settings:
[2026.01.02-12.54.10:719][691]LogAudioMixer: Display: 	Sample Rate:						  48000
[2026.01.02-12.54.10:719][691]LogAudioMixer: Display: 	Callback Buffer Frame Size Requested: 1024
[2026.01.02-12.54.10:719][691]LogAudioMixer: Display: 	Callback Buffer Frame Size To Use:	  1024
[2026.01.02-12.54.10:719][691]LogAudioMixer: Display: 	Number of buffers to queue:			  2
[2026.01.02-12.54.10:719][691]LogAudioMixer: Display: 	Max Channels (voices):				  32
[2026.01.02-12.54.10:719][691]LogAudioMixer: Display: 	Number of Async Source Workers:		  0
[2026.01.02-12.54.10:719][691]LogAudio: Display: AudioDevice MaxSources: 32
[2026.01.02-12.54.10:720][691]LogAudio: Display: Audio Spatialization Plugin: None (built-in).
[2026.01.02-12.54.10:720][691]LogAudio: Display: Audio Reverb Plugin: None (built-in).
[2026.01.02-12.54.10:720][691]LogAudio: Display: Audio Occlusion Plugin: None (built-in).
[2026.01.02-12.54.10:720][691]LogAudioMixer: Display: Initializing audio mixer.
[2026.01.02-12.54.10:723][691]LogAudioMixer: Display: 0: FrontLeft
[2026.01.02-12.54.10:723][691]LogAudioMixer: Display: 1: FrontRight
[2026.01.02-12.54.10:731][691]LogAudioMixer: Display: Using Audio Device Speakers (Realtek(R) Audio)
[2026.01.02-12.54.10:731][691]LogAudioMixer: Display: Initializing Sound Submixes...
[2026.01.02-12.54.10:731][691]LogAudioMixer: Display: Creating Master Submix 'MasterSubmixDefault'
[2026.01.02-12.54.10:731][691]LogAudioMixer: Display: Creating Master Submix 'MasterReverbSubmixDefault'
[2026.01.02-12.54.10:731][691]LogAudioMixer: Display: Creating Master Submix 'MasterEQSubmixDefault'
[2026.01.02-12.54.10:731][691]LogAudioMixer: FMixerPlatformXAudio2::StartAudioStream() called
[2026.01.02-12.54.10:731][691]LogAudioMixer: Display: Output buffers initialized: Frames=1024, Channels=2, Samples=2048
[2026.01.02-12.54.10:732][691]LogAudioMixer: Display: Starting AudioMixerPlatformInterface::RunInternal()
[2026.01.02-12.54.10:732][691]LogAudioMixer: Display: FMixerPlatformXAudio2::SubmitBuffer() called for the first time
[2026.01.02-12.54.10:732][691]LogInit: FAudioDevice initialized.
[2026.01.02-12.54.10:732][691]LogAudio: Display: Audio Device (ID: 7) registered with world '02Boss'.
[2026.01.02-12.54.10:736][691]LogLoad: Game class is 'BP_Gameplay_GameMode_C'
[2026.01.02-12.54.10:737][691]LogWorld: Bringing World /Game/Maps/UEDPIE_0_02Boss.02Boss up for play (max tick rate 0) at 2026.01.02-14.54.10
[2026.01.02-12.54.10:737][691]LogWorld: Bringing up level for play took: 0.001026
[2026.01.02-12.54.10:737][691]LogOnline: OSS: Creating online subsystem instance for: :Context_14
[2026.01.02-12.54.10:740][691]PIE: Server logged in
[2026.01.02-12.54.10:741][691]PIE: Play in editor total start time 0,098 seconds.
[2026.01.02-12.54.19:351][719]LogSlate: Updating window title bar state: overlay mode, drag disabled, window buttons hidden, title bar hidden
[2026.01.02-12.54.19:351][719]LogWorld: BeginTearingDown for /Game/Maps/UEDPIE_0_02Boss
[2026.01.02-12.54.19:351][719]LogWorld: UWorld::CleanupWorld for 02Boss, bSessionEnded=true, bCleanupResources=true
[2026.01.02-12.54.19:352][719]LogSlate: InvalidateAllWidgets triggered.  All widgets were invalidated
[2026.01.02-12.54.19:363][719]LogPlayLevel: Display: Shutting down PIE online subsystems
[2026.01.02-12.54.19:366][719]LogSlate: InvalidateAllWidgets triggered.  All widgets were invalidated
[2026.01.02-12.54.19:385][719]LogSlate: Updating window title bar state: overlay mode, drag disabled, window buttons hidden, title bar hidden
[2026.01.02-12.54.19:385][719]LogAudioMixer: FMixerPlatformXAudio2::StopAudioStream() called
[2026.01.02-12.54.19:386][719]LogAudioMixer: FMixerPlatformXAudio2::StopAudioStream() called
[2026.01.02-12.54.19:390][719]LogUObjectHash: Compacting FUObjectHashTables data took   1.34ms
[2026.01.02-12.54.19:433][721]LogPlayLevel: Display: Destroying online subsystem :Context_14
[2026.01.02-12.54.28:343][779]LogTemp: Repeating last play command: Selected Viewport
[2026.01.02-12.54.28:346][779]LogPlayLevel: PlayLevel: No blueprints needed recompiling
[2026.01.02-12.54.28:346][779]PIE: New page: PIE session: 02Boss (2 січ. 2026 р., 16:54:28)
[2026.01.02-12.54.28:371][779]LogPlayLevel: Creating play world package: /Game/Maps/UEDPIE_0_02Boss
[2026.01.02-12.54.28:375][779]LogPlayLevel: PIE: StaticDuplicateObject took: (0.004042s)
[2026.01.02-12.54.28:375][779]LogAIModule: Creating AISystem for world 02Boss
[2026.01.02-12.54.28:376][779]LogPlayLevel: PIE: World Init took: (0.000631s)
[2026.01.02-12.54.28:376][779]LogPlayLevel: PIE: Created PIE world by copying editor world from /Game/Maps/02Boss.02Boss to /Game/Maps/UEDPIE_0_02Boss.02Boss (0.004765s)
[2026.01.02-12.54.28:393][779]LogUObjectHash: Compacting FUObjectHashTables data took   1.44ms
[2026.01.02-12.54.28:394][779]LogAudio: Display: Creating Audio Device:                 Id: 8, Scope: Unique, Realtime: True
[2026.01.02-12.54.28:394][779]LogAudioMixer: Display: Audio Mixer Platform Settings:
[2026.01.02-12.54.28:394][779]LogAudioMixer: Display: 	Sample Rate:						  48000
[2026.01.02-12.54.28:394][779]LogAudioMixer: Display: 	Callback Buffer Frame Size Requested: 1024
[2026.01.02-12.54.28:394][779]LogAudioMixer: Display: 	Callback Buffer Frame Size To Use:	  1024
[2026.01.02-12.54.28:394][779]LogAudioMixer: Display: 	Number of buffers to queue:			  2
[2026.01.02-12.54.28:394][779]LogAudioMixer: Display: 	Max Channels (voices):				  32
[2026.01.02-12.54.28:394][779]LogAudioMixer: Display: 	Number of Async Source Workers:		  0
[2026.01.02-12.54.28:394][779]LogAudio: Display: AudioDevice MaxSources: 32
[2026.01.02-12.54.28:395][779]LogAudio: Display: Audio Spatialization Plugin: None (built-in).
[2026.01.02-12.54.28:395][779]LogAudio: Display: Audio Reverb Plugin: None (built-in).
[2026.01.02-12.54.28:395][779]LogAudio: Display: Audio Occlusion Plugin: None (built-in).
[2026.01.02-12.54.28:395][779]LogAudioMixer: Display: Initializing audio mixer.
[2026.01.02-12.54.28:398][779]LogAudioMixer: Display: 0: FrontLeft
[2026.01.02-12.54.28:398][779]LogAudioMixer: Display: 1: FrontRight
[2026.01.02-12.54.28:406][779]LogAudioMixer: Display: Using Audio Device Speakers (Realtek(R) Audio)
[2026.01.02-12.54.28:406][779]LogAudioMixer: Display: Initializing Sound Submixes...
[2026.01.02-12.54.28:406][779]LogAudioMixer: Display: Creating Master Submix 'MasterSubmixDefault'
[2026.01.02-12.54.28:406][779]LogAudioMixer: Display: Creating Master Submix 'MasterReverbSubmixDefault'
[2026.01.02-12.54.28:406][779]LogAudioMixer: Display: Creating Master Submix 'MasterEQSubmixDefault'
[2026.01.02-12.54.28:406][779]LogAudioMixer: FMixerPlatformXAudio2::StartAudioStream() called
[2026.01.02-12.54.28:406][779]LogAudioMixer: Display: Output buffers initialized: Frames=1024, Channels=2, Samples=2048
[2026.01.02-12.54.28:407][779]LogAudioMixer: Display: Starting AudioMixerPlatformInterface::RunInternal()
[2026.01.02-12.54.28:407][779]LogAudioMixer: Display: FMixerPlatformXAudio2::SubmitBuffer() called for the first time
[2026.01.02-12.54.28:407][779]LogInit: FAudioDevice initialized.
[2026.01.02-12.54.28:407][779]LogAudio: Display: Audio Device (ID: 8) registered with world '02Boss'.
[2026.01.02-12.54.28:410][779]LogLoad: Game class is 'BP_Gameplay_GameMode_C'
[2026.01.02-12.54.28:412][779]LogWorld: Bringing World /Game/Maps/UEDPIE_0_02Boss.02Boss up for play (max tick rate 0) at 2026.01.02-14.54.28
[2026.01.02-12.54.28:412][779]LogWorld: Bringing up level for play took: 0.001084
[2026.01.02-12.54.28:412][779]LogOnline: OSS: Creating online subsystem instance for: :Context_15
[2026.01.02-12.54.28:414][779]PIE: Server logged in
[2026.01.02-12.54.28:415][779]PIE: Play in editor total start time 0,069 seconds.
[2026.01.02-12.54.37:727][893]LogBlueprintUserMessages: [BP_Enemy24] RIP
[2026.01.02-12.54.42:361][449]LogBlueprintUserMessages: [BP_Enemy22] RIP
[2026.01.02-12.54.45:242][791]LogSlate: Updating window title bar state: overlay mode, drag disabled, window buttons hidden, title bar hidden
[2026.01.02-12.54.45:242][791]LogWorld: BeginTearingDown for /Game/Maps/UEDPIE_0_02Boss
[2026.01.02-12.54.45:242][791]LogWorld: UWorld::CleanupWorld for 02Boss, bSessionEnded=true, bCleanupResources=true
[2026.01.02-12.54.45:243][791]LogSlate: InvalidateAllWidgets triggered.  All widgets were invalidated
[2026.01.02-12.54.45:247][791]LogPlayLevel: Display: Shutting down PIE online subsystems
[2026.01.02-12.54.45:250][791]LogSlate: InvalidateAllWidgets triggered.  All widgets were invalidated
[2026.01.02-12.54.45:267][791]LogSlate: Updating window title bar state: overlay mode, drag disabled, window buttons hidden, title bar hidden
[2026.01.02-12.54.45:268][791]LogAudioMixer: FMixerPlatformXAudio2::StopAudioStream() called
[2026.01.02-12.54.45:268][791]LogAudioMixer: FMixerPlatformXAudio2::StopAudioStream() called
[2026.01.02-12.54.45:273][791]LogUObjectHash: Compacting FUObjectHashTables data took   1.34ms
[2026.01.02-12.54.45:315][793]LogPlayLevel: Display: Destroying online subsystem :Context_15
[2026.01.02-12.54.57:992][931]LogEditorViewport: Clicking on Actor (LMB): BP_Enemy_C (BP_Enemy19)
[2026.01.02-12.54.58:528][975]LogEditorViewport: Clicking on Actor (LMB): BP_Sky_Sphere_C (BP_Sky_Sphere)
[2026.01.02-12.54.59:024][ 32]LogEditorViewport: Clicking on Actor (LMB): BP_Sky_Sphere_C (BP_Sky_Sphere)
[2026.01.02-12.55.00:578][215]Cmd: TRANSACTION UNDO
[2026.01.02-12.55.00:578][215]LogEditorTransaction: Undo Clicking on Actors
[2026.01.02-12.55.01:688][301]Cmd: TRANSACTION UNDO
[2026.01.02-12.55.01:689][301]LogEditorTransaction: Undo Clicking on Actors
[2026.01.02-12.55.02:571][407]Cmd: TRANSACTION UNDO
[2026.01.02-12.55.02:571][407]LogEditorTransaction: Undo Delete Actors
[2026.01.02-12.55.02:584][407]LogTemp: Warning: SetupViewportDisplaySettings
[2026.01.02-12.55.10:629][297]LogTemp: Repeating last play command: Selected Viewport
[2026.01.02-12.55.10:632][297]LogPlayLevel: PlayLevel: No blueprints needed recompiling
[2026.01.02-12.55.10:632][297]PIE: New page: PIE session: 02Boss (2 січ. 2026 р., 16:55:10)
[2026.01.02-12.55.10:682][297]LogPlayLevel: Creating play world package: /Game/Maps/UEDPIE_0_02Boss
[2026.01.02-12.55.10:689][297]LogPlayLevel: PIE: StaticDuplicateObject took: (0.007208s)
[2026.01.02-12.55.10:690][297]LogAIModule: Creating AISystem for world 02Boss
[2026.01.02-12.55.10:690][297]LogPlayLevel: PIE: World Init took: (0.000639s)
[2026.01.02-12.55.10:690][297]LogPlayLevel: PIE: Created PIE world by copying editor world from /Game/Maps/02Boss.02Boss to /Game/Maps/UEDPIE_0_02Boss.02Boss (0.008019s)
[2026.01.02-12.55.10:707][297]LogUObjectHash: Compacting FUObjectHashTables data took   1.37ms
[2026.01.02-12.55.10:709][297]LogAudio: Display: Creating Audio Device:                 Id: 9, Scope: Unique, Realtime: True
[2026.01.02-12.55.10:709][297]LogAudioMixer: Display: Audio Mixer Platform Settings:
[2026.01.02-12.55.10:709][297]LogAudioMixer: Display: 	Sample Rate:						  48000
[2026.01.02-12.55.10:709][297]LogAudioMixer: Display: 	Callback Buffer Frame Size Requested: 1024
[2026.01.02-12.55.10:709][297]LogAudioMixer: Display: 	Callback Buffer Frame Size To Use:	  1024
[2026.01.02-12.55.10:709][297]LogAudioMixer: Display: 	Number of buffers to queue:			  2
[2026.01.02-12.55.10:709][297]LogAudioMixer: Display: 	Max Channels (voices):				  32
[2026.01.02-12.55.10:709][297]LogAudioMixer: Display: 	Number of Async Source Workers:		  0
[2026.01.02-12.55.10:709][297]LogAudio: Display: AudioDevice MaxSources: 32
[2026.01.02-12.55.10:710][297]LogAudio: Display: Audio Spatialization Plugin: None (built-in).
[2026.01.02-12.55.10:710][297]LogAudio: Display: Audio Reverb Plugin: None (built-in).
[2026.01.02-12.55.10:710][297]LogAudio: Display: Audio Occlusion Plugin: None (built-in).
[2026.01.02-12.55.10:710][297]LogAudioMixer: Display: Initializing audio mixer.
[2026.01.02-12.55.10:713][297]LogAudioMixer: Display: 0: FrontLeft
[2026.01.02-12.55.10:713][297]LogAudioMixer: Display: 1: FrontRight
[2026.01.02-12.55.10:721][297]LogAudioMixer: Display: Using Audio Device Speakers (Realtek(R) Audio)
[2026.01.02-12.55.10:721][297]LogAudioMixer: Display: Initializing Sound Submixes...
[2026.01.02-12.55.10:721][297]LogAudioMixer: Display: Creating Master Submix 'MasterSubmixDefault'
[2026.01.02-12.55.10:721][297]LogAudioMixer: Display: Creating Master Submix 'MasterReverbSubmixDefault'
[2026.01.02-12.55.10:721][297]LogAudioMixer: Display: Creating Master Submix 'MasterEQSubmixDefault'
[2026.01.02-12.55.10:721][297]LogAudioMixer: FMixerPlatformXAudio2::StartAudioStream() called
[2026.01.02-12.55.10:721][297]LogAudioMixer: Display: Output buffers initialized: Frames=1024, Channels=2, Samples=2048
[2026.01.02-12.55.10:722][297]LogAudioMixer: Display: Starting AudioMixerPlatformInterface::RunInternal()
[2026.01.02-12.55.10:722][297]LogAudioMixer: Display: FMixerPlatformXAudio2::SubmitBuffer() called for the first time
[2026.01.02-12.55.10:722][297]LogInit: FAudioDevice initialized.
[2026.01.02-12.55.10:722][297]LogAudio: Display: Audio Device (ID: 9) registered with world '02Boss'.
[2026.01.02-12.55.10:728][297]LogLoad: Game class is 'BP_Gameplay_GameMode_C'
[2026.01.02-12.55.10:730][297]LogWorld: Bringing World /Game/Maps/UEDPIE_0_02Boss.02Boss up for play (max tick rate 0) at 2026.01.02-14.55.10
[2026.01.02-12.55.10:730][297]LogWorld: Bringing up level for play took: 0.001128
[2026.01.02-12.55.10:730][297]LogOnline: OSS: Creating online subsystem instance for: :Context_16
[2026.01.02-12.55.10:733][297]PIE: Server logged in
[2026.01.02-12.55.10:733][297]PIE: Play in editor total start time 0,102 seconds.
[2026.01.02-12.55.10:759][297]LogTemp: Warning: OnLevelViewportClientListChanged
[2026.01.02-12.55.13:391][613]LogBlueprintUserMessages: [BP_Enemy24] RIP
[2026.01.02-12.55.17:574][115]LogBlueprintUserMessages: [BP_Enemy29] RIP
[2026.01.02-12.55.21:373][571]LogBlueprintUserMessages: [BP_Enemy22] RIP
[2026.01.02-12.55.24:308][923]LogBlueprintUserMessages: [BP_Enemy20] RIP
[2026.01.02-12.55.27:299][282]LogBlueprintUserMessages: [BP_Enemy15] RIP
[2026.01.02-12.55.29:116][500]LogBlueprintUserMessages: [BP_Enemy19_11] RIP
[2026.01.02-12.55.31:524][789]LogBlueprintUserMessages: [BP_Enemy25] RIP
[2026.01.02-12.55.33:132][982]LogPlayerController: Error: InputMode:UIOnly - Attempting to focus Non-Focusable widget SObjectWidget [Widget.cpp(799)]!
[2026.01.02-12.55.33:132][982]LogViewport: Display: Viewport MouseLockMode Changed, LockOnCapture -> DoNotLock
[2026.01.02-12.55.33:132][982]LogViewport: Display: Viewport MouseCaptureMode Changed, CapturePermanently_IncludingInitialMouseDown -> NoCapture
[2026.01.02-12.55.34:982][204]LogViewport: Display: Viewport MouseLockMode Changed, DoNotLock -> LockOnCapture
[2026.01.02-12.55.34:982][204]LogViewport: Display: Viewport MouseCaptureMode Changed, NoCapture -> CapturePermanently
[2026.01.02-12.55.37:916][556]LogPlayerController: Error: InputMode:UIOnly - Attempting to focus Non-Focusable widget SObjectWidget [Widget.cpp(799)]!
[2026.01.02-12.55.37:916][556]LogViewport: Display: Viewport MouseLockMode Changed, LockOnCapture -> DoNotLock
[2026.01.02-12.55.37:916][556]LogViewport: Display: Viewport MouseCaptureMode Changed, CapturePermanently -> NoCapture
[2026.01.02-12.55.39:015][688]LogViewport: Display: Viewport MouseLockMode Changed, DoNotLock -> LockOnCapture
[2026.01.02-12.55.39:015][688]LogViewport: Display: Viewport MouseCaptureMode Changed, NoCapture -> CapturePermanently
[2026.01.02-12.55.42:866][150]LogPlayerController: Error: InputMode:UIOnly - Attempting to focus Non-Focusable widget SObjectWidget [Widget.cpp(799)]!
[2026.01.02-12.55.42:866][150]LogViewport: Display: Viewport MouseLockMode Changed, LockOnCapture -> DoNotLock
[2026.01.02-12.55.42:866][150]LogViewport: Display: Viewport MouseCaptureMode Changed, CapturePermanently -> NoCapture
[2026.01.02-12.55.44:732][374]LogSlate: Updating window title bar state: overlay mode, drag disabled, window buttons hidden, title bar hidden
[2026.01.02-12.55.44:732][374]LogWorld: BeginTearingDown for /Game/Maps/UEDPIE_0_02Boss
[2026.01.02-12.55.44:773][374]LogWorld: UWorld::CleanupWorld for 02Boss, bSessionEnded=true, bCleanupResources=true
[2026.01.02-12.55.44:773][374]LogSlate: InvalidateAllWidgets triggered.  All widgets were invalidated
[2026.01.02-12.55.44:783][374]LogPlayLevel: Display: Shutting down PIE online subsystems
[2026.01.02-12.55.44:791][374]LogSlate: InvalidateAllWidgets triggered.  All widgets were invalidated
[2026.01.02-12.55.44:809][374]LogAudio: Display: Audio Device unregistered from world 'None'.
[2026.01.02-12.55.44:809][374]LogAudioMixer: FMixerPlatformXAudio2::StopAudioStream() called
[2026.01.02-12.55.44:810][374]LogAudioMixer: FMixerPlatformXAudio2::StopAudioStream() called
[2026.01.02-12.55.44:811][374]LogSlate: Updating window title bar state: overlay mode, drag disabled, window buttons hidden, title bar hidden
[2026.01.02-12.55.44:815][374]LogUObjectHash: Compacting FUObjectHashTables data took   1.37ms
[2026.01.02-12.55.44:841][374]LogTemp: Warning: SetupViewportDisplaySettings
[2026.01.02-12.55.44:851][375]LogPlayLevel: Display: Destroying online subsystem :Context_16
[2026.01.02-12.55.45:993][510]LogTemp: Repeating last play command: Selected Viewport
[2026.01.02-12.55.45:996][510]LogPlayLevel: PlayLevel: No blueprints needed recompiling
[2026.01.02-12.55.45:997][510]PIE: New page: PIE session: 02Boss (2 січ. 2026 р., 16:55:45)
[2026.01.02-12.55.46:032][510]LogPlayLevel: Creating play world package: /Game/Maps/UEDPIE_0_02Boss
[2026.01.02-12.55.46:037][510]LogPlayLevel: PIE: StaticDuplicateObject took: (0.005311s)
[2026.01.02-12.55.46:038][510]LogAIModule: Creating AISystem for world 02Boss
[2026.01.02-12.55.46:038][510]LogPlayLevel: PIE: World Init took: (0.000627s)
[2026.01.02-12.55.46:038][510]LogPlayLevel: PIE: Created PIE world by copying editor world from /Game/Maps/02Boss.02Boss to /Game/Maps/UEDPIE_0_02Boss.02Boss (0.006059s)
[2026.01.02-12.55.46:057][510]LogUObjectHash: Compacting FUObjectHashTables data took   1.36ms
[2026.01.02-12.55.46:057][510]LogAudio: Display: Creating Audio Device:                 Id: 10, Scope: Unique, Realtime: True
[2026.01.02-12.55.46:057][510]LogAudioMixer: Display: Audio Mixer Platform Settings:
[2026.01.02-12.55.46:057][510]LogAudioMixer: Display: 	Sample Rate:						  48000
[2026.01.02-12.55.46:057][510]LogAudioMixer: Display: 	Callback Buffer Frame Size Requested: 1024
[2026.01.02-12.55.46:057][510]LogAudioMixer: Display: 	Callback Buffer Frame Size To Use:	  1024
[2026.01.02-12.55.46:057][510]LogAudioMixer: Display: 	Number of buffers to queue:			  2
[2026.01.02-12.55.46:057][510]LogAudioMixer: Display: 	Max Channels (voices):				  32
[2026.01.02-12.55.46:057][510]LogAudioMixer: Display: 	Number of Async Source Workers:		  0
[2026.01.02-12.55.46:058][510]LogAudio: Display: AudioDevice MaxSources: 32
[2026.01.02-12.55.46:058][510]LogAudio: Display: Audio Spatialization Plugin: None (built-in).
[2026.01.02-12.55.46:058][510]LogAudio: Display: Audio Reverb Plugin: None (built-in).
[2026.01.02-12.55.46:058][510]LogAudio: Display: Audio Occlusion Plugin: None (built-in).
[2026.01.02-12.55.46:058][510]LogAudioMixer: Display: Initializing audio mixer.
[2026.01.02-12.55.46:061][510]LogAudioMixer: Display: 0: FrontLeft
[2026.01.02-12.55.46:061][510]LogAudioMixer: Display: 1: FrontRight
[2026.01.02-12.55.46:069][510]LogAudioMixer: Display: Using Audio Device Speakers (Realtek(R) Audio)
[2026.01.02-12.55.46:069][510]LogAudioMixer: Display: Initializing Sound Submixes...
[2026.01.02-12.55.46:069][510]LogAudioMixer: Display: Creating Master Submix 'MasterSubmixDefault'
[2026.01.02-12.55.46:069][510]LogAudioMixer: Display: Creating Master Submix 'MasterReverbSubmixDefault'
[2026.01.02-12.55.46:069][510]LogAudioMixer: Display: Creating Master Submix 'MasterEQSubmixDefault'
[2026.01.02-12.55.46:069][510]LogAudioMixer: FMixerPlatformXAudio2::StartAudioStream() called
[2026.01.02-12.55.46:069][510]LogAudioMixer: Display: Output buffers initialized: Frames=1024, Channels=2, Samples=2048
[2026.01.02-12.55.46:070][510]LogAudioMixer: Display: Starting AudioMixerPlatformInterface::RunInternal()
[2026.01.02-12.55.46:070][510]LogAudioMixer: Display: FMixerPlatformXAudio2::SubmitBuffer() called for the first time
[2026.01.02-12.55.46:070][510]LogInit: FAudioDevice initialized.
[2026.01.02-12.55.46:070][510]LogAudio: Display: Audio Device (ID: 10) registered with world '02Boss'.
[2026.01.02-12.55.46:076][510]LogLoad: Game class is 'BP_Gameplay_GameMode_C'
[2026.01.02-12.55.46:078][510]LogWorld: Bringing World /Game/Maps/UEDPIE_0_02Boss.02Boss up for play (max tick rate 0) at 2026.01.02-14.55.46
[2026.01.02-12.55.46:078][510]LogWorld: Bringing up level for play took: 0.001117
[2026.01.02-12.55.46:078][510]LogOnline: OSS: Creating online subsystem instance for: :Context_17
[2026.01.02-12.55.46:081][510]PIE: Server logged in
[2026.01.02-12.55.46:081][510]PIE: Play in editor total start time 0,085 seconds.
[2026.01.02-12.55.46:100][510]LogTemp: Warning: OnLevelViewportClientListChanged
[2026.01.02-12.55.53:923][449]LogPlayerController: Error: InputMode:UIOnly - Attempting to focus Non-Focusable widget SObjectWidget [Widget.cpp(799)]!
[2026.01.02-12.55.53:923][449]LogViewport: Display: Viewport MouseLockMode Changed, LockOnCapture -> DoNotLock
[2026.01.02-12.55.53:923][449]LogViewport: Display: Viewport MouseCaptureMode Changed, CapturePermanently_IncludingInitialMouseDown -> NoCapture
[2026.01.02-12.55.55:588][649]LogSlate: Updating window title bar state: overlay mode, drag disabled, window buttons hidden, title bar hidden
[2026.01.02-12.55.55:588][649]LogWorld: BeginTearingDown for /Game/Maps/UEDPIE_0_02Boss
[2026.01.02-12.55.55:622][649]LogWorld: UWorld::CleanupWorld for 02Boss, bSessionEnded=true, bCleanupResources=true
[2026.01.02-12.55.55:623][649]LogSlate: InvalidateAllWidgets triggered.  All widgets were invalidated
[2026.01.02-12.55.55:629][649]LogPlayLevel: Display: Shutting down PIE online subsystems
[2026.01.02-12.55.55:635][649]LogSlate: InvalidateAllWidgets triggered.  All widgets were invalidated
[2026.01.02-12.55.55:652][649]LogSlate: Updating window title bar state: overlay mode, drag disabled, window buttons hidden, title bar hidden
[2026.01.02-12.55.55:652][649]LogAudioMixer: FMixerPlatformXAudio2::StopAudioStream() called
[2026.01.02-12.55.55:653][649]LogAudioMixer: FMixerPlatformXAudio2::StopAudioStream() called
[2026.01.02-12.55.55:657][649]LogUObjectHash: Compacting FUObjectHashTables data took   1.34ms
[2026.01.02-12.55.55:684][649]LogTemp: Warning: SetupViewportDisplaySettings
[2026.01.02-12.55.55:695][650]LogPlayLevel: Display: Destroying online subsystem :Context_17
[2026.01.02-12.55.58:014][919]LogEditorViewport: Clicking on Actor (LMB): BP_Sky_Sphere_C (BP_Sky_Sphere)
[2026.01.02-12.55.58:042][919]LogTemp: Warning: OnLevelViewportClientListChanged
[2026.01.02-12.55.58:394][957]LogEditorViewport: Clicking on Actor (LMB): BP_Sky_Sphere_C (BP_Sky_Sphere)
[2026.01.02-12.56.31:389][162]LogUObjectHash: Compacting FUObjectHashTables data took   1.35ms
[2026.01.02-12.56.32:937][162]LogSlate: Window 'Save Content' being destroyed
[2026.01.02-12.56.32:968][162]Cmd: OBJ SAVEPACKAGE PACKAGE="/Game/Maps/02Boss" FILE="D:/Artemii/Game/Game/Content/Maps/02Boss.umap" SILENT=true AUTOSAVING=false KEEPDIRTY=false
[2026.01.02-12.56.32:993][162]LogUObjectHash: Compacting FUObjectHashTables data took   0.60ms
[2026.01.02-12.56.33:006][162]LogSavePackage: Moving 'D:/Artemii/Game/Game/Saved/02Boss9ADA4CF34D1CD2887F4159BEC52505C7.tmp' to 'D:/Artemii/Game/Game/Content/Maps/02Boss.umap'
[2026.01.02-12.56.33:010][162]LogFileHelpers: Saving map '02Boss' took 0.042
[2026.01.02-12.56.33:053][162]LogAssetEditorSubsystem: Opening Asset editor for World /Game/Maps/01Gameplay.01Gameplay
[2026.01.02-12.56.33:053][162]Cmd: MAP LOAD FILE="D:/Artemii/Game/Game/Content/Maps/01Gameplay.umap" TEMPLATE=0 SHOWPROGRESS=1 FEATURELEVEL=3
[2026.01.02-12.56.33:053][162]LightingResults: New page: Lighting Build
[2026.01.02-12.56.33:053][162]LoadErrors: New page: Loading map: 01Gameplay.umap
[2026.01.02-12.56.33:094][162]LogWorld: UWorld::CleanupWorld for 02Boss, bSessionEnded=true, bCleanupResources=true
[2026.01.02-12.56.33:094][162]LogSlate: InvalidateAllWidgets triggered.  All widgets were invalidated
[2026.01.02-12.56.33:095][162]MapCheck: New page: Map Check
[2026.01.02-12.56.33:095][162]LightingResults: New page: Lighting Build
[2026.01.02-12.56.33:117][162]LogAudio: Display: Audio Device unregistered from world 'None'.
[2026.01.02-12.56.33:121][162]LogUObjectHash: Compacting FUObjectHashTables data took   1.77ms
[2026.01.02-12.56.33:121][162]LogAudio: Display: Audio Device (ID: 1) registered with world '01Gameplay'.
[2026.01.02-12.56.33:188][162]LogEditorServer: Finished looking for orphan Actors (0.000 secs)
[2026.01.02-12.56.33:188][162]LogAIModule: Creating AISystem for world 01Gameplay
[2026.01.02-12.56.33:206][162]LogUObjectHash: Compacting FUObjectHashTables data took   1.40ms
[2026.01.02-12.56.33:209][162]Cmd: MAP CHECKDEP NOCLEARLOG
[2026.01.02-12.56.33:209][162]MapCheck: Map check complete: 0 Error(s), 0 Warning(s), took 0,057ms to complete.
[2026.01.02-12.56.33:209][162]LogFileHelpers: Loading map '01Gameplay' took 0.156
[2026.01.02-12.56.33:233][162]AssetCheck: New page: Asset Save: 02Boss
[2026.01.02-12.56.33:233][162]LogContentValidation: Display: Validating World /Game/Maps/02Boss.02Boss
[2026.01.02-12.56.35:171][380]LogEditorViewport: Clicking on Actor (LMB): StaticMeshActor (Floor46)
[2026.01.02-12.56.45:306][575]LogRenderer: Reallocating scene render targets to support 1616x1000 Format 10 NumSamples 1 (Frame:1).
[2026.01.02-12.57.23:011][207]BlueprintLog: New page: Compile BP_PortalLevel
[2026.01.02-12.57.23:040][207]LogUObjectHash: Compacting FUObjectHashTables data took   1.73ms
[2026.01.02-12.57.26:961][665]LogTemp: Repeating last play command: Selected Viewport
[2026.01.02-12.57.26:964][665]LogPlayLevel: PlayLevel: No blueprints needed recompiling
[2026.01.02-12.57.26:964][665]PIE: New page: PIE session: 01Gameplay (2 січ. 2026 р., 16:57:26)
[2026.01.02-12.57.27:004][665]LogPlayLevel: Creating play world package: /Game/Maps/UEDPIE_0_01Gameplay
[2026.01.02-12.57.27:014][665]LogPlayLevel: PIE: StaticDuplicateObject took: (0.010094s)
[2026.01.02-12.57.27:015][665]LogAIModule: Creating AISystem for world 01Gameplay
[2026.01.02-12.57.27:015][665]LogPlayLevel: PIE: World Init took: (0.000616s)
[2026.01.02-12.57.27:015][665]LogPlayLevel: PIE: Created PIE world by copying editor world from /Game/Maps/01Gameplay.01Gameplay to /Game/Maps/UEDPIE_0_01Gameplay.01Gameplay (0.010866s)
[2026.01.02-12.57.27:034][665]LogUObjectHash: Compacting FUObjectHashTables data took   1.90ms
[2026.01.02-12.57.27:035][665]LogAudio: Display: Creating Audio Device:                 Id: 11, Scope: Unique, Realtime: True
[2026.01.02-12.57.27:035][665]LogAudioMixer: Display: Audio Mixer Platform Settings:
[2026.01.02-12.57.27:035][665]LogAudioMixer: Display: 	Sample Rate:						  48000
[2026.01.02-12.57.27:035][665]LogAudioMixer: Display: 	Callback Buffer Frame Size Requested: 1024
[2026.01.02-12.57.27:035][665]LogAudioMixer: Display: 	Callback Buffer Frame Size To Use:	  1024
[2026.01.02-12.57.27:035][665]LogAudioMixer: Display: 	Number of buffers to queue:			  2
[2026.01.02-12.57.27:035][665]LogAudioMixer: Display: 	Max Channels (voices):				  32
[2026.01.02-12.57.27:035][665]LogAudioMixer: Display: 	Number of Async Source Workers:		  0
[2026.01.02-12.57.27:035][665]LogAudio: Display: AudioDevice MaxSources: 32
[2026.01.02-12.57.27:035][665]LogAudio: Display: Audio Spatialization Plugin: None (built-in).
[2026.01.02-12.57.27:035][665]LogAudio: Display: Audio Reverb Plugin: None (built-in).
[2026.01.02-12.57.27:035][665]LogAudio: Display: Audio Occlusion Plugin: None (built-in).
[2026.01.02-12.57.27:035][665]LogAudioMixer: Display: Initializing audio mixer.
[2026.01.02-12.57.27:038][665]LogAudioMixer: Display: 0: FrontLeft
[2026.01.02-12.57.27:038][665]LogAudioMixer: Display: 1: FrontRight
[2026.01.02-12.57.27:046][665]LogAudioMixer: Display: Using Audio Device Speakers (Realtek(R) Audio)
[2026.01.02-12.57.27:046][665]LogAudioMixer: Display: Initializing Sound Submixes...
[2026.01.02-12.57.27:047][665]LogAudioMixer: Display: Creating Master Submix 'MasterSubmixDefault'
[2026.01.02-12.57.27:047][665]LogAudioMixer: Display: Creating Master Submix 'MasterReverbSubmixDefault'
[2026.01.02-12.57.27:047][665]LogAudioMixer: Display: Creating Master Submix 'MasterEQSubmixDefault'
[2026.01.02-12.57.27:047][665]LogAudioMixer: FMixerPlatformXAudio2::StartAudioStream() called
[2026.01.02-12.57.27:047][665]LogAudioMixer: Display: Output buffers initialized: Frames=1024, Channels=2, Samples=2048
[2026.01.02-12.57.27:048][665]LogAudioMixer: Display: Starting AudioMixerPlatformInterface::RunInternal()
[2026.01.02-12.57.27:048][665]LogAudioMixer: Display: FMixerPlatformXAudio2::SubmitBuffer() called for the first time
[2026.01.02-12.57.27:048][665]LogInit: FAudioDevice initialized.
[2026.01.02-12.57.27:048][665]LogAudio: Display: Audio Device (ID: 11) registered with world '01Gameplay'.
[2026.01.02-12.57.27:054][665]LogLoad: Game class is 'BP_Gameplay_GameMode_C'
[2026.01.02-12.57.27:056][665]LogWorld: Bringing World /Game/Maps/UEDPIE_0_01Gameplay.01Gameplay up for play (max tick rate 0) at 2026.01.02-14.57.27
[2026.01.02-12.57.27:056][665]LogWorld: Bringing up level for play took: 0.001722
[2026.01.02-12.57.27:056][665]LogOnline: OSS: Creating online subsystem instance for: :Context_18
[2026.01.02-12.57.27:059][665]PIE: Server logged in
[2026.01.02-12.57.27:059][665]PIE: Play in editor total start time 0,095 seconds.
[2026.01.02-12.57.30:578][ 85]LogBlueprintUserMessages: [BP_Enemy15] RIP
[2026.01.02-12.57.33:353][418]LogBlueprintUserMessages: [BP_Enemy4] RIP
[2026.01.02-12.57.36:570][804]LogBlueprintUserMessages: [BP_Enemy6_6] RIP
[2026.01.02-12.57.38:950][ 88]LogBlueprintUserMessages: [BP_Enemy7_9] RIP
[2026.01.02-12.57.41:649][412]LogBlueprintUserMessages: [BP_Enemy5_3] RIP
[2026.01.02-12.57.45:983][932]LogBlueprintUserMessages: [BP_Enemy11_21] RIP
[2026.01.02-12.57.46:559][  1]LogBlueprintUserMessages: [BP_Enemy12_24] RIP
[2026.01.02-12.57.49:642][371]LogBlueprintUserMessages: [BP_Enemy2_5] RIP
[2026.01.02-12.57.50:308][451]LogBlueprintUserMessages: [BP_Enemy_2] RIP
[2026.01.02-12.57.52:733][742]LogBlueprintUserMessages: [BP_Enemy8_12] RIP
[2026.01.02-12.57.54:767][986]LogBlueprintUserMessages: [BP_Enemy3_8] RIP
[2026.01.02-12.57.56:633][210]LogBlueprintUserMessages: [BP_Enemy9_15] RIP
[2026.01.02-12.58.01:041][739]LogBlueprintUserMessages: [BP_Enemy10_18] RIP
[2026.01.02-12.58.17:850][756]LogBlueprintUserMessages: [BP_Gameplay_GameMode_C_0] Мы собрали все ключи
[2026.01.02-12.58.26:950][848]LogNet: Browse: /Game/Maps/02Boss
[2026.01.02-12.58.26:950][848]LogLoad: LoadMap: /Game/Maps/02Boss
[2026.01.02-12.58.26:950][848]LogWorld: BeginTearingDown for /Game/Maps/UEDPIE_0_01Gameplay
[2026.01.02-12.58.26:951][848]LogWorld: UWorld::CleanupWorld for 01Gameplay, bSessionEnded=true, bCleanupResources=true
[2026.01.02-12.58.26:951][848]LogSlate: InvalidateAllWidgets triggered.  All widgets were invalidated
[2026.01.02-12.58.26:997][848]LogAudio: Display: Audio Device unregistered from world 'None'.
[2026.01.02-12.58.27:002][848]LogUObjectHash: Compacting FUObjectHashTables data took   1.44ms
[2026.01.02-12.58.27:004][848]LogPlayLevel: Creating play world package: /Game/Maps/UEDPIE_0_02Boss
[2026.01.02-12.58.27:008][848]LogPlayLevel: PIE: StaticDuplicateObject took: (0.003881s)
[2026.01.02-12.58.27:008][848]LogAIModule: Creating AISystem for world 02Boss
[2026.01.02-12.58.27:008][848]LogPlayLevel: PIE: World Init took: (0.000585s)
[2026.01.02-12.58.27:008][848]LogPlayLevel: PIE: Created PIE world by copying editor world from /Game/Maps/02Boss.02Boss to /Game/Maps/UEDPIE_0_02Boss.02Boss (0.004558s)
[2026.01.02-12.58.27:008][848]LogAudio: Display: Audio Device (ID: 11) registered with world '02Boss'.
[2026.01.02-12.58.27:008][848]LogLoad: Game class is 'BP_Gameplay_GameMode_C'
[2026.01.02-12.58.27:009][848]LogWorld: Bringing World /Game/Maps/UEDPIE_0_02Boss.02Boss up for play (max tick rate 0) at 2026.01.02-14.58.27
[2026.01.02-12.58.27:010][848]LogWorld: Bringing up level for play took: 0.000750
[2026.01.02-12.58.27:012][848]LogLoad: Took 0.061433 seconds to LoadMap(/Game/Maps/UEDPIE_0_02Boss)
[2026.01.02-12.58.33:413][614]LogBlueprintUserMessages: [BP_Enemy24] RIP
[2026.01.02-12.58.36:013][926]LogBlueprintUserMessages: [BP_Enemy15] RIP
[2026.01.02-12.58.37:997][162]LogPlayerController: Error: InputMode:UIOnly - Attempting to focus Non-Focusable widget SObjectWidget [Widget.cpp(799)]!
[2026.01.02-12.58.37:997][162]LogViewport: Display: Viewport MouseLockMode Changed, LockOnCapture -> DoNotLock
[2026.01.02-12.58.37:997][162]LogViewport: Display: Viewport MouseCaptureMode Changed, CapturePermanently_IncludingInitialMouseDown -> NoCapture
[2026.01.02-12.58.39:929][394]LogViewport: Display: Viewport MouseLockMode Changed, DoNotLock -> LockOnCapture
[2026.01.02-12.58.39:929][394]LogViewport: Display: Viewport MouseCaptureMode Changed, NoCapture -> CapturePermanently
[2026.01.02-12.58.43:313][800]LogBlueprintUserMessages: [BP_Enemy19_11] RIP
[2026.01.02-12.58.47:105][255]LogBlueprintUserMessages: [BP_Enemy25] RIP
[2026.01.02-12.58.49:455][537]LogBlueprintUserMessages: [BP_Enemy29] RIP
[2026.01.02-12.58.51:663][802]LogBlueprintUserMessages: [BP_Enemy22] RIP
[2026.01.02-12.58.54:021][ 85]LogBlueprintUserMessages: [BP_Enemy20] RIP
[2026.01.02-12.58.56:005][323]LogBlueprintUserMessages: [BP_Enemy18] RIP
[2026.01.02-12.58.57:438][495]LogViewport: Display: Viewport MouseLockMode Changed, LockOnCapture -> DoNotLock
[2026.01.02-12.58.57:438][495]LogViewport: Display: Viewport HideCursorDuringCapture Changed, False -> True
[2026.01.02-12.58.57:438][495]LogViewport: Display: Viewport MouseCaptureMode Changed, CapturePermanently -> CaptureDuringMouseDown
[2026.01.02-12.58.58:629][638]LogBlueprintUserMessages: [MENUPause_C_1] MainMenu
[2026.01.02-12.58.58:821][661]LogBlueprintUserMessages: [MENUPause_C_1] MainMenu
[2026.01.02-12.58.58:995][682]LogBlueprintUserMessages: [MENUPause_C_1] MainMenu
[2026.01.02-12.58.59:162][702]LogBlueprintUserMessages: [MENUPause_C_1] MainMenu
[2026.01.02-12.58.59:320][721]LogBlueprintUserMessages: [MENUPause_C_1] MainMenu
[2026.01.02-12.58.59:504][743]LogBlueprintUserMessages: [MENUPause_C_1] MainMenu
[2026.01.02-12.58.59:746][772]LogBlueprintUserMessages: [MENUPause_C_1] MainMenu
[2026.01.02-12.58.59:929][794]LogBlueprintUserMessages: [MENUPause_C_1] MainMenu
[2026.01.02-12.59.00:162][822]LogBlueprintUserMessages: [MENUPause_C_1] MainMenu
[2026.01.02-12.59.01:337][963]LogSlate: Updating window title bar state: overlay mode, drag disabled, window buttons hidden, title bar hidden
[2026.01.02-12.59.01:338][963]LogWorld: BeginTearingDown for /Game/Maps/UEDPIE_0_02Boss
[2026.01.02-12.59.01:366][963]LogWorld: UWorld::CleanupWorld for 02Boss, bSessionEnded=true, bCleanupResources=true
[2026.01.02-12.59.01:367][963]LogSlate: InvalidateAllWidgets triggered.  All widgets were invalidated
[2026.01.02-12.59.01:378][963]LogPlayLevel: Display: Shutting down PIE online subsystems
[2026.01.02-12.59.01:391][963]LogSlate: InvalidateAllWidgets triggered.  All widgets were invalidated
[2026.01.02-12.59.01:406][963]LogAudio: Display: Audio Device unregistered from world 'None'.
[2026.01.02-12.59.01:406][963]LogAudioMixer: FMixerPlatformXAudio2::StopAudioStream() called
[2026.01.02-12.59.01:407][963]LogAudioMixer: FMixerPlatformXAudio2::StopAudioStream() called
[2026.01.02-12.59.01:409][963]LogSlate: Updating window title bar state: overlay mode, drag disabled, window buttons hidden, title bar hidden
[2026.01.02-12.59.01:412][963]LogUObjectHash: Compacting FUObjectHashTables data took   1.42ms
[2026.01.02-12.59.01:451][964]LogPlayLevel: Display: Destroying online subsystem :Context_18
[2026.01.02-13.01.32:599][998]LogEditorViewport: Clicking on Actor (LMB): BP_Enemy_C (BP_Enemy3)
[2026.01.02-13.01.32:866][ 26]LogEditorViewport: Clicking on Component (LMB): StaticMeshComponent (EnemyMesh)
[2026.01.02-13.01.33:786][133]LogEditorViewport: Clicking on Component (LMB): StaticMeshComponent (EnemyMesh)
[2026.01.02-13.01.35:010][270]LogAssetEditorSubsystem: Opening Asset editor for Blueprint /Game/Enemy/BP_Enemy.BP_Enemy
[2026.01.02-13.01.35:186][270]LogTemp: Warning: SetupViewportDisplaySettings
[2026.01.02-13.03.52:358][851]LogTemp: Repeating last play command: Selected Viewport
[2026.01.02-13.03.52:362][851]BlueprintLog: New page: Pre-Play auto-recompile
[2026.01.02-13.03.52:364][851]LogPlayLevel: [PlayLevel] Compiling BP_Enemy before play...
[2026.01.02-13.03.52:484][851]LogUObjectHash: Compacting FUObjectHashTables data took   2.39ms
[2026.01.02-13.03.52:484][851]LogPlayLevel: PlayLevel: Blueprint regeneration took 121 ms (1 blueprints)
[2026.01.02-13.03.52:484][851]PIE: New page: PIE session: 01Gameplay (2 січ. 2026 р., 17:03:52)
[2026.01.02-13.03.52:485][851]LogPlayLevel: Creating play world package: /Game/Maps/UEDPIE_0_01Gameplay
[2026.01.02-13.03.52:492][851]LogPlayLevel: PIE: StaticDuplicateObject took: (0.006783s)
[2026.01.02-13.03.52:492][851]LogAIModule: Creating AISystem for world 01Gameplay
[2026.01.02-13.03.52:492][851]LogPlayLevel: PIE: World Init took: (0.000622s)
[2026.01.02-13.03.52:492][851]LogPlayLevel: PIE: Created PIE world by copying editor world from /Game/Maps/01Gameplay.01Gameplay to /Game/Maps/UEDPIE_0_01Gameplay.01Gameplay (0.007491s)
[2026.01.02-13.03.52:511][851]LogUObjectHash: Compacting FUObjectHashTables data took   1.38ms
[2026.01.02-13.03.52:512][851]LogAudio: Display: Creating Audio Device:                 Id: 12, Scope: Unique, Realtime: True
[2026.01.02-13.03.52:512][851]LogAudioMixer: Display: Audio Mixer Platform Settings:
[2026.01.02-13.03.52:512][851]LogAudioMixer: Display: 	Sample Rate:						  48000
[2026.01.02-13.03.52:512][851]LogAudioMixer: Display: 	Callback Buffer Frame Size Requested: 1024
[2026.01.02-13.03.52:512][851]LogAudioMixer: Display: 	Callback Buffer Frame Size To Use:	  1024
[2026.01.02-13.03.52:512][851]LogAudioMixer: Display: 	Number of buffers to queue:			  2
[2026.01.02-13.03.52:512][851]LogAudioMixer: Display: 	Max Channels (voices):				  32
[2026.01.02-13.03.52:512][851]LogAudioMixer: Display: 	Number of Async Source Workers:		  0
[2026.01.02-13.03.52:512][851]LogAudio: Display: AudioDevice MaxSources: 32
[2026.01.02-13.03.52:512][851]LogAudio: Display: Audio Spatialization Plugin: None (built-in).
[2026.01.02-13.03.52:512][851]LogAudio: Display: Audio Reverb Plugin: None (built-in).
[2026.01.02-13.03.52:512][851]LogAudio: Display: Audio Occlusion Plugin: None (built-in).
[2026.01.02-13.03.52:512][851]LogAudioMixer: Display: Initializing audio mixer.
[2026.01.02-13.03.52:515][851]LogAudioMixer: Display: 0: FrontLeft
[2026.01.02-13.03.52:515][851]LogAudioMixer: Display: 1: FrontRight
[2026.01.02-13.03.52:523][851]LogAudioMixer: Display: Using Audio Device Speakers (Realtek(R) Audio)
[2026.01.02-13.03.52:523][851]LogAudioMixer: Display: Initializing Sound Submixes...
[2026.01.02-13.03.52:523][851]LogAudioMixer: Display: Creating Master Submix 'MasterSubmixDefault'
[2026.01.02-13.03.52:523][851]LogAudioMixer: Display: Creating Master Submix 'MasterReverbSubmixDefault'
[2026.01.02-13.03.52:524][851]LogAudioMixer: Display: Creating Master Submix 'MasterEQSubmixDefault'
[2026.01.02-13.03.52:524][851]LogAudioMixer: FMixerPlatformXAudio2::StartAudioStream() called
[2026.01.02-13.03.52:524][851]LogAudioMixer: Display: Output buffers initialized: Frames=1024, Channels=2, Samples=2048
[2026.01.02-13.03.52:524][851]LogAudioMixer: Display: Starting AudioMixerPlatformInterface::RunInternal()
[2026.01.02-13.03.52:524][851]LogAudioMixer: Display: FMixerPlatformXAudio2::SubmitBuffer() called for the first time
[2026.01.02-13.03.52:524][851]LogInit: FAudioDevice initialized.
[2026.01.02-13.03.52:524][851]LogAudio: Display: Audio Device (ID: 12) registered with world '01Gameplay'.
[2026.01.02-13.03.52:573][851]LogSlate: Updating window title bar state: overlay mode, drag disabled, window buttons hidden, title bar hidden
[2026.01.02-13.03.52:573][851]LogLoad: Game class is 'BP_Gameplay_GameMode_C'
[2026.01.02-13.03.52:576][851]LogWorld: Bringing World /Game/Maps/UEDPIE_0_01Gameplay.01Gameplay up for play (max tick rate 0) at 2026.01.02-15.03.52
[2026.01.02-13.03.52:576][851]LogWorld: Bringing up level for play took: 0.002149
[2026.01.02-13.03.52:576][851]LogOnline: OSS: Creating online subsystem instance for: :Context_20
[2026.01.02-13.03.52:580][851]PIE: Server logged in
[2026.01.02-13.03.52:580][851]PIE: Play in editor total start time 0,218 seconds.
[2026.01.02-13.04.04:211][219]LogBlueprintUserMessages: [BP_Enemy15] RIP
[2026.01.02-13.04.04:813][287]LogSlate: Updating window title bar state: overlay mode, drag disabled, window buttons hidden, title bar hidden
[2026.01.02-13.04.04:813][287]LogWorld: BeginTearingDown for /Game/Maps/UEDPIE_0_01Gameplay
[2026.01.02-13.04.04:813][287]LogSlate: Window 'Game Preview [NetMode: Standalone]  (64-bit/Windows) ' being destroyed
[2026.01.02-13.04.04:818][287]LogWorld: UWorld::CleanupWorld for 01Gameplay, bSessionEnded=true, bCleanupResources=true
[2026.01.02-13.04.04:819][287]LogSlate: InvalidateAllWidgets triggered.  All widgets were invalidated
[2026.01.02-13.04.04:831][287]LogPlayLevel: Display: Shutting down PIE online subsystems
[2026.01.02-13.04.04:837][287]LogSlate: InvalidateAllWidgets triggered.  All widgets were invalidated
[2026.01.02-13.04.04:856][287]LogAudioMixer: FMixerPlatformXAudio2::StopAudioStream() called
[2026.01.02-13.04.04:857][287]LogAudioMixer: FMixerPlatformXAudio2::StopAudioStream() called
[2026.01.02-13.04.04:861][287]LogUObjectHash: Compacting FUObjectHashTables data took   1.44ms
[2026.01.02-13.04.04:909][288]LogPlayLevel: Display: Destroying online subsystem :Context_20
[2026.01.02-13.04.24:860][434]BlueprintLog: New page: Compile BP_Enemy
[2026.01.02-13.04.24:919][434]LogUObjectHash: Compacting FUObjectHashTables data took   1.57ms
[2026.01.02-13.04.25:870][525]Cmd: OBJ SAVEPACKAGE PACKAGE="/Game/Enemy/BP_Enemy" FILE="D:/Artemii/Game/Game/Content/Enemy/BP_Enemy.uasset" SILENT=true
[2026.01.02-13.04.25:891][525]LogSavePackage: Moving 'D:/Artemii/Game/Game/Saved/BP_EnemyF4F4A60D448969D09EC049838CBA4061.tmp' to 'D:/Artemii/Game/Game/Content/Enemy/BP_Enemy.uasset'
[2026.01.02-13.04.25:918][525]AssetCheck: New page: Asset Save: BP_Enemy
[2026.01.02-13.04.25:918][525]LogContentValidation: Display: Validating Blueprint /Game/Enemy/BP_Enemy.BP_Enemy
[2026.01.02-13.04.26:999][646]LogWorld: UWorld::CleanupWorld for World_8, bSessionEnded=true, bCleanupResources=true
[2026.01.02-13.04.26:999][646]LogSlate: InvalidateAllWidgets triggered.  All widgets were invalidated
[2026.01.02-13.04.27:024][646]LogTemp: Warning: OnLevelViewportClientListChanged
[2026.01.02-13.04.36:157][698]LogAssetEditorSubsystem: Opening Asset editor for Blueprint /Game/Objects/Key/BP_Key.BP_Key
[2026.01.02-13.04.46:798][923]LogWorld: UWorld::CleanupWorld for World_14, bSessionEnded=true, bCleanupResources=true
[2026.01.02-13.04.46:799][923]LogSlate: InvalidateAllWidgets triggered.  All widgets were invalidated
[2026.01.02-13.04.55:173][897]LogAssetEditorSubsystem: Opening Asset editor for Blueprint /Game/Objects/Totem/BP_Totem.BP_Totem
[2026.01.02-13.04.55:316][897]LogTemp: Warning: SetupViewportDisplaySettings
[2026.01.02-13.05.22:007][683]LogEditorTransaction: Undo Add Node
[2026.01.02-13.06.19:895][899]BlueprintLog: New page: Compile BP_Totem
[2026.01.02-13.06.19:938][899]LogUObjectHash: Compacting FUObjectHashTables data took   2.12ms
[2026.01.02-13.06.20:341][939]Cmd: OBJ SAVEPACKAGE PACKAGE="/Game/Objects/Totem/BP_Totem" FILE="D:/Artemii/Game/Game/Content/Objects/Totem/BP_Totem.uasset" SILENT=true
[2026.01.02-13.06.20:378][939]LogSavePackage: Moving 'D:/Artemii/Game/Game/Saved/BP_TotemC0A567974BB7D5AF8121729A0B037625.tmp' to 'D:/Artemii/Game/Game/Content/Objects/Totem/BP_Totem.uasset'
[2026.01.02-13.06.20:390][939]AssetCheck: New page: Asset Save: BP_Totem
[2026.01.02-13.06.20:390][939]LogContentValidation: Display: Validating Blueprint /Game/Objects/Totem/BP_Totem.BP_Totem
[2026.01.02-13.06.47:306][318]BlueprintLog: New page: Compile BP_Totem
[2026.01.02-13.06.47:346][318]LogUObjectHash: Compacting FUObjectHashTables data took   2.11ms
[2026.01.02-13.06.47:888][372]Cmd: OBJ SAVEPACKAGE PACKAGE="/Game/Objects/Totem/BP_Totem" FILE="D:/Artemii/Game/Game/Content/Objects/Totem/BP_Totem.uasset" SILENT=true
[2026.01.02-13.06.47:914][372]LogSavePackage: Moving 'D:/Artemii/Game/Game/Saved/BP_Totem037CB990441C83104E12389D3D20F9B1.tmp' to 'D:/Artemii/Game/Game/Content/Objects/Totem/BP_Totem.uasset'
[2026.01.02-13.06.47:937][372]AssetCheck: New page: Asset Save: BP_Totem
[2026.01.02-13.06.47:937][372]LogContentValidation: Display: Validating Blueprint /Game/Objects/Totem/BP_Totem.BP_Totem
[2026.01.02-13.06.48:654][451]LogTemp: Repeating last play command: Selected Viewport
[2026.01.02-13.06.48:658][451]LogPlayLevel: PlayLevel: No blueprints needed recompiling
[2026.01.02-13.06.48:658][451]PIE: New page: PIE session: 01Gameplay (2 січ. 2026 р., 17:06:48)
[2026.01.02-13.06.48:658][451]LogPlayLevel: Creating play world package: /Game/Maps/UEDPIE_0_01Gameplay
[2026.01.02-13.06.48:665][451]LogPlayLevel: PIE: StaticDuplicateObject took: (0.007000s)
[2026.01.02-13.06.48:666][451]LogAIModule: Creating AISystem for world 01Gameplay
[2026.01.02-13.06.48:666][451]LogPlayLevel: PIE: World Init took: (0.000628s)
[2026.01.02-13.06.48:666][451]LogPlayLevel: PIE: Created PIE world by copying editor world from /Game/Maps/01Gameplay.01Gameplay to /Game/Maps/UEDPIE_0_01Gameplay.01Gameplay (0.007707s)
[2026.01.02-13.06.48:685][451]LogUObjectHash: Compacting FUObjectHashTables data took   2.04ms
[2026.01.02-13.06.48:685][451]LogAudio: Display: Creating Audio Device:                 Id: 13, Scope: Unique, Realtime: True
[2026.01.02-13.06.48:685][451]LogAudioMixer: Display: Audio Mixer Platform Settings:
[2026.01.02-13.06.48:685][451]LogAudioMixer: Display: 	Sample Rate:						  48000
[2026.01.02-13.06.48:685][451]LogAudioMixer: Display: 	Callback Buffer Frame Size Requested: 1024
[2026.01.02-13.06.48:685][451]LogAudioMixer: Display: 	Callback Buffer Frame Size To Use:	  1024
[2026.01.02-13.06.48:685][451]LogAudioMixer: Display: 	Number of buffers to queue:			  2
[2026.01.02-13.06.48:685][451]LogAudioMixer: Display: 	Max Channels (voices):				  32
[2026.01.02-13.06.48:685][451]LogAudioMixer: Display: 	Number of Async Source Workers:		  0
[2026.01.02-13.06.48:685][451]LogAudio: Display: AudioDevice MaxSources: 32
[2026.01.02-13.06.48:686][451]LogAudio: Display: Audio Spatialization Plugin: None (built-in).
[2026.01.02-13.06.48:686][451]LogAudio: Display: Audio Reverb Plugin: None (built-in).
[2026.01.02-13.06.48:686][451]LogAudio: Display: Audio Occlusion Plugin: None (built-in).
[2026.01.02-13.06.48:686][451]LogAudioMixer: Display: Initializing audio mixer.
[2026.01.02-13.06.48:689][451]LogAudioMixer: Display: 0: FrontLeft
[2026.01.02-13.06.48:689][451]LogAudioMixer: Display: 1: FrontRight
[2026.01.02-13.06.48:697][451]LogAudioMixer: Display: Using Audio Device Speakers (Realtek(R) Audio)
[2026.01.02-13.06.48:697][451]LogAudioMixer: Display: Initializing Sound Submixes...
[2026.01.02-13.06.48:697][451]LogAudioMixer: Display: Creating Master Submix 'MasterSubmixDefault'
[2026.01.02-13.06.48:697][451]LogAudioMixer: Display: Creating Master Submix 'MasterReverbSubmixDefault'
[2026.01.02-13.06.48:697][451]LogAudioMixer: Display: Creating Master Submix 'MasterEQSubmixDefault'
[2026.01.02-13.06.48:697][451]LogAudioMixer: FMixerPlatformXAudio2::StartAudioStream() called
[2026.01.02-13.06.48:697][451]LogAudioMixer: Display: Output buffers initialized: Frames=1024, Channels=2, Samples=2048
[2026.01.02-13.06.48:698][451]LogAudioMixer: Display: Starting AudioMixerPlatformInterface::RunInternal()
[2026.01.02-13.06.48:698][451]LogAudioMixer: Display: FMixerPlatformXAudio2::SubmitBuffer() called for the first time
[2026.01.02-13.06.48:698][451]LogInit: FAudioDevice initialized.
[2026.01.02-13.06.48:698][451]LogAudio: Display: Audio Device (ID: 13) registered with world '01Gameplay'.
[2026.01.02-13.06.48:729][451]LogSlate: Updating window title bar state: overlay mode, drag disabled, window buttons hidden, title bar hidden
[2026.01.02-13.06.48:729][451]LogLoad: Game class is 'BP_Gameplay_GameMode_C'
[2026.01.02-13.06.48:731][451]LogWorld: Bringing World /Game/Maps/UEDPIE_0_01Gameplay.01Gameplay up for play (max tick rate 0) at 2026.01.02-15.06.48
[2026.01.02-13.06.48:732][451]LogWorld: Bringing up level for play took: 0.001837
[2026.01.02-13.06.48:732][451]LogOnline: OSS: Creating online subsystem instance for: :Context_30
[2026.01.02-13.06.48:736][451]PIE: Server logged in
[2026.01.02-13.06.48:737][451]PIE: Play in editor total start time 0,081 seconds.
[2026.01.02-13.06.50:856][686]LogSlate: Updating window title bar state: overlay mode, drag disabled, window buttons hidden, title bar hidden
[2026.01.02-13.06.50:856][686]LogWorld: BeginTearingDown for /Game/Maps/UEDPIE_0_01Gameplay
[2026.01.02-13.06.50:856][686]LogSlate: Window 'Game Preview [NetMode: Standalone]  (64-bit/Windows) ' being destroyed
[2026.01.02-13.06.50:858][686]LogWorld: UWorld::CleanupWorld for 01Gameplay, bSessionEnded=true, bCleanupResources=true
[2026.01.02-13.06.50:858][686]LogSlate: InvalidateAllWidgets triggered.  All widgets were invalidated
[2026.01.02-13.06.50:863][686]LogPlayLevel: Display: Shutting down PIE online subsystems
[2026.01.02-13.06.50:869][686]LogSlate: InvalidateAllWidgets triggered.  All widgets were invalidated
[2026.01.02-13.06.50:889][686]LogAudio: Display: Audio Device unregistered from world 'None'.
[2026.01.02-13.06.50:889][686]LogAudioMixer: FMixerPlatformXAudio2::StopAudioStream() called
[2026.01.02-13.06.50:890][686]LogAudioMixer: FMixerPlatformXAudio2::StopAudioStream() called
[2026.01.02-13.06.50:894][686]LogUObjectHash: Compacting FUObjectHashTables data took   1.57ms
[2026.01.02-13.06.50:922][689]LogPlayLevel: Display: Destroying online subsystem :Context_30
[2026.01.02-13.06.51:405][746]LogTemp: Repeating last play command: Selected Viewport
[2026.01.02-13.06.51:408][746]LogPlayLevel: PlayLevel: No blueprints needed recompiling
[2026.01.02-13.06.51:408][746]PIE: New page: PIE session: 01Gameplay (2 січ. 2026 р., 17:06:51)
[2026.01.02-13.06.51:408][746]LogPlayLevel: Creating play world package: /Game/Maps/UEDPIE_0_01Gameplay
[2026.01.02-13.06.51:415][746]LogPlayLevel: PIE: StaticDuplicateObject took: (0.007049s)
[2026.01.02-13.06.51:415][746]LogAIModule: Creating AISystem for world 01Gameplay
[2026.01.02-13.06.51:416][746]LogPlayLevel: PIE: World Init took: (0.000641s)
[2026.01.02-13.06.51:416][746]LogPlayLevel: PIE: Created PIE world by copying editor world from /Game/Maps/01Gameplay.01Gameplay to /Game/Maps/UEDPIE_0_01Gameplay.01Gameplay (0.007769s)
[2026.01.02-13.06.51:433][746]LogUObjectHash: Compacting FUObjectHashTables data took   1.47ms
[2026.01.02-13.06.51:433][746]LogAudio: Display: Creating Audio Device:                 Id: 14, Scope: Unique, Realtime: True
[2026.01.02-13.06.51:434][746]LogAudioMixer: Display: Audio Mixer Platform Settings:
[2026.01.02-13.06.51:434][746]LogAudioMixer: Display: 	Sample Rate:						  48000
[2026.01.02-13.06.51:434][746]LogAudioMixer: Display: 	Callback Buffer Frame Size Requested: 1024
[2026.01.02-13.06.51:434][746]LogAudioMixer: Display: 	Callback Buffer Frame Size To Use:	  1024
[2026.01.02-13.06.51:434][746]LogAudioMixer: Display: 	Number of buffers to queue:			  2
[2026.01.02-13.06.51:434][746]LogAudioMixer: Display: 	Max Channels (voices):				  32
[2026.01.02-13.06.51:434][746]LogAudioMixer: Display: 	Number of Async Source Workers:		  0
[2026.01.02-13.06.51:434][746]LogAudio: Display: AudioDevice MaxSources: 32
[2026.01.02-13.06.51:434][746]LogAudio: Display: Audio Spatialization Plugin: None (built-in).
[2026.01.02-13.06.51:434][746]LogAudio: Display: Audio Reverb Plugin: None (built-in).
[2026.01.02-13.06.51:434][746]LogAudio: Display: Audio Occlusion Plugin: None (built-in).
[2026.01.02-13.06.51:434][746]LogAudioMixer: Display: Initializing audio mixer.
[2026.01.02-13.06.51:437][746]LogAudioMixer: Display: 0: FrontLeft
[2026.01.02-13.06.51:437][746]LogAudioMixer: Display: 1: FrontRight
[2026.01.02-13.06.51:445][746]LogAudioMixer: Display: Using Audio Device Speakers (Realtek(R) Audio)
[2026.01.02-13.06.51:445][746]LogAudioMixer: Display: Initializing Sound Submixes...
[2026.01.02-13.06.51:445][746]LogAudioMixer: Display: Creating Master Submix 'MasterSubmixDefault'
[2026.01.02-13.06.51:445][746]LogAudioMixer: Display: Creating Master Submix 'MasterReverbSubmixDefault'
[2026.01.02-13.06.51:445][746]LogAudioMixer: Display: Creating Master Submix 'MasterEQSubmixDefault'
[2026.01.02-13.06.51:445][746]LogAudioMixer: FMixerPlatformXAudio2::StartAudioStream() called
[2026.01.02-13.06.51:445][746]LogAudioMixer: Display: Output buffers initialized: Frames=1024, Channels=2, Samples=2048
[2026.01.02-13.06.51:446][746]LogAudioMixer: Display: Starting AudioMixerPlatformInterface::RunInternal()
[2026.01.02-13.06.51:446][746]LogAudioMixer: Display: FMixerPlatformXAudio2::SubmitBuffer() called for the first time
[2026.01.02-13.06.51:446][746]LogInit: FAudioDevice initialized.
[2026.01.02-13.06.51:446][746]LogAudio: Display: Audio Device (ID: 14) registered with world '01Gameplay'.
[2026.01.02-13.06.51:498][746]LogSlate: Updating window title bar state: overlay mode, drag disabled, window buttons hidden, title bar hidden
[2026.01.02-13.06.51:498][746]LogLoad: Game class is 'BP_Gameplay_GameMode_C'
[2026.01.02-13.06.51:501][746]LogWorld: Bringing World /Game/Maps/UEDPIE_0_01Gameplay.01Gameplay up for play (max tick rate 0) at 2026.01.02-15.06.51
[2026.01.02-13.06.51:502][746]LogWorld: Bringing up level for play took: 0.002164
[2026.01.02-13.06.51:502][746]LogOnline: OSS: Creating online subsystem instance for: :Context_31
[2026.01.02-13.06.51:506][746]PIE: Server logged in
[2026.01.02-13.06.51:507][746]PIE: Play in editor total start time 0,101 seconds.
[2026.01.02-13.06.56:688][365]LogBlueprintUserMessages: [BP_Enemy15] RIP
[2026.01.02-13.07.06:337][518]LogSlate: Updating window title bar state: overlay mode, drag disabled, window buttons hidden, title bar hidden
[2026.01.02-13.07.06:337][518]LogWorld: BeginTearingDown for /Game/Maps/UEDPIE_0_01Gameplay
[2026.01.02-13.07.06:338][518]LogSlate: Window 'Game Preview [NetMode: Standalone]  (64-bit/Windows) ' being destroyed
[2026.01.02-13.07.06:344][518]LogWorld: UWorld::CleanupWorld for 01Gameplay, bSessionEnded=true, bCleanupResources=true
[2026.01.02-13.07.06:345][518]LogSlate: InvalidateAllWidgets triggered.  All widgets were invalidated
[2026.01.02-13.07.06:350][518]LogPlayLevel: Display: Shutting down PIE online subsystems
[2026.01.02-13.07.06:355][518]LogSlate: InvalidateAllWidgets triggered.  All widgets were invalidated
[2026.01.02-13.07.06:374][518]LogAudioMixer: FMixerPlatformXAudio2::StopAudioStream() called
[2026.01.02-13.07.06:375][518]LogAudioMixer: FMixerPlatformXAudio2::StopAudioStream() called
[2026.01.02-13.07.06:379][518]LogUObjectHash: Compacting FUObjectHashTables data took   1.49ms
[2026.01.02-13.07.06:401][520]LogPlayLevel: Display: Destroying online subsystem :Context_31
[2026.01.02-13.07.07:404][634]LogTemp: Repeating last play command: Selected Viewport
[2026.01.02-13.07.07:408][634]LogPlayLevel: PlayLevel: No blueprints needed recompiling
[2026.01.02-13.07.07:408][634]PIE: New page: PIE session: 01Gameplay (2 січ. 2026 р., 17:07:07)
[2026.01.02-13.07.07:408][634]LogPlayLevel: Creating play world package: /Game/Maps/UEDPIE_0_01Gameplay
[2026.01.02-13.07.07:415][634]LogPlayLevel: PIE: StaticDuplicateObject took: (0.006987s)
[2026.01.02-13.07.07:415][634]LogAIModule: Creating AISystem for world 01Gameplay
[2026.01.02-13.07.07:415][634]LogPlayLevel: PIE: World Init took: (0.000637s)
[2026.01.02-13.07.07:415][634]LogPlayLevel: PIE: Created PIE world by copying editor world from /Game/Maps/01Gameplay.01Gameplay to /Game/Maps/UEDPIE_0_01Gameplay.01Gameplay (0.007709s)
[2026.01.02-13.07.07:434][634]LogUObjectHash: Compacting FUObjectHashTables data took   1.42ms
[2026.01.02-13.07.07:434][634]LogAudio: Display: Creating Audio Device:                 Id: 15, Scope: Unique, Realtime: True
[2026.01.02-13.07.07:434][634]LogAudioMixer: Display: Audio Mixer Platform Settings:
[2026.01.02-13.07.07:434][634]LogAudioMixer: Display: 	Sample Rate:						  48000
[2026.01.02-13.07.07:434][634]LogAudioMixer: Display: 	Callback Buffer Frame Size Requested: 1024
[2026.01.02-13.07.07:434][634]LogAudioMixer: Display: 	Callback Buffer Frame Size To Use:	  1024
[2026.01.02-13.07.07:434][634]LogAudioMixer: Display: 	Number of buffers to queue:			  2
[2026.01.02-13.07.07:434][634]LogAudioMixer: Display: 	Max Channels (voices):				  32
[2026.01.02-13.07.07:434][634]LogAudioMixer: Display: 	Number of Async Source Workers:		  0
[2026.01.02-13.07.07:434][634]LogAudio: Display: AudioDevice MaxSources: 32
[2026.01.02-13.07.07:435][634]LogAudio: Display: Audio Spatialization Plugin: None (built-in).
[2026.01.02-13.07.07:435][634]LogAudio: Display: Audio Reverb Plugin: None (built-in).
[2026.01.02-13.07.07:435][634]LogAudio: Display: Audio Occlusion Plugin: None (built-in).
[2026.01.02-13.07.07:435][634]LogAudioMixer: Display: Initializing audio mixer.
[2026.01.02-13.07.07:438][634]LogAudioMixer: Display: 0: FrontLeft
[2026.01.02-13.07.07:438][634]LogAudioMixer: Display: 1: FrontRight
[2026.01.02-13.07.07:445][634]LogAudioMixer: Display: Using Audio Device Speakers (Realtek(R) Audio)
[2026.01.02-13.07.07:446][634]LogAudioMixer: Display: Initializing Sound Submixes...
[2026.01.02-13.07.07:446][634]LogAudioMixer: Display: Creating Master Submix 'MasterSubmixDefault'
[2026.01.02-13.07.07:446][634]LogAudioMixer: Display: Creating Master Submix 'MasterReverbSubmixDefault'
[2026.01.02-13.07.07:446][634]LogAudioMixer: Display: Creating Master Submix 'MasterEQSubmixDefault'
[2026.01.02-13.07.07:446][634]LogAudioMixer: FMixerPlatformXAudio2::StartAudioStream() called
[2026.01.02-13.07.07:446][634]LogAudioMixer: Display: Output buffers initialized: Frames=1024, Channels=2, Samples=2048
[2026.01.02-13.07.07:447][634]LogAudioMixer: Display: Starting AudioMixerPlatformInterface::RunInternal()
[2026.01.02-13.07.07:447][634]LogAudioMixer: Display: FMixerPlatformXAudio2::SubmitBuffer() called for the first time
[2026.01.02-13.07.07:447][634]LogInit: FAudioDevice initialized.
[2026.01.02-13.07.07:447][634]LogAudio: Display: Audio Device (ID: 15) registered with world '01Gameplay'.
[2026.01.02-13.07.07:498][634]LogSlate: Updating window title bar state: overlay mode, drag disabled, window buttons hidden, title bar hidden
[2026.01.02-13.07.07:498][634]LogLoad: Game class is 'BP_Gameplay_GameMode_C'
[2026.01.02-13.07.07:501][634]LogWorld: Bringing World /Game/Maps/UEDPIE_0_01Gameplay.01Gameplay up for play (max tick rate 0) at 2026.01.02-15.07.07
[2026.01.02-13.07.07:501][634]LogWorld: Bringing up level for play took: 0.001875
[2026.01.02-13.07.07:501][634]LogOnline: OSS: Creating online subsystem instance for: :Context_32
[2026.01.02-13.07.07:505][634]PIE: Server logged in
[2026.01.02-13.07.07:506][634]PIE: Play in editor total start time 0,1 seconds.
[2026.01.02-13.07.26:553][915]LogBlueprintUserMessages: [BP_Gameplay_GameMode_C_0] Мы собрали все ключи
[2026.01.02-13.07.41:788][743]LogNet: Browse: /Game/Maps/02Boss
[2026.01.02-13.07.41:788][743]LogLoad: LoadMap: /Game/Maps/02Boss
[2026.01.02-13.07.41:788][743]LogWorld: BeginTearingDown for /Game/Maps/UEDPIE_0_01Gameplay
[2026.01.02-13.07.41:789][743]LogWorld: UWorld::CleanupWorld for 01Gameplay, bSessionEnded=true, bCleanupResources=true
[2026.01.02-13.07.41:789][743]LogSlate: InvalidateAllWidgets triggered.  All widgets were invalidated
[2026.01.02-13.07.41:841][743]LogAudio: Display: Audio Device unregistered from world 'None'.
[2026.01.02-13.07.41:844][743]LogUObjectHash: Compacting FUObjectHashTables data took   1.68ms
[2026.01.02-13.07.41:845][743]LogPlayLevel: Creating play world package: /Game/Maps/UEDPIE_0_02Boss
[2026.01.02-13.07.41:849][743]LogPlayLevel: PIE: StaticDuplicateObject took: (0.003906s)
[2026.01.02-13.07.41:849][743]LogAIModule: Creating AISystem for world 02Boss
[2026.01.02-13.07.41:849][743]LogPlayLevel: PIE: World Init took: (0.000579s)
[2026.01.02-13.07.41:849][743]LogPlayLevel: PIE: Created PIE world by copying editor world from /Game/Maps/02Boss.02Boss to /Game/Maps/UEDPIE_0_02Boss.02Boss (0.004573s)
[2026.01.02-13.07.41:849][743]LogAudio: Display: Audio Device (ID: 15) registered with world '02Boss'.
[2026.01.02-13.07.41:849][743]LogLoad: Game class is 'BP_Gameplay_GameMode_C'
[2026.01.02-13.07.41:850][743]LogWorld: Bringing World /Game/Maps/UEDPIE_0_02Boss.02Boss up for play (max tick rate 0) at 2026.01.02-15.07.41
[2026.01.02-13.07.41:850][743]LogWorld: Bringing up level for play took: 0.000750
[2026.01.02-13.07.41:853][743]LogLoad: Took 0.064752 seconds to LoadMap(/Game/Maps/UEDPIE_0_02Boss)
[2026.01.02-13.07.48:155][499]LogBlueprintUserMessages: [BP_Enemy24] RIP
[2026.01.02-13.07.56:464][496]LogBlueprintUserMessages: [BP_Enemy17] RIP
[2026.01.02-13.08.06:073][649]LogBlueprintUserMessages: [BP_Enemy29] RIP
[2026.01.02-13.08.08:273][913]LogBlueprintUserMessages: [BP_Enemy27] RIP
[2026.01.02-13.08.09:081][ 10]LogBlueprintUserMessages: [BP_Enemy32] RIP
[2026.01.02-13.08.11:873][345]LogBlueprintUserMessages: [BP_Enemy22] RIP
[2026.01.02-13.08.13:873][585]LogBlueprintUserMessages: [BP_Enemy20] RIP
[2026.01.02-13.08.15:883][826]LogBlueprintUserMessages: [BP_Enemy15] RIP
[2026.01.02-13.08.17:482][ 16]LogBlueprintUserMessages: [BP_Enemy18] RIP
[2026.01.02-13.08.19:491][257]LogBlueprintUserMessages: [BP_Enemy23] RIP
[2026.01.02-13.08.21:090][449]LogBlueprintUserMessages: [BP_Enemy16] RIP
[2026.01.02-13.08.23:299][714]LogBlueprintUserMessages: [BP_Enemy21] RIP
[2026.01.02-13.08.25:491][977]LogBlueprintUserMessages: [BP_Enemy26] RIP
[2026.01.02-13.08.28:900][386]LogBlueprintUserMessages: [BP_Enemy33] RIP
[2026.01.02-13.08.30:292][553]LogBlueprintUserMessages: [BP_Enemy28] RIP
[2026.01.02-13.08.32:242][787]LogBlueprintUserMessages: [BP_Enemy19_11] RIP
[2026.01.02-13.08.34:441][ 51]LogBlueprintUserMessages: [BP_Enemy25] RIP
[2026.01.02-13.08.35:658][197]LogBlueprintUserMessages: [BP_Enemy34] RIP
[2026.01.02-13.08.38:491][537]LogBlueprintUserMessages: [BP_Enemy30] RIP
[2026.01.02-13.08.40:267][750]LogBlueprintUserMessages: [BP_Enemy31] RIP
[2026.01.02-13.08.42:030][956]LogSlate: Updating window title bar state: overlay mode, drag disabled, window buttons hidden, title bar hidden
[2026.01.02-13.08.42:030][956]LogWorld: BeginTearingDown for /Game/Maps/UEDPIE_0_02Boss
[2026.01.02-13.08.42:031][956]LogSlate: Window 'Game Preview [NetMode: Standalone]  (64-bit/Windows) ' being destroyed
[2026.01.02-13.08.42:038][956]LogWorld: UWorld::CleanupWorld for 02Boss, bSessionEnded=true, bCleanupResources=true
[2026.01.02-13.08.42:038][956]LogSlate: InvalidateAllWidgets triggered.  All widgets were invalidated
[2026.01.02-13.08.42:044][956]LogPlayLevel: Display: Shutting down PIE online subsystems
[2026.01.02-13.08.42:050][956]LogSlate: InvalidateAllWidgets triggered.  All widgets were invalidated
[2026.01.02-13.08.42:069][956]LogAudioMixer: FMixerPlatformXAudio2::StopAudioStream() called
[2026.01.02-13.08.42:070][956]LogAudioMixer: FMixerPlatformXAudio2::StopAudioStream() called
[2026.01.02-13.08.42:074][956]LogUObjectHash: Compacting FUObjectHashTables data took   1.48ms
[2026.01.02-13.08.42:088][957]LogPlayLevel: Display: Destroying online subsystem :Context_32
[2026.01.02-13.10.08:343][ 92]LogAssetEditorSubsystem: Opening Asset editor for Blueprint /Game/GameLogic/BP_Gameplay_GameMode.BP_Gameplay_GameMode
[2026.01.02-13.10.08:494][ 92]LogTemp: Warning: SetupViewportDisplaySettings
[2026.01.02-13.12.52:046][930]LogTemp: Repeating last play command: Selected Viewport
[2026.01.02-13.12.52:050][930]BlueprintLog: New page: Pre-Play auto-recompile
[2026.01.02-13.12.52:057][930]LogPlayLevel: [PlayLevel] Compiling BP_Gameplay_GameMode before play...
[2026.01.02-13.12.52:120][930]LogUObjectHash: Compacting FUObjectHashTables data took   2.04ms
[2026.01.02-13.12.52:121][930]LogPlayLevel: PlayLevel: Blueprint regeneration took 70 ms (1 blueprints)
[2026.01.02-13.12.52:121][930]PIE: New page: PIE session: 01Gameplay (2 січ. 2026 р., 17:12:52)
[2026.01.02-13.12.52:121][930]LogPlayLevel: Creating play world package: /Game/Maps/UEDPIE_0_01Gameplay
[2026.01.02-13.12.52:128][930]LogPlayLevel: PIE: StaticDuplicateObject took: (0.006664s)
[2026.01.02-13.12.52:128][930]LogAIModule: Creating AISystem for world 01Gameplay
[2026.01.02-13.12.52:128][930]LogPlayLevel: PIE: World Init took: (0.000606s)
[2026.01.02-13.12.52:128][930]LogPlayLevel: PIE: Created PIE world by copying editor world from /Game/Maps/01Gameplay.01Gameplay to /Game/Maps/UEDPIE_0_01Gameplay.01Gameplay (0.007342s)
[2026.01.02-13.12.52:149][930]LogUObjectHash: Compacting FUObjectHashTables data took   1.41ms
[2026.01.02-13.12.52:149][930]LogAudio: Display: Creating Audio Device:                 Id: 16, Scope: Unique, Realtime: True
[2026.01.02-13.12.52:149][930]LogAudioMixer: Display: Audio Mixer Platform Settings:
[2026.01.02-13.12.52:149][930]LogAudioMixer: Display: 	Sample Rate:						  48000
[2026.01.02-13.12.52:149][930]LogAudioMixer: Display: 	Callback Buffer Frame Size Requested: 1024
[2026.01.02-13.12.52:149][930]LogAudioMixer: Display: 	Callback Buffer Frame Size To Use:	  1024
[2026.01.02-13.12.52:149][930]LogAudioMixer: Display: 	Number of buffers to queue:			  2
[2026.01.02-13.12.52:149][930]LogAudioMixer: Display: 	Max Channels (voices):				  32
[2026.01.02-13.12.52:149][930]LogAudioMixer: Display: 	Number of Async Source Workers:		  0
[2026.01.02-13.12.52:149][930]LogAudio: Display: AudioDevice MaxSources: 32
[2026.01.02-13.12.52:150][930]LogAudio: Display: Audio Spatialization Plugin: None (built-in).
[2026.01.02-13.12.52:150][930]LogAudio: Display: Audio Reverb Plugin: None (built-in).
[2026.01.02-13.12.52:150][930]LogAudio: Display: Audio Occlusion Plugin: None (built-in).
[2026.01.02-13.12.52:150][930]LogAudioMixer: Display: Initializing audio mixer.
[2026.01.02-13.12.52:153][930]LogAudioMixer: Display: 0: FrontLeft
[2026.01.02-13.12.52:153][930]LogAudioMixer: Display: 1: FrontRight
[2026.01.02-13.12.52:161][930]LogAudioMixer: Display: Using Audio Device Speakers (Realtek(R) Audio)
[2026.01.02-13.12.52:161][930]LogAudioMixer: Display: Initializing Sound Submixes...
[2026.01.02-13.12.52:161][930]LogAudioMixer: Display: Creating Master Submix 'MasterSubmixDefault'
[2026.01.02-13.12.52:161][930]LogAudioMixer: Display: Creating Master Submix 'MasterReverbSubmixDefault'
[2026.01.02-13.12.52:162][930]LogAudioMixer: Display: Creating Master Submix 'MasterEQSubmixDefault'
[2026.01.02-13.12.52:162][930]LogAudioMixer: FMixerPlatformXAudio2::StartAudioStream() called
[2026.01.02-13.12.52:162][930]LogAudioMixer: Display: Output buffers initialized: Frames=1024, Channels=2, Samples=2048
[2026.01.02-13.12.52:162][930]LogAudioMixer: Display: Starting AudioMixerPlatformInterface::RunInternal()
[2026.01.02-13.12.52:162][930]LogAudioMixer: Display: FMixerPlatformXAudio2::SubmitBuffer() called for the first time
[2026.01.02-13.12.52:162][930]LogInit: FAudioDevice initialized.
[2026.01.02-13.12.52:162][930]LogAudio: Display: Audio Device (ID: 16) registered with world '01Gameplay'.
[2026.01.02-13.12.52:220][930]LogSlate: Updating window title bar state: overlay mode, drag disabled, window buttons hidden, title bar hidden
[2026.01.02-13.12.52:220][930]LogLoad: Game class is 'BP_Gameplay_GameMode_C'
[2026.01.02-13.12.52:223][930]LogWorld: Bringing World /Game/Maps/UEDPIE_0_01Gameplay.01Gameplay up for play (max tick rate 0) at 2026.01.02-15.12.52
[2026.01.02-13.12.52:223][930]LogWorld: Bringing up level for play took: 0.002347
[2026.01.02-13.12.52:223][930]LogOnline: OSS: Creating online subsystem instance for: :Context_35
[2026.01.02-13.12.52:227][930]PIE: Server logged in
[2026.01.02-13.12.52:227][930]PIE: Play in editor total start time 0,177 seconds.
[2026.01.02-13.12.55:960][354]LogPlayerController: Error: InputMode:UIOnly - Attempting to focus Non-Focusable widget SObjectWidget [Widget.cpp(799)]!
[2026.01.02-13.12.55:960][354]LogViewport: Display: Viewport MouseLockMode Changed, LockOnCapture -> DoNotLock
[2026.01.02-13.12.55:960][354]LogViewport: Display: Viewport MouseCaptureMode Changed, CapturePermanently_IncludingInitialMouseDown -> NoCapture
[2026.01.02-13.12.56:951][473]LogViewport: Display: Viewport MouseLockMode Changed, DoNotLock -> LockOnCapture
[2026.01.02-13.12.56:951][473]LogViewport: Display: Viewport MouseCaptureMode Changed, NoCapture -> CapturePermanently
[2026.01.02-13.13.00:513][895]LogSlate: Updating window title bar state: overlay mode, drag disabled, window buttons hidden, title bar hidden
[2026.01.02-13.13.00:513][895]LogWorld: BeginTearingDown for /Game/Maps/UEDPIE_0_01Gameplay
[2026.01.02-13.13.00:515][895]LogSlate: Window 'Game Preview [NetMode: Standalone]  (64-bit/Windows) ' being destroyed
[2026.01.02-13.13.00:522][895]LogWorld: UWorld::CleanupWorld for 01Gameplay, bSessionEnded=true, bCleanupResources=true
[2026.01.02-13.13.00:523][895]LogSlate: InvalidateAllWidgets triggered.  All widgets were invalidated
[2026.01.02-13.13.00:530][895]LogPlayLevel: Display: Shutting down PIE online subsystems
[2026.01.02-13.13.00:536][895]LogSlate: InvalidateAllWidgets triggered.  All widgets were invalidated
[2026.01.02-13.13.00:555][895]LogAudioMixer: FMixerPlatformXAudio2::StopAudioStream() called
[2026.01.02-13.13.00:556][895]LogAudioMixer: FMixerPlatformXAudio2::StopAudioStream() called
[2026.01.02-13.13.00:560][895]LogUObjectHash: Compacting FUObjectHashTables data took   1.45ms
[2026.01.02-13.13.00:574][896]LogPlayLevel: Display: Destroying online subsystem :Context_35
[2026.01.02-13.13.04:602][308]LogEditorViewport: Clicking on Actor (LMB): BP_Checkpoint_C (BP_Checkpoint)
[2026.01.02-13.13.04:620][308]LogTemp: Warning: SetupViewportDisplaySettings
[2026.01.02-13.13.24:551][627]LogTemp: Repeating last play command: Selected Viewport
[2026.01.02-13.13.24:555][627]LogPlayLevel: PlayLevel: No blueprints needed recompiling
[2026.01.02-13.13.24:555][627]PIE: New page: PIE session: 01Gameplay (2 січ. 2026 р., 17:13:24)
[2026.01.02-13.13.24:582][627]LogPlayLevel: Creating play world package: /Game/Maps/UEDPIE_0_01Gameplay
[2026.01.02-13.13.24:588][627]LogPlayLevel: PIE: StaticDuplicateObject took: (0.007081s)
[2026.01.02-13.13.24:588][627]LogAIModule: Creating AISystem for world 01Gameplay
[2026.01.02-13.13.24:589][627]LogPlayLevel: PIE: World Init took: (0.000639s)
[2026.01.02-13.13.24:589][627]LogPlayLevel: PIE: Created PIE world by copying editor world from /Game/Maps/01Gameplay.01Gameplay to /Game/Maps/UEDPIE_0_01Gameplay.01Gameplay (0.007815s)
[2026.01.02-13.13.24:610][627]LogUObjectHash: Compacting FUObjectHashTables data took   1.48ms
[2026.01.02-13.13.24:611][627]LogAudio: Display: Creating Audio Device:                 Id: 17, Scope: Unique, Realtime: True
[2026.01.02-13.13.24:611][627]LogAudioMixer: Display: Audio Mixer Platform Settings:
[2026.01.02-13.13.24:611][627]LogAudioMixer: Display: 	Sample Rate:						  48000
[2026.01.02-13.13.24:611][627]LogAudioMixer: Display: 	Callback Buffer Frame Size Requested: 1024
[2026.01.02-13.13.24:612][627]LogAudioMixer: Display: 	Callback Buffer Frame Size To Use:	  1024
[2026.01.02-13.13.24:612][627]LogAudioMixer: Display: 	Number of buffers to queue:			  2
[2026.01.02-13.13.24:612][627]LogAudioMixer: Display: 	Max Channels (voices):				  32
[2026.01.02-13.13.24:612][627]LogAudioMixer: Display: 	Number of Async Source Workers:		  0
[2026.01.02-13.13.24:612][627]LogAudio: Display: AudioDevice MaxSources: 32
[2026.01.02-13.13.24:612][627]LogAudio: Display: Audio Spatialization Plugin: None (built-in).
[2026.01.02-13.13.24:612][627]LogAudio: Display: Audio Reverb Plugin: None (built-in).
[2026.01.02-13.13.24:612][627]LogAudio: Display: Audio Occlusion Plugin: None (built-in).
[2026.01.02-13.13.24:612][627]LogAudioMixer: Display: Initializing audio mixer.
[2026.01.02-13.13.24:615][627]LogAudioMixer: Display: 0: FrontLeft
[2026.01.02-13.13.24:615][627]LogAudioMixer: Display: 1: FrontRight
[2026.01.02-13.13.24:623][627]LogAudioMixer: Display: Using Audio Device Speakers (Realtek(R) Audio)
[2026.01.02-13.13.24:623][627]LogAudioMixer: Display: Initializing Sound Submixes...
[2026.01.02-13.13.24:623][627]LogAudioMixer: Display: Creating Master Submix 'MasterSubmixDefault'
[2026.01.02-13.13.24:623][627]LogAudioMixer: Display: Creating Master Submix 'MasterReverbSubmixDefault'
[2026.01.02-13.13.24:623][627]LogAudioMixer: Display: Creating Master Submix 'MasterEQSubmixDefault'
[2026.01.02-13.13.24:623][627]LogAudioMixer: FMixerPlatformXAudio2::StartAudioStream() called
[2026.01.02-13.13.24:623][627]LogAudioMixer: Display: Output buffers initialized: Frames=1024, Channels=2, Samples=2048
[2026.01.02-13.13.24:624][627]LogAudioMixer: Display: Starting AudioMixerPlatformInterface::RunInternal()
[2026.01.02-13.13.24:624][627]LogAudioMixer: Display: FMixerPlatformXAudio2::SubmitBuffer() called for the first time
[2026.01.02-13.13.24:624][627]LogInit: FAudioDevice initialized.
[2026.01.02-13.13.24:624][627]LogAudio: Display: Audio Device (ID: 17) registered with world '01Gameplay'.
[2026.01.02-13.13.24:632][627]LogLoad: Game class is 'BP_Gameplay_GameMode_C'
[2026.01.02-13.13.24:634][627]LogWorld: Bringing World /Game/Maps/UEDPIE_0_01Gameplay.01Gameplay up for play (max tick rate 0) at 2026.01.02-15.13.24
[2026.01.02-13.13.24:634][627]LogWorld: Bringing up level for play took: 0.001724
[2026.01.02-13.13.24:634][627]LogOnline: OSS: Creating online subsystem instance for: :Context_36
[2026.01.02-13.13.24:637][627]PIE: Server logged in
[2026.01.02-13.13.24:637][627]PIE: Play in editor total start time 0,085 seconds.
[2026.01.02-13.13.24:656][627]LogTemp: Warning: OnLevelViewportClientListChanged
[2026.01.02-13.13.28:968][143]LogPlayerController: Error: InputMode:UIOnly - Attempting to focus Non-Focusable widget SObjectWidget [Widget.cpp(799)]!
[2026.01.02-13.13.28:968][143]LogViewport: Display: Viewport MouseLockMode Changed, LockOnCapture -> DoNotLock
[2026.01.02-13.13.28:968][143]LogViewport: Display: Viewport MouseCaptureMode Changed, CapturePermanently_IncludingInitialMouseDown -> NoCapture
[2026.01.02-13.13.30:501][327]LogViewport: Display: Viewport MouseLockMode Changed, DoNotLock -> LockOnCapture
[2026.01.02-13.13.30:501][327]LogViewport: Display: Viewport MouseCaptureMode Changed, NoCapture -> CapturePermanently
[2026.01.02-13.13.35:618][941]LogPlayerController: Error: InputMode:UIOnly - Attempting to focus Non-Focusable widget SObjectWidget [Widget.cpp(799)]!
[2026.01.02-13.13.35:618][941]LogViewport: Display: Viewport MouseLockMode Changed, LockOnCapture -> DoNotLock
[2026.01.02-13.13.35:618][941]LogViewport: Display: Viewport MouseCaptureMode Changed, CapturePermanently -> NoCapture
[2026.01.02-13.13.39:493][406]LogViewport: Display: Viewport MouseLockMode Changed, DoNotLock -> LockOnCapture
[2026.01.02-13.13.39:493][406]LogViewport: Display: Viewport MouseCaptureMode Changed, NoCapture -> CapturePermanently
[2026.01.02-13.13.40:263][494]LogSlate: Updating window title bar state: overlay mode, drag disabled, window buttons hidden, title bar hidden
[2026.01.02-13.13.40:263][494]LogWorld: BeginTearingDown for /Game/Maps/UEDPIE_0_01Gameplay
[2026.01.02-13.13.40:263][494]LogWorld: UWorld::CleanupWorld for 01Gameplay, bSessionEnded=true, bCleanupResources=true
[2026.01.02-13.13.40:263][494]LogSlate: InvalidateAllWidgets triggered.  All widgets were invalidated
[2026.01.02-13.13.40:271][494]LogPlayLevel: Display: Shutting down PIE online subsystems
[2026.01.02-13.13.40:277][494]LogSlate: InvalidateAllWidgets triggered.  All widgets were invalidated
[2026.01.02-13.13.40:298][494]LogAudio: Display: Audio Device unregistered from world 'None'.
[2026.01.02-13.13.40:299][494]LogAudioMixer: FMixerPlatformXAudio2::StopAudioStream() called
[2026.01.02-13.13.40:300][494]LogAudioMixer: FMixerPlatformXAudio2::StopAudioStream() called
[2026.01.02-13.13.40:301][494]LogSlate: Updating window title bar state: overlay mode, drag disabled, window buttons hidden, title bar hidden
[2026.01.02-13.13.40:304][494]LogUObjectHash: Compacting FUObjectHashTables data took   1.62ms
[2026.01.02-13.13.40:321][494]LogTemp: Warning: SetupViewportDisplaySettings
[2026.01.02-13.13.40:332][495]LogPlayLevel: Display: Destroying online subsystem :Context_36
[2026.01.02-13.14.06:070][756]LogUObjectHash: Compacting FUObjectHashTables data took   2.28ms
[2026.01.02-13.14.06:071][756]Cmd: OBJ SAVEPACKAGE PACKAGE="/Game/Maps/01Gameplay" FILE="D:/Artemii/Game/Game/Saved/Autosaves/Game/Maps/01Gameplay_Auto1.umap" SILENT=true AUTOSAVING=true KEEPDIRTY=false
[2026.01.02-13.14.06:105][756]LogSavePackage: Moving 'D:/Artemii/Game/Game/Saved/01Gameplay_Auto1BA95DBBC4F42C977E05E55A577CF53BB.tmp' to 'D:/Artemii/Game/Game/Saved/Autosaves/Game/Maps/01Gameplay_Auto1.umap'
[2026.01.02-13.14.06:106][756]LogFileHelpers: Editor autosave (incl. external actors) for '/Game/Maps/01Gameplay' took 0.075
[2026.01.02-13.14.06:106][756]LogFileHelpers: Editor autosave (incl. sublevels & external actors) for all levels took 0.075
[2026.01.02-13.14.06:106][756]OBJ SavePackage: Generating thumbnails for [0] asset(s) in package [/Game/GameLogic/BP_Gameplay_GameMode] ([2] browsable assets)...
[2026.01.02-13.14.06:106][756]OBJ SavePackage: Finished generating thumbnails for package [/Game/GameLogic/BP_Gameplay_GameMode]
[2026.01.02-13.14.06:106][756]Cmd: OBJ SAVEPACKAGE PACKAGE="/Game/GameLogic/BP_Gameplay_GameMode" FILE="D:/Artemii/Game/Game/Saved/Autosaves/Game/GameLogic/BP_Gameplay_GameMode_Auto1.uasset" SILENT=false AUTOSAVING=true
[2026.01.02-13.14.06:160][756]LogSavePackage: Moving 'D:/Artemii/Game/Game/Saved/BP_Gameplay_GameMode_Auto18E65436A414776D0A6BAA2813CA1841B.tmp' to 'D:/Artemii/Game/Game/Saved/Autosaves/Game/GameLogic/BP_Gameplay_GameMode_Auto1.uasset'
[2026.01.02-13.14.06:191][756]OBJ SavePackage: Generating thumbnails for [2] asset(s) in package [/Game/Objects/LevelPortal/BP_PortalLevel] ([2] browsable assets)...
[2026.01.02-13.14.06:223][756]OBJ SavePackage:     Rendered thumbnail for [Blueprint /Game/Objects/LevelPortal/BP_PortalLevel.BP_PortalLevel]
[2026.01.02-13.14.06:223][756]OBJ SavePackage: Finished generating thumbnails for package [/Game/Objects/LevelPortal/BP_PortalLevel]
[2026.01.02-13.14.06:223][756]Cmd: OBJ SAVEPACKAGE PACKAGE="/Game/Objects/LevelPortal/BP_PortalLevel" FILE="D:/Artemii/Game/Game/Saved/Autosaves/Game/Objects/LevelPortal/BP_PortalLevel_Auto1.uasset" SILENT=false AUTOSAVING=true
[2026.01.02-13.14.06:260][756]LogSavePackage: Moving 'D:/Artemii/Game/Game/Saved/BP_PortalLevel_Auto1D20CB99F4AE53A946981E394ACD532C3.tmp' to 'D:/Artemii/Game/Game/Saved/Autosaves/Game/Objects/LevelPortal/BP_PortalLevel_Auto1.uasset'
[2026.01.02-13.14.06:293][756]LogFileHelpers: Auto-saving content packages took 0.187
[2026.01.02-13.14.35:724][459]LogAssetEditorSubsystem: Opening Asset editor for Blueprint /Game/HeroChar/BP_HaroChar.BP_HaroChar
[2026.01.02-13.14.35:869][459]LogTemp: Warning: SetupViewportDisplaySettings
[2026.01.02-13.15.05:917][945]LogSlate: Window 'Color Picker' being destroyed
[2026.01.02-13.24.06:618][503]LogUObjectHash: Compacting FUObjectHashTables data took   1.99ms
[2026.01.02-13.24.06:618][503]LogFileHelpers: Editor autosave (incl. external actors) for '/Game/Maps/01Gameplay' took 0.027
[2026.01.02-13.24.06:618][503]OBJ SavePackage: Generating thumbnails for [2] asset(s) in package [/Game/HeroChar/BP_HaroChar] ([2] browsable assets)...
[2026.01.02-13.24.06:630][503]OBJ SavePackage:     Rendered thumbnail for [Blueprint /Game/HeroChar/BP_HaroChar.BP_HaroChar]
[2026.01.02-13.24.06:631][503]OBJ SavePackage: Finished generating thumbnails for package [/Game/HeroChar/BP_HaroChar]
[2026.01.02-13.24.06:631][503]Cmd: OBJ SAVEPACKAGE PACKAGE="/Game/HeroChar/BP_HaroChar" FILE="D:/Artemii/Game/Game/Saved/Autosaves/Game/HeroChar/BP_HaroChar_Auto2.uasset" SILENT=false AUTOSAVING=true
[2026.01.02-13.24.06:948][503]LogSavePackage: Moving 'D:/Artemii/Game/Game/Saved/BP_HaroChar_Auto2EF91C93C4BDD7A83A8BFF3BFEBD3876B.tmp' to 'D:/Artemii/Game/Game/Saved/Autosaves/Game/HeroChar/BP_HaroChar_Auto2.uasset'
[2026.01.02-13.24.06:998][503]LogFileHelpers: Auto-saving content packages took 0.380
[2026.01.02-13.26.23:360][  1]LogAssetEditorSubsystem: Opening Asset editor for Blueprint /Game/HeroChar/Gun/SKGun/BP_SKGun.BP_SKGun
[2026.01.02-13.26.23:509][  1]LogTemp: Warning: SetupViewportDisplaySettings
[2026.01.02-13.26.57:466][784]LogScript: Warning: Accessed None trying to read property HaroCharRefer
	ABP_HeroChar_C /Engine/Transient.World_24:PersistentLevel.SkeletalMeshActor_0.SkeletalMeshComponent0.ABP_HeroChar_C_0
	Function /Game/HeroChar/Animations/ABP_HeroChar.ABP_HeroChar_C:ExecuteUbergraph_ABP_HeroChar:022D
[2026.01.02-13.26.57:466][784]LogScript: Warning: Accessed None trying to read property HaroCharRefer
	ABP_HeroChar_C /Engine/Transient.World_24:PersistentLevel.SkeletalMeshActor_0.SkeletalMeshComponent0.ABP_HeroChar_C_0
	Function /Game/HeroChar/Animations/ABP_HeroChar.ABP_HeroChar_C:ExecuteUbergraph_ABP_HeroChar:02B9
[2026.01.02-13.26.57:466][784]LogScript: Warning: Accessed None
	ABP_HeroChar_C /Engine/Transient.World_24:PersistentLevel.SkeletalMeshActor_0.SkeletalMeshComponent0.ABP_HeroChar_C_0
	Function /Game/HeroChar/Animations/ABP_HeroChar.ABP_HeroChar_C:ExecuteUbergraph_ABP_HeroChar:02CE
[2026.01.02-13.26.57:466][784]LogScript: Warning: Accessed None trying to read property HaroCharRefer
	ABP_HeroChar_C /Engine/Transient.World_24:PersistentLevel.SkeletalMeshActor_0.SkeletalMeshComponent0.ABP_HeroChar_C_0
	Function /Game/HeroChar/Animations/ABP_HeroChar.ABP_HeroChar_C:ExecuteUbergraph_ABP_HeroChar:01FA
[2026.01.02-13.27.01:045][204]LogAssetEditorSubsystem: Opening Asset editor for AnimBlueprint /Game/HeroChar/Animations/ABP_HeroChar.ABP_HeroChar
[2026.01.02-13.27.01:069][204]LogNativeClassHierarchy: Verbose: Native class hierarchy updated for 'SkeletonEditor' in 0.0002 seconds. Added 1 classes and 2 folders.
[2026.01.02-13.27.01:107][204]LogActorComponent: RegisterComponentWithWorld: (/Engine/Transient.World_26:PersistentLevel.AnimationEditorPreviewActor_0.DebugSkelMeshComponent_0) Already registered. Aborting.
[2026.01.02-13.27.01:108][204]LogScript: Warning: Accessed None trying to read property HaroCharRefer
	ABP_HeroChar_C /Engine/Transient.World_26:PersistentLevel.AnimationEditorPreviewActor_0.DebugSkelMeshComponent_0.ABP_HeroChar_C_0
	Function /Game/HeroChar/Animations/ABP_HeroChar.ABP_HeroChar_C:ExecuteUbergraph_ABP_HeroChar:022D
[2026.01.02-13.27.01:108][204]LogScript: Warning: Accessed None trying to read property HaroCharRefer
	ABP_HeroChar_C /Engine/Transient.World_26:PersistentLevel.AnimationEditorPreviewActor_0.DebugSkelMeshComponent_0.ABP_HeroChar_C_0
	Function /Game/HeroChar/Animations/ABP_HeroChar.ABP_HeroChar_C:ExecuteUbergraph_ABP_HeroChar:02B9
[2026.01.02-13.27.01:108][204]LogScript: Warning: Accessed None
	ABP_HeroChar_C /Engine/Transient.World_26:PersistentLevel.AnimationEditorPreviewActor_0.DebugSkelMeshComponent_0.ABP_HeroChar_C_0
	Function /Game/HeroChar/Animations/ABP_HeroChar.ABP_HeroChar_C:ExecuteUbergraph_ABP_HeroChar:02CE
[2026.01.02-13.27.01:108][204]LogScript: Warning: Accessed None trying to read property HaroCharRefer
	ABP_HeroChar_C /Engine/Transient.World_26:PersistentLevel.AnimationEditorPreviewActor_0.DebugSkelMeshComponent_0.ABP_HeroChar_C_0
	Function /Game/HeroChar/Animations/ABP_HeroChar.ABP_HeroChar_C:ExecuteUbergraph_ABP_HeroChar:01FA
[2026.01.02-13.27.01:135][204]LogNativeClassHierarchy: Verbose: Native class hierarchy updated for 'PinnedCommandList' in 0.0005 seconds. Added 1 classes and 0 folders.
[2026.01.02-13.27.01:434][204]LogTemp: Warning: SetupViewportDisplaySettings
[2026.01.02-13.27.01:796][204]LogScript: Warning: Accessed None trying to read property HaroCharRefer
	ABP_HeroChar_C /Engine/Transient.World_26:PersistentLevel.AnimationEditorPreviewActor_0.DebugSkelMeshComponent_0.ABP_HeroChar_C_0
	Function /Game/HeroChar/Animations/ABP_HeroChar.ABP_HeroChar_C:ExecuteUbergraph_ABP_HeroChar:022D
[2026.01.02-13.27.01:796][204]LogScript: Warning: Accessed None trying to read property HaroCharRefer
	ABP_HeroChar_C /Engine/Transient.World_26:PersistentLevel.AnimationEditorPreviewActor_0.DebugSkelMeshComponent_0.ABP_HeroChar_C_0
	Function /Game/HeroChar/Animations/ABP_HeroChar.ABP_HeroChar_C:ExecuteUbergraph_ABP_HeroChar:02B9
[2026.01.02-13.27.01:796][204]LogScript: Warning: Accessed None
	ABP_HeroChar_C /Engine/Transient.World_26:PersistentLevel.AnimationEditorPreviewActor_0.DebugSkelMeshComponent_0.ABP_HeroChar_C_0
	Function /Game/HeroChar/Animations/ABP_HeroChar.ABP_HeroChar_C:ExecuteUbergraph_ABP_HeroChar:02CE
[2026.01.02-13.27.01:796][204]LogScript: Warning: Accessed None trying to read property HaroCharRefer
	ABP_HeroChar_C /Engine/Transient.World_26:PersistentLevel.AnimationEditorPreviewActor_0.DebugSkelMeshComponent_0.ABP_HeroChar_C_0
	Function /Game/HeroChar/Animations/ABP_HeroChar.ABP_HeroChar_C:ExecuteUbergraph_ABP_HeroChar:01FA
[2026.01.02-13.27.01:873][205]LogScript: Warning: Accessed None trying to read property HaroCharRefer
	ABP_HeroChar_C /Engine/Transient.World_26:PersistentLevel.AnimationEditorPreviewActor_0.DebugSkelMeshComponent_0.ABP_HeroChar_C_0
	Function /Game/HeroChar/Animations/ABP_HeroChar.ABP_HeroChar_C:ExecuteUbergraph_ABP_HeroChar:022D
[2026.01.02-13.27.01:873][205]LogScript: Warning: Accessed None trying to read property HaroCharRefer
	ABP_HeroChar_C /Engine/Transient.World_26:PersistentLevel.AnimationEditorPreviewActor_0.DebugSkelMeshComponent_0.ABP_HeroChar_C_0
	Function /Game/HeroChar/Animations/ABP_HeroChar.ABP_HeroChar_C:ExecuteUbergraph_ABP_HeroChar:02B9
[2026.01.02-13.27.01:874][205]LogScript: Warning: Accessed None
	ABP_HeroChar_C /Engine/Transient.World_26:PersistentLevel.AnimationEditorPreviewActor_0.DebugSkelMeshComponent_0.ABP_HeroChar_C_0
	Function /Game/HeroChar/Animations/ABP_HeroChar.ABP_HeroChar_C:ExecuteUbergraph_ABP_HeroChar:02CE
[2026.01.02-13.27.01:874][205]LogScript: Warning: Accessed None trying to read property HaroCharRefer
	ABP_HeroChar_C /Engine/Transient.World_26:PersistentLevel.AnimationEditorPreviewActor_0.DebugSkelMeshComponent_0.ABP_HeroChar_C_0
	Function /Game/HeroChar/Animations/ABP_HeroChar.ABP_HeroChar_C:ExecuteUbergraph_ABP_HeroChar:01FA
[2026.01.02-13.27.32:063][163]LogAssetEditorSubsystem: Opening Asset editor for AnimSequence /Game/HeroChar/Animations/FirstPerson_Fire.FirstPerson_Fire
[2026.01.02-13.27.32:084][163]LogActorComponent: RegisterComponentWithWorld: (/Engine/Transient.World_30:PersistentLevel.AnimationEditorPreviewActor_0.DebugSkelMeshComponent_0) Already registered. Aborting.
[2026.01.02-13.27.32:099][163]LogTemp: Warning: SetupViewportDisplaySettings
[2026.01.02-13.27.32:520][163]LogContentBrowser: Verbose: The majority of assets in the view are of type: AnimSequence
[2026.01.02-13.27.34:799][428]LogWorld: UWorld::CleanupWorld for World_30, bSessionEnded=true, bCleanupResources=true
[2026.01.02-13.27.34:799][428]LogSlate: InvalidateAllWidgets triggered.  All widgets were invalidated
[2026.01.02-13.27.34:822][428]LogTemp: Warning: OnLevelViewportClientListChanged
[2026.01.02-13.27.34:889][428]LogWorld: UWorld::CleanupWorld for World_31, bSessionEnded=true, bCleanupResources=true
[2026.01.02-13.27.34:889][428]LogSlate: InvalidateAllWidgets triggered.  All widgets were invalidated
[2026.01.02-13.27.39:874][ 12]LogWorld: UWorld::CleanupWorld for World_26, bSessionEnded=true, bCleanupResources=true
[2026.01.02-13.27.39:874][ 12]LogSlate: InvalidateAllWidgets triggered.  All widgets were invalidated
[2026.01.02-13.27.39:881][ 12]LogWorld: UWorld::CleanupWorld for World_25, bSessionEnded=true, bCleanupResources=true
[2026.01.02-13.27.39:881][ 12]LogSlate: InvalidateAllWidgets triggered.  All widgets were invalidated
[2026.01.02-13.27.39:909][ 12]LogTemp: Warning: OnLevelViewportClientListChanged
[2026.01.02-13.27.39:938][ 12]LogWorld: UWorld::CleanupWorld for World_27, bSessionEnded=true, bCleanupResources=true
[2026.01.02-13.27.39:938][ 12]LogSlate: InvalidateAllWidgets triggered.  All widgets were invalidated
[2026.01.02-13.27.45:298][595]LogAssetEditorSubsystem: Opening Asset editor for AnimBlueprint /Game/HeroChar/Animations/ABP_HeroChar.ABP_HeroChar
[2026.01.02-13.27.45:304][595]LogActorComponent: RegisterComponentWithWorld: (/Engine/Transient.World_33:PersistentLevel.AnimationEditorPreviewActor_0.DebugSkelMeshComponent_0) Already registered. Aborting.
[2026.01.02-13.27.45:480][595]LogTemp: Warning: SetupViewportDisplaySettings
[2026.01.02-13.29.05:769][ 19]LogEditorTransaction: Undo Add Node
[2026.01.02-13.29.05:822][ 19]LogActorComponent: RegisterComponentWithWorld: (/Engine/Transient.World_33:PersistentLevel.AnimationEditorPreviewActor_0.DebugSkelMeshComponent_0) Already registered. Aborting.
[2026.01.02-13.29.45:108][434]BlueprintLog: New page: Compile BP_HaroChar
[2026.01.02-13.29.45:219][434]LogUObjectHash: Compacting FUObjectHashTables data took   4.33ms
[2026.01.02-13.29.45:540][459]BlueprintLog: New page: Compile BP_HaroChar
[2026.01.02-13.29.45:606][459]LogUObjectHash: Compacting FUObjectHashTables data took   3.03ms
[2026.01.02-13.29.46:209][520]Cmd: OBJ SAVEPACKAGE PACKAGE="/Game/HeroChar/BP_HaroChar" FILE="D:/Artemii/Game/Game/Content/HeroChar/BP_HaroChar.uasset" SILENT=true
[2026.01.02-13.29.46:251][520]LogSavePackage: Moving 'D:/Artemii/Game/Game/Saved/BP_HaroCharBCAEBB984EE00A5F42D34794C3DB32ED.tmp' to 'D:/Artemii/Game/Game/Content/HeroChar/BP_HaroChar.uasset'
[2026.01.02-13.29.46:264][520]AssetCheck: New page: Asset Save: BP_HaroChar
[2026.01.02-13.29.46:264][520]LogContentValidation: Display: Validating Blueprint /Game/HeroChar/BP_HaroChar.BP_HaroChar
[2026.01.02-13.29.46:793][577]LogTemp: Repeating last play command: Selected Viewport
[2026.01.02-13.29.46:797][577]LogPlayLevel: PlayLevel: No blueprints needed recompiling
[2026.01.02-13.29.46:797][577]PIE: New page: PIE session: 01Gameplay (2 січ. 2026 р., 17:29:46)
[2026.01.02-13.29.46:797][577]LogPlayLevel: Creating play world package: /Game/Maps/UEDPIE_0_01Gameplay
[2026.01.02-13.29.46:804][577]LogPlayLevel: PIE: StaticDuplicateObject took: (0.007041s)
[2026.01.02-13.29.46:804][577]LogAIModule: Creating AISystem for world 01Gameplay
[2026.01.02-13.29.46:805][577]LogPlayLevel: PIE: World Init took: (0.000644s)
[2026.01.02-13.29.46:805][577]LogPlayLevel: PIE: Created PIE world by copying editor world from /Game/Maps/01Gameplay.01Gameplay to /Game/Maps/UEDPIE_0_01Gameplay.01Gameplay (0.007764s)
[2026.01.02-13.29.46:833][577]LogUObjectHash: Compacting FUObjectHashTables data took   2.67ms
[2026.01.02-13.29.46:833][577]LogAudio: Display: Creating Audio Device:                 Id: 18, Scope: Unique, Realtime: True
[2026.01.02-13.29.46:833][577]LogAudioMixer: Display: Audio Mixer Platform Settings:
[2026.01.02-13.29.46:833][577]LogAudioMixer: Display: 	Sample Rate:						  48000
[2026.01.02-13.29.46:833][577]LogAudioMixer: Display: 	Callback Buffer Frame Size Requested: 1024
[2026.01.02-13.29.46:833][577]LogAudioMixer: Display: 	Callback Buffer Frame Size To Use:	  1024
[2026.01.02-13.29.46:833][577]LogAudioMixer: Display: 	Number of buffers to queue:			  2
[2026.01.02-13.29.46:833][577]LogAudioMixer: Display: 	Max Channels (voices):				  32
[2026.01.02-13.29.46:833][577]LogAudioMixer: Display: 	Number of Async Source Workers:		  0
[2026.01.02-13.29.46:833][577]LogAudio: Display: AudioDevice MaxSources: 32
[2026.01.02-13.29.46:834][577]LogAudio: Display: Audio Spatialization Plugin: None (built-in).
[2026.01.02-13.29.46:834][577]LogAudio: Display: Audio Reverb Plugin: None (built-in).
[2026.01.02-13.29.46:834][577]LogAudio: Display: Audio Occlusion Plugin: None (built-in).
[2026.01.02-13.29.46:834][577]LogAudioMixer: Display: Initializing audio mixer.
[2026.01.02-13.29.46:837][577]LogAudioMixer: Display: 0: FrontLeft
[2026.01.02-13.29.46:837][577]LogAudioMixer: Display: 1: FrontRight
[2026.01.02-13.29.46:845][577]LogAudioMixer: Display: Using Audio Device Speakers (Realtek(R) Audio)
[2026.01.02-13.29.46:846][577]LogAudioMixer: Display: Initializing Sound Submixes...
[2026.01.02-13.29.46:846][577]LogAudioMixer: Display: Creating Master Submix 'MasterSubmixDefault'
[2026.01.02-13.29.46:846][577]LogAudioMixer: Display: Creating Master Submix 'MasterReverbSubmixDefault'
[2026.01.02-13.29.46:846][577]LogAudioMixer: Display: Creating Master Submix 'MasterEQSubmixDefault'
[2026.01.02-13.29.46:846][577]LogAudioMixer: FMixerPlatformXAudio2::StartAudioStream() called
[2026.01.02-13.29.46:846][577]LogAudioMixer: Display: Output buffers initialized: Frames=1024, Channels=2, Samples=2048
[2026.01.02-13.29.46:847][577]LogAudioMixer: Display: Starting AudioMixerPlatformInterface::RunInternal()
[2026.01.02-13.29.46:847][577]LogAudioMixer: Display: FMixerPlatformXAudio2::SubmitBuffer() called for the first time
[2026.01.02-13.29.46:847][577]LogInit: FAudioDevice initialized.
[2026.01.02-13.29.46:847][577]LogAudio: Display: Audio Device (ID: 18) registered with world '01Gameplay'.
[2026.01.02-13.29.46:870][577]LogSlate: Updating window title bar state: overlay mode, drag disabled, window buttons hidden, title bar hidden
[2026.01.02-13.29.46:870][577]LogLoad: Game class is 'BP_Gameplay_GameMode_C'
[2026.01.02-13.29.46:872][577]LogWorld: Bringing World /Game/Maps/UEDPIE_0_01Gameplay.01Gameplay up for play (max tick rate 0) at 2026.01.02-15.29.46
[2026.01.02-13.29.46:872][577]LogWorld: Bringing up level for play took: 0.001819
[2026.01.02-13.29.46:872][577]LogOnline: OSS: Creating online subsystem instance for: :Context_52
[2026.01.02-13.29.46:878][577]PIE: Server logged in
[2026.01.02-13.29.46:880][577]PIE: Play in editor total start time 0,083 seconds.
[2026.01.02-13.29.58:323][943]LogPlayerController: Error: InputMode:UIOnly - Attempting to focus Non-Focusable widget SObjectWidget [Widget.cpp(799)]!
[2026.01.02-13.29.58:323][943]LogViewport: Display: Viewport MouseLockMode Changed, LockOnCapture -> DoNotLock
[2026.01.02-13.29.58:323][943]LogViewport: Display: Viewport MouseCaptureMode Changed, CapturePermanently_IncludingInitialMouseDown -> NoCapture
[2026.01.02-13.29.59:863][128]LogViewport: Display: Viewport MouseLockMode Changed, DoNotLock -> LockOnCapture
[2026.01.02-13.29.59:863][128]LogViewport: Display: Viewport MouseCaptureMode Changed, NoCapture -> CapturePermanently
[2026.01.02-13.30.06:556][931]LogPlayerController: Error: InputMode:UIOnly - Attempting to focus Non-Focusable widget SObjectWidget [Widget.cpp(799)]!
[2026.01.02-13.30.06:556][931]LogViewport: Display: Viewport MouseLockMode Changed, LockOnCapture -> DoNotLock
[2026.01.02-13.30.06:556][931]LogViewport: Display: Viewport MouseCaptureMode Changed, CapturePermanently -> NoCapture
[2026.01.02-13.30.07:505][ 45]LogViewport: Display: Viewport MouseLockMode Changed, DoNotLock -> LockOnCapture
[2026.01.02-13.30.07:505][ 45]LogViewport: Display: Viewport MouseCaptureMode Changed, NoCapture -> CapturePermanently
[2026.01.02-13.30.08:905][210]LogSlate: Updating window title bar state: overlay mode, drag disabled, window buttons hidden, title bar hidden
[2026.01.02-13.30.08:905][210]LogWorld: BeginTearingDown for /Game/Maps/UEDPIE_0_01Gameplay
[2026.01.02-13.30.08:905][210]LogSlate: Window 'Game Preview [NetMode: Standalone]  (64-bit/Windows) ' being destroyed
[2026.01.02-13.30.08:910][210]LogWorld: UWorld::CleanupWorld for 01Gameplay, bSessionEnded=true, bCleanupResources=true
[2026.01.02-13.30.08:910][210]LogSlate: InvalidateAllWidgets triggered.  All widgets were invalidated
[2026.01.02-13.30.08:914][210]LogPlayLevel: Display: Shutting down PIE online subsystems
[2026.01.02-13.30.08:921][210]LogSlate: InvalidateAllWidgets triggered.  All widgets were invalidated
[2026.01.02-13.30.08:947][210]LogAudio: Display: Audio Device unregistered from world 'None'.
[2026.01.02-13.30.08:948][210]LogAudioMixer: FMixerPlatformXAudio2::StopAudioStream() called
[2026.01.02-13.30.08:948][210]LogAudioMixer: FMixerPlatformXAudio2::StopAudioStream() called
[2026.01.02-13.30.08:954][210]LogUObjectHash: Compacting FUObjectHashTables data took   2.34ms
[2026.01.02-13.30.08:987][213]LogPlayLevel: Display: Destroying online subsystem :Context_52
[2026.01.02-13.30.27:729][446]BlueprintLog: New page: Compile BP_HaroChar
[2026.01.02-13.30.27:785][446]LogUObjectHash: Compacting FUObjectHashTables data took   2.49ms
[2026.01.02-13.30.28:244][486]Cmd: OBJ SAVEPACKAGE PACKAGE="/Game/HeroChar/BP_HaroChar" FILE="D:/Artemii/Game/Game/Content/HeroChar/BP_HaroChar.uasset" SILENT=true
[2026.01.02-13.30.28:277][486]LogSavePackage: Moving 'D:/Artemii/Game/Game/Saved/BP_HaroChar0680EB204ED936C09D354BB76FFCBB47.tmp' to 'D:/Artemii/Game/Game/Content/HeroChar/BP_HaroChar.uasset'
[2026.01.02-13.30.28:288][486]AssetCheck: New page: Asset Save: BP_HaroChar
[2026.01.02-13.30.28:289][486]LogContentValidation: Display: Validating Blueprint /Game/HeroChar/BP_HaroChar.BP_HaroChar
[2026.01.02-13.30.29:648][634]LogWorld: UWorld::CleanupWorld for World_21, bSessionEnded=true, bCleanupResources=true
[2026.01.02-13.30.29:648][634]LogSlate: InvalidateAllWidgets triggered.  All widgets were invalidated
[2026.01.02-13.30.29:675][634]LogTemp: Warning: OnLevelViewportClientListChanged
[2026.01.02-13.30.30:413][718]BlueprintLog: New page: Compile BP_Gameplay_GameMode
[2026.01.02-13.30.30:470][718]LogUObjectHash: Compacting FUObjectHashTables data took   2.95ms
[2026.01.02-13.30.31:240][807]Cmd: OBJ SAVEPACKAGE PACKAGE="/Game/GameLogic/BP_Gameplay_GameMode" FILE="D:/Artemii/Game/Game/Content/GameLogic/BP_Gameplay_GameMode.uasset" SILENT=true
[2026.01.02-13.30.31:286][807]LogSavePackage: Moving 'D:/Artemii/Game/Game/Saved/BP_Gameplay_GameMode2277F343414B9915B495EA81DB3D9E4B.tmp' to 'D:/Artemii/Game/Game/Content/GameLogic/BP_Gameplay_GameMode.uasset'
[2026.01.02-13.30.31:298][807]AssetCheck: New page: Asset Save: BP_Gameplay_GameMode
[2026.01.02-13.30.31:298][807]LogContentValidation: Display: Validating Blueprint /Game/GameLogic/BP_Gameplay_GameMode.BP_Gameplay_GameMode
[2026.01.02-13.30.32:065][891]LogActorComponent: UnregisterComponent: (/Engine/Transient.EditorFloorComp) Not registered. Aborting.
[2026.01.02-13.30.32:065][891]LogWorld: UWorld::CleanupWorld for World_19, bSessionEnded=true, bCleanupResources=true
[2026.01.02-13.30.32:065][891]LogSlate: InvalidateAllWidgets triggered.  All widgets were invalidated
[2026.01.02-13.30.32:093][891]LogTemp: Warning: OnLevelViewportClientListChanged
[2026.01.02-13.30.33:355][ 20]BlueprintLog: New page: Compile BP_Totem
[2026.01.02-13.30.33:408][ 20]LogUObjectHash: Compacting FUObjectHashTables data took   3.05ms
[2026.01.02-13.30.33:778][ 55]Cmd: OBJ SAVEPACKAGE PACKAGE="/Game/Objects/Totem/BP_Totem" FILE="D:/Artemii/Game/Game/Content/Objects/Totem/BP_Totem.uasset" SILENT=true
[2026.01.02-13.30.33:804][ 55]LogSavePackage: Moving 'D:/Artemii/Game/Game/Saved/BP_Totem03B5ED734D975B1392D1C0B51E9B0B80.tmp' to 'D:/Artemii/Game/Game/Content/Objects/Totem/BP_Totem.uasset'
[2026.01.02-13.30.33:826][ 55]AssetCheck: New page: Asset Save: BP_Totem
[2026.01.02-13.30.33:826][ 55]LogContentValidation: Display: Validating Blueprint /Game/Objects/Totem/BP_Totem.BP_Totem
[2026.01.02-13.30.34:709][159]LogActorComponent: UnregisterComponent: (/Engine/Transient.EditorFloorComp) Not registered. Aborting.
[2026.01.02-13.30.34:709][159]LogWorld: UWorld::CleanupWorld for World_17, bSessionEnded=true, bCleanupResources=true
[2026.01.02-13.30.34:709][159]LogSlate: InvalidateAllWidgets triggered.  All widgets were invalidated
[2026.01.02-13.30.34:737][159]LogTemp: Warning: OnLevelViewportClientListChanged
[2026.01.02-13.30.36:346][336]BlueprintLog: New page: Compile ABP_HeroChar
[2026.01.02-13.30.36:368][336]LogScript: Warning: Accessed None trying to read property HaroCharRefer
	ABP_HeroChar_C /Engine/Transient.World_33:PersistentLevel.AnimationEditorPreviewActor_0.DebugSkelMeshComponent_0.ABP_HeroChar_C_1
	Function /Game/HeroChar/Animations/ABP_HeroChar.ABP_HeroChar_C:ExecuteUbergraph_ABP_HeroChar:022D
[2026.01.02-13.30.36:368][336]LogScript: Warning: Accessed None trying to read property HaroCharRefer
	ABP_HeroChar_C /Engine/Transient.World_33:PersistentLevel.AnimationEditorPreviewActor_0.DebugSkelMeshComponent_0.ABP_HeroChar_C_1
	Function /Game/HeroChar/Animations/ABP_HeroChar.ABP_HeroChar_C:ExecuteUbergraph_ABP_HeroChar:02B9
[2026.01.02-13.30.36:368][336]LogScript: Warning: Accessed None
	ABP_HeroChar_C /Engine/Transient.World_33:PersistentLevel.AnimationEditorPreviewActor_0.DebugSkelMeshComponent_0.ABP_HeroChar_C_1
	Function /Game/HeroChar/Animations/ABP_HeroChar.ABP_HeroChar_C:ExecuteUbergraph_ABP_HeroChar:02CE
[2026.01.02-13.30.36:368][336]LogScript: Warning: Accessed None trying to read property HaroCharRefer
	ABP_HeroChar_C /Engine/Transient.World_33:PersistentLevel.AnimationEditorPreviewActor_0.DebugSkelMeshComponent_0.ABP_HeroChar_C_1
	Function /Game/HeroChar/Animations/ABP_HeroChar.ABP_HeroChar_C:ExecuteUbergraph_ABP_HeroChar:01FA
[2026.01.02-13.30.36:368][336]LogScript: Warning: Accessed None trying to read property HaroCharRefer
	ABP_HeroChar_C /Engine/Transient.World_24:PersistentLevel.SkeletalMeshActor_0.SkeletalMeshComponent0.ABP_HeroChar_C_1
	Function /Game/HeroChar/Animations/ABP_HeroChar.ABP_HeroChar_C:ExecuteUbergraph_ABP_HeroChar:022D
[2026.01.02-13.30.36:368][336]LogScript: Warning: Accessed None trying to read property HaroCharRefer
	ABP_HeroChar_C /Engine/Transient.World_24:PersistentLevel.SkeletalMeshActor_0.SkeletalMeshComponent0.ABP_HeroChar_C_1
	Function /Game/HeroChar/Animations/ABP_HeroChar.ABP_HeroChar_C:ExecuteUbergraph_ABP_HeroChar:02B9
[2026.01.02-13.30.36:368][336]LogScript: Warning: Accessed None
	ABP_HeroChar_C /Engine/Transient.World_24:PersistentLevel.SkeletalMeshActor_0.SkeletalMeshComponent0.ABP_HeroChar_C_1
	Function /Game/HeroChar/Animations/ABP_HeroChar.ABP_HeroChar_C:ExecuteUbergraph_ABP_HeroChar:02CE
[2026.01.02-13.30.36:368][336]LogScript: Warning: Accessed None trying to read property HaroCharRefer
	ABP_HeroChar_C /Engine/Transient.World_24:PersistentLevel.SkeletalMeshActor_0.SkeletalMeshComponent0.ABP_HeroChar_C_1
	Function /Game/HeroChar/Animations/ABP_HeroChar.ABP_HeroChar_C:ExecuteUbergraph_ABP_HeroChar:01FA
[2026.01.02-13.30.36:395][336]LogUObjectHash: Compacting FUObjectHashTables data took   2.98ms
[2026.01.02-13.30.36:400][336]LogScript: Warning: Accessed None trying to read property HaroCharRefer
	ABP_HeroChar_C /Engine/Transient.World_33:PersistentLevel.AnimationEditorPreviewActor_0.DebugSkelMeshComponent_0.ABP_HeroChar_C_1
	Function /Game/HeroChar/Animations/ABP_HeroChar.ABP_HeroChar_C:ExecuteUbergraph_ABP_HeroChar:022D
[2026.01.02-13.30.36:400][336]LogScript: Warning: Accessed None trying to read property HaroCharRefer
	ABP_HeroChar_C /Engine/Transient.World_33:PersistentLevel.AnimationEditorPreviewActor_0.DebugSkelMeshComponent_0.ABP_HeroChar_C_1
	Function /Game/HeroChar/Animations/ABP_HeroChar.ABP_HeroChar_C:ExecuteUbergraph_ABP_HeroChar:02B9
[2026.01.02-13.30.36:400][336]LogScript: Warning: Accessed None
	ABP_HeroChar_C /Engine/Transient.World_33:PersistentLevel.AnimationEditorPreviewActor_0.DebugSkelMeshComponent_0.ABP_HeroChar_C_1
	Function /Game/HeroChar/Animations/ABP_HeroChar.ABP_HeroChar_C:ExecuteUbergraph_ABP_HeroChar:02CE
[2026.01.02-13.30.36:400][336]LogScript: Warning: Accessed None trying to read property HaroCharRefer
	ABP_HeroChar_C /Engine/Transient.World_33:PersistentLevel.AnimationEditorPreviewActor_0.DebugSkelMeshComponent_0.ABP_HeroChar_C_1
	Function /Game/HeroChar/Animations/ABP_HeroChar.ABP_HeroChar_C:ExecuteUbergraph_ABP_HeroChar:01FA
[2026.01.02-13.30.36:417][337]LogScript: Warning: Accessed None trying to read property HaroCharRefer
	ABP_HeroChar_C /Engine/Transient.World_33:PersistentLevel.AnimationEditorPreviewActor_0.DebugSkelMeshComponent_0.ABP_HeroChar_C_1
	Function /Game/HeroChar/Animations/ABP_HeroChar.ABP_HeroChar_C:ExecuteUbergraph_ABP_HeroChar:022D
[2026.01.02-13.30.36:417][337]LogScript: Warning: Accessed None trying to read property HaroCharRefer
	ABP_HeroChar_C /Engine/Transient.World_33:PersistentLevel.AnimationEditorPreviewActor_0.DebugSkelMeshComponent_0.ABP_HeroChar_C_1
	Function /Game/HeroChar/Animations/ABP_HeroChar.ABP_HeroChar_C:ExecuteUbergraph_ABP_HeroChar:02B9
[2026.01.02-13.30.36:417][337]LogScript: Warning: Accessed None
	ABP_HeroChar_C /Engine/Transient.World_33:PersistentLevel.AnimationEditorPreviewActor_0.DebugSkelMeshComponent_0.ABP_HeroChar_C_1
	Function /Game/HeroChar/Animations/ABP_HeroChar.ABP_HeroChar_C:ExecuteUbergraph_ABP_HeroChar:02CE
[2026.01.02-13.30.36:417][337]LogScript: Warning: Accessed None trying to read property HaroCharRefer
	ABP_HeroChar_C /Engine/Transient.World_33:PersistentLevel.AnimationEditorPreviewActor_0.DebugSkelMeshComponent_0.ABP_HeroChar_C_1
	Function /Game/HeroChar/Animations/ABP_HeroChar.ABP_HeroChar_C:ExecuteUbergraph_ABP_HeroChar:01FA
[2026.01.02-13.30.36:912][392]Cmd: OBJ SAVEPACKAGE PACKAGE="/Game/HeroChar/Animations/ABP_HeroChar" FILE="D:/Artemii/Game/Game/Content/HeroChar/Animations/ABP_HeroChar.uasset" SILENT=true
[2026.01.02-13.30.36:943][392]LogSavePackage: Moving 'D:/Artemii/Game/Game/Saved/ABP_HeroCharADE8130548CE9507EB4D909B19812C23.tmp' to 'D:/Artemii/Game/Game/Content/HeroChar/Animations/ABP_HeroChar.uasset'
[2026.01.02-13.30.36:955][392]AssetCheck: New page: Asset Save: ABP_HeroChar
[2026.01.02-13.30.36:955][392]LogContentValidation: Display: Validating AnimBlueprint /Game/HeroChar/Animations/ABP_HeroChar.ABP_HeroChar
[2026.01.02-13.30.37:758][484]LogWorld: UWorld::CleanupWorld for World_33, bSessionEnded=true, bCleanupResources=true
[2026.01.02-13.30.37:758][484]LogSlate: InvalidateAllWidgets triggered.  All widgets were invalidated
[2026.01.02-13.30.37:767][484]LogWorld: UWorld::CleanupWorld for World_32, bSessionEnded=true, bCleanupResources=true
[2026.01.02-13.30.37:767][484]LogSlate: InvalidateAllWidgets triggered.  All widgets were invalidated
[2026.01.02-13.30.37:792][484]LogTemp: Warning: OnLevelViewportClientListChanged
[2026.01.02-13.30.37:819][484]LogWorld: UWorld::CleanupWorld for World_34, bSessionEnded=true, bCleanupResources=true
[2026.01.02-13.30.37:819][484]LogSlate: InvalidateAllWidgets triggered.  All widgets were invalidated
[2026.01.02-13.30.38:713][580]BlueprintLog: New page: Compile BP_SKGun
[2026.01.02-13.30.38:760][580]LogUObjectHash: Compacting FUObjectHashTables data took   2.89ms
[2026.01.02-13.30.39:133][619]Cmd: OBJ SAVEPACKAGE PACKAGE="/Game/HeroChar/Gun/SKGun/BP_SKGun" FILE="D:/Artemii/Game/Game/Content/HeroChar/Gun/SKGun/BP_SKGun.uasset" SILENT=true
[2026.01.02-13.30.39:142][619]LogSavePackage: Moving 'D:/Artemii/Game/Game/Saved/BP_SKGunD29A1854420D43039F6102AABA153A16.tmp' to 'D:/Artemii/Game/Game/Content/HeroChar/Gun/SKGun/BP_SKGun.uasset'
[2026.01.02-13.30.39:153][619]AssetCheck: New page: Asset Save: BP_SKGun
[2026.01.02-13.30.39:153][619]LogContentValidation: Display: Validating Blueprint /Game/HeroChar/Gun/SKGun/BP_SKGun.BP_SKGun
[2026.01.02-13.30.40:316][753]LogActorComponent: UnregisterComponent: (/Engine/Transient.EditorFloorComp) Not registered. Aborting.
[2026.01.02-13.30.40:316][753]LogWorld: UWorld::CleanupWorld for World_22, bSessionEnded=true, bCleanupResources=true
[2026.01.02-13.30.40:316][753]LogSlate: InvalidateAllWidgets triggered.  All widgets were invalidated
[2026.01.02-13.30.40:343][753]LogTemp: Warning: OnLevelViewportClientListChanged
[2026.01.02-13.30.41:587][898]BlueprintLog: New page: Compile BP_PortalLevel
[2026.01.02-13.30.41:640][898]LogUObjectHash: Compacting FUObjectHashTables data took   3.01ms
[2026.01.02-13.30.43:496][104]Cmd: OBJ SAVEPACKAGE PACKAGE="/Game/Objects/LevelPortal/BP_PortalLevel" FILE="D:/Artemii/Game/Game/Content/Objects/LevelPortal/BP_PortalLevel.uasset" SILENT=true
[2026.01.02-13.30.43:503][104]LogSavePackage: Moving 'D:/Artemii/Game/Game/Saved/BP_PortalLevelD2A9E16142060D4B4BC98E8618903F42.tmp' to 'D:/Artemii/Game/Game/Content/Objects/LevelPortal/BP_PortalLevel.uasset'
[2026.01.02-13.30.43:524][104]AssetCheck: New page: Asset Save: BP_PortalLevel
[2026.01.02-13.30.43:524][104]LogContentValidation: Display: Validating Blueprint /Game/Objects/LevelPortal/BP_PortalLevel.BP_PortalLevel
[2026.01.02-13.30.44:480][217]BlueprintLog: New page: Compile BP_Projectil
[2026.01.02-13.30.44:530][217]LogUObjectHash: Compacting FUObjectHashTables data took   2.62ms
[2026.01.02-13.30.44:950][263]Cmd: OBJ SAVEPACKAGE PACKAGE="/Game/HeroChar/Gun/BP_Projectil" FILE="D:/Artemii/Game/Game/Content/HeroChar/Gun/BP_Projectil.uasset" SILENT=true
[2026.01.02-13.30.44:956][263]LogSavePackage: Moving 'D:/Artemii/Game/Game/Saved/BP_Projectil02F685C646F95CB7993B78850E595D81.tmp' to 'D:/Artemii/Game/Game/Content/HeroChar/Gun/BP_Projectil.uasset'
[2026.01.02-13.30.44:966][263]AssetCheck: New page: Asset Save: BP_Projectil
[2026.01.02-13.30.44:966][263]LogContentValidation: Display: Validating Blueprint /Game/HeroChar/Gun/BP_Projectil.BP_Projectil
[2026.01.02-13.30.47:708][571]Cmd: OBJ SAVEPACKAGE PACKAGE="/Game/Maps/01Gameplay" FILE="D:/Artemii/Game/Game/Content/Maps/01Gameplay.umap" SILENT=true AUTOSAVING=false KEEPDIRTY=false
[2026.01.02-13.30.47:726][571]LogUObjectHash: Compacting FUObjectHashTables data took   2.19ms
[2026.01.02-13.30.47:751][571]LogSavePackage: Moving 'D:/Artemii/Game/Game/Saved/01Gameplay46DEC14C44CD5AAA5534D4B19D1D4BFE.tmp' to 'D:/Artemii/Game/Game/Content/Maps/01Gameplay.umap'
[2026.01.02-13.30.47:762][571]Cmd: OBJ SAVEPACKAGE PACKAGE="/Game/Maps/01Gameplay_BuiltData" FILE="D:/Artemii/Game/Game/Content/Maps/01Gameplay_BuiltData.uasset" SILENT=true
[2026.01.02-13.30.47:773][571]LogSavePackage: Moving 'D:/Artemii/Game/Game/Saved/01Gameplay_BuiltDataB87BC22441887AF7EAA78697420EC6E8.tmp' to 'D:/Artemii/Game/Game/Content/Maps/01Gameplay_BuiltData.uasset'
[2026.01.02-13.30.47:783][571]AssetCheck: New page: Asset Save: multiple assets
[2026.01.02-13.30.47:783][571]LogContentValidation: Display: Validating World /Game/Maps/01Gameplay.01Gameplay
[2026.01.02-13.30.47:783][571]LogContentValidation: Display: Validating MapBuildDataRegistry /Game/Maps/01Gameplay_BuiltData.01Gameplay_BuiltData
[2026.01.02-13.30.53:592][258]LogUObjectHash: Compacting FUObjectHashTables data took   1.83ms
[2026.01.02-13.30.55:368][258]LogSlate: Window 'Save Content' being destroyed
[2026.01.02-13.30.55:396][258]Cmd: OBJ SAVEPACKAGE PACKAGE="/Game/Maps/02Boss" FILE="D:/Artemii/Game/Game/Content/Maps/02Boss.umap" SILENT=true AUTOSAVING=false KEEPDIRTY=false
[2026.01.02-13.30.55:428][258]LogUObjectHash: Compacting FUObjectHashTables data took   1.77ms
[2026.01.02-13.30.55:442][258]LogSavePackage: Moving 'D:/Artemii/Game/Game/Saved/02Boss540051094FBA7E9638012F81A00CEEA5.tmp' to 'D:/Artemii/Game/Game/Content/Maps/02Boss.umap'
[2026.01.02-13.30.55:449][258]LogFileHelpers: Saving map '02Boss' took 0.054
[2026.01.02-13.30.55:505][258]LogActorComponent: UnregisterComponent: (/Engine/Transient.EditorFloorComp) Not registered. Aborting.
[2026.01.02-13.30.55:505][258]LogWorld: UWorld::CleanupWorld for World_2, bSessionEnded=true, bCleanupResources=true
[2026.01.02-13.30.55:505][258]LogSlate: InvalidateAllWidgets triggered.  All widgets were invalidated
[2026.01.02-13.30.55:527][258]LogTemp: Warning: OnLevelViewportClientListChanged
[2026.01.02-13.30.55:537][258]LogActorComponent: UnregisterComponent: (/Engine/Transient.EditorFloorComp) Not registered. Aborting.
[2026.01.02-13.30.55:537][258]LogWorld: UWorld::CleanupWorld for World_4, bSessionEnded=true, bCleanupResources=true
[2026.01.02-13.30.55:537][258]LogSlate: InvalidateAllWidgets triggered.  All widgets were invalidated
[2026.01.02-13.30.55:557][258]LogTemp: Warning: OnLevelViewportClientListChanged
[2026.01.02-13.30.55:587][258]LogSlate: Window 'Game - Unreal Editor' being destroyed
[2026.01.02-13.30.55:646][258]LogTemp: Warning: OnLevelViewportClientListChanged
[2026.01.02-13.30.55:657][258]LogTemp: Warning: OnLevelViewportClientListChanged
[2026.01.02-13.30.55:665][258]LogTemp: Warning: OnLevelViewportClientListChanged
[2026.01.02-13.30.55:681][258]LogTemp: Warning: OnLevelViewportClientListChanged
[2026.01.02-13.30.55:689][258]LogTemp: Warning: OnLevelViewportClientListChanged
[2026.01.02-13.30.55:713][258]AssetCheck: New page: Asset Save: 02Boss
[2026.01.02-13.30.55:713][258]LogContentValidation: Display: Validating World /Game/Maps/02Boss.02Boss
[2026.01.02-13.30.55:715][259]Cmd: QUIT_EDITOR
[2026.01.02-13.30.55:715][259]LogCore: Engine exit requested (reason: UUnrealEdEngine::CloseEditor())
[2026.01.02-13.30.55:718][259]LogCore: Engine exit requested (reason: EngineExit() was called; note: exit was already requested)
[2026.01.02-13.30.55:915][259]LogAudio: Display: Beginning Audio Device Manager Shutdown (Module: AudioMixerXAudio2)...
[2026.01.02-13.30.55:915][259]LogAudio: Display: Destroying 1 Remaining Audio Device(s)...
[2026.01.02-13.30.55:915][259]LogAudio: Display: Audio Device unregistered from world '01Gameplay'.
[2026.01.02-13.30.55:915][259]LogAudioMixer: FMixerPlatformXAudio2::StopAudioStream() called
[2026.01.02-13.30.55:916][259]LogAudioMixer: FMixerPlatformXAudio2::StopAudioStream() called
[2026.01.02-13.30.55:921][259]LogAudio: Display: Audio Device Manager Shutdown
[2026.01.02-13.30.55:922][259]LogWindowsTextInputMethodSystem: Display: IME system deactivated.
[2026.01.02-13.30.55:929][259]LogExit: Preparing to exit.
[2026.01.02-13.30.55:969][259]LogUObjectHash: Compacting FUObjectHashTables data took   2.37ms
[2026.01.02-13.30.56:360][259]LogWorld: UWorld::CleanupWorld for World_5, bSessionEnded=true, bCleanupResources=true
[2026.01.02-13.30.56:363][259]LogWorld: UWorld::CleanupWorld for World_9, bSessionEnded=true, bCleanupResources=true
[2026.01.02-13.30.56:366][259]LogWorld: UWorld::CleanupWorld for World_10, bSessionEnded=true, bCleanupResources=true
[2026.01.02-13.30.56:368][259]LogWorld: UWorld::CleanupWorld for World_11, bSessionEnded=true, bCleanupResources=true
[2026.01.02-13.30.56:370][259]LogWorld: UWorld::CleanupWorld for World_12, bSessionEnded=true, bCleanupResources=true
[2026.01.02-13.30.56:371][259]LogWorld: UWorld::CleanupWorld for World_13, bSessionEnded=true, bCleanupResources=true
[2026.01.02-13.30.56:373][259]LogWorld: UWorld::CleanupWorld for World_15, bSessionEnded=true, bCleanupResources=true
[2026.01.02-13.30.56:376][259]LogWorld: UWorld::CleanupWorld for World_16, bSessionEnded=true, bCleanupResources=true
[2026.01.02-13.30.56:378][259]LogWorld: UWorld::CleanupWorld for World_18, bSessionEnded=true, bCleanupResources=true
[2026.01.02-13.30.56:380][259]LogWorld: UWorld::CleanupWorld for World_20, bSessionEnded=true, bCleanupResources=true
[2026.01.02-13.30.56:381][259]LogWorld: UWorld::CleanupWorld for World_35, bSessionEnded=true, bCleanupResources=true
[2026.01.02-13.30.56:383][259]LogWorld: UWorld::CleanupWorld for World_36, bSessionEnded=true, bCleanupResources=true
[2026.01.02-13.30.56:384][259]LogWorld: UWorld::CleanupWorld for World_6, bSessionEnded=true, bCleanupResources=true
[2026.01.02-13.30.56:385][259]LogWorld: UWorld::CleanupWorld for World_7, bSessionEnded=true, bCleanupResources=true
[2026.01.02-13.30.56:387][259]LogWorld: UWorld::CleanupWorld for World_28, bSessionEnded=true, bCleanupResources=true
[2026.01.02-13.30.56:388][259]LogWorld: UWorld::CleanupWorld for World_23, bSessionEnded=true, bCleanupResources=true
[2026.01.02-13.30.56:390][259]LogWorld: UWorld::CleanupWorld for World_24, bSessionEnded=true, bCleanupResources=true
[2026.01.02-13.30.56:391][259]LogWorld: UWorld::CleanupWorld for World_29, bSessionEnded=true, bCleanupResources=true
[2026.01.02-13.30.56:423][259]LogDemo: Cleaned up 0 splitscreen connections with owner deletion
[2026.01.02-13.30.56:428][259]LogWorld: UWorld::CleanupWorld for None, bSessionEnded=true, bCleanupResources=true
[2026.01.02-13.30.56:428][259]LogExit: Editor shut down
[2026.01.02-13.30.56:428][259]LogExit: Transaction tracking system shut down
[2026.01.02-13.30.56:655][259]LogExit: Object subsystem successfully closed.
[2026.01.02-13.30.56:673][259]LogShaderCompilers: Display: === FShaderJobCache stats ===
[2026.01.02-13.30.56:673][259]LogShaderCompilers: Display: Total job queries 26, among them cache hits 0 (0.00%)
[2026.01.02-13.30.56:673][259]LogShaderCompilers: Display: Tracking 14 distinct input hashes that result in 11 distinct outputs (78.57%)
[2026.01.02-13.30.56:674][259]LogShaderCompilers: Display: RAM used: 0.06 MB (0.00 GB) of 1638.40 MB (1.60 GB) budget. Usage: 0.00%
[2026.01.02-13.30.56:674][259]LogShaderCompilers: Display: ================================================
[2026.01.02-13.30.56:686][259]LogShaderCompilers: Display: Shaders left to compile 0
[2026.01.02-13.30.56:699][259]LogModuleManager: Shutting down and abandoning module SequencerWidgets (888)
[2026.01.02-13.30.56:699][259]LogModuleManager: Shutting down and abandoning module AnimationEditor (886)
[2026.01.02-13.30.56:699][259]LogModuleManager: Shutting down and abandoning module PinnedCommandList (884)
[2026.01.02-13.30.56:699][259]LogModuleManager: Shutting down and abandoning module SkeletonEditor (882)
[2026.01.02-13.30.56:699][259]LogModuleManager: Shutting down and abandoning module MovieSceneCapture (880)
[2026.01.02-13.30.56:699][259]LogModuleManager: Shutting down and abandoning module Voice (878)
[2026.01.02-13.30.56:699][259]LogModuleManager: Shutting down and abandoning module BlueprintGraph (876)
[2026.01.02-13.30.56:699][259]LogModuleManager: Shutting down and abandoning module HierarchicalLODOutliner (874)
[2026.01.02-13.30.56:699][259]LogModuleManager: Shutting down and abandoning module SceneOutliner (872)
[2026.01.02-13.30.56:699][259]LogModuleManager: Shutting down and abandoning module AddContentDialog (870)
[2026.01.02-13.30.56:699][259]LogModuleManager: Shutting down and abandoning module WidgetCarousel (869)
[2026.01.02-13.30.56:699][259]LogModuleManager: Shutting down and abandoning module EditorWidgets (866)
[2026.01.02-13.30.56:699][259]LogModuleManager: Shutting down and abandoning module StatsViewer (864)
[2026.01.02-13.30.56:699][259]LogModuleManager: Shutting down and abandoning module PIEPreviewDeviceProfileSelector (862)
[2026.01.02-13.30.56:699][259]LogModuleManager: Shutting down and abandoning module SequenceRecorderSections (860)
[2026.01.02-13.30.56:699][259]LogModuleManager: Shutting down and abandoning module AutomationWorker (858)
[2026.01.02-13.30.56:699][259]LogModuleManager: Shutting down and abandoning module SteamVREditor (856)
[2026.01.02-13.30.56:699][259]LogModuleManager: Shutting down and abandoning module OculusMR (854)
[2026.01.02-13.30.56:699][259]LogModuleManager: Shutting down and abandoning module GooglePADEditor (852)
[2026.01.02-13.30.56:699][259]LogModuleManager: Shutting down and abandoning module MagicLeapMediaCodecFactory (850)
[2026.01.02-13.30.56:699][259]LogModuleManager: Shutting down and abandoning module MagicLeapMediaFactory (848)
[2026.01.02-13.30.56:699][259]LogModuleManager: Shutting down and abandoning module MagicLeapMediaEditor (846)
[2026.01.02-13.30.56:699][259]LogModuleManager: Shutting down and abandoning module TakeRecorderSources (844)
[2026.01.02-13.30.56:699][259]LogModuleManager: Shutting down and abandoning module TakeRecorder (843)
[2026.01.02-13.30.56:699][259]LogModuleManager: Shutting down and abandoning module TakeTrackRecorders (840)
[2026.01.02-13.30.56:699][259]LogModuleManager: Shutting down and abandoning module TakesCore (838)
[2026.01.02-13.30.56:699][259]LogModuleManager: Shutting down and abandoning module OpenXRInput (836)
[2026.01.02-13.30.56:699][259]LogModuleManager: Shutting down and abandoning module AudioCaptureEditor (834)
[2026.01.02-13.30.56:699][259]LogModuleManager: Shutting down and abandoning module PlanarCut (832)
[2026.01.02-13.30.56:699][259]LogModuleManager: Shutting down and abandoning module CharacterAI (830)
[2026.01.02-13.30.56:699][259]LogModuleManager: Shutting down and abandoning module TemplateSequenceEditor (828)
[2026.01.02-13.30.56:699][259]LogModuleManager: Shutting down and abandoning module MatineeToLevelSequence (826)
[2026.01.02-13.30.56:699][259]LogModuleManager: Shutting down and abandoning module LevelSequenceEditor (824)
[2026.01.02-13.30.56:699][259]LogModuleManager: Shutting down and abandoning module WmfMediaFactory (822)
[2026.01.02-13.30.56:699][259]LogModuleManager: Shutting down and abandoning module WmfMediaEditor (820)
[2026.01.02-13.30.56:699][259]LogModuleManager: Shutting down and abandoning module MediaPlayerEditor (818)
[2026.01.02-13.30.56:699][259]LogModuleManager: Shutting down and abandoning module OpenExrWrapper (816)
[2026.01.02-13.30.56:699][259]LogModuleManager: Shutting down and abandoning module ImgMediaFactory (814)
[2026.01.02-13.30.56:699][259]LogModuleManager: Shutting down and abandoning module ImgMediaEditor (812)
[2026.01.02-13.30.56:699][259]LogModuleManager: Shutting down and abandoning module ActorSequenceEditor (810)
[2026.01.02-13.30.56:699][259]LogModuleManager: Shutting down and abandoning module WebMMediaFactory (808)
[2026.01.02-13.30.56:699][259]LogModuleManager: Shutting down and abandoning module WebMMediaEditor (806)
[2026.01.02-13.30.56:699][259]LogModuleManager: Shutting down and abandoning module WebMMedia (804)
[2026.01.02-13.30.56:699][259]LogModuleManager: Shutting down and abandoning module MediaCompositingEditor (802)
[2026.01.02-13.30.56:700][259]LogModuleManager: Shutting down and abandoning module SequenceRecorder (801)
[2026.01.02-13.30.56:700][259]LogModuleManager: Shutting down and abandoning module AvfMediaFactory (798)
[2026.01.02-13.30.56:700][259]LogModuleManager: Shutting down and abandoning module AvfMediaEditor (796)
[2026.01.02-13.30.56:700][259]LogModuleManager: Shutting down and abandoning module AndroidMediaFactory (794)
[2026.01.02-13.30.56:700][259]LogModuleManager: Shutting down and abandoning module AndroidMediaEditor (792)
[2026.01.02-13.30.56:700][259]LogModuleManager: Shutting down and abandoning module TextureAlignMode (790)
[2026.01.02-13.30.56:700][259]LogModuleManager: Shutting down and abandoning module BspMode (788)
[2026.01.02-13.30.56:700][259]LogModuleManager: Shutting down and abandoning module GeometryMode (786)
[2026.01.02-13.30.56:700][259]LogModuleManager: Shutting down and abandoning module CameraShakePreviewer (784)
[2026.01.02-13.30.56:700][259]LogModuleManager: Shutting down and abandoning module SmartSnapping (782)
[2026.01.02-13.30.56:700][259]LogModuleManager: Shutting down and abandoning module SessionServices (780)
[2026.01.02-13.30.56:700][259]LogModuleManager: Shutting down and abandoning module MeshPaint (778)
[2026.01.02-13.30.56:700][259]LogModuleManager: Shutting down and abandoning module VirtualTexturingEditor (776)
[2026.01.02-13.30.56:700][259]LogModuleManager: Shutting down and abandoning module FoliageEdit (774)
[2026.01.02-13.30.56:700][259]LogModuleManager: Shutting down and abandoning module LandscapeEditor (772)
[2026.01.02-13.30.56:700][259]LogModuleManager: Shutting down and abandoning module MeshPaintMode (770)
[2026.01.02-13.30.56:700][259]LogModuleManager: Shutting down and abandoning module SceneDepthPickerMode (768)
[2026.01.02-13.30.56:700][259]LogModuleManager: Shutting down and abandoning module ActorPickerMode (766)
[2026.01.02-13.30.56:700][259]LogModuleManager: Shutting down and abandoning module PlacementMode (764)
[2026.01.02-13.30.56:700][259]LogModuleManager: Shutting down and abandoning module ViewportSnapping (762)
[2026.01.02-13.30.56:700][259]LogModuleManager: Shutting down and abandoning module ViewportInteraction (760)
[2026.01.02-13.30.56:700][259]LogModuleManager: Shutting down and abandoning module ClothPainter (758)
[2026.01.02-13.30.56:700][259]LogModuleManager: Shutting down and abandoning module SkeletalMeshEditor (757)
[2026.01.02-13.30.56:700][259]LogModuleManager: Shutting down and abandoning module LogVisualizer (754)
[2026.01.02-13.30.56:700][259]LogModuleManager: Shutting down and abandoning module IntroTutorials (752)
[2026.01.02-13.30.56:700][259]LogModuleManager: Shutting down and abandoning module GameProjectGeneration (751)
[2026.01.02-13.30.56:700][259]LogModuleManager: Shutting down and abandoning module LuminPlatformEditor (748)
[2026.01.02-13.30.56:700][259]LogModuleManager: Shutting down and abandoning module IOSPlatformEditor (746)
[2026.01.02-13.30.56:700][259]LogModuleManager: Shutting down and abandoning module AndroidPlatformEditor (744)
[2026.01.02-13.30.56:700][259]LogModuleManager: Shutting down and abandoning module AndroidDeviceDetection (743)
[2026.01.02-13.30.58:339][259]LogModuleManager: Shutting down and abandoning module WindowsPlatformEditor (740)
[2026.01.02-13.30.58:339][259]LogModuleManager: Shutting down and abandoning module LuminRuntimeSettings (738)
[2026.01.02-13.30.58:339][259]LogModuleManager: Shutting down and abandoning module IOSRuntimeSettings (736)
[2026.01.02-13.30.58:339][259]LogModuleManager: Shutting down and abandoning module AndroidRuntimeSettings (734)
[2026.01.02-13.30.58:339][259]LogModuleManager: Shutting down and abandoning module TraceInsights (732)
[2026.01.02-13.30.58:339][259]MemoryProfiler: Shutdown
[2026.01.02-13.30.58:339][259]NetworkingProfiler: Shutdown
[2026.01.02-13.30.58:339][259]LoadingProfiler: Shutdown
[2026.01.02-13.30.58:339][259]TimingProfiler: Shutdown
[2026.01.02-13.30.58:340][259]LogModuleManager: Shutting down and abandoning module TraceServices (731)
[2026.01.02-13.30.58:340][259]LogModuleManager: Shutting down and abandoning module EditorInteractiveToolsFramework (728)
[2026.01.02-13.30.58:340][259]LogModuleManager: Shutting down and abandoning module TimeManagementEditor (726)
[2026.01.02-13.30.58:340][259]LogModuleManager: Shutting down and abandoning module InputBindingEditor (724)
[2026.01.02-13.30.58:340][259]LogModuleManager: Shutting down and abandoning module MergeActors (722)
[2026.01.02-13.30.58:340][259]LogModuleManager: Shutting down and abandoning module LocalizationDashboard (720)
[2026.01.02-13.30.58:340][259]LogModuleManager: Shutting down and abandoning module LocalizationService (719)
[2026.01.02-13.30.58:340][259]LogModuleManager: Shutting down and abandoning module HardwareTargeting (716)
[2026.01.02-13.30.58:340][259]LogModuleManager: Shutting down and abandoning module DeviceProfileEditor (714)
[2026.01.02-13.30.58:340][259]LogModuleManager: Shutting down and abandoning module UndoHistory (712)
[2026.01.02-13.30.58:340][259]LogModuleManager: Shutting down and abandoning module XmlParser (710)
[2026.01.02-13.30.58:340][259]LogModuleManager: Shutting down and abandoning module Blutility (708)
[2026.01.02-13.30.58:340][259]LogModuleManager: Shutting down and abandoning module ProjectSettingsViewer (706)
[2026.01.02-13.30.58:340][259]LogModuleManager: Shutting down and abandoning module ProjectTargetPlatformEditor (705)
[2026.01.02-13.30.58:340][259]LogModuleManager: Shutting down and abandoning module EditorSettingsViewer (702)
[2026.01.02-13.30.58:340][259]LogModuleManager: Shutting down and abandoning module InternationalizationSettings (701)
[2026.01.02-13.30.58:340][259]LogModuleManager: Shutting down and abandoning module SettingsEditor (698)
[2026.01.02-13.30.58:340][259]LogModuleManager: Shutting down and abandoning module ProjectLauncher (696)
[2026.01.02-13.30.58:340][259]LogModuleManager: Shutting down and abandoning module SessionFrontend (694)
[2026.01.02-13.30.58:340][259]LogModuleManager: Shutting down and abandoning module ProfilerClient (692)
[2026.01.02-13.30.58:340][259]LogModuleManager: Shutting down and abandoning module DeviceManager (690)
[2026.01.02-13.30.58:340][259]LogModuleManager: Shutting down and abandoning module TargetDeviceServices (689)
[2026.01.02-13.30.58:374][259]LogModuleManager: Shutting down and abandoning module AutomationController (686)
[2026.01.02-13.30.58:374][259]LogModuleManager: Shutting down and abandoning module AutomationWindow (684)
[2026.01.02-13.30.58:374][259]LogModuleManager: Shutting down and abandoning module Layers (682)
[2026.01.02-13.30.58:374][259]LogModuleManager: Shutting down and abandoning module ComponentVisualizers (680)
[2026.01.02-13.30.58:374][259]LogModuleManager: Shutting down and abandoning module DetailCustomizations (678)
[2026.01.02-13.30.58:374][259]LogModuleManager: Shutting down and abandoning module PackagesDialog (676)
[2026.01.02-13.30.58:375][259]LogModuleManager: Shutting down and abandoning module AnimationBlueprintEditor (674)
[2026.01.02-13.30.58:375][259]LogModuleManager: Shutting down and abandoning module Persona (672)
[2026.01.02-13.30.58:375][259]LogModuleManager: Shutting down and abandoning module AdvancedPreviewScene (671)
[2026.01.02-13.30.58:375][259]LogModuleManager: Shutting down and abandoning module AnimGraph (669)
[2026.01.02-13.30.58:375][259]LogModuleManager: Shutting down and abandoning module Kismet (666)
[2026.01.02-13.30.58:389][259]LogModuleManager: Shutting down and abandoning module KismetWidgets (665)
[2026.01.02-13.30.58:389][259]LogModuleManager: Shutting down and abandoning module GraphEditor (662)
[2026.01.02-13.30.58:389][259]LogModuleManager: Shutting down and abandoning module StructViewer (660)
[2026.01.02-13.30.58:389][259]LogModuleManager: Shutting down and abandoning module ClassViewer (658)
[2026.01.02-13.30.58:389][259]LogModuleManager: Shutting down and abandoning module Toolbox (656)
[2026.01.02-13.30.58:389][259]LogModuleManager: Shutting down and abandoning module ModuleUI (654)
[2026.01.02-13.30.58:389][259]LogModuleManager: Shutting down and abandoning module OutputLog (652)
[2026.01.02-13.30.58:390][259]LogModuleManager: Shutting down and abandoning module GammaUI (650)
[2026.01.02-13.30.58:390][259]LogModuleManager: Shutting down and abandoning module Documentation (648)
[2026.01.02-13.30.58:390][259]LogModuleManager: Shutting down and abandoning module LiveCoding (646)
[2026.01.02-13.30.58:390][259]LogModuleManager: Shutting down and abandoning module LevelSequence (644)
[2026.01.02-13.30.58:390][259]LogModuleManager: Shutting down and abandoning module MovieSceneTracks (642)
[2026.01.02-13.30.58:390][259]LogModuleManager: Shutting down and abandoning module MovieScene (640)
[2026.01.02-13.30.58:390][259]LogModuleManager: Shutting down and abandoning module StreamingPauseRendering (638)
[2026.01.02-13.30.58:390][259]LogModuleManager: Shutting down and abandoning module LauncherPlatform (636)
[2026.01.02-13.30.58:390][259]LogModuleManager: Shutting down and abandoning module AnalyticsET (634)
[2026.01.02-13.30.58:390][259]LogModuleManager: Shutting down and abandoning module PortalServices (632)
[2026.01.02-13.30.58:390][259]LogModuleManager: Shutting down and abandoning module PortalRpc (630)
[2026.01.02-13.30.58:390][259]LogModuleManager: Shutting down and abandoning module MessagingRpc (628)
[2026.01.02-13.30.58:390][259]LogModuleManager: Shutting down and abandoning module AudioMixerXAudio2 (626)
[2026.01.02-13.30.58:390][259]LogModuleManager: Shutting down and abandoning module AudioMixerCore (625)
[2026.01.02-13.30.58:390][259]LogModuleManager: Shutting down and abandoning module AIModule (622)
[2026.01.02-13.30.58:390][259]LogModuleManager: Shutting down and abandoning module GameplayDebugger (621)
[2026.01.02-13.30.58:390][259]LogModuleManager: Shutting down and abandoning module AITestSuite (619)
[2026.01.02-13.30.58:390][259]LogModuleManager: Shutting down and abandoning module NavigationSystem (617)
[2026.01.02-13.30.58:391][259]LogModuleManager: Shutting down and abandoning module ImageWriteQueue (614)
[2026.01.02-13.30.58:401][259]LogModuleManager: Shutting down and abandoning module ProfilerService (612)
[2026.01.02-13.30.58:576][259]LogModuleManager: Shutting down and abandoning module TaskGraph (610)
[2026.01.02-13.30.58:577][259]LogModuleManager: Shutting down and abandoning module AudioSynesthesiaEditor (608)
[2026.01.02-13.30.58:577][259]LogModuleManager: Shutting down and abandoning module OculusEditor (606)
[2026.01.02-13.30.58:578][259]LogModuleManager: Shutting down and abandoning module OculusInput (604)
[2026.01.02-13.30.58:578][259]LogModuleManager: Shutting down and abandoning module ContentBrowserAssetDataSource (602)
[2026.01.02-13.30.58:578][259]LogModuleManager: Shutting down and abandoning module ContentBrowserClassDataSource (600)
[2026.01.02-13.30.58:578][259]LogModuleManager: Shutting down and abandoning module CollectionManager (599)
[2026.01.02-13.30.58:579][259]LogModuleManager: Shutting down and abandoning module ContentBrowserFileDataSource (596)
[2026.01.02-13.30.58:579][259]LogModuleManager: Shutting down and abandoning module GooglePAD (594)
[2026.01.02-13.30.58:579][259]LogModuleManager: Shutting down and abandoning module MagicLeapSharedWorld (592)
[2026.01.02-13.30.58:579][259]LogModuleManager: Shutting down and abandoning module MagicLeapLightEstimation (590)
[2026.01.02-13.30.58:579][259]LogModuleManager: Shutting down and abandoning module MagicLeapHelperVulkan (588)
[2026.01.02-13.30.58:579][259]LogModuleManager: Shutting down and abandoning module MagicLeapHelperOpenGL (586)
[2026.01.02-13.30.58:579][259]LogModuleManager: Shutting down and abandoning module MagicLeapAudio (584)
[2026.01.02-13.30.58:579][259]LogModuleManager: Shutting down and abandoning module TakeSequencer (582)
[2026.01.02-13.30.58:579][259]LogModuleManager: Shutting down and abandoning module TakeMovieScene (580)
[2026.01.02-13.30.58:579][259]LogModuleManager: Shutting down and abandoning module SynthesisEditor (578)
[2026.01.02-13.30.58:579][259]LogModuleManager: Shutting down and abandoning module Synthesis (576)
[2026.01.02-13.30.58:579][259]LogModuleManager: Shutting down and abandoning module ScreenshotTools (574)
[2026.01.02-13.30.58:580][259]LogModuleManager: Shutting down and abandoning module ProceduralMeshComponentEditor (572)
[2026.01.02-13.30.58:580][259]LogModuleManager: Shutting down and abandoning module ProceduralMeshComponent (570)
[2026.01.02-13.30.58:580][259]LogModuleManager: Shutting down and abandoning module OpenXREditor (568)
[2026.01.02-13.30.58:580][259]LogModuleManager: Shutting down and abandoning module MobilePatchingUtils (566)
[2026.01.02-13.30.58:580][259]LogModuleManager: Shutting down and abandoning module EditableMesh (564)
[2026.01.02-13.30.58:580][259]LogModuleManager: Shutting down and abandoning module AssetTags (562)
[2026.01.02-13.30.58:580][259]LogModuleManager: Shutting down and abandoning module CustomMeshComponent (560)
[2026.01.02-13.30.58:580][259]LogModuleManager: Shutting down and abandoning module AudioCapture (558)
[2026.01.02-13.30.58:580][259]LogModuleManager: Shutting down and abandoning module AudioCaptureRtAudio (557)
[2026.01.02-13.30.58:580][259]LogModuleManager: Shutting down and abandoning module CableComponent (554)
[2026.01.02-13.30.58:580][259]LogModuleManager: Shutting down and abandoning module ArchVisCharacter (552)
[2026.01.02-13.30.58:580][259]LogModuleManager: Shutting down and abandoning module AppleImageUtilsBlueprintSupport (550)
[2026.01.02-13.30.58:580][259]LogModuleManager: Shutting down and abandoning module AppleImageUtils (548)
[2026.01.02-13.30.58:580][259]LogModuleManager: Shutting down and abandoning module AndroidPermission (546)
[2026.01.02-13.30.58:580][259]LogModuleManager: Shutting down and abandoning module ActorLayerUtilitiesEditor (544)
[2026.01.02-13.30.58:580][259]LogModuleManager: Shutting down and abandoning module ActorLayerUtilities (542)
[2026.01.02-13.30.58:580][259]LogModuleManager: Shutting down and abandoning module MotoSynthEditor (540)
[2026.01.02-13.30.58:580][259]LogModuleManager: Shutting down and abandoning module MotoSynth (538)
[2026.01.02-13.30.58:580][259]LogModuleManager: Shutting down and abandoning module OpenImageDenoise (536)
[2026.01.02-13.30.58:580][259]LogOpenImageDenoise: OIDN shutting down
[2026.01.02-13.30.58:581][259]LogModuleManager: Shutting down and abandoning module GeometryCollectionTracks (534)
[2026.01.02-13.30.58:581][259]LogModuleManager: Shutting down and abandoning module GeometryCollectionSequencer (533)
[2026.01.02-13.30.58:581][259]LogModuleManager: Shutting down and abandoning module GeometryCollectionEditor (530)
[2026.01.02-13.30.58:581][259]LogModuleManager: Shutting down and abandoning module MeshConversion (528)
[2026.01.02-13.30.58:581][259]LogModuleManager: Shutting down and abandoning module DynamicMesh (526)
[2026.01.02-13.30.58:581][259]LogModuleManager: Shutting down and abandoning module GeometryAlgorithms (524)
[2026.01.02-13.30.58:581][259]LogModuleManager: Shutting down and abandoning module GeometricObjects (522)
[2026.01.02-13.30.58:581][259]LogModuleManager: Shutting down and abandoning module GeometryCacheTracks (520)
[2026.01.02-13.30.58:581][259]LogModuleManager: Shutting down and abandoning module GeometryCacheStreamer (518)
[2026.01.02-13.30.58:581][259]LogModuleManager: Shutting down and abandoning module GeometryCacheSequencer (516)
[2026.01.02-13.30.58:581][259]LogModuleManager: Shutting down and abandoning module ChaosSolverEditor (514)
[2026.01.02-13.30.58:581][259]LogModuleManager: Shutting down and abandoning module ChaosNiagara (512)
[2026.01.02-13.30.58:581][259]LogModuleManager: Shutting down and abandoning module FractureEditor (510)
[2026.01.02-13.30.58:581][259]LogModuleManager: Shutting down and abandoning module FieldSystemEngine (509)
[2026.01.02-13.30.58:581][259]LogModuleManager: Shutting down and abandoning module ChaosClothEditor (506)
[2026.01.02-13.30.58:581][259]LogModuleManager: Shutting down and abandoning module AlembicImporter (504)
[2026.01.02-13.30.58:581][259]LogModuleManager: Shutting down and abandoning module AlembicLibrary (503)
[2026.01.02-13.30.58:581][259]LogModuleManager: Shutting down and abandoning module GeometryCache (502)
[2026.01.02-13.30.58:581][259]LogModuleManager: Shutting down and abandoning module GeometryCacheEd (501)
[2026.01.02-13.30.58:581][259]LogModuleManager: Shutting down and abandoning module BackChannel (496)
[2026.01.02-13.30.58:581][259]LogModuleManager: Shutting down and abandoning module TemplateSequence (494)
[2026.01.02-13.30.58:582][259]LogModuleManager: Shutting down and abandoning module AutomationUtilsEditor (492)
[2026.01.02-13.30.58:582][259]LogModuleManager: Shutting down and abandoning module AutomationUtils (490)
[2026.01.02-13.30.58:582][259]LogModuleManager: Shutting down and abandoning module ImgMedia (488)
[2026.01.02-13.30.58:582][259]LogModuleManager: Shutting down and abandoning module MediaCompositing (486)
[2026.01.02-13.30.58:582][259]LogModuleManager: Shutting down and abandoning module MagicBulletLooksEditor (484)
[2026.01.02-13.30.58:582][259]LogModuleManager: Shutting down and abandoning module MagicBulletLooks (482)
[2026.01.02-13.30.58:597][259]LogModuleManager: Shutting down and abandoning module SpeedTreeImporter (480)
[2026.01.02-13.30.58:597][259]LogModuleManager: Shutting down and abandoning module PluginBrowser (478)
[2026.01.02-13.30.58:597][259]LogModuleManager: Shutting down and abandoning module MobileLauncherProfileWizard (476)
[2026.01.02-13.30.58:597][259]LogModuleManager: Shutting down and abandoning module MaterialAnalyzer (474)
[2026.01.02-13.30.58:597][259]LogModuleManager: Shutting down and abandoning module CryptoKeysOpenSSL (472)
[2026.01.02-13.30.58:597][259]LogModuleManager: Shutting down and abandoning module CryptoKeys (470)
[2026.01.02-13.30.58:597][259]LogModuleManager: Shutting down and abandoning module CurveEditorTools (468)
[2026.01.02-13.30.58:597][259]LogModuleManager: Shutting down and abandoning module VariantManagerContentEditor (466)
[2026.01.02-13.30.58:597][259]LogModuleManager: Shutting down and abandoning module DatasmithContentEditor (464)
[2026.01.02-13.30.58:597][259]LogModuleManager: Shutting down and abandoning module NiagaraEditorWidgets (462)
[2026.01.02-13.30.58:597][259]LogModuleManager: Shutting down and abandoning module VisualStudioSourceCodeAccess (460)
[2026.01.02-13.30.58:597][259]LogModuleManager: Shutting down and abandoning module PluginUtils (458)
[2026.01.02-13.30.58:597][259]LogModuleManager: Shutting down and abandoning module UObjectPlugin (456)
[2026.01.02-13.30.58:597][259]LogModuleManager: Shutting down and abandoning module VisualStudioCodeSourceCodeAccess (454)
[2026.01.02-13.30.58:597][259]LogModuleManager: Shutting down and abandoning module RiderSourceCodeAccess (452)
[2026.01.02-13.30.58:597][259]LogModuleManager: Shutting down and abandoning module SubversionSourceControl (450)
[2026.01.02-13.30.58:597][259]LogModuleManager: Shutting down and abandoning module PlasticSourceControl (448)
[2026.01.02-13.30.58:597][259]LogModuleManager: Shutting down and abandoning module GitSourceControl (446)
[2026.01.02-13.30.58:597][259]LogModuleManager: Shutting down and abandoning module AnimationSharingEd (444)
[2026.01.02-13.30.58:597][259]LogModuleManager: Shutting down and abandoning module CLionSourceCodeAccess (442)
[2026.01.02-13.30.58:597][259]LogModuleManager: Shutting down and abandoning module PerforceSourceControl (440)
[2026.01.02-13.30.58:597][259]LogModuleManager: Shutting down and abandoning module SourceControl (439)
[2026.01.02-13.30.58:597][259]LogModuleManager: Shutting down and abandoning module LiveLinkSequencer (436)
[2026.01.02-13.30.58:597][259]LogModuleManager: Shutting down and abandoning module LiveLinkMovieScene (434)
[2026.01.02-13.30.58:597][259]LogModuleManager: Shutting down and abandoning module LiveLinkGraphNode (432)
[2026.01.02-13.30.58:597][259]LogModuleManager: Shutting down and abandoning module LiveLinkEditor (430)
[2026.01.02-13.30.58:597][259]LogModuleManager: Shutting down and abandoning module LiveLinkComponents (428)
[2026.01.02-13.30.58:597][259]LogModuleManager: Shutting down and abandoning module LiveLink (426)
[2026.01.02-13.30.58:645][259]LogModuleManager: Shutting down and abandoning module OodleNetworkHandlerComponent (424)
[2026.01.02-13.30.58:645][259]LogModuleManager: Shutting down and abandoning module LightPropagationVolumeEditor (422)
[2026.01.02-13.30.58:645][259]LogModuleManager: Shutting down and abandoning module PaperTiledImporter (420)
[2026.01.02-13.30.58:645][259]LogModuleManager: Shutting down and abandoning module PaperSpriteSheetImporter (418)
[2026.01.02-13.30.58:645][259]LogModuleManager: Shutting down and abandoning module Paper2DEditor (416)
[2026.01.02-13.30.58:646][259]LogModuleManager: Shutting down and abandoning module MeshPaintingToolset (414)
[2026.01.02-13.30.58:646][259]LogModuleManager: Shutting down and abandoning module MeshPaintEditorMode (412)
[2026.01.02-13.30.58:646][259]LogModuleManager: Shutting down and abandoning module MagicLeapARPin (410)
[2026.01.02-13.30.58:646][259]LogModuleManager: Shutting down and abandoning module MagicLeapHandMeshing (408)
[2026.01.02-13.30.58:646][259]LogModuleManager: Shutting down and abandoning module MagicLeapSecureStorage (406)
[2026.01.02-13.30.58:646][259]LogModuleManager: Shutting down and abandoning module MagicLeapPrivileges (404)
[2026.01.02-13.30.58:646][259]LogModuleManager: Shutting down and abandoning module MagicLeapPlanes (402)
[2026.01.02-13.30.58:646][259]LogMagicLeapPlanes: Planes tracker already destroyed.
[2026.01.02-13.30.58:646][259]LogModuleManager: Shutting down and abandoning module MagicLeapImageTracker (400)
[2026.01.02-13.30.58:646][259]LogModuleManager: Shutting down and abandoning module MagicLeapIdentity (398)
[2026.01.02-13.30.58:646][259]LogModuleManager: Shutting down and abandoning module MagicLeapHandTracking (396)
[2026.01.02-13.30.58:647][259]LogModuleManager: Shutting down and abandoning module MagicLeapEyeTracker (394)
[2026.01.02-13.30.58:647][259]LogModuleManager: Shutting down and abandoning module MagicLeapController (392)
[2026.01.02-13.30.58:647][259]LogModuleManager: Shutting down and abandoning module MagicLeapARPinImpl (390)
[2026.01.02-13.30.58:647][259]LogModuleManager: Shutting down and abandoning module MagicLeapAR (388)
[2026.01.02-13.30.58:647][259]LogModuleManager: Shutting down and abandoning module SoundFields (386)
[2026.01.02-13.30.58:647][259]LogModuleManager: Shutting down and abandoning module RuntimePhysXCooking (384)
[2026.01.02-13.30.58:647][259]LogModuleManager: Shutting down and abandoning module SignificanceManager (382)
[2026.01.02-13.30.58:647][259]LogModuleManager: Shutting down and abandoning module PropertyAccessEditor (380)
[2026.01.02-13.30.58:647][259]LogModuleManager: Shutting down and abandoning module PhysXVehiclesEditor (378)
[2026.01.02-13.30.58:648][259]LogModuleManager: Shutting down and abandoning module LocationServicesBPLibrary (374)
[2026.01.02-13.30.58:648][259]LogModuleManager: Shutting down and abandoning module AudioSynesthesia (372)
[2026.01.02-13.30.58:648][259]LogModuleManager: Shutting down and abandoning module AudioSynesthesiaCore (370)
[2026.01.02-13.30.58:648][259]LogModuleManager: Shutting down and abandoning module PythonScriptPlugin (368)
[2026.01.02-13.30.58:648][259]LogModuleManager: Shutting down and abandoning module ImgMediaEngine (366)
[2026.01.02-13.30.58:648][259]LogModuleManager: Shutting down and abandoning module ActorSequence (364)
[2026.01.02-13.30.58:648][259]LogModuleManager: Shutting down and abandoning module UdpMessaging (362)
[2026.01.02-13.30.58:749][259]LogModuleManager: Shutting down and abandoning module TcpMessaging (360)
[2026.01.02-13.30.58:849][259]LogModuleManager: Shutting down and abandoning module FacialAnimationEditor (358)
[2026.01.02-13.30.58:849][259]LogModuleManager: Shutting down and abandoning module FacialAnimation (356)
[2026.01.02-13.30.58:849][259]LogModuleManager: Shutting down and abandoning module GameplayTagsEditor (354)
[2026.01.02-13.30.58:849][259]LogModuleManager: Shutting down and abandoning module DataValidation (352)
[2026.01.02-13.30.58:849][259]LogModuleManager: Shutting down and abandoning module AssetManagerEditor (350)
[2026.01.02-13.30.58:849][259]LogModuleManager: Shutting down and abandoning module LevelEditor (349)
[2026.01.02-13.30.58:849][259]LogModuleManager: Shutting down and abandoning module PixelInspectorModule (348)
[2026.01.02-13.30.58:849][259]LogModuleManager: Shutting down and abandoning module CommonMenuExtensions (346)
[2026.01.02-13.30.58:849][259]LogModuleManager: Shutting down and abandoning module MainFrame (344)
[2026.01.02-13.30.58:849][259]LogModuleManager: Shutting down and abandoning module HotReload (343)
[2026.01.02-13.30.58:850][259]LogModuleManager: Shutting down and abandoning module ToolMenus (339)
[2026.01.02-13.30.58:850][259]LogModuleManager: Shutting down and abandoning module TreeMap (337)
[2026.01.02-13.30.58:850][259]LogModuleManager: Shutting down and abandoning module NiagaraAnimNotifies (334)
[2026.01.02-13.30.58:850][259]LogModuleManager: Shutting down and abandoning module Niagara (332)
[2026.01.02-13.30.58:850][259]LogModuleManager: Shutting down and abandoning module SignalProcessing (331)
[2026.01.02-13.30.58:850][259]LogModuleManager: Shutting down and abandoning module NiagaraEditor (329)
[2026.01.02-13.30.58:850][259]LogModuleManager: Shutting down and abandoning module ContentBrowser (328)
[2026.01.02-13.30.58:850][259]LogModuleManager: Shutting down and abandoning module ContentBrowserData (327)
[2026.01.02-13.30.58:850][259]LogModuleManager: Shutting down and abandoning module NiagaraCore (322)
[2026.01.02-13.30.58:850][259]LogModuleManager: Shutting down and abandoning module PropertyAccessNode (320)
[2026.01.02-13.30.58:850][259]LogModuleManager: Shutting down and abandoning module AnimationSharing (318)
[2026.01.02-13.30.58:850][259]LogModuleManager: Shutting down and abandoning module GameplayCameras (316)
[2026.01.02-13.30.58:850][259]LogModuleManager: Shutting down and abandoning module LightPropagationVolumeRuntime (314)
[2026.01.02-13.30.58:850][259]LogModuleManager: Shutting down and abandoning module EnvironmentQueryEditor (312)
[2026.01.02-13.30.58:850][259]LogModuleManager: Shutting down and abandoning module Paper2D (310)
[2026.01.02-13.30.58:850][259]LogModuleManager: Shutting down and abandoning module WebMMoviePlayer (308)
[2026.01.02-13.30.58:850][259]LogModuleManager: Shutting down and abandoning module WindowsMoviePlayer (306)
[2026.01.02-13.30.58:851][259]LogModuleManager: Shutting down and abandoning module NetworkReplayStreaming (304)
[2026.01.02-13.30.58:851][259]LogModuleManager: Shutting down and abandoning module PacketHandler (302)
[2026.01.02-13.30.58:851][259]LogModuleManager: Shutting down and abandoning module ClothingSystemEditor (300)
[2026.01.02-13.30.58:851][259]LogModuleManager: Shutting down and abandoning module ClothingSystemRuntimeNv (298)
[2026.01.02-13.30.58:851][259]LogModuleManager: Shutting down and abandoning module MediaAssets (296)
[2026.01.02-13.30.58:851][259]LogModuleManager: Shutting down and abandoning module Overlay (294)
[2026.01.02-13.30.58:851][259]LogModuleManager: Shutting down and abandoning module OverlayEditor (293)
[2026.01.02-13.30.58:851][259]LogModuleManager: Shutting down and abandoning module VREditor (290)
[2026.01.02-13.30.58:851][259]LogModuleManager: Shutting down and abandoning module StringTableEditor (288)
[2026.01.02-13.30.58:851][259]LogModuleManager: Shutting down and abandoning module GameplayTasksEditor (286)
[2026.01.02-13.30.58:851][259]LogModuleManager: Shutting down and abandoning module BehaviorTreeEditor (284)
[2026.01.02-13.30.58:851][259]LogModuleManager: Shutting down and abandoning module FunctionalTesting (282)
[2026.01.02-13.30.58:851][259]LogModuleManager: Shutting down and abandoning module CollisionAnalyzer (280)
[2026.01.02-13.30.58:851][259]LogModuleManager: Shutting down and abandoning module WorkspaceMenuStructure (279)
[2026.01.02-13.30.58:851][259]LogModuleManager: Shutting down and abandoning module UMG (276)
[2026.01.02-13.30.58:851][259]LogModuleManager: Shutting down and abandoning module UMGEditor (275)
[2026.01.02-13.30.58:851][259]LogModuleManager: Shutting down and abandoning module MessageLog (273)
[2026.01.02-13.30.58:851][259]LogModuleManager: Shutting down and abandoning module SlateReflector (268)
[2026.01.02-13.30.58:851][259]LogModuleManager: Shutting down and abandoning module Slate (266)
[2026.01.02-13.30.58:851][259]LogModuleManager: Shutting down and abandoning module SlateCore (264)
[2026.01.02-13.30.58:851][259]LogModuleManager: Shutting down and abandoning module LandscapeEditorUtilities (262)
[2026.01.02-13.30.58:851][259]LogModuleManager: Shutting down and abandoning module UnrealEd (260)
[2026.01.02-13.30.58:851][259]LogModuleManager: Shutting down and abandoning module MRMesh (258)
[2026.01.02-13.30.58:851][259]LogModuleManager: Shutting down and abandoning module SourceCodeAccess (256)
[2026.01.02-13.30.58:851][259]LogModuleManager: Shutting down and abandoning module HeadMountedDisplay (254)
[2026.01.02-13.30.58:851][259]LogModuleManager: Shutting down and abandoning module XAudio2 (252)
[2026.01.02-13.30.58:851][259]LogModuleManager: Shutting down and abandoning module Networking (250)
[2026.01.02-13.30.58:851][259]LogModuleManager: Shutting down and abandoning module Core (248)
[2026.01.02-13.30.58:851][259]LogModuleManager: Shutting down and abandoning module MaterialEditor (246)
[2026.01.02-13.30.58:852][259]LogModuleManager: Shutting down and abandoning module MovieSceneTools (244)
[2026.01.02-13.30.58:852][259]LogModuleManager: Shutting down and abandoning module CurveEditor (243)
[2026.01.02-13.30.58:852][259]LogModuleManager: Shutting down and abandoning module Sequencer (241)
[2026.01.02-13.30.58:852][259]LogModuleManager: Shutting down and abandoning module EditorStyle (240)
[2026.01.02-13.30.58:852][259]LogModuleManager: Shutting down and abandoning module KismetCompiler (236)
[2026.01.02-13.30.58:852][259]LogModuleManager: Shutting down and abandoning module MeshBuilder (234)
[2026.01.02-13.30.58:852][259]LogModuleManager: Shutting down and abandoning module MeshUtilities (232)
[2026.01.02-13.30.58:852][259]LogModuleManager: Shutting down and abandoning module MeshMergeUtilities (231)
[2026.01.02-13.30.58:852][259]LogModuleManager: Shutting down and abandoning module MeshReductionInterface (230)
[2026.01.02-13.30.58:852][259]LogModuleManager: Shutting down and abandoning module MeshBoneReduction (229)
[2026.01.02-13.30.58:852][259]LogModuleManager: Shutting down and abandoning module SkeletalMeshReduction (227)
[2026.01.02-13.30.58:852][259]LogModuleManager: Shutting down and abandoning module ProxyLODMeshReduction (225)
[2026.01.02-13.30.58:852][259]LogModuleManager: Shutting down and abandoning module QuadricMeshReduction (223)
[2026.01.02-13.30.58:852][259]LogModuleManager: Shutting down and abandoning module MaterialBaking (219)
[2026.01.02-13.30.58:852][259]LogModuleManager: Shutting down and abandoning module NullInstallBundleManager (214)
[2026.01.02-13.30.58:852][259]LogModuleManager: Shutting down and abandoning module DerivedDataCache (212)
[2026.01.02-13.30.58:852][259]LogModuleManager: Shutting down and abandoning module TargetPlatform (210)
[2026.01.02-13.30.58:852][259]LogModuleManager: Shutting down and abandoning module VulkanShaderFormat (209)
[2026.01.02-13.30.58:852][259]LogModuleManager: Shutting down and abandoning module ShaderFormatVectorVM (207)
[2026.01.02-13.30.58:852][259]LogModuleManager: Shutting down and abandoning module ShaderFormatOpenGL (205)
[2026.01.02-13.30.58:852][259]LogModuleManager: Shutting down and abandoning module ShaderFormatD3D (203)
[2026.01.02-13.30.58:852][259]LogModuleManager: Shutting down and abandoning module MetalShaderFormat (201)
[2026.01.02-13.30.58:853][259]LogModuleManager: Shutting down and abandoning module TextureFormatOodle (199)
[2026.01.02-13.30.58:853][259]LogModuleManager: Shutting down and abandoning module TextureFormatUncompressed (197)
[2026.01.02-13.30.58:853][259]LogModuleManager: Shutting down and abandoning module TextureFormatPVR (195)
[2026.01.02-13.30.58:853][259]LogModuleManager: Shutting down and abandoning module TextureFormatETC2 (193)
[2026.01.02-13.30.58:853][259]LogModuleManager: Shutting down and abandoning module TextureFormatDXT (191)
[2026.01.02-13.30.58:853][259]LogModuleManager: Shutting down and abandoning module TextureFormatIntelISPCTexComp (189)
[2026.01.02-13.30.58:853][259]LogModuleManager: Shutting down and abandoning module TextureFormatASTC (187)
[2026.01.02-13.30.58:853][259]LogModuleManager: Shutting down and abandoning module ImageWrapper (186)
[2026.01.02-13.30.58:853][259]LogModuleManager: Shutting down and abandoning module AudioFormatOpus (183)
[2026.01.02-13.30.58:853][259]LogModuleManager: Shutting down and abandoning module AudioFormatOgg (181)
[2026.01.02-13.30.58:853][259]LogModuleManager: Shutting down and abandoning module AudioFormatADPCM (179)
[2026.01.02-13.30.58:853][259]LogModuleManager: Shutting down and abandoning module WindowsServerTargetPlatform (177)
[2026.01.02-13.30.58:853][259]LogModuleManager: Shutting down and abandoning module WindowsClientTargetPlatform (175)
[2026.01.02-13.30.58:853][259]LogModuleManager: Shutting down and abandoning module WindowsTargetPlatform (173)
[2026.01.02-13.30.58:853][259]LogModuleManager: Shutting down and abandoning module WindowsNoEditorTargetPlatform (171)
[2026.01.02-13.30.58:853][259]LogModuleManager: Shutting down and abandoning module TVOSTargetPlatform (169)
[2026.01.02-13.30.58:853][259]LogModuleManager: Shutting down and abandoning module MacServerTargetPlatform (167)
[2026.01.02-13.30.58:853][259]LogModuleManager: Shutting down and abandoning module MacClientTargetPlatform (165)
[2026.01.02-13.30.58:853][259]LogModuleManager: Shutting down and abandoning module MacTargetPlatform (163)
[2026.01.02-13.30.58:853][259]LogModuleManager: Shutting down and abandoning module MacNoEditorTargetPlatform (161)
[2026.01.02-13.30.58:853][259]LogModuleManager: Shutting down and abandoning module LuminTargetPlatform (159)
[2026.01.02-13.30.58:854][259]LogModuleManager: Shutting down and abandoning module LinuxAArch64ServerTargetPlatform (157)
[2026.01.02-13.30.58:854][259]LogModuleManager: Shutting down and abandoning module LinuxAArch64ClientTargetPlatform (155)
[2026.01.02-13.30.58:854][259]LogModuleManager: Shutting down and abandoning module LinuxAArch64NoEditorTargetPlatform (153)
[2026.01.02-13.30.58:854][259]LogModuleManager: Shutting down and abandoning module LinuxServerTargetPlatform (151)
[2026.01.02-13.30.58:854][259]LogModuleManager: Shutting down and abandoning module LinuxClientTargetPlatform (149)
[2026.01.02-13.30.58:854][259]LogModuleManager: Shutting down and abandoning module LinuxNoEditorTargetPlatform (147)
[2026.01.02-13.30.58:854][259]LogModuleManager: Shutting down and abandoning module LinuxTargetPlatform (145)
[2026.01.02-13.30.58:854][259]LogModuleManager: Shutting down and abandoning module Messaging (143)
[2026.01.02-13.30.58:854][259]LogModuleManager: Shutting down and abandoning module IOSTargetPlatform (141)
[2026.01.02-13.30.58:854][259]LogModuleManager: Shutting down and abandoning module AndroidTargetPlatform (139)
[2026.01.02-13.30.58:856][259]LogModuleManager: Shutting down and abandoning module AllDesktopTargetPlatform (137)
[2026.01.02-13.30.58:856][259]LogModuleManager: Shutting down and abandoning module D3D11RHI (134)
[2026.01.02-13.30.58:856][259]LogModuleManager: Shutting down and abandoning module InputCore (132)
[2026.01.02-13.30.58:856][259]LogModuleManager: Shutting down and abandoning module Settings (130)
[2026.01.02-13.30.58:856][259]LogModuleManager: Shutting down and abandoning module DirectoryWatcher (128)
[2026.01.02-13.30.58:856][259]LogModuleManager: Shutting down and abandoning module PhysXCooking (126)
[2026.01.02-13.30.58:856][259]LogModuleManager: Shutting down and abandoning module Chaos (124)
[2026.01.02-13.30.58:856][259]LogModuleManager: Shutting down and abandoning module WindowsPlatformFeatures (122)
[2026.01.02-13.30.58:856][259]LogModuleManager: Shutting down and abandoning module GameplayMediaEncoder (121)
[2026.01.02-13.30.58:856][259]LogModuleManager: Shutting down and abandoning module AVEncoder (120)
[2026.01.02-13.30.58:856][259]LogModuleManager: Shutting down and abandoning module SteamVRInputDevice (116)
[2026.01.02-13.30.58:856][259]LogModuleManager: Shutting down and abandoning module SteamVRInput (114)
[2026.01.02-13.30.58:856][259]LogModuleManager: Shutting down and abandoning module SteamVR (112)
[2026.01.02-13.30.58:856][259]LogHMD: Freeing OpenVRDLLHandle.
[2026.01.02-13.30.58:856][259]LogModuleManager: Shutting down and abandoning module OculusHMD (110)
[2026.01.02-13.30.58:856][259]LogModuleManager: Shutting down and abandoning module MLSDK (108)
[2026.01.02-13.30.58:856][259]LogModuleManager: Shutting down and abandoning module MagicLeap (106)
[2026.01.02-13.30.58:856][259]LogModuleManager: Shutting down and abandoning module LauncherChunkInstaller (104)
[2026.01.02-13.30.58:856][259]LogModuleManager: Shutting down and abandoning module OpenXRHandTracking (102)
[2026.01.02-13.30.58:857][259]LogSlate: Slate User Destroyed.  User Index 0, Is Virtual User: 0
[2026.01.02-13.30.58:857][259]LogModuleManager: Shutting down and abandoning module OpenXREyeTracker (100)
[2026.01.02-13.30.58:857][259]LogModuleManager: Shutting down and abandoning module OpenXRAR (98)
[2026.01.02-13.30.58:857][259]LogModuleManager: Shutting down and abandoning module AugmentedReality (97)
[2026.01.02-13.30.58:857][259]LogModuleManager: Shutting down and abandoning module OpenXRHMD (94)
[2026.01.02-13.30.58:857][259]LogModuleManager: Shutting down and abandoning module ExampleDeviceProfileSelector (92)
[2026.01.02-13.30.58:857][259]LogModuleManager: Shutting down and abandoning module ChunkDownloader (90)
[2026.01.02-13.30.58:857][259]LogModuleManager: Shutting down and abandoning module OnlineBlueprintSupport (88)
[2026.01.02-13.30.58:857][259]LogModuleManager: Shutting down and abandoning module OnlineSubsystem (84)
[2026.01.02-13.30.58:858][259]LogModuleManager: Shutting down and abandoning module XMPP (79)
[2026.01.02-13.30.58:858][259]LogModuleManager: Shutting down and abandoning module WebSockets (78)
[2026.01.02-13.30.58:879][259]LogModuleManager: Shutting down and abandoning module HTTP (75)
[2026.01.02-13.30.58:879][259]LogHttp: Display: Http module shutting down, but needs to wait on 1 outstanding Http requests:
[2026.01.02-13.30.58:879][259]LogHttp: Display: 	verb=[POST] url=[https://datarouter.ol.epicgames.com/datarouter/api/v1/public/data?SessionID=%7B824E445D-4F52-1620-0324-4AB9ACF47A64%7D&AppID=UEEditor.Rocket.Release&AppVersion=4.27.2-18319896%2B%2B%2BUE4%2BRelease-4.27&UserID=3dc6b55f4655f522313eee89e4ab5d74%7Cd6119bee42044f12b5b3ac1e748b47de%7Cb4fc89d3-2795-437f-be36-4b1f9918196f&AppEnvironment=datacollector-binary&UploadType=eteventstream] refs=[1] status=Processing
[2026.01.02-13.30.58:879][259]LogHttp: Display: cleaning up 1 outstanding Http requests.
[2026.01.02-13.30.58:884][259]LogModuleManager: Shutting down and abandoning module SSL (74)
[2026.01.02-13.30.58:885][259]LogModuleManager: Shutting down and abandoning module ChaosCloth (70)
[2026.01.02-13.30.58:885][259]LogModuleManager: Shutting down and abandoning module WmfMedia (68)
[2026.01.02-13.30.58:886][259]LogModuleManager: Shutting down and abandoning module Media (67)
[2026.01.02-13.30.58:886][259]LogModuleManager: Shutting down and abandoning module MediaInfo (66)
[2026.01.02-13.30.58:886][259]LogModuleManager: Shutting down and abandoning module ExrReaderGpu (62)
[2026.01.02-13.30.58:886][259]LogModuleManager: Shutting down and abandoning module VariantManagerContent (60)
[2026.01.02-13.30.58:886][259]LogModuleManager: Shutting down and abandoning module DatasmithContent (58)
[2026.01.02-13.30.58:886][259]LogModuleManager: Shutting down and abandoning module NiagaraVertexFactories (56)
[2026.01.02-13.30.58:886][259]LogModuleManager: Shutting down and abandoning module NiagaraShader (54)
[2026.01.02-13.30.58:886][259]LogModuleManager: Shutting down and abandoning module PixWinPlugin (52)
[2026.01.02-13.30.58:886][259]LogModuleManager: Shutting down and abandoning module AISupportModule (50)
[2026.01.02-13.30.58:886][259]LogModuleManager: Shutting down and abandoning module DesktopPlatform (48)
[2026.01.02-13.30.58:886][259]LogModuleManager: Shutting down and abandoning module PlatformCryptoOpenSSL (46)
[2026.01.02-13.30.58:886][259]LogModuleManager: Shutting down and abandoning module PlatformCryptoTypes (44)
[2026.01.02-13.30.58:886][259]LogModuleManager: Shutting down and abandoning module PlatformCrypto (42)
[2026.01.02-13.30.58:886][259]LogModuleManager: Shutting down and abandoning module PythonScriptPluginPreload (40)
[2026.01.02-13.30.58:886][259]LogModuleManager: Shutting down and abandoning module OodleDataCompressionFormat (38)
[2026.01.02-13.30.58:886][259]LogModuleManager: Shutting down and abandoning module XGEController (36)
[2026.01.02-13.30.58:886][259]LogXGEController: Cleaning working directory: C:/Users/LVI/AppData/Local/Temp/UnrealXGEWorkingDir/
[2026.01.02-13.30.58:887][259]LogModuleManager: Shutting down and abandoning module AnimationModifiers (34)
[2026.01.02-13.30.58:887][259]LogModuleManager: Shutting down and abandoning module AudioEditor (32)
[2026.01.02-13.30.58:887][259]LogModuleManager: Shutting down and abandoning module PropertyEditor (31)
[2026.01.02-13.30.58:887][259]LogModuleManager: Shutting down and abandoning module TextureCompressor (28)
[2026.01.02-13.30.58:887][259]LogModuleManager: Shutting down and abandoning module RenderCore (26)
[2026.01.02-13.30.58:887][259]LogModuleManager: Shutting down and abandoning module Landscape (24)
[2026.01.02-13.30.58:887][259]LogModuleManager: Shutting down and abandoning module SlateRHIRenderer (22)
[2026.01.02-13.30.58:888][259]LogModuleManager: Shutting down and abandoning module AnimGraphRuntime (20)
[2026.01.02-13.30.58:888][259]LogModuleManager: Shutting down and abandoning module Renderer (18)
[2026.01.02-13.30.58:888][259]LogModuleManager: Shutting down and abandoning module Engine (16)
[2026.01.02-13.30.58:888][259]LogModuleManager: Shutting down and abandoning module CoreUObject (14)
[2026.01.02-13.30.58:888][259]LogModuleManager: Shutting down and abandoning module NetworkFile (12)
[2026.01.02-13.30.58:888][259]LogModuleManager: Shutting down and abandoning module CookedIterativeFile (10)
[2026.01.02-13.30.58:888][259]LogModuleManager: Shutting down and abandoning module StreamingFile (8)
[2026.01.02-13.30.58:888][259]LogModuleManager: Shutting down and abandoning module SandboxFile (6)
[2026.01.02-13.30.58:888][259]LogModuleManager: Shutting down and abandoning module PakFile (4)
[2026.01.02-13.30.58:888][259]LogModuleManager: Shutting down and abandoning module RSA (3)
[2026.01.02-13.30.58:888][259]LogContentStreaming: Display: There are 1 unreleased StreamingManagers
[2026.01.02-13.30.58:907][259]LogD3D11RHI: Shutdown
[2026.01.02-13.30.58:907][259]LogD3D11RHI: CleanupD3DDevice
[2026.01.02-13.30.58:910][259]LogExit: Exiting.
[2026.01.02-13.30.59:056][259]Log file closed, 01/02/26 15:30:59
