Log file open, 01/02/26 14:46:03
LogWindows: Failed to load 'aqProf.dll' (GetLastError=126)
LogWindows: File 'aqProf.dll' does not exist
LogWindows: Failed to load 'VtuneApi.dll' (GetLastError=126)
LogWindows: File 'VtuneApi.dll' does not exist
LogWindows: Failed to load 'VtuneApi32e.dll' (GetLastError=126)
LogWindows: File 'VtuneApi32e.dll' does not exist
LogConsoleResponse: Display: Failed to find resolution value strings in scalability ini. Falling back to default.
LogConsoleResponse: Display: Failed to find resolution value strings in scalability ini. Falling back to default.
LogInit: Display: Running engine for game: Game
LogPlatformFile: Not using cached read wrapper
LogTaskGraph: Started task graph with 5 named threads and 59 total threads with 3 sets of task threads.
LogStats: Stats thread started at 0.148556
LogICUInternationalization: ICU TimeZone Detection - Raw Offset: +2:00, Platform Override: ''
LogInit: Display: Loading text-based GConfig....
LogPluginManager: Mounting plugin MeshPainting
LogPluginManager: Mounting plugin XGEController
LogPluginManager: Mounting plugin Paper2D
LogPluginManager: Mounting plugin AISupport
LogPluginManager: Mounting plugin EnvironmentQueryEditor
LogPluginManager: Mounting plugin CameraShakePreviewer
LogPluginManager: Mounting plugin OodleNetwork
LogPluginManager: Mounting plugin OodleData
LogPluginManager: Mounting plugin LightPropagationVolume
LogPluginManager: Mounting plugin GameplayCameras
LogPluginManager: Mounting plugin AnimationSharing
LogPluginManager: Mounting plugin CLionSourceCodeAccess
LogPluginManager: Mounting plugin CodeLiteSourceCodeAccess
LogPluginManager: Mounting plugin KDevelopSourceCodeAccess
LogPluginManager: Mounting plugin NullSourceCodeAccess
LogPluginManager: Mounting plugin PixWinPlugin
LogPluginManager: Mounting plugin PlasticSourceControl
LogPluginManager: Mounting plugin PluginUtils
LogPluginManager: Mounting plugin RiderSourceCodeAccess
LogPluginManager: Mounting plugin VisualStudioCodeSourceCodeAccess
LogPluginManager: Mounting plugin UObjectPlugin
LogPluginManager: Mounting plugin TextureFormatOodle
LogPluginManager: Mounting plugin SubversionSourceControl
LogPluginManager: Mounting plugin GitSourceControl
LogPluginManager: Mounting plugin XCodeSourceCodeAccess
LogPluginManager: Mounting plugin VisualStudioSourceCodeAccess
LogPluginManager: Mounting plugin DatasmithContent
LogPluginManager: Mounting plugin PropertyAccessNode
LogPluginManager: Mounting plugin VariantManagerContent
LogPluginManager: Mounting plugin Niagara
LogPluginManager: Mounting plugin AlembicImporter
LogPluginManager: Mounting plugin BackChannel
LogPluginManager: Mounting plugin AutomationUtils
LogPluginManager: Mounting plugin ChaosCloth
LogPluginManager: Mounting plugin ChaosClothEditor
LogPluginManager: Mounting plugin AssetManagerEditor
LogPluginManager: Mounting plugin ChaosEditor
LogPluginManager: Mounting plugin ChaosNiagara
LogPluginManager: Mounting plugin ChaosSolverPlugin
LogPluginManager: Mounting plugin CharacterAI
LogPluginManager: Mounting plugin PerforceSourceControl
LogPluginManager: Mounting plugin GeometryCache
LogPluginManager: Mounting plugin GeometryCollectionPlugin
LogPluginManager: Mounting plugin CurveEditorTools
LogPluginManager: Mounting plugin GameplayTagsEditor
LogPluginManager: Mounting plugin FacialAnimation
LogPluginManager: Mounting plugin MaterialAnalyzer
LogPluginManager: Mounting plugin DataValidation
LogPluginManager: Mounting plugin CryptoKeys
LogPluginManager: Mounting plugin MacGraphicsSwitching
LogPluginManager: Mounting plugin MobileLauncherProfileWizard
LogPluginManager: Mounting plugin PluginBrowser
LogPluginManager: Mounting plugin SpeedTreeImporter
LogPluginManager: Mounting plugin LuminPlatformFeatures
LogPluginManager: Mounting plugin GeometryMode
LogPluginManager: Mounting plugin MagicLeap
LogPluginManager: Mounting plugin MagicLeapLightEstimation
LogPluginManager: Mounting plugin MagicLeapMedia
LogPluginManager: Mounting plugin MagicLeapPassableWorld
LogPluginManager: Mounting plugin MLSDK
LogPluginManager: Mounting plugin OpenImageDenoise
LogPluginManager: Mounting plugin GeometryProcessing
LogPluginManager: Mounting plugin MotoSynth
LogPluginManager: Mounting plugin PlanarCut
LogPluginManager: Mounting plugin PlatformCrypto
LogPluginManager: Mounting plugin ProxyLODPlugin
LogPluginManager: Mounting plugin PythonScriptPlugin
LogPluginManager: Mounting plugin SkeletalReduction
LogPluginManager: Mounting plugin MagicBulletLooks
LogPluginManager: Mounting plugin UdpMessaging
LogPluginManager: Mounting plugin TcpMessaging
LogPluginManager: Mounting plugin ActorSequence
LogPluginManager: Mounting plugin MatineeToLevelSequence
LogPluginManager: Mounting plugin LevelSequenceEditor
LogPluginManager: Mounting plugin TemplateSequence
LogPluginManager: Mounting plugin ActorLayerUtilities
LogPluginManager: Mounting plugin AndroidDeviceProfileSelector
LogPluginManager: Mounting plugin AndroidPermission
LogPluginManager: Mounting plugin AppleMoviePlayer
LogPluginManager: Mounting plugin ArchVisCharacter
LogPluginManager: Mounting plugin AppleImageUtils
LogPluginManager: Mounting plugin AudioSynesthesia
LogPluginManager: Mounting plugin AudioCapture
LogPluginManager: Mounting plugin AssetTags
LogPluginManager: Mounting plugin ChunkDownloader
LogPluginManager: Mounting plugin CableComponent
LogPluginManager: Mounting plugin LauncherChunkInstaller
LogPluginManager: Mounting plugin CustomMeshComponent
LogPluginManager: Mounting plugin EditableMesh
LogPluginManager: Mounting plugin ExampleDeviceProfileSelector
LogPluginManager: Mounting plugin GoogleCloudMessaging
LogPluginManager: Mounting plugin GooglePAD
LogPluginManager: Mounting plugin AndroidMedia
LogPluginManager: Mounting plugin AvfMedia
LogPluginManager: Mounting plugin ImgMedia
LogPluginManager: Mounting plugin MediaCompositing
LogPluginManager: Mounting plugin WmfMedia
LogPluginManager: Mounting plugin MediaPlayerEditor
LogPluginManager: Mounting plugin WebMMedia
LogPluginManager: Mounting plugin IOSDeviceProfileSelector
LogPluginManager: Mounting plugin LinuxDeviceProfileSelector
LogPluginManager: Mounting plugin AndroidMoviePlayer
LogPluginManager: Mounting plugin LocationServicesBPLibrary
LogPluginManager: Mounting plugin MobilePatchingUtils
LogPluginManager: Mounting plugin OpenXR
LogPluginManager: Mounting plugin OpenXREyeTracker
LogPluginManager: Mounting plugin OpenXRHandTracking
LogPluginManager: Mounting plugin OnlineSubsystem
LogPluginManager: Mounting plugin OnlineSubsystemNull
LogPluginManager: Mounting plugin PostSplashScreen
LogPluginManager: Mounting plugin PropertyAccessEditor
LogPluginManager: Mounting plugin ProceduralMeshComponent
LogPluginManager: Mounting plugin SoundFields
LogPluginManager: Mounting plugin RuntimePhysXCooking
LogPluginManager: Mounting plugin OnlineSubsystemUtils
LogPluginManager: Mounting plugin SignificanceManager
LogPluginManager: Mounting plugin Synthesis
LogPluginManager: Mounting plugin WebMMoviePlayer
LogPluginManager: Mounting plugin WindowsMoviePlayer
LogPluginManager: Mounting plugin PhysXVehicles
LogPluginManager: Mounting plugin Takes
LogPluginManager: Mounting plugin ScreenshotTools
LogPluginManager: Mounting plugin LiveLink
LogPluginManager: Mounting plugin ContentBrowserAssetDataSource
LogPluginManager: Mounting plugin ContentBrowserClassDataSource
LogPluginManager: Mounting plugin ContentBrowserFileDataSource
LogPluginManager: Mounting plugin OnlineSubsystemGooglePlay
LogPluginManager: Mounting plugin OnlineSubsystemIOS
LogPluginManager: Mounting plugin OculusVR
LogPluginManager: Mounting plugin SteamVR
PixWinPlugin: PIX capture plugin failed to initialize! Check that the process is launched from PIX.
LogInit: Using libcurl 7.55.1-DEV
LogInit:  - built for x86_64-pc-win32
LogInit:  - supports SSL with OpenSSL/1.1.1
LogInit:  - supports HTTP deflate (compression) using libz 1.2.8
LogInit:  - other features:
LogInit:      CURL_VERSION_SSL
LogInit:      CURL_VERSION_LIBZ
LogInit:      CURL_VERSION_IPV6
LogInit:      CURL_VERSION_ASYNCHDNS
LogInit:      CURL_VERSION_LARGEFILE
LogInit:      CURL_VERSION_IDN
LogInit:  CurlRequestOptions (configurable via config and command line):
LogInit:  - bVerifyPeer = true  - Libcurl will verify peer certificate
LogInit:  - bUseHttpProxy = false  - Libcurl will NOT use HTTP proxy
LogInit:  - bDontReuseConnections = false  - Libcurl will reuse connections
LogInit:  - MaxHostConnections = 16  - Libcurl will limit the number of connections to a host
LogInit:  - LocalHostAddr = Default
LogInit:  - BufferSize = 65536
LogOnline: OSS: Creating online subsystem instance for: NULL
LogInit: WinSock: version 1.1 (2.2), MaxSocks=32767, MaxUdp=65467
LogOnline: OSS: TryLoadSubsystemAndSetDefault: Loaded subsystem for module [NULL]
LogOculusPluginWrapper: OculusPlugin initialized successfully
LogHMD: Failed initializing OVRPlugin 1.59.0
LogInit: Build: ++UE4+Release-4.27-CL-18319896
LogInit: Engine Version: 4.27.2-18319896+++UE4+Release-4.27
LogInit: Compatible Engine Version: 4.27.0-17155196+++UE4+Release-4.27
LogInit: Net CL: 17155196
LogInit: OS: Windows 10 (Release 2009) (), CPU: 13th Gen Intel(R) Core(TM) i5-13500, GPU: NVIDIA GeForce RTX 3060 Ti
LogInit: Compiled (64-bit): Nov 30 2021 07:12:08
LogInit: Compiled with Visual C++: 19.24.28315.00
LogInit: Build Configuration: Development
LogInit: Branch Name: ++UE4+Release-4.27
LogInit: Command Line:  -AUTH_LOGIN=unused -AUTH_PASSWORD=ced82f6e6dd645a181f3a520c1269e38 -AUTH_TYPE=exchangecode -epicapp=UE_4.27 -epicenv=Prod -EpicPortal -epicusername=Onotole_s -epicuserid=d6119bee42044f12b5b3ac1e748b47de -epiclocale=en -epicsandboxid=ue
LogInit: Base Directory: C:/Program Files/Epic Games/UE_4.27/Engine/Binaries/Win64/
LogInit: Allocator: TBB
LogInit: Installed Engine Build: 1
LogDevObjectVersion: Number of dev versions registered: 29
LogDevObjectVersion:   Dev-Blueprints (B0D832E4-1F89-4F0D-ACCF-7EB736FD4AA2): 10
LogDevObjectVersion:   Dev-Build (E1C64328-A22C-4D53-A36C-8E866417BD8C): 0
LogDevObjectVersion:   Dev-Core (375EC13C-06E4-48FB-B500-84F0262A717E): 4
LogDevObjectVersion:   Dev-Editor (E4B068ED-F494-42E9-A231-DA0B2E46BB41): 40
LogDevObjectVersion:   Dev-Framework (CFFC743F-43B0-4480-9391-14DF171D2073): 37
LogDevObjectVersion:   Dev-Mobile (B02B49B5-BB20-44E9-A304-32B752E40360): 3
LogDevObjectVersion:   Dev-Networking (A4E4105C-59A1-49B5-A7C5-40C4547EDFEE): 0
LogDevObjectVersion:   Dev-Online (39C831C9-5AE6-47DC-9A44-9C173E1C8E7C): 0
LogDevObjectVersion:   Dev-Physics (78F01B33-EBEA-4F98-B9B4-84EACCB95AA2): 14
LogDevObjectVersion:   Dev-Platform (6631380F-2D4D-43E0-8009-CF276956A95A): 0
LogDevObjectVersion:   Dev-Rendering (12F88B9F-8875-4AFC-A67C-D90C383ABD29): 45
LogDevObjectVersion:   Dev-Sequencer (7B5AE74C-D270-4C10-A958-57980B212A5A): 13
LogDevObjectVersion:   Dev-VR (D7296918-1DD6-4BDD-9DE2-64A83CC13884): 3
LogDevObjectVersion:   Dev-LoadTimes (C2A15278-BFE7-4AFE-6C17-90FF531DF755): 1
LogDevObjectVersion:   Private-Geometry (6EACA3D4-40EC-4CC1-B786-8BED09428FC5): 3
LogDevObjectVersion:   Dev-AnimPhys (29E575DD-E0A3-4627-9D10-D276232CDCEA): 17
LogDevObjectVersion:   Dev-Anim (AF43A65D-7FD3-4947-9873-3E8ED9C1BB05): 15
LogDevObjectVersion:   Dev-ReflectionCapture (6B266CEC-1EC7-4B8F-A30B-E4D90942FC07): 1
LogDevObjectVersion:   Dev-Automation (0DF73D61-A23F-47EA-B727-89E90C41499A): 1
LogDevObjectVersion:   FortniteMain (601D1886-AC64-4F84-AA16-D3DE0DEAC7D6): 47
LogDevObjectVersion:   FortniteRelease (E7086368-6B23-4C58-8439-1B7016265E91): 1
LogDevObjectVersion:   Dev-Enterprise (9DFFBCD6-494F-0158-E221-12823C92A888): 10
LogDevObjectVersion:   Dev-Niagara (F2AED0AC-9AFE-416F-8664-AA7FFA26D6FC): 1
LogDevObjectVersion:   Dev-Destruction (174F1F0B-B4C6-45A5-B13F-2EE8D0FB917D): 10
LogDevObjectVersion:   Dev-Physics-Ext (35F94A83-E258-406C-A318-09F59610247C): 41
LogDevObjectVersion:   Dev-PhysicsMaterial-Chaos (B68FC16E-8B1B-42E2-B453-215C058844FE): 1
LogDevObjectVersion:   Dev-CineCamera (B2E18506-4273-CFC2-A54E-F4BB758BBA07): 1
LogDevObjectVersion:   Dev-VirtualProduction (64F58936-FD1B-42BA-BA96-7289D5D0FA4E): 1
LogDevObjectVersion:   Dev-MediaFramework (6F0ED827-A609-4895-9C91-998D90180EA4): 2
LogInit: Presizing for max 25165824 objects, including 0 objects not considered by GC, pre-allocating 0 bytes for permanent pool.
LogConfig: Applying CVar settings from Section [/Script/Engine.StreamingSettings] File [D:/Artemii/Game/Game/Saved/Config/Windows/Engine.ini]
LogConfig: Setting CVar [[s.MinBulkDataSizeForAsyncLoading:131072]]
LogConfig: Setting CVar [[s.AsyncLoadingThreadEnabled:0]]
LogConfig: Setting CVar [[s.EventDrivenLoaderEnabled:1]]
LogConfig: Setting CVar [[s.WarnIfTimeLimitExceeded:0]]
LogConfig: Setting CVar [[s.TimeLimitExceededMultiplier:1.5]]
LogConfig: Setting CVar [[s.TimeLimitExceededMinTime:0.005]]
LogConfig: Setting CVar [[s.UseBackgroundLevelStreaming:1]]
LogConfig: Setting CVar [[s.PriorityAsyncLoadingExtraTime:15.0]]
LogConfig: Setting CVar [[s.LevelStreamingActorsUpdateTimeLimit:5.0]]
LogConfig: Setting CVar [[s.PriorityLevelStreamingActorsUpdateExtraTime:5.0]]
LogConfig: Setting CVar [[s.LevelStreamingComponentsRegistrationGranularity:10]]
LogConfig: Setting CVar [[s.UnregisterComponentsTimeLimit:1.0]]
LogConfig: Setting CVar [[s.LevelStreamingComponentsUnregistrationGranularity:5]]
LogConfig: Setting CVar [[s.FlushStreamingOnExit:1]]
LogInit: Object subsystem initialized
LogConfig: Setting CVar [[con.DebugEarlyDefault:1]]
LogConfig: Setting CVar [[r.setres:1280x720]]
[2026.01.02-12.46.03:861][  0]LogConfig: Setting CVar [[r.VSync:0]]
[2026.01.02-12.46.03:861][  0]LogConfig: Setting CVar [[r.RHICmdBypass:0]]
[2026.01.02-12.46.03:861][  0]LogConfig: Applying CVar settings from Section [/Script/Engine.RendererSettings] File [D:/Artemii/Game/Game/Saved/Config/Windows/Engine.ini]
[2026.01.02-12.46.03:861][  0]LogConfig: Setting CVar [[r.GPUCrashDebugging:0]]
[2026.01.02-12.46.03:861][  0]LogConfig: Applying CVar settings from Section [/Script/Engine.RendererOverrideSettings] File [D:/Artemii/Game/Game/Saved/Config/Windows/Engine.ini]
[2026.01.02-12.46.03:861][  0]LogConfig: Applying CVar settings from Section [/Script/Engine.StreamingSettings] File [D:/Artemii/Game/Game/Saved/Config/Windows/Engine.ini]
[2026.01.02-12.46.03:861][  0]LogConfig: Setting CVar [[s.MinBulkDataSizeForAsyncLoading:131072]]
[2026.01.02-12.46.03:861][  0]LogConfig: Setting CVar [[s.AsyncLoadingThreadEnabled:0]]
[2026.01.02-12.46.03:861][  0]LogConfig: Setting CVar [[s.EventDrivenLoaderEnabled:1]]
[2026.01.02-12.46.03:861][  0]LogConfig: Setting CVar [[s.WarnIfTimeLimitExceeded:0]]
[2026.01.02-12.46.03:861][  0]LogConfig: Setting CVar [[s.TimeLimitExceededMultiplier:1.5]]
[2026.01.02-12.46.03:861][  0]LogConfig: Setting CVar [[s.TimeLimitExceededMinTime:0.005]]
[2026.01.02-12.46.03:861][  0]LogConfig: Setting CVar [[s.UseBackgroundLevelStreaming:1]]
[2026.01.02-12.46.03:861][  0]LogConfig: Setting CVar [[s.PriorityAsyncLoadingExtraTime:15.0]]
[2026.01.02-12.46.03:861][  0]LogConfig: Setting CVar [[s.LevelStreamingActorsUpdateTimeLimit:5.0]]
[2026.01.02-12.46.03:861][  0]LogConfig: Setting CVar [[s.PriorityLevelStreamingActorsUpdateExtraTime:5.0]]
[2026.01.02-12.46.03:861][  0]LogConfig: Setting CVar [[s.LevelStreamingComponentsRegistrationGranularity:10]]
[2026.01.02-12.46.03:861][  0]LogConfig: Setting CVar [[s.UnregisterComponentsTimeLimit:1.0]]
[2026.01.02-12.46.03:861][  0]LogConfig: Setting CVar [[s.LevelStreamingComponentsUnregistrationGranularity:5]]
[2026.01.02-12.46.03:861][  0]LogConfig: Setting CVar [[s.FlushStreamingOnExit:1]]
[2026.01.02-12.46.03:861][  0]LogConfig: Applying CVar settings from Section [/Script/Engine.GarbageCollectionSettings] File [D:/Artemii/Game/Game/Saved/Config/Windows/Engine.ini]
[2026.01.02-12.46.03:861][  0]LogConfig: Setting CVar [[gc.MaxObjectsNotConsideredByGC:1]]
[2026.01.02-12.46.03:861][  0]LogConfig: Setting CVar [[gc.SizeOfPermanentObjectPool:0]]
[2026.01.02-12.46.03:861][  0]LogConfig: Setting CVar [[gc.FlushStreamingOnGC:0]]
[2026.01.02-12.46.03:861][  0]LogConfig: Setting CVar [[gc.NumRetriesBeforeForcingGC:10]]
[2026.01.02-12.46.03:861][  0]LogConfig: Setting CVar [[gc.AllowParallelGC:1]]
[2026.01.02-12.46.03:861][  0]LogConfig: Setting CVar [[gc.TimeBetweenPurgingPendingKillObjects:61.1]]
[2026.01.02-12.46.03:861][  0]LogConfig: Setting CVar [[gc.MaxObjectsInEditor:25165824]]
[2026.01.02-12.46.03:861][  0]LogConfig: Setting CVar [[gc.IncrementalBeginDestroyEnabled:1]]
[2026.01.02-12.46.03:861][  0]LogConfig: Setting CVar [[gc.CreateGCClusters:1]]
[2026.01.02-12.46.03:861][  0]LogConfig: Setting CVar [[gc.MinGCClusterSize:5]]
[2026.01.02-12.46.03:861][  0]LogConfig: Setting CVar [[gc.ActorClusteringEnabled:0]]
[2026.01.02-12.46.03:861][  0]LogConfig: Setting CVar [[gc.BlueprintClusteringEnabled:0]]
[2026.01.02-12.46.03:861][  0]LogConfig: Setting CVar [[gc.UseDisregardForGCOnDedicatedServers:0]]
[2026.01.02-12.46.03:861][  0]LogConfig: Setting CVar [[gc.MultithreadedDestructionEnabled:1]]
[2026.01.02-12.46.03:861][  0]LogConfig: Applying CVar settings from Section [/Script/Engine.NetworkSettings] File [D:/Artemii/Game/Game/Saved/Config/Windows/Engine.ini]
[2026.01.02-12.46.03:861][  0]LogConfig: Applying CVar settings from Section [/Script/UnrealEd.CookerSettings] File [D:/Artemii/Game/Game/Saved/Config/Windows/Engine.ini]
[2026.01.02-12.46.03:868][  0]LogConfig: Applying CVar settings from Section [ViewDistanceQuality@3] File [D:/Artemii/Game/Game/Saved/Config/Windows/Scalability.ini]
[2026.01.02-12.46.03:868][  0]LogConfig: Setting CVar [[r.SkeletalMeshLODBias:0]]
[2026.01.02-12.46.03:868][  0]LogConfig: Setting CVar [[r.ViewDistanceScale:1.0]]
[2026.01.02-12.46.03:868][  0]LogConfig: Applying CVar settings from Section [AntiAliasingQuality@3] File [D:/Artemii/Game/Game/Saved/Config/Windows/Scalability.ini]
[2026.01.02-12.46.03:868][  0]LogConfig: Setting CVar [[r.PostProcessAAQuality:4]]
[2026.01.02-12.46.03:868][  0]LogConfig: Applying CVar settings from Section [ShadowQuality@3] File [D:/Artemii/Game/Game/Saved/Config/Windows/Scalability.ini]
[2026.01.02-12.46.03:868][  0]LogConfig: Setting CVar [[r.LightFunctionQuality:1]]
[2026.01.02-12.46.03:868][  0]LogConfig: Setting CVar [[r.ShadowQuality:5]]
[2026.01.02-12.46.03:868][  0]LogConfig: Setting CVar [[r.Shadow.CSM.MaxCascades:10]]
[2026.01.02-12.46.03:868][  0]LogConfig: Setting CVar [[r.Shadow.MaxResolution:2048]]
[2026.01.02-12.46.03:868][  0]LogConfig: Setting CVar [[r.Shadow.MaxCSMResolution:2048]]
[2026.01.02-12.46.03:868][  0]LogConfig: Setting CVar [[r.Shadow.RadiusThreshold:0.01]]
[2026.01.02-12.46.03:868][  0]LogConfig: Setting CVar [[r.Shadow.DistanceScale:1.0]]
[2026.01.02-12.46.03:868][  0]LogConfig: Setting CVar [[r.Shadow.CSM.TransitionScale:1.0]]
[2026.01.02-12.46.03:868][  0]LogConfig: Setting CVar [[r.Shadow.PreShadowResolutionFactor:1.0]]
[2026.01.02-12.46.03:868][  0]LogConfig: Setting CVar [[r.DistanceFieldShadowing:1]]
[2026.01.02-12.46.03:868][  0]LogConfig: Setting CVar [[r.DistanceFieldAO:1]]
[2026.01.02-12.46.03:868][  0]LogConfig: Setting CVar [[r.AOQuality:2]]
[2026.01.02-12.46.03:868][  0]LogConfig: Setting CVar [[r.VolumetricFog:1]]
[2026.01.02-12.46.03:868][  0]LogConfig: Setting CVar [[r.VolumetricFog.GridPixelSize:8]]
[2026.01.02-12.46.03:868][  0]LogConfig: Setting CVar [[r.VolumetricFog.GridSizeZ:128]]
[2026.01.02-12.46.03:868][  0]LogConfig: Setting CVar [[r.VolumetricFog.HistoryMissSupersampleCount:4]]
[2026.01.02-12.46.03:868][  0]LogConfig: Setting CVar [[r.LightMaxDrawDistanceScale:1]]
[2026.01.02-12.46.03:868][  0]LogConfig: Setting CVar [[r.CapsuleShadows:1]]
[2026.01.02-12.46.03:868][  0]LogConfig: Applying CVar settings from Section [PostProcessQuality@3] File [D:/Artemii/Game/Game/Saved/Config/Windows/Scalability.ini]
[2026.01.02-12.46.03:868][  0]LogConfig: Setting CVar [[r.MotionBlurQuality:4]]
[2026.01.02-12.46.03:868][  0]LogConfig: Setting CVar [[r.AmbientOcclusionMipLevelFactor:0.4]]
[2026.01.02-12.46.03:868][  0]LogConfig: Setting CVar [[r.AmbientOcclusionMaxQuality:100]]
[2026.01.02-12.46.03:868][  0]LogConfig: Setting CVar [[r.AmbientOcclusionLevels:-1]]
[2026.01.02-12.46.03:868][  0]LogConfig: Setting CVar [[r.AmbientOcclusionRadiusScale:1.0]]
[2026.01.02-12.46.03:868][  0]LogConfig: Setting CVar [[r.DepthOfFieldQuality:2]]
[2026.01.02-12.46.03:868][  0]LogConfig: Setting CVar [[r.RenderTargetPoolMin:400]]
[2026.01.02-12.46.03:868][  0]LogConfig: Setting CVar [[r.LensFlareQuality:2]]
[2026.01.02-12.46.03:868][  0]LogConfig: Setting CVar [[r.SceneColorFringeQuality:1]]
[2026.01.02-12.46.03:868][  0]LogConfig: Setting CVar [[r.EyeAdaptationQuality:2]]
[2026.01.02-12.46.03:868][  0]LogConfig: Setting CVar [[r.BloomQuality:5]]
[2026.01.02-12.46.03:868][  0]LogConfig: Setting CVar [[r.FastBlurThreshold:100]]
[2026.01.02-12.46.03:868][  0]LogConfig: Setting CVar [[r.Upscale.Quality:3]]
[2026.01.02-12.46.03:868][  0]LogConfig: Setting CVar [[r.Tonemapper.GrainQuantization:1]]
[2026.01.02-12.46.03:868][  0]LogConfig: Setting CVar [[r.LightShaftQuality:1]]
[2026.01.02-12.46.03:868][  0]LogConfig: Setting CVar [[r.Filter.SizeScale:1]]
[2026.01.02-12.46.03:868][  0]LogConfig: Setting CVar [[r.Tonemapper.Quality:5]]
[2026.01.02-12.46.03:868][  0]LogConfig: Setting CVar [[r.DOF.Gather.AccumulatorQuality:1        ; higher gathering accumulator quality]]
[2026.01.02-12.46.03:868][  0]LogConfig: Setting CVar [[r.DOF.Gather.PostfilterMethod:1          ; Median3x3 postfilering method]]
[2026.01.02-12.46.03:868][  0]LogConfig: Setting CVar [[r.DOF.Gather.EnableBokehSettings:0       ; no bokeh simulation when gathering]]
[2026.01.02-12.46.03:868][  0]LogConfig: Setting CVar [[r.DOF.Gather.RingCount:4                 ; medium number of samples when gathering]]
[2026.01.02-12.46.03:869][  0]LogConfig: Setting CVar [[r.DOF.Scatter.ForegroundCompositing:1    ; additive foreground scattering]]
[2026.01.02-12.46.03:869][  0]LogConfig: Setting CVar [[r.DOF.Scatter.BackgroundCompositing:2    ; additive background scattering]]
[2026.01.02-12.46.03:869][  0]LogConfig: Setting CVar [[r.DOF.Scatter.EnableBokehSettings:1      ; bokeh simulation when scattering]]
[2026.01.02-12.46.03:869][  0]LogConfig: Setting CVar [[r.DOF.Scatter.MaxSpriteRatio:0.1         ; only a maximum of 10% of scattered bokeh]]
[2026.01.02-12.46.03:869][  0]LogConfig: Setting CVar [[r.DOF.Recombine.Quality:1                ; cheap slight out of focus]]
[2026.01.02-12.46.03:869][  0]LogConfig: Setting CVar [[r.DOF.Recombine.EnableBokehSettings:0    ; no bokeh simulation on slight out of focus]]
[2026.01.02-12.46.03:869][  0]LogConfig: Setting CVar [[r.DOF.TemporalAAQuality:1                ; more stable temporal accumulation]]
[2026.01.02-12.46.03:869][  0]LogConfig: Setting CVar [[r.DOF.Kernel.MaxForegroundRadius:0.025]]
[2026.01.02-12.46.03:869][  0]LogConfig: Setting CVar [[r.DOF.Kernel.MaxBackgroundRadius:0.025]]
[2026.01.02-12.46.03:869][  0]LogConfig: Applying CVar settings from Section [TextureQuality@3] File [D:/Artemii/Game/Game/Saved/Config/Windows/Scalability.ini]
[2026.01.02-12.46.03:869][  0]LogConfig: Setting CVar [[r.Streaming.MipBias:0]]
[2026.01.02-12.46.03:869][  0]LogConfig: Setting CVar [[r.Streaming.AmortizeCPUToGPUCopy:0]]
[2026.01.02-12.46.03:869][  0]LogConfig: Setting CVar [[r.Streaming.MaxNumTexturesToStreamPerFrame:0]]
[2026.01.02-12.46.03:869][  0]LogConfig: Setting CVar [[r.Streaming.Boost:1]]
[2026.01.02-12.46.03:869][  0]LogConfig: Setting CVar [[r.MaxAnisotropy:8]]
[2026.01.02-12.46.03:869][  0]LogConfig: Setting CVar [[r.VT.MaxAnisotropy:8]]
[2026.01.02-12.46.03:869][  0]LogConfig: Setting CVar [[r.Streaming.LimitPoolSizeToVRAM:0]]
[2026.01.02-12.46.03:869][  0]LogConfig: Setting CVar [[r.Streaming.PoolSize:1000]]
[2026.01.02-12.46.03:869][  0]LogConfig: Setting CVar [[r.Streaming.MaxEffectiveScreenSize:0]]
[2026.01.02-12.46.03:869][  0]LogConfig: Applying CVar settings from Section [EffectsQuality@3] File [D:/Artemii/Game/Game/Saved/Config/Windows/Scalability.ini]
[2026.01.02-12.46.03:869][  0]LogConfig: Setting CVar [[r.TranslucencyLightingVolumeDim:64]]
[2026.01.02-12.46.03:869][  0]LogConfig: Setting CVar [[r.RefractionQuality:2]]
[2026.01.02-12.46.03:869][  0]LogConfig: Setting CVar [[r.SSR.Quality:3]]
[2026.01.02-12.46.03:869][  0]LogConfig: Setting CVar [[r.SSR.HalfResSceneColor:0]]
[2026.01.02-12.46.03:869][  0]LogConfig: Setting CVar [[r.SceneColorFormat:4]]
[2026.01.02-12.46.03:869][  0]LogConfig: Setting CVar [[r.DetailMode:2]]
[2026.01.02-12.46.03:869][  0]LogConfig: Setting CVar [[r.TranslucencyVolumeBlur:1]]
[2026.01.02-12.46.03:869][  0]LogConfig: Setting CVar [[r.MaterialQualityLevel:1 ; High quality]]
[2026.01.02-12.46.03:869][  0]LogConfig: Setting CVar [[r.AnisotropicMaterials:1]]
[2026.01.02-12.46.03:869][  0]LogConfig: Setting CVar [[r.SSS.Scale:1]]
[2026.01.02-12.46.03:869][  0]LogConfig: Setting CVar [[r.SSS.SampleSet:2]]
[2026.01.02-12.46.03:869][  0]LogConfig: Setting CVar [[r.SSS.Quality:1]]
[2026.01.02-12.46.03:869][  0]LogConfig: Setting CVar [[r.SSS.HalfRes:0]]
[2026.01.02-12.46.03:869][  0]LogConfig: Setting CVar [[r.SSGI.Quality:3]]
[2026.01.02-12.46.03:869][  0]LogConfig: Setting CVar [[r.EmitterSpawnRateScale:1.0]]
[2026.01.02-12.46.03:869][  0]LogConfig: Setting CVar [[r.ParticleLightQuality:2]]
[2026.01.02-12.46.03:869][  0]LogConfig: Setting CVar [[r.SkyAtmosphere.AerialPerspectiveLUT.FastApplyOnOpaque:1 ; Always have FastSkyLUT 1 in this case to avoid wrong sky]]
[2026.01.02-12.46.03:869][  0]LogConfig: Setting CVar [[r.SkyAtmosphere.AerialPerspectiveLUT.SampleCountMaxPerSlice:4]]
[2026.01.02-12.46.03:869][  0]LogConfig: Setting CVar [[r.SkyAtmosphere.AerialPerspectiveLUT.DepthResolution:16.0]]
[2026.01.02-12.46.03:869][  0]LogConfig: Setting CVar [[r.SkyAtmosphere.FastSkyLUT:1]]
[2026.01.02-12.46.03:869][  0]LogConfig: Setting CVar [[r.SkyAtmosphere.FastSkyLUT.SampleCountMin:4.0]]
[2026.01.02-12.46.03:869][  0]LogConfig: Setting CVar [[r.SkyAtmosphere.FastSkyLUT.SampleCountMax:128.0]]
[2026.01.02-12.46.03:869][  0]LogConfig: Setting CVar [[r.SkyAtmosphere.SampleCountMin:4.0]]
[2026.01.02-12.46.03:869][  0]LogConfig: Setting CVar [[r.SkyAtmosphere.SampleCountMax:128.0]]
[2026.01.02-12.46.03:869][  0]LogConfig: Setting CVar [[r.SkyAtmosphere.TransmittanceLUT.UseSmallFormat:0]]
[2026.01.02-12.46.03:869][  0]LogConfig: Setting CVar [[r.SkyAtmosphere.TransmittanceLUT.SampleCount:10.0]]
[2026.01.02-12.46.03:869][  0]LogConfig: Setting CVar [[r.SkyAtmosphere.MultiScatteringLUT.SampleCount:15.0]]
[2026.01.02-12.46.03:869][  0]LogConfig: Setting CVar [[r.SkyLight.RealTimeReflectionCapture:1]]
[2026.01.02-12.46.03:869][  0]LogConfig: Applying CVar settings from Section [FoliageQuality@3] File [D:/Artemii/Game/Game/Saved/Config/Windows/Scalability.ini]
[2026.01.02-12.46.03:869][  0]LogConfig: Setting CVar [[foliage.DensityScale:1.0]]
[2026.01.02-12.46.03:869][  0]LogConfig: Setting CVar [[grass.DensityScale:1.0]]
[2026.01.02-12.46.03:869][  0]LogConfig: Applying CVar settings from Section [ShadingQuality@3] File [D:/Artemii/Game/Game/Saved/Config/Windows/Scalability.ini]
[2026.01.02-12.46.03:869][  0]LogConfig: Setting CVar [[r.HairStrands.SkyLighting.IntegrationType:2]]
[2026.01.02-12.46.03:869][  0]LogConfig: Setting CVar [[r.HairStrands.SkyAO.SampleCount:4]]
[2026.01.02-12.46.03:869][  0]LogConfig: Setting CVar [[r.HairStrands.Visibility.MSAA.SamplePerPixel:4]]
[2026.01.02-12.46.03:869][  0]LogInit: Selected Device Profile: [Windows]
[2026.01.02-12.46.03:869][  0]LogInit: Applying CVar settings loaded from the selected device profile: [Windows]
[2026.01.02-12.46.03:869][  0]LogHAL: Display: Platform has ~ 32 GB [34153394176 / 34359738368 / 32], which maps to Largest [LargestMinGB=32, LargerMinGB=12, DefaultMinGB=8, SmallerMinGB=6, SmallestMinGB=0)
[2026.01.02-12.46.03:869][  0]LogInit: Going up to parent DeviceProfile []
[2026.01.02-12.46.03:869][  0]LogConfig: Applying CVar settings from Section [ViewDistanceQuality@3] File [D:/Artemii/Game/Game/Saved/Config/Windows/Scalability.ini]
[2026.01.02-12.46.03:869][  0]LogConfig: Setting CVar [[r.SkeletalMeshLODBias:0]]
[2026.01.02-12.46.03:869][  0]LogConfig: Setting CVar [[r.ViewDistanceScale:1.0]]
[2026.01.02-12.46.03:869][  0]LogConfig: Applying CVar settings from Section [AntiAliasingQuality@3] File [D:/Artemii/Game/Game/Saved/Config/Windows/Scalability.ini]
[2026.01.02-12.46.03:869][  0]LogConfig: Setting CVar [[r.PostProcessAAQuality:4]]
[2026.01.02-12.46.03:869][  0]LogConfig: Applying CVar settings from Section [ShadowQuality@3] File [D:/Artemii/Game/Game/Saved/Config/Windows/Scalability.ini]
[2026.01.02-12.46.03:869][  0]LogConfig: Setting CVar [[r.LightFunctionQuality:1]]
[2026.01.02-12.46.03:869][  0]LogConfig: Setting CVar [[r.ShadowQuality:5]]
[2026.01.02-12.46.03:869][  0]LogConfig: Setting CVar [[r.Shadow.CSM.MaxCascades:10]]
[2026.01.02-12.46.03:869][  0]LogConfig: Setting CVar [[r.Shadow.MaxResolution:2048]]
[2026.01.02-12.46.03:869][  0]LogConfig: Setting CVar [[r.Shadow.MaxCSMResolution:2048]]
[2026.01.02-12.46.03:869][  0]LogConfig: Setting CVar [[r.Shadow.RadiusThreshold:0.01]]
[2026.01.02-12.46.03:869][  0]LogConfig: Setting CVar [[r.Shadow.DistanceScale:1.0]]
[2026.01.02-12.46.03:869][  0]LogConfig: Setting CVar [[r.Shadow.CSM.TransitionScale:1.0]]
[2026.01.02-12.46.03:869][  0]LogConfig: Setting CVar [[r.Shadow.PreShadowResolutionFactor:1.0]]
[2026.01.02-12.46.03:869][  0]LogConfig: Setting CVar [[r.DistanceFieldShadowing:1]]
[2026.01.02-12.46.03:869][  0]LogConfig: Setting CVar [[r.DistanceFieldAO:1]]
[2026.01.02-12.46.03:869][  0]LogConfig: Setting CVar [[r.AOQuality:2]]
[2026.01.02-12.46.03:869][  0]LogConfig: Setting CVar [[r.VolumetricFog:1]]
[2026.01.02-12.46.03:869][  0]LogConfig: Setting CVar [[r.VolumetricFog.GridPixelSize:8]]
[2026.01.02-12.46.03:869][  0]LogConfig: Setting CVar [[r.VolumetricFog.GridSizeZ:128]]
[2026.01.02-12.46.03:869][  0]LogConfig: Setting CVar [[r.VolumetricFog.HistoryMissSupersampleCount:4]]
[2026.01.02-12.46.03:869][  0]LogConfig: Setting CVar [[r.LightMaxDrawDistanceScale:1]]
[2026.01.02-12.46.03:869][  0]LogConfig: Setting CVar [[r.CapsuleShadows:1]]
[2026.01.02-12.46.03:869][  0]LogConfig: Applying CVar settings from Section [PostProcessQuality@3] File [D:/Artemii/Game/Game/Saved/Config/Windows/Scalability.ini]
[2026.01.02-12.46.03:869][  0]LogConfig: Setting CVar [[r.MotionBlurQuality:4]]
[2026.01.02-12.46.03:869][  0]LogConfig: Setting CVar [[r.AmbientOcclusionMipLevelFactor:0.4]]
[2026.01.02-12.46.03:869][  0]LogConfig: Setting CVar [[r.AmbientOcclusionMaxQuality:100]]
[2026.01.02-12.46.03:869][  0]LogConfig: Setting CVar [[r.AmbientOcclusionLevels:-1]]
[2026.01.02-12.46.03:869][  0]LogConfig: Setting CVar [[r.AmbientOcclusionRadiusScale:1.0]]
[2026.01.02-12.46.03:869][  0]LogConfig: Setting CVar [[r.DepthOfFieldQuality:2]]
[2026.01.02-12.46.03:869][  0]LogConfig: Setting CVar [[r.RenderTargetPoolMin:400]]
[2026.01.02-12.46.03:869][  0]LogConfig: Setting CVar [[r.LensFlareQuality:2]]
[2026.01.02-12.46.03:869][  0]LogConfig: Setting CVar [[r.SceneColorFringeQuality:1]]
[2026.01.02-12.46.03:869][  0]LogConfig: Setting CVar [[r.EyeAdaptationQuality:2]]
[2026.01.02-12.46.03:869][  0]LogConfig: Setting CVar [[r.BloomQuality:5]]
[2026.01.02-12.46.03:869][  0]LogConfig: Setting CVar [[r.FastBlurThreshold:100]]
[2026.01.02-12.46.03:869][  0]LogConfig: Setting CVar [[r.Upscale.Quality:3]]
[2026.01.02-12.46.03:869][  0]LogConfig: Setting CVar [[r.Tonemapper.GrainQuantization:1]]
[2026.01.02-12.46.03:869][  0]LogConfig: Setting CVar [[r.LightShaftQuality:1]]
[2026.01.02-12.46.03:869][  0]LogConfig: Setting CVar [[r.Filter.SizeScale:1]]
[2026.01.02-12.46.03:869][  0]LogConfig: Setting CVar [[r.Tonemapper.Quality:5]]
[2026.01.02-12.46.03:869][  0]LogConfig: Setting CVar [[r.DOF.Gather.AccumulatorQuality:1        ; higher gathering accumulator quality]]
[2026.01.02-12.46.03:869][  0]LogConfig: Setting CVar [[r.DOF.Gather.PostfilterMethod:1          ; Median3x3 postfilering method]]
[2026.01.02-12.46.03:869][  0]LogConfig: Setting CVar [[r.DOF.Gather.EnableBokehSettings:0       ; no bokeh simulation when gathering]]
[2026.01.02-12.46.03:869][  0]LogConfig: Setting CVar [[r.DOF.Gather.RingCount:4                 ; medium number of samples when gathering]]
[2026.01.02-12.46.03:869][  0]LogConfig: Setting CVar [[r.DOF.Scatter.ForegroundCompositing:1    ; additive foreground scattering]]
[2026.01.02-12.46.03:869][  0]LogConfig: Setting CVar [[r.DOF.Scatter.BackgroundCompositing:2    ; additive background scattering]]
[2026.01.02-12.46.03:869][  0]LogConfig: Setting CVar [[r.DOF.Scatter.EnableBokehSettings:1      ; bokeh simulation when scattering]]
[2026.01.02-12.46.03:869][  0]LogConfig: Setting CVar [[r.DOF.Scatter.MaxSpriteRatio:0.1         ; only a maximum of 10% of scattered bokeh]]
[2026.01.02-12.46.03:869][  0]LogConfig: Setting CVar [[r.DOF.Recombine.Quality:1                ; cheap slight out of focus]]
[2026.01.02-12.46.03:869][  0]LogConfig: Setting CVar [[r.DOF.Recombine.EnableBokehSettings:0    ; no bokeh simulation on slight out of focus]]
[2026.01.02-12.46.03:869][  0]LogConfig: Setting CVar [[r.DOF.TemporalAAQuality:1                ; more stable temporal accumulation]]
[2026.01.02-12.46.03:869][  0]LogConfig: Setting CVar [[r.DOF.Kernel.MaxForegroundRadius:0.025]]
[2026.01.02-12.46.03:869][  0]LogConfig: Setting CVar [[r.DOF.Kernel.MaxBackgroundRadius:0.025]]
[2026.01.02-12.46.03:869][  0]LogConfig: Applying CVar settings from Section [TextureQuality@3] File [D:/Artemii/Game/Game/Saved/Config/Windows/Scalability.ini]
[2026.01.02-12.46.03:869][  0]LogConfig: Setting CVar [[r.Streaming.MipBias:0]]
[2026.01.02-12.46.03:869][  0]LogConfig: Setting CVar [[r.Streaming.AmortizeCPUToGPUCopy:0]]
[2026.01.02-12.46.03:869][  0]LogConfig: Setting CVar [[r.Streaming.MaxNumTexturesToStreamPerFrame:0]]
[2026.01.02-12.46.03:869][  0]LogConfig: Setting CVar [[r.Streaming.Boost:1]]
[2026.01.02-12.46.03:869][  0]LogConfig: Setting CVar [[r.MaxAnisotropy:8]]
[2026.01.02-12.46.03:869][  0]LogConfig: Setting CVar [[r.VT.MaxAnisotropy:8]]
[2026.01.02-12.46.03:869][  0]LogConfig: Setting CVar [[r.Streaming.LimitPoolSizeToVRAM:0]]
[2026.01.02-12.46.03:869][  0]LogConfig: Setting CVar [[r.Streaming.PoolSize:1000]]
[2026.01.02-12.46.03:869][  0]LogConfig: Setting CVar [[r.Streaming.MaxEffectiveScreenSize:0]]
[2026.01.02-12.46.03:869][  0]LogConfig: Applying CVar settings from Section [EffectsQuality@3] File [D:/Artemii/Game/Game/Saved/Config/Windows/Scalability.ini]
[2026.01.02-12.46.03:869][  0]LogConfig: Setting CVar [[r.TranslucencyLightingVolumeDim:64]]
[2026.01.02-12.46.03:869][  0]LogConfig: Setting CVar [[r.RefractionQuality:2]]
[2026.01.02-12.46.03:869][  0]LogConfig: Setting CVar [[r.SSR.Quality:3]]
[2026.01.02-12.46.03:869][  0]LogConfig: Setting CVar [[r.SSR.HalfResSceneColor:0]]
[2026.01.02-12.46.03:869][  0]LogConfig: Setting CVar [[r.SceneColorFormat:4]]
[2026.01.02-12.46.03:869][  0]LogConfig: Setting CVar [[r.DetailMode:2]]
[2026.01.02-12.46.03:869][  0]LogConfig: Setting CVar [[r.TranslucencyVolumeBlur:1]]
[2026.01.02-12.46.03:869][  0]LogConfig: Setting CVar [[r.MaterialQualityLevel:1 ; High quality]]
[2026.01.02-12.46.03:869][  0]LogConfig: Setting CVar [[r.AnisotropicMaterials:1]]
[2026.01.02-12.46.03:869][  0]LogConfig: Setting CVar [[r.SSS.Scale:1]]
[2026.01.02-12.46.03:869][  0]LogConfig: Setting CVar [[r.SSS.SampleSet:2]]
[2026.01.02-12.46.03:869][  0]LogConfig: Setting CVar [[r.SSS.Quality:1]]
[2026.01.02-12.46.03:869][  0]LogConfig: Setting CVar [[r.SSS.HalfRes:0]]
[2026.01.02-12.46.03:869][  0]LogConfig: Setting CVar [[r.SSGI.Quality:3]]
[2026.01.02-12.46.03:869][  0]LogConfig: Setting CVar [[r.EmitterSpawnRateScale:1.0]]
[2026.01.02-12.46.03:869][  0]LogConfig: Setting CVar [[r.ParticleLightQuality:2]]
[2026.01.02-12.46.03:869][  0]LogConfig: Setting CVar [[r.SkyAtmosphere.AerialPerspectiveLUT.FastApplyOnOpaque:1 ; Always have FastSkyLUT 1 in this case to avoid wrong sky]]
[2026.01.02-12.46.03:869][  0]LogConfig: Setting CVar [[r.SkyAtmosphere.AerialPerspectiveLUT.SampleCountMaxPerSlice:4]]
[2026.01.02-12.46.03:869][  0]LogConfig: Setting CVar [[r.SkyAtmosphere.AerialPerspectiveLUT.DepthResolution:16.0]]
[2026.01.02-12.46.03:869][  0]LogConfig: Setting CVar [[r.SkyAtmosphere.FastSkyLUT:1]]
[2026.01.02-12.46.03:869][  0]LogConfig: Setting CVar [[r.SkyAtmosphere.FastSkyLUT.SampleCountMin:4.0]]
[2026.01.02-12.46.03:869][  0]LogConfig: Setting CVar [[r.SkyAtmosphere.FastSkyLUT.SampleCountMax:128.0]]
[2026.01.02-12.46.03:869][  0]LogConfig: Setting CVar [[r.SkyAtmosphere.SampleCountMin:4.0]]
[2026.01.02-12.46.03:869][  0]LogConfig: Setting CVar [[r.SkyAtmosphere.SampleCountMax:128.0]]
[2026.01.02-12.46.03:869][  0]LogConfig: Setting CVar [[r.SkyAtmosphere.TransmittanceLUT.UseSmallFormat:0]]
[2026.01.02-12.46.03:869][  0]LogConfig: Setting CVar [[r.SkyAtmosphere.TransmittanceLUT.SampleCount:10.0]]
[2026.01.02-12.46.03:869][  0]LogConfig: Setting CVar [[r.SkyAtmosphere.MultiScatteringLUT.SampleCount:15.0]]
[2026.01.02-12.46.03:869][  0]LogConfig: Setting CVar [[r.SkyLight.RealTimeReflectionCapture:1]]
[2026.01.02-12.46.03:869][  0]LogConfig: Applying CVar settings from Section [FoliageQuality@3] File [D:/Artemii/Game/Game/Saved/Config/Windows/Scalability.ini]
[2026.01.02-12.46.03:869][  0]LogConfig: Setting CVar [[foliage.DensityScale:1.0]]
[2026.01.02-12.46.03:869][  0]LogConfig: Setting CVar [[grass.DensityScale:1.0]]
[2026.01.02-12.46.03:869][  0]LogConfig: Applying CVar settings from Section [ShadingQuality@3] File [D:/Artemii/Game/Game/Saved/Config/Windows/Scalability.ini]
[2026.01.02-12.46.03:869][  0]LogConfig: Setting CVar [[r.HairStrands.SkyLighting.IntegrationType:2]]
[2026.01.02-12.46.03:869][  0]LogConfig: Setting CVar [[r.HairStrands.SkyAO.SampleCount:4]]
[2026.01.02-12.46.03:869][  0]LogConfig: Setting CVar [[r.HairStrands.Visibility.MSAA.SamplePerPixel:4]]
[2026.01.02-12.46.03:870][  0]LogConfig: Applying CVar settings from Section [Startup] File [../../../Engine/Config/ConsoleVariables.ini]
[2026.01.02-12.46.03:870][  0]LogConfig: Setting CVar [[net.UseAdaptiveNetUpdateFrequency:0]]
[2026.01.02-12.46.03:870][  0]LogConfig: Setting CVar [[p.chaos.AllowCreatePhysxBodies:1]]
[2026.01.02-12.46.03:870][  0]LogConfig: Setting CVar [[fx.SkipVectorVMBackendOptimizations:1]]
[2026.01.02-12.46.03:870][  0]LogConfig: Applying CVar settings from Section [ConsoleVariables] File [D:/Artemii/Game/Game/Saved/Config/Windows/Engine.ini]
[2026.01.02-12.46.03:870][  0]LogConfig: Applying CVar settings from Section [ConsoleVariables] File [D:/Artemii/Game/Game/Saved/Config/Windows/Editor.ini]
[2026.01.02-12.46.03:870][  0]LogInit: Computer: ANATOLII
[2026.01.02-12.46.03:870][  0]LogInit: User: LVI
[2026.01.02-12.46.03:870][  0]LogInit: CPU Page size=4096, Cores=14
[2026.01.02-12.46.03:870][  0]LogInit: High frequency timer resolution =10.000000 MHz
[2026.01.02-12.46.03:870][  0]LogMemory: Memory total: Physical=31.8GB (32GB approx)
[2026.01.02-12.46.03:870][  0]LogMemory: Platform Memory Stats for Windows
[2026.01.02-12.46.03:870][  0]LogMemory: Process Physical Memory: 149.33 MB used, 149.34 MB peak
[2026.01.02-12.46.03:870][  0]LogMemory: Process Virtual Memory: 122.84 MB used, 122.84 MB peak
[2026.01.02-12.46.03:870][  0]LogMemory: Physical Memory: 8559.54 MB used,  24011.67 MB free, 32571.21 MB total
[2026.01.02-12.46.03:870][  0]LogMemory: Virtual Memory: 134191152.00 MB used,  26578.46 MB free, 134217728.00 MB total
[2026.01.02-12.46.03:872][  0]LogWindows: WindowsPlatformFeatures enabled
[2026.01.02-12.46.03:895][  0]LogInit: Physics initialised using underlying interface: PhysX
[2026.01.02-12.46.03:897][  0]LogInit: Using OS detected language (en-US).
[2026.01.02-12.46.03:897][  0]LogInit: Using OS detected locale (uk-UA).
[2026.01.02-12.46.03:899][  0]LogTextLocalizationManager: No specific localization for 'en-US' exists, so the 'en' localization will be used.
[2026.01.02-12.46.03:999][  0]LogInit: Setting process to per monitor DPI aware
[2026.01.02-12.46.04:011][  0]LogWindowsTextInputMethodSystem: Display: IME system deactivated.
[2026.01.02-12.46.04:023][  0]LogSlate: New Slate User Created.  User Index 0, Is Virtual User: 0
[2026.01.02-12.46.04:023][  0]LogSlate: Slate User Registered.  User Index 0, Is Virtual User: 0
[2026.01.02-12.46.04:085][  0]LogD3D11RHI: Loaded GFSDK_Aftermath_Lib.x64.dll
[2026.01.02-12.46.04:087][  0]LogHMD: Failed to initialize OpenVR with code 110
[2026.01.02-12.46.04:088][  0]LogD3D11RHI: D3D11 min allowed feature level: 11_0
[2026.01.02-12.46.04:088][  0]LogD3D11RHI: D3D11 max allowed feature level: 11_0
[2026.01.02-12.46.04:088][  0]LogD3D11RHI: D3D11 adapters:
[2026.01.02-12.46.04:224][  0]LogD3D11RHI:    0. 'NVIDIA GeForce RTX 3060 Ti' (Feature Level 11_0)
[2026.01.02-12.46.04:224][  0]LogD3D11RHI:       8024/0/16285 MB DedicatedVideo/DedicatedSystem/SharedSystem, Outputs:2, VendorId:0x10de
[2026.01.02-12.46.04:272][  0]LogD3D11RHI:    1. 'Intel(R) UHD Graphics 770' (Feature Level 11_0)
[2026.01.02-12.46.04:272][  0]LogD3D11RHI:       128/0/16285 MB DedicatedVideo/DedicatedSystem/SharedSystem, Outputs:0, VendorId:0x8086
[2026.01.02-12.46.04:273][  0]LogD3D11RHI:    2. 'Microsoft Basic Render Driver' (Feature Level 11_0)
[2026.01.02-12.46.04:273][  0]LogD3D11RHI:       0/0/16285 MB DedicatedVideo/DedicatedSystem/SharedSystem, Outputs:0, VendorId:0x1414
[2026.01.02-12.46.04:375][  0]LogD3D11RHI:    3. 'NVIDIA GeForce RTX 3060 Ti' (Feature Level 11_0)
[2026.01.02-12.46.04:375][  0]LogD3D11RHI:       8024/0/16285 MB DedicatedVideo/DedicatedSystem/SharedSystem, Outputs:0, VendorId:0x10de
[2026.01.02-12.46.04:375][  0]LogD3D11RHI: Chosen D3D11 Adapter:
[2026.01.02-12.46.04:375][  0]LogD3D11RHI:     Description : NVIDIA GeForce RTX 3060 Ti
[2026.01.02-12.46.04:375][  0]LogD3D11RHI:     VendorId    : 10de
[2026.01.02-12.46.04:375][  0]LogD3D11RHI:     DeviceId    : 2489
[2026.01.02-12.46.04:375][  0]LogD3D11RHI:     SubSysId    : 405b1458
[2026.01.02-12.46.04:375][  0]LogD3D11RHI:     Revision    : 00a1
[2026.01.02-12.46.04:375][  0]LogD3D11RHI:     DedicatedVideoMemory : 8413773824 bytes
[2026.01.02-12.46.04:375][  0]LogD3D11RHI:     DedicatedSystemMemory : 0 bytes
[2026.01.02-12.46.04:375][  0]LogD3D11RHI:     SharedSystemMemory : 17076697088 bytes
[2026.01.02-12.46.04:375][  0]LogD3D11RHI:     AdapterLuid : 0 56547
[2026.01.02-12.46.04:379][  0]LogD3D11RHI: Creating new Direct3DDevice
[2026.01.02-12.46.04:379][  0]LogD3D11RHI:     GPU DeviceId: 0x2489 (for the marketing name, search the web for "GPU Device Id")
[2026.01.02-12.46.04:379][  0]LogWindows: EnumDisplayDevices:
[2026.01.02-12.46.04:379][  0]LogWindows:    0. 'NVIDIA GeForce RTX 3060 Ti' (P:0 D:1)
[2026.01.02-12.46.04:379][  0]LogWindows:    1. 'NVIDIA GeForce RTX 3060 Ti' (P:1 D:1)
[2026.01.02-12.46.04:379][  0]LogWindows:    2. 'NVIDIA GeForce RTX 3060 Ti' (P:0 D:0)
[2026.01.02-12.46.04:379][  0]LogWindows:    3. 'NVIDIA GeForce RTX 3060 Ti' (P:0 D:0)
[2026.01.02-12.46.04:380][  0]LogWindows:    4. 'Intel(R) UHD Graphics 770' (P:0 D:0)
[2026.01.02-12.46.04:380][  0]LogWindows:    5. 'Intel(R) UHD Graphics 770' (P:0 D:0)
[2026.01.02-12.46.04:380][  0]LogWindows:    6. 'Intel(R) UHD Graphics 770' (P:0 D:0)
[2026.01.02-12.46.04:380][  0]LogWindows:    7. 'Intel(R) UHD Graphics 770' (P:0 D:0)
[2026.01.02-12.46.04:380][  0]LogWindows:    8. 'Parsec Virtual Display Adapter' (P:0 D:0)
[2026.01.02-12.46.04:380][  0]LogWindows:    9. 'Parsec Virtual Display Adapter' (P:0 D:0)
[2026.01.02-12.46.04:380][  0]LogWindows:    10. 'Parsec Virtual Display Adapter' (P:0 D:0)
[2026.01.02-12.46.04:380][  0]LogWindows:    11. 'Parsec Virtual Display Adapter' (P:0 D:0)
[2026.01.02-12.46.04:380][  0]LogWindows:    12. 'Parsec Virtual Display Adapter' (P:0 D:0)
[2026.01.02-12.46.04:380][  0]LogWindows:    13. 'Parsec Virtual Display Adapter' (P:0 D:0)
[2026.01.02-12.46.04:381][  0]LogWindows:    14. 'Parsec Virtual Display Adapter' (P:0 D:0)
[2026.01.02-12.46.04:381][  0]LogWindows:    15. 'Parsec Virtual Display Adapter' (P:0 D:0)
[2026.01.02-12.46.04:381][  0]LogWindows:    16. 'Parsec Virtual Display Adapter' (P:0 D:0)
[2026.01.02-12.46.04:381][  0]LogWindows:    17. 'Parsec Virtual Display Adapter' (P:0 D:0)
[2026.01.02-12.46.04:381][  0]LogWindows:    18. 'Parsec Virtual Display Adapter' (P:0 D:0)
[2026.01.02-12.46.04:381][  0]LogWindows:    19. 'Parsec Virtual Display Adapter' (P:0 D:0)
[2026.01.02-12.46.04:381][  0]LogWindows:    20. 'Parsec Virtual Display Adapter' (P:0 D:0)
[2026.01.02-12.46.04:381][  0]LogWindows:    21. 'Parsec Virtual Display Adapter' (P:0 D:0)
[2026.01.02-12.46.04:381][  0]LogWindows:    22. 'Parsec Virtual Display Adapter' (P:0 D:0)
[2026.01.02-12.46.04:381][  0]LogWindows:    23. 'Parsec Virtual Display Adapter' (P:0 D:0)
[2026.01.02-12.46.04:381][  0]LogWindows: DebugString: PrimaryIsNotTheChoosenAdapter PrimaryIsNotTheChoosenAdapter PrimaryIsNotTheChoosenAdapter PrimaryIsNotTheChoosenAdapter GetVideoDriverDetailsInvalid PrimaryIsNotTheChoosenAdapter GetVideoDriverDetailsInvalid PrimaryIsNotTheChoosenAdapter GetVideoDriverDetailsInvalid PrimaryIsNotTheChoosenAdapter GetVideoDriverDetailsInvalid PrimaryIsNotTheChoosenAdapter GetVideoDriverDetailsInvalid PrimaryIsNotTheChoosenAdapter GetVideoDriverDetailsInvalid PrimaryIsNotTheChoosenAdapter GetVideoDriverDetailsInvalid PrimaryIsNotTheChoosenAdapter GetVideoDriverDetailsInvalid PrimaryIsNotTheChoosenAdapter GetVideoDriverDetailsInvalid PrimaryIsNotTheChoosenAdapter GetVideoDriverDetailsInvalid PrimaryIsNotTheChoosenAdapter GetVideoDriverDetailsInvalid PrimaryIsNotTheChoosenAdapter GetVideoDriverDetailsInvalid PrimaryIsNotTheChoosenAdapter GetVideoDriverDetailsInvalid PrimaryIsNotTheChoosenAdapter GetVideoDriverDetailsInvalid PrimaryIsNotTheChoosenAdapter GetVideoDriverDetailsInvalid PrimaryIsNotTheChoosenAdapter GetVideoDriverDetailsInvalid PrimaryIsNotTheChoosenAdapter FoundDriverCount:4 
[2026.01.02-12.46.04:381][  0]LogD3D11RHI:     Adapter Name: NVIDIA GeForce RTX 3060 Ti
[2026.01.02-12.46.04:381][  0]LogD3D11RHI:   Driver Version: 576.28 (internal:32.0.15.7628, unified:576.28)
[2026.01.02-12.46.04:381][  0]LogD3D11RHI:      Driver Date: 4-27-2025
[2026.01.02-12.46.04:381][  0]LogRHI: Texture pool is 5616 MB (70% of 8024 MB)
[2026.01.02-12.46.04:381][  0]LogD3D11RHI: Creating D3DDevice using adapter:
[2026.01.02-12.46.04:381][  0]LogD3D11RHI:     Description : NVIDIA GeForce RTX 3060 Ti
[2026.01.02-12.46.04:381][  0]LogD3D11RHI:     VendorId    : 10de
[2026.01.02-12.46.04:381][  0]LogD3D11RHI:     DeviceId    : 2489
[2026.01.02-12.46.04:381][  0]LogD3D11RHI:     SubSysId    : 405b1458
[2026.01.02-12.46.04:381][  0]LogD3D11RHI:     Revision    : 00a1
[2026.01.02-12.46.04:381][  0]LogD3D11RHI:     DedicatedVideoMemory : 8413773824 bytes
[2026.01.02-12.46.04:381][  0]LogD3D11RHI:     DedicatedSystemMemory : 0 bytes
[2026.01.02-12.46.04:381][  0]LogD3D11RHI:     SharedSystemMemory : 17076697088 bytes
[2026.01.02-12.46.04:381][  0]LogD3D11RHI:     AdapterLuid : 0 56547
[2026.01.02-12.46.04:478][  0]LogD3D11RHI: RHI has support for 64 bit atomics
[2026.01.02-12.46.04:478][  0]LogD3D11RHI: Async texture creation enabled
[2026.01.02-12.46.04:478][  0]LogD3D11RHI: Array index from any shader is supported
[2026.01.02-12.46.04:491][  0]LogD3D11RHI: GPU Timing Frequency: 1000.000000 (Debug: 2 1)
[2026.01.02-12.46.04:507][  0]LogRHI: GeForceNow SDK initialized: 1
[2026.01.02-12.46.04:678][  0]LogTargetPlatformManager: Display: Loaded TargetPlatform 'AllDesktop'
[2026.01.02-12.46.04:690][  0]LogTargetPlatformManager: Display: Loaded TargetPlatform 'Android'
[2026.01.02-12.46.04:690][  0]LogTargetPlatformManager: Display: Loaded TargetPlatform 'Android_ASTC'
[2026.01.02-12.46.04:690][  0]LogTargetPlatformManager: Display: Loaded TargetPlatform 'Android_DXT'
[2026.01.02-12.46.04:690][  0]LogTargetPlatformManager: Display: Loaded TargetPlatform 'Android_ETC2'
[2026.01.02-12.46.04:690][  0]LogTargetPlatformManager: Display: Loaded TargetPlatform 'AndroidClient'
[2026.01.02-12.46.04:690][  0]LogTargetPlatformManager: Display: Loaded TargetPlatform 'Android_ASTCClient'
[2026.01.02-12.46.04:690][  0]LogTargetPlatformManager: Display: Loaded TargetPlatform 'Android_DXTClient'
[2026.01.02-12.46.04:690][  0]LogTargetPlatformManager: Display: Loaded TargetPlatform 'Android_ETC2Client'
[2026.01.02-12.46.04:690][  0]LogTargetPlatformManager: Display: Loaded TargetPlatform 'Android_Multi'
[2026.01.02-12.46.04:690][  0]LogTargetPlatformManager: Display: Loaded TargetPlatform 'Android_MultiClient'
[2026.01.02-12.46.04:699][  0]LogTargetPlatformManager: Display: Loaded TargetPlatform 'IOSClient'
[2026.01.02-12.46.04:699][  0]LogTargetPlatformManager: Display: Loaded TargetPlatform 'IOS'
[2026.01.02-12.46.04:704][  0]LogTargetPlatformManager: Display: Loaded TargetPlatform 'Linux'
[2026.01.02-12.46.04:706][  0]LogTargetPlatformManager: Display: Loaded TargetPlatform 'LinuxNoEditor'
[2026.01.02-12.46.04:708][  0]LogTargetPlatformManager: Display: Loaded TargetPlatform 'LinuxClient'
[2026.01.02-12.46.04:711][  0]LogTargetPlatformManager: Display: Loaded TargetPlatform 'LinuxServer'
[2026.01.02-12.46.04:715][  0]LogTargetPlatformManager: Display: Loaded TargetPlatform 'LinuxAArch64NoEditor'
[2026.01.02-12.46.04:717][  0]LogTargetPlatformManager: Display: Loaded TargetPlatform 'LinuxAArch64Client'
[2026.01.02-12.46.04:720][  0]LogTargetPlatformManager: Display: Loaded TargetPlatform 'LinuxAArch64Server'
[2026.01.02-12.46.04:730][  0]LogTargetPlatformManager: Display: Loaded TargetPlatform 'Lumin'
[2026.01.02-12.46.04:730][  0]LogTargetPlatformManager: Display: Loaded TargetPlatform 'LuminClient'
[2026.01.02-12.46.04:734][  0]LogTargetPlatformManager: Display: Loaded TargetPlatform 'MacNoEditor'
[2026.01.02-12.46.04:737][  0]LogTargetPlatformManager: Display: Loaded TargetPlatform 'Mac'
[2026.01.02-12.46.04:739][  0]LogTargetPlatformManager: Display: Loaded TargetPlatform 'MacClient'
[2026.01.02-12.46.04:741][  0]LogTargetPlatformManager: Display: Loaded TargetPlatform 'MacServer'
[2026.01.02-12.46.04:746][  0]LogTargetPlatformManager: Display: Loaded TargetPlatform 'TVOSClient'
[2026.01.02-12.46.04:746][  0]LogTargetPlatformManager: Display: Loaded TargetPlatform 'TVOS'
[2026.01.02-12.46.04:750][  0]LogTargetPlatformManager: Display: Loaded TargetPlatform 'WindowsNoEditor'
[2026.01.02-12.46.04:753][  0]LogTargetPlatformManager: Display: Loaded TargetPlatform 'Windows'
[2026.01.02-12.46.04:755][  0]LogTargetPlatformManager: Display: Loaded TargetPlatform 'WindowsClient'
[2026.01.02-12.46.04:757][  0]LogTargetPlatformManager: Display: Loaded TargetPlatform 'WindowsServer'
[2026.01.02-12.46.04:757][  0]LogTargetPlatformManager: Display: Building Assets For Windows
[2026.01.02-12.46.04:760][  0]LogAudioDebug: Display: Lib vorbis DLL was dynamically loaded.
[2026.01.02-12.46.04:776][  0]LogTextureFormatOodle: Display: Oodle Texture 2.9.0 init RDO Off
[2026.01.02-12.46.04:792][  0]LogRendererCore: Ray tracing is disabled. Reason: r.RayTracing=0.
[2026.01.02-12.46.04:792][  0]LogShaderCompilers: Guid format shader working directory is 24 characters bigger than the processId version (D:/Artemii/Game/Game/Intermediate/Shaders/WorkingDirectory/2588/).
[2026.01.02-12.46.04:792][  0]LogShaderCompilers: Cleaned the shader compiler working directory 'C:/Users/LVI/AppData/Local/Temp/UnrealShaderWorkingDir/7B2822C74C6F24B5105945B952960A24/'.
[2026.01.02-12.46.04:792][  0]LogXGEController: Cannot use XGE Controller as Incredibuild is not installed on this machine.
[2026.01.02-12.46.04:792][  0]LogShaderCompilers: Cannot use XGE Shader Compiler as Incredibuild is not installed on this machine.
[2026.01.02-12.46.04:792][  0]LogShaderCompilers: Display: Using Local Shader Compiler.
[2026.01.02-12.46.05:268][  0]LogDerivedDataCache: Display: Max Cache Size: 512 MB
[2026.01.02-12.46.05:305][  0]LogDerivedDataCache: Loaded boot cache 0.04s 94MB C:/Users/LVI/AppData/Local/UnrealEngine/4.27/DerivedDataCache/Boot.ddc.
[2026.01.02-12.46.05:305][  0]LogDerivedDataCache: Display: Loaded Boot cache: C:/Users/LVI/AppData/Local/UnrealEngine/4.27/DerivedDataCache/Boot.ddc
[2026.01.02-12.46.05:305][  0]LogDerivedDataCache: FDerivedDataBackendGraph:  Pak pak cache file D:/Artemii/Game/Game/DerivedDataCache/DDC.ddp not found, will not use a pak cache.
[2026.01.02-12.46.05:305][  0]LogDerivedDataCache: Unable to find inner node Pak for hierarchical cache Hierarchy.
[2026.01.02-12.46.05:305][  0]LogDerivedDataCache: FDerivedDataBackendGraph:  CompressedPak pak cache file D:/Artemii/Game/Game/DerivedDataCache/Compressed.ddp not found, will not use a pak cache.
[2026.01.02-12.46.05:305][  0]LogDerivedDataCache: Unable to find inner node CompressedPak for hierarchical cache Hierarchy.
[2026.01.02-12.46.05:316][  0]LogDerivedDataCache: Display: Pak cache opened for reading ../../../Engine/DerivedDataCache/Compressed.ddp.
[2026.01.02-12.46.05:316][  0]LogDerivedDataCache: FDerivedDataBackendGraph:  EnterprisePak pak cache file ../../../Enterprise/DerivedDataCache/Compressed.ddp not found, will not use a pak cache.
[2026.01.02-12.46.05:316][  0]LogDerivedDataCache: Unable to find inner node EnterprisePak for hierarchical cache Hierarchy.
[2026.01.02-12.46.05:321][  0]LogDerivedDataCache: Speed tests for C:/Users/LVI/AppData/Local/UnrealEngine/Common/DerivedDataCache took 0.00 seconds
[2026.01.02-12.46.05:321][  0]LogDerivedDataCache: Display: Performance to C:/Users/LVI/AppData/Local/UnrealEngine/Common/DerivedDataCache: Latency=0.01ms. RandomReadSpeed=1978.48MBs, RandomWriteSpeed=215.71MBs. Assigned SpeedClass 'Local'
[2026.01.02-12.46.05:322][  0]LogDerivedDataCache: Using Local data cache path C:/Users/LVI/AppData/Local/UnrealEngine/Common/DerivedDataCache: Writable
[2026.01.02-12.46.05:322][  0]LogDerivedDataCache: Shared data cache path not found in *engine.ini, will not use an Shared cache.
[2026.01.02-12.46.05:322][  0]LogDerivedDataCache: Unable to find inner node Shared for hierarchical cache Hierarchy.
[2026.01.02-12.46.05:351][  0]LogSlate: Using FreeType 2.10.0
[2026.01.02-12.46.05:352][  0]LogSlate: SlateFontServices - WITH_FREETYPE: 1, WITH_HARFBUZZ: 1
[2026.01.02-12.46.05:367][  0]LogAssetRegistry: FAssetRegistry took 0.0017 seconds to start up
[2026.01.02-12.46.05:490][  0]LogInit: Selected Device Profile: [Windows]
[2026.01.02-12.46.05:490][  0]LogInit: Active device profile: [0000016D5AACB100][0000016D58DA05C0 49] Windows
[2026.01.02-12.46.05:490][  0]LogInit: Profiles: [0000016D5AACB100][0000016D58DA05C0 49] Windows, [0000016D5AA75400][0000016D58DA4700 49] WindowsNoEditor, [0000016D5AAC9400][0000016D58DAC880 49] WindowsServer, [0000016D5AA76E00][0000016D5B012A00 49] WindowsClient, [0000016D5AACAE00][0000016D5B016B80 49] IOS, [0000016D5AA75500][0000016D5B01AD00 49] iPadAir, [0000016D5AAC8400][0000016D5B01EE80 49] iPadAir2, [0000016D5AA34400][0000016D5B027140 49] IPadPro, [0000016D5AA34500][0000016D5B023180 49] iPadAir3, [0000016D5AACAB00][0000016D5B02B300 49] iPadAir4, [0000016D5AA37000][0000016D5B02F480 49] iPadMini2, [0000016D5AAC9600][0000016D5B033600 49] iPadMini3, [0000016D5AA35800][0000016D5B037780 49] iPadMini4, [0000016D5AACA900][0000016D5B03B900 49] iPadMini5, [0000016D5AA33C00][0000016D5B043BC0 49] iPhone6, [0000016D5AA33D00][0000016D5B03FC00 49] iPodTouch6, [0000016D5AA37E00][0000016D5B04A340 49] iPhone7, [0000016D5AA37F00][0000016D5B046380 49] iPodTouch7, [0000016D5AA31500][0000016D5B04E500 49] iPhone5S, [0000016D5AA35B00][0000016D58DA8640 49] iPhone6Plus, [0000016D5AA32C00][0000016D5B052780 49] iPhone6S, [0000016D5AA34200][0000016D5B0568C0 49] iPhone6SPlus, [0000016D5AA31800][0000016D5B05EA40 49] iPhone7Plus, [0000016D5AA37400][0000016D5B062BC0 49] iPhoneSE, [0000016D5AA32900][0000016D5B066D40 49] iPhone8, [0000016D5AA35600][0000016D5B06AEC0 49] iPhone8Plus, [0000016D5AA33800][0000016D5B06F040 49] iPhoneX, [0000016D5AA34600][0000016D5B0731C0 49] iPhoneXS, [0000016D5AA32800][0000016D5B077340 49] iPhoneXSMax, [0000016D5AA36500][0000016D5B07B4C0 49] iPhoneXR, [0000016D5AA31D00][0000016D5B07F640 49] iPhone11, [0000016D5AA34800][0000016D5B0837C0 49] iPhone11Pro, [0000016D5AA32500][0000016D5B087940 49] iPhone11ProMax, [0000016D5AA35D00][0000016D5B08BAC0 49] iPhoneSE2, [0000016D5AA32000][0000016D5B08E0C0 49] iPhone12Mini, [0000016D5AA34A00][0000016D5B092240 49] iPhone12, [0000016D5AA32200][0000016D5B0963C0 49] iPhone12Pro, [0000016D5AA34E00][0000016D5B09A540 49] iPhone12ProMax, [0000016D5AA32700][0000016D5B09E6C0 49] iPadPro105, [0000016D5AA34D00][0000016D5B05A800 49] iPadPro129, [0000016D5AA31900][0000016D5B0A2940 49] iPadPro97, [0000016D5AA37D00][0000016D5B0A6A80 49] iPadPro2_129, [0000016D5AA32D00][0000016D5B0AABC0 49] iPad5, [0000016D5AA36100][0000016D5B0B2D40 49] iPad6, [0000016D5AA30700][0000016D5B0B6EC0 49] iPad7, [0000016D5AA36900][0000016D5B0BB040 49] iPad8, [0000016D5AA33500][0000016D5B0BF1C0 49] iPadPro11, [0000016D5AA37800][0000016D5B0C3340 49] iPadPro2_11, [0000016D5AA33000][0000016D5B0C74C0 49] iPadPro3_129, [0000016D5AA36800][0000016D5B0CB640 49] iPadPro4_129, [0000016D5AA30900][0000016D5B0CF7C0 49] AppleTV, [0000016D5AA35900][0000016D5B0D3940 49] AppleTV4K, [0000016D5AA33100][0000016D5B0D7AC0 49] TVOS, [0000016D5AA37200][0000016D5B0DA0C0 49] Mac, [0000016D5AA30300][0000016D5B0DE240 49] MacClient, [0000016D5AA34B00][0000016D5B0E23C0 49] MacNoEditor, [0000016D5AA30600][0000016D5B0E6540 49] MacServer, [0000016D5AA37900][0000016D5B0EA6C0 49] Linux, [0000016D5AA32A00][0000016D5B0EE840 49] LinuxAArch64, [0000016D5AA34900][0000016D5B0AE980 49] LinuxNoEditor, [0000016D5AA31A00][0000016D5B0F2AC0 49] LinuxAArch64NoEditor, [0000016D5AA77C00][0000016D5B0F6C00 49] LinuxClient, [0000016D5AB09500][0000016D5B0FAD40 49] LinuxAArch64Client, [0000016D5AA74200][0000016D5B102EC0 49] LinuxServer, [0000016D5AB08B00][0000016D5B107040 49] LinuxAArch64Server, [0000016D5AA75200][0000016D5B10B1C0 49] Android, [0000016D5AB09100][0000016D5B10F340 49] Android_Low, [0000016D5AA75C00][0000016D5B1134C0 49] Android_Mid, [0000016D5AB09700][0000016D5B117640 49] Android_High, [0000016D5AA76800][0000016D5B11B7C0 49] Android_Default, [0000016D5AB08A00][0000016D5B11F940 49] Android_Adreno4xx, [0000016D5AA77000][0000016D5B123AC0 49] Android_Adreno5xx_Low, [0000016D5AB08300][0000016D5B1260C0 49] Android_Adreno5xx, [0000016D5AA77800][0000016D5B12A240 49] Android_Adreno6xx, [0000016D5AB08D00][0000016D5B12E3C0 49] Android_Adreno6xx_Vulkan, [0000016D5AA74E00][0000016D5B132540 49] Android_Mali_T6xx, [0000016D5AB08100][0000016D5B1366C0 49] Android_Mali_T7xx, [0000016D5AA74500][0000016D5B13A840 49] Android_Mali_T8xx, [0000016D5AB09C00][0000016D5B13E9C0 49] Android_Mali_G71, [0000016D5AA74A00][0000016D5B142B40 49] Android_Mali_G72, [0000016D5AB09300][0000016D5B0FEC80 49] Android_Mali_G72_Vulkan, [0000016D5AA74900][0000016D5B146DC0 49] Android_Mali_G76, [0000016D5AA31F00][0000016D5B14AF00 49] Android_Mali_G76_Vulkan, [0000016D5AA77900][0000016D5B153080 49] Android_Mali_G77, [0000016D5AA33E00][0000016D5B157200 49] Android_Mali_G77_Vulkan, [0000016D5AA74D00][0000016D5B15B380 49] Android_Mali_G78, [0000016D5AA31600][0000016D5B15F500 49] Android_Mali_G78_Vulkan, [0000016D5AA77F00][0000016D5B163680 49] Android_Mali_G710, [0000016D5AA33B00][0000016D5B167800 49] Android_Mali_G710_Vulkan, [0000016D5AA76200][0000016D5B16B980 49] Android_Vulkan_SM5, [0000016D5AA32F00][0000016D5B16FB00 49] Android_PowerVR_G6xxx, [0000016D5AA76C00][0000016D5B172100 49] Android_PowerVR_GT7xxx, [0000016D5AA33700][0000016D5B176280 49] Android_PowerVR_GE8xxx, [0000016D5AA75D00][0000016D5B17A400 49] Android_PowerVR_GM9xxx, [0000016D5AA32100][0000016D5B17E580 49] Android_PowerVR_GM9xxx_Vulkan, [0000016D5AA75000][0000016D5B182700 49] Android_TegraK1, [0000016D5AA31300][0000016D5B186880 49] Android_Unknown_Vulkan, [0000016D5AA76100][0000016D5B18AA00 49] Lumin, [0000016D5AA32400][0000016D5B18EB80 49] Lumin_Desktop, [0000016D5AA76F00][0000016D5B192D00 49] HoloLens, 
[2026.01.02-12.46.05:561][  0]LogMeshReduction: Using QuadricMeshReduction for automatic static mesh reduction
[2026.01.02-12.46.05:561][  0]LogMeshReduction: Using SimplygonMeshReduction for automatic skeletal mesh reduction
[2026.01.02-12.46.05:561][  0]LogMeshReduction: Using ProxyLODMeshReduction for automatic mesh merging
[2026.01.02-12.46.05:561][  0]LogMeshReduction: No distributed automatic mesh merging module available
[2026.01.02-12.46.05:561][  0]LogMeshMerging: No distributed automatic mesh merging module available
[2026.01.02-12.46.05:571][  0]LogNetVersion: Game 1.0.0, NetCL: 17155196, EngineNetVer: 17, GameNetVer: 0 (Checksum: 132826216)
[2026.01.02-12.46.05:789][  0]LogTexture: Default maximum texture size for cubemaps generated from long-lat sources has been changed from 512 to unlimited. In order to preserve old behaiour for '/Engine/MapTemplates/Sky/DaylightAmbientCubemap.DaylightAmbientCubemap', its maximum texture size has been explicitly set to 512.
[2026.01.02-12.46.05:822][  0]LogHMD: PokeAHoleMaterial loaded successfully
[2026.01.02-12.46.05:827][  0]LogUObjectArray: 17178 objects as part of root set at end of initial load.
[2026.01.02-12.46.05:827][  0]LogUObjectAllocator: 4302048 out of 0 bytes used by permanent object pool.
[2026.01.02-12.46.05:827][  0]LogUObjectArray: CloseDisregardForGC: 0/0 objects in disregard for GC pool
[2026.01.02-12.46.05:912][  0]LogNiagaraDebuggerClient: Niagara Debugger Client Initialized | Session: 4DF079CB451EF831EFD3D9A375A05445 | Instance: FCCEB57345DA12CE7F3933A1FDC09DD7 (ANATOLII-2588).
[2026.01.02-12.46.06:029][  0]LogPython: Using Python 3.7.7
[2026.01.02-12.46.06:313][  0]LogUdpMessaging: Initializing bridge on interface 0.0.0.0:0 to multicast group 230.0.0.1:6666.
[2026.01.02-12.46.06:317][  0]LogTcpMessaging: Initializing TcpMessaging bridge
[2026.01.02-12.46.06:363][  0]SourceControl: Source control is disabled
[2026.01.02-12.46.06:363][  0]SourceControl: Source control is disabled
[2026.01.02-12.46.06:368][  0]LogUProjectInfo: Found projects:
[2026.01.02-12.46.06:371][  0]SourceControl: Source control is disabled
[2026.01.02-12.46.06:373][  0]SourceControl: Source control is disabled
[2026.01.02-12.46.06:438][  0]SourceControl: Source control is disabled
[2026.01.02-12.46.06:483][  0]LogOpenImageDenoise: OIDN starting up
[2026.01.02-12.46.06:553][  0]LogAndroidPermission: UAndroidPermissionCallbackProxy::GetInstance
[2026.01.02-12.46.06:562][  0]LogAudioCaptureCore: Display: No Audio Capture implementations found. Audio input will be silent.
[2026.01.02-12.46.06:562][  0]LogAudioCaptureCore: Display: No Audio Capture implementations found. Audio input will be silent.
[2026.01.02-12.46.06:668][  0]LogCollectionManager: Loaded 0 collections in 0.000929 seconds
[2026.01.02-12.46.06:681][  0]LogFileCache: Scanning file cache for directory 'D:/Artemii/Game/Game/Saved/Collections/' took 0.00s
[2026.01.02-12.46.06:681][  0]LogFileCache: Scanning file cache for directory 'D:/Artemii/Game/Game/Content/Developers/LVI/Collections/' took 0.00s
[2026.01.02-12.46.06:681][  0]LogFileCache: Scanning file cache for directory 'D:/Artemii/Game/Game/Content/Collections/' took 0.00s
[2026.01.02-12.46.06:681][  0]LogOcInput: OculusInput pre-init called
[2026.01.02-12.46.06:824][  0]LogEngine: Initializing Engine...
[2026.01.02-12.46.06:826][  0]LogHMD: Failed to enumerate extensions. Please check that you have a valid OpenXR runtime installed.
[2026.01.02-12.46.06:826][  0]LogHMD: Failed to initialize OpenVR with code 110
[2026.01.02-12.46.06:826][  0]LogMagicLeap: Warning: VR disabled because ZI is not enabled.  To enable, in the editor, Edit -> Project Settings -> Plugins -> Magic Leap Plugin -> Enable Zero Iteration
[2026.01.02-12.46.06:827][  0]LogStats: UGameplayTagsManager::InitializeManager -  0.000 s
[2026.01.02-12.46.06:900][  0]LogInit: Initializing FReadOnlyCVARCache
[2026.01.02-12.46.06:905][  0]LogAIModule: Creating AISystem for world Untitled
[2026.01.02-12.46.06:912][  0]LogAudio: Display: Initializing Audio Device Manager...
[2026.01.02-12.46.06:914][  0]LogAudio: Display: Loading Default Audio Settings Objects...
[2026.01.02-12.46.06:914][  0]LogAudio: Display: No default SoundConcurrencyObject specified (or failed to load).
[2026.01.02-12.46.06:914][  0]LogAudio: Display: Audio Device Manager Initialized
[2026.01.02-12.46.06:914][  0]LogAudio: Display: Creating Audio Device:                 Id: 1, Scope: Shared, Realtime: True
[2026.01.02-12.46.06:915][  0]LogAudioMixer: Display: Audio Mixer Platform Settings:
[2026.01.02-12.46.06:915][  0]LogAudioMixer: Display: 	Sample Rate:						  48000
[2026.01.02-12.46.06:915][  0]LogAudioMixer: Display: 	Callback Buffer Frame Size Requested: 1024
[2026.01.02-12.46.06:915][  0]LogAudioMixer: Display: 	Callback Buffer Frame Size To Use:	  1024
[2026.01.02-12.46.06:915][  0]LogAudioMixer: Display: 	Number of buffers to queue:			  2
[2026.01.02-12.46.06:915][  0]LogAudioMixer: Display: 	Max Channels (voices):				  32
[2026.01.02-12.46.06:915][  0]LogAudioMixer: Display: 	Number of Async Source Workers:		  0
[2026.01.02-12.46.06:915][  0]LogAudio: Display: AudioDevice MaxSources: 32
[2026.01.02-12.46.06:915][  0]LogAudio: Display: Audio Spatialization Plugin: None (built-in).
[2026.01.02-12.46.06:915][  0]LogAudio: Display: Audio Reverb Plugin: None (built-in).
[2026.01.02-12.46.06:915][  0]LogAudio: Display: Audio Occlusion Plugin: None (built-in).
[2026.01.02-12.46.06:915][  0]LogAudioMixer: Display: Initializing audio mixer.
[2026.01.02-12.46.06:922][  0]LogAudioMixer: Display: 0: FrontLeft
[2026.01.02-12.46.06:922][  0]LogAudioMixer: Display: 1: FrontRight
[2026.01.02-12.46.06:936][  0]LogAudioMixer: Display: Using Audio Device Speakers (Realtek(R) Audio)
[2026.01.02-12.46.06:936][  0]LogAudioMixer: Display: Initializing Sound Submixes...
[2026.01.02-12.46.06:936][  0]LogAudioMixer: Display: Creating Master Submix 'MasterSubmixDefault'
[2026.01.02-12.46.06:936][  0]LogAudioMixer: Display: Creating Master Submix 'MasterReverbSubmixDefault'
[2026.01.02-12.46.06:937][  0]LogAudioMixer: Display: Creating Master Submix 'MasterEQSubmixDefault'
[2026.01.02-12.46.06:937][  0]LogAudioMixer: FMixerPlatformXAudio2::StartAudioStream() called
[2026.01.02-12.46.06:937][  0]LogAudioMixer: Display: Output buffers initialized: Frames=1024, Channels=2, Samples=2048
[2026.01.02-12.46.06:938][  0]LogAudioMixer: Display: Starting AudioMixerPlatformInterface::RunInternal()
[2026.01.02-12.46.06:938][  0]LogAudioMixer: Display: FMixerPlatformXAudio2::SubmitBuffer() called for the first time
[2026.01.02-12.46.06:938][  0]LogInit: FAudioDevice initialized.
[2026.01.02-12.46.06:938][  0]LogAudio: Display: Audio Device (ID: 1) registered with world 'Untitled'.
[2026.01.02-12.46.06:938][  0]LogNetVersion: Set ProjectVersion to 1.0.0.0. Version Checksum will be recalculated on next use.
[2026.01.02-12.46.07:005][  0]LogDerivedDataCache: Saved boot cache 0.07s 94MB C:/Users/LVI/AppData/Local/UnrealEngine/4.27/DerivedDataCache/Boot.ddc.
[2026.01.02-12.46.07:005][  0]LogInit: Texture streaming: Enabled
[2026.01.02-12.46.07:012][  0]LogAnalytics: Display: [UEEditor.Rocket.Release] APIServer = https://datarouter.ol.epicgames.com/. AppVersion = 4.27.2-18319896+++UE4+Release-4.27
[2026.01.02-12.46.07:015][  0]LogEngineSessionManager: EngineSessionManager initialized
[2026.01.02-12.46.07:015][  0]LogEngineSessionManager: EngineSessionManager sent abnormal shutdown report. Type=Crashed, SessionId={672C7E99-45A5-7E6B-9B89-99A7B364A816}
[2026.01.02-12.46.07:015][  0]LogEditorSessionSummary: Verbose: Initializing EditorSessionSummaryWriter for editor session tracking
[2026.01.02-12.46.07:016][  0]LogEditorSessionSummary: EditorSessionSummaryWriter initialized
[2026.01.02-12.46.07:031][  0]LogInit: Transaction tracking system initialized
[2026.01.02-12.46.07:043][  0]BlueprintLog: New page: Editor Load
[2026.01.02-12.46.07:072][  0]LocalizationService: Localization service is disabled
[2026.01.02-12.46.07:083][  0]TimingProfiler: Initialize
[2026.01.02-12.46.07:083][  0]TimingProfiler: OnSessionChanged
[2026.01.02-12.46.07:083][  0]LoadingProfiler: Initialize
[2026.01.02-12.46.07:083][  0]LoadingProfiler: OnSessionChanged
[2026.01.02-12.46.07:083][  0]NetworkingProfiler: Initialize
[2026.01.02-12.46.07:083][  0]NetworkingProfiler: OnSessionChanged
[2026.01.02-12.46.07:083][  0]MemoryProfiler: Initialize
[2026.01.02-12.46.07:083][  0]MemoryProfiler: OnSessionChanged
[2026.01.02-12.46.07:161][  0]LogCook: Display: CookSettings for Memory: MemoryMaxUsedVirtual 0MiB, MemoryMaxUsedPhysical 16384MiB, MemoryMinFreeVirtual 0MiB, MemoryMinFreePhysical 1024MiB
[2026.01.02-12.46.07:161][  0]LogCook: Display: Mobile HDR setting 1
[2026.01.02-12.46.07:273][  0]LogFileCache: Scanning file cache for directory 'D:/Artemii/Game/Game/Content/' took 0.00s
[2026.01.02-12.46.07:380][  0]LogInit: Display: Engine is initialized. Leaving FEngineLoop::Init()
[2026.01.02-12.46.07:381][  0]SourceControl: Source control is disabled
[2026.01.02-12.46.07:381][  0]LogUnrealEdMisc: Loading editor; pre map load, took 4.237
[2026.01.02-12.46.07:381][  0]Cmd: MAP LOAD FILE="../../../Engine/Content/Maps/Templates/Template_Default.umap" TEMPLATE=1 SHOWPROGRESS=1 FEATURELEVEL=3
[2026.01.02-12.46.07:382][  0]LightingResults: New page: Lighting Build
[2026.01.02-12.46.07:382][  0]LogWorld: UWorld::CleanupWorld for Untitled, bSessionEnded=true, bCleanupResources=true
[2026.01.02-12.46.07:382][  0]LogSlate: InvalidateAllWidgets triggered.  All widgets were invalidated
[2026.01.02-12.46.07:383][  0]MapCheck: New page: Map Check
[2026.01.02-12.46.07:383][  0]LightingResults: New page: Lighting Build
[2026.01.02-12.46.07:385][  0]LogAudio: Display: Audio Device unregistered from world 'None'.
[2026.01.02-12.46.07:387][  0]LogUObjectHash: Compacting FUObjectHashTables data took   0.49ms
[2026.01.02-12.46.07:417][  0]LogTexture: Display: Building textures: DeprecatedTextureEB9CBE3C423008B5E8E130901E171C89 (BGRA8, 128X128)
[2026.01.02-12.46.07:419][  0]LogAudio: Display: Audio Device (ID: 1) registered with world 'Untitled_1'.
[2026.01.02-12.46.07:420][  0]LogAIModule: Creating AISystem for world Untitled_1
[2026.01.02-12.46.07:422][  0]LogEditorServer: Finished looking for orphan Actors (0.000 secs)
[2026.01.02-12.46.07:427][  0]LogUObjectHash: Compacting FUObjectHashTables data took   0.50ms
[2026.01.02-12.46.07:427][  0]Cmd: MAP CHECKDEP NOCLEARLOG
[2026.01.02-12.46.07:427][  0]MapCheck: Map check complete: 0 Error(s), 0 Warning(s), took 0,087ms to complete.
[2026.01.02-12.46.07:427][  0]LogFileHelpers: Loading map 'Template_Default' took 0.046
[2026.01.02-12.46.07:428][  0]LogUnrealEdMisc: Total Editor Startup Time, took 4.284
[2026.01.02-12.46.07:549][  0]LogTemp: Warning: SetupViewportDisplaySettings
[2026.01.02-12.46.07:554][  0]LogSlate: Updating window title bar state: overlay mode, drag disabled, window buttons hidden, title bar hidden
[2026.01.02-12.46.07:555][  0]LogTemp: Warning: SetupViewportDisplaySettings
[2026.01.02-12.46.07:558][  0]LogSlate: Updating window title bar state: overlay mode, drag disabled, window buttons hidden, title bar hidden
[2026.01.02-12.46.07:558][  0]LogTemp: Warning: SetupViewportDisplaySettings
[2026.01.02-12.46.07:561][  0]LogSlate: Updating window title bar state: overlay mode, drag disabled, window buttons hidden, title bar hidden
[2026.01.02-12.46.07:562][  0]LogTemp: Warning: SetupViewportDisplaySettings
[2026.01.02-12.46.07:564][  0]LogSlate: Updating window title bar state: overlay mode, drag disabled, window buttons hidden, title bar hidden
[2026.01.02-12.46.07:572][  0]LogNativeClassHierarchy: Verbose: Native class hierarchy populated in 0.0055 seconds. Added 3827 classes and 934 folders.
[2026.01.02-12.46.07:574][  0]LogNativeClassHierarchy: Verbose: Native class hierarchy updated for 'WidgetCarousel' in 0.0001 seconds. Added 0 classes and 0 folders.
[2026.01.02-12.46.07:575][  0]LogPakFile: PakFile PrimaryIndexSize=187
[2026.01.02-12.46.07:575][  0]LogPakFile: PakFile PathHashIndexSize=101
[2026.01.02-12.46.07:575][  0]LogPakFile: PakFile FullDirectoryIndexSize=148
[2026.01.02-12.46.07:575][  0]LogShaderLibrary: Display: ShaderCodeLibraryPakFileMountedCallback: PakFile 'C:/Program Files/Epic Games/UE_4.27/FeaturePacks/FP_FirstPerson.upack' (chunk index -1, root 'root:/') mounted
[2026.01.02-12.46.07:575][  0]LogShaderLibrary: Display: ShaderCodeLibraryPakFileMountedCallback: pending pak file info (ChunkID:-1 Root:root:/ File:C:/Program Files/Epic Games/UE_4.27/FeaturePacks/FP_FirstPerson.upack)
[2026.01.02-12.46.07:575][  0]LogPakFile: OnPakFileMounted2Time == 0.000036
[2026.01.02-12.46.07:576][  0]LogPakFile: PakFile PrimaryIndexSize=189
[2026.01.02-12.46.07:576][  0]LogPakFile: PakFile PathHashIndexSize=101
[2026.01.02-12.46.07:576][  0]LogPakFile: PakFile FullDirectoryIndexSize=152
[2026.01.02-12.46.07:576][  0]LogShaderLibrary: Display: ShaderCodeLibraryPakFileMountedCallback: PakFile 'C:/Program Files/Epic Games/UE_4.27/FeaturePacks/FP_FirstPersonBP.upack' (chunk index -1, root 'root:/') mounted
[2026.01.02-12.46.07:576][  0]LogShaderLibrary: Display: ShaderCodeLibraryPakFileMountedCallback: pending pak file info (ChunkID:-1 Root:root:/ File:C:/Program Files/Epic Games/UE_4.27/FeaturePacks/FP_FirstPersonBP.upack)
[2026.01.02-12.46.07:576][  0]LogPakFile: OnPakFileMounted2Time == 0.000021
[2026.01.02-12.46.07:576][  0]LogPakFile: PakFile PrimaryIndexSize=191
[2026.01.02-12.46.07:576][  0]LogPakFile: PakFile PathHashIndexSize=101
[2026.01.02-12.46.07:576][  0]LogPakFile: PakFile FullDirectoryIndexSize=160
[2026.01.02-12.46.07:576][  0]LogShaderLibrary: Display: ShaderCodeLibraryPakFileMountedCallback: PakFile 'C:/Program Files/Epic Games/UE_4.27/FeaturePacks/MobileStarterContent.upack' (chunk index -1, root 'root:/') mounted
[2026.01.02-12.46.07:576][  0]LogShaderLibrary: Display: ShaderCodeLibraryPakFileMountedCallback: pending pak file info (ChunkID:-1 Root:root:/ File:C:/Program Files/Epic Games/UE_4.27/FeaturePacks/MobileStarterContent.upack)
[2026.01.02-12.46.07:576][  0]LogPakFile: OnPakFileMounted2Time == 0.000021
[2026.01.02-12.46.07:576][  0]LogPakFile: PakFile PrimaryIndexSize=185
[2026.01.02-12.46.07:576][  0]LogPakFile: PakFile PathHashIndexSize=101
[2026.01.02-12.46.07:576][  0]LogPakFile: PakFile FullDirectoryIndexSize=148
[2026.01.02-12.46.07:576][  0]LogShaderLibrary: Display: ShaderCodeLibraryPakFileMountedCallback: PakFile 'C:/Program Files/Epic Games/UE_4.27/FeaturePacks/StarterContent.upack' (chunk index -1, root 'root:/') mounted
[2026.01.02-12.46.07:576][  0]LogShaderLibrary: Display: ShaderCodeLibraryPakFileMountedCallback: pending pak file info (ChunkID:-1 Root:root:/ File:C:/Program Files/Epic Games/UE_4.27/FeaturePacks/StarterContent.upack)
[2026.01.02-12.46.07:576][  0]LogPakFile: OnPakFileMounted2Time == 0.000019
[2026.01.02-12.46.07:577][  0]LogPakFile: PakFile PrimaryIndexSize=190
[2026.01.02-12.46.07:577][  0]LogPakFile: PakFile PathHashIndexSize=101
[2026.01.02-12.46.07:577][  0]LogPakFile: PakFile FullDirectoryIndexSize=154
[2026.01.02-12.46.07:577][  0]LogShaderLibrary: Display: ShaderCodeLibraryPakFileMountedCallback: PakFile 'C:/Program Files/Epic Games/UE_4.27/FeaturePacks/TP_2DSideScroller.upack' (chunk index -1, root 'root:/') mounted
[2026.01.02-12.46.07:577][  0]LogShaderLibrary: Display: ShaderCodeLibraryPakFileMountedCallback: pending pak file info (ChunkID:-1 Root:root:/ File:C:/Program Files/Epic Games/UE_4.27/FeaturePacks/TP_2DSideScroller.upack)
[2026.01.02-12.46.07:577][  0]LogPakFile: OnPakFileMounted2Time == 0.000017
[2026.01.02-12.46.07:577][  0]LogPakFile: PakFile PrimaryIndexSize=192
[2026.01.02-12.46.07:577][  0]LogPakFile: PakFile PathHashIndexSize=101
[2026.01.02-12.46.07:577][  0]LogPakFile: PakFile FullDirectoryIndexSize=158
[2026.01.02-12.46.07:577][  0]LogShaderLibrary: Display: ShaderCodeLibraryPakFileMountedCallback: PakFile 'C:/Program Files/Epic Games/UE_4.27/FeaturePacks/TP_2DSideScrollerBP.upack' (chunk index -1, root 'root:/') mounted
[2026.01.02-12.46.07:577][  0]LogShaderLibrary: Display: ShaderCodeLibraryPakFileMountedCallback: pending pak file info (ChunkID:-1 Root:root:/ File:C:/Program Files/Epic Games/UE_4.27/FeaturePacks/TP_2DSideScrollerBP.upack)
[2026.01.02-12.46.07:577][  0]LogPakFile: OnPakFileMounted2Time == 0.000018
[2026.01.02-12.46.07:577][  0]LogPakFile: PakFile PrimaryIndexSize=182
[2026.01.02-12.46.07:577][  0]LogPakFile: PakFile PathHashIndexSize=101
[2026.01.02-12.46.07:577][  0]LogPakFile: PakFile FullDirectoryIndexSize=138
[2026.01.02-12.46.07:577][  0]LogShaderLibrary: Display: ShaderCodeLibraryPakFileMountedCallback: PakFile 'C:/Program Files/Epic Games/UE_4.27/FeaturePacks/TP_Flying.upack' (chunk index -1, root 'root:/') mounted
[2026.01.02-12.46.07:577][  0]LogShaderLibrary: Display: ShaderCodeLibraryPakFileMountedCallback: pending pak file info (ChunkID:-1 Root:root:/ File:C:/Program Files/Epic Games/UE_4.27/FeaturePacks/TP_Flying.upack)
[2026.01.02-12.46.07:577][  0]LogPakFile: OnPakFileMounted2Time == 0.000017
[2026.01.02-12.46.07:577][  0]LogPakFile: PakFile PrimaryIndexSize=184
[2026.01.02-12.46.07:577][  0]LogPakFile: PakFile PathHashIndexSize=101
[2026.01.02-12.46.07:577][  0]LogPakFile: PakFile FullDirectoryIndexSize=142
[2026.01.02-12.46.07:577][  0]LogShaderLibrary: Display: ShaderCodeLibraryPakFileMountedCallback: PakFile 'C:/Program Files/Epic Games/UE_4.27/FeaturePacks/TP_FlyingBP.upack' (chunk index -1, root 'root:/') mounted
[2026.01.02-12.46.07:577][  0]LogShaderLibrary: Display: ShaderCodeLibraryPakFileMountedCallback: pending pak file info (ChunkID:-1 Root:root:/ File:C:/Program Files/Epic Games/UE_4.27/FeaturePacks/TP_FlyingBP.upack)
[2026.01.02-12.46.07:577][  0]LogPakFile: OnPakFileMounted2Time == 0.000018
[2026.01.02-12.46.07:577][  0]LogPakFile: PakFile PrimaryIndexSize=188
[2026.01.02-12.46.07:578][  0]LogPakFile: PakFile PathHashIndexSize=101
[2026.01.02-12.46.07:578][  0]LogPakFile: PakFile FullDirectoryIndexSize=150
[2026.01.02-12.46.07:578][  0]LogShaderLibrary: Display: ShaderCodeLibraryPakFileMountedCallback: PakFile 'C:/Program Files/Epic Games/UE_4.27/FeaturePacks/TP_HandheldARBP.upack' (chunk index -1, root 'root:/') mounted
[2026.01.02-12.46.07:578][  0]LogShaderLibrary: Display: ShaderCodeLibraryPakFileMountedCallback: pending pak file info (ChunkID:-1 Root:root:/ File:C:/Program Files/Epic Games/UE_4.27/FeaturePacks/TP_HandheldARBP.upack)
[2026.01.02-12.46.07:578][  0]LogPakFile: OnPakFileMounted2Time == 0.000019
[2026.01.02-12.46.07:578][  0]LogPakFile: PakFile PrimaryIndexSize=182
[2026.01.02-12.46.07:578][  0]LogPakFile: PakFile PathHashIndexSize=101
[2026.01.02-12.46.07:578][  0]LogPakFile: PakFile FullDirectoryIndexSize=138
[2026.01.02-12.46.07:578][  0]LogShaderLibrary: Display: ShaderCodeLibraryPakFileMountedCallback: PakFile 'C:/Program Files/Epic Games/UE_4.27/FeaturePacks/TP_Puzzle.upack' (chunk index -1, root 'root:/') mounted
[2026.01.02-12.46.07:578][  0]LogShaderLibrary: Display: ShaderCodeLibraryPakFileMountedCallback: pending pak file info (ChunkID:-1 Root:root:/ File:C:/Program Files/Epic Games/UE_4.27/FeaturePacks/TP_Puzzle.upack)
[2026.01.02-12.46.07:578][  0]LogPakFile: OnPakFileMounted2Time == 0.000020
[2026.01.02-12.46.07:578][  0]LogPakFile: PakFile PrimaryIndexSize=184
[2026.01.02-12.46.07:578][  0]LogPakFile: PakFile PathHashIndexSize=101
[2026.01.02-12.46.07:578][  0]LogPakFile: PakFile FullDirectoryIndexSize=142
[2026.01.02-12.46.07:578][  0]LogShaderLibrary: Display: ShaderCodeLibraryPakFileMountedCallback: PakFile 'C:/Program Files/Epic Games/UE_4.27/FeaturePacks/TP_PuzzleBP.upack' (chunk index -1, root 'root:/') mounted
[2026.01.02-12.46.07:578][  0]LogShaderLibrary: Display: ShaderCodeLibraryPakFileMountedCallback: pending pak file info (ChunkID:-1 Root:root:/ File:C:/Program Files/Epic Games/UE_4.27/FeaturePacks/TP_PuzzleBP.upack)
[2026.01.02-12.46.07:578][  0]LogPakFile: OnPakFileMounted2Time == 0.000017
[2026.01.02-12.46.07:578][  0]LogPakFile: PakFile PrimaryIndexSize=183
[2026.01.02-12.46.07:578][  0]LogPakFile: PakFile PathHashIndexSize=101
[2026.01.02-12.46.07:578][  0]LogPakFile: PakFile FullDirectoryIndexSize=140
[2026.01.02-12.46.07:578][  0]LogShaderLibrary: Display: ShaderCodeLibraryPakFileMountedCallback: PakFile 'C:/Program Files/Epic Games/UE_4.27/FeaturePacks/TP_Rolling.upack' (chunk index -1, root 'root:/') mounted
[2026.01.02-12.46.07:578][  0]LogShaderLibrary: Display: ShaderCodeLibraryPakFileMountedCallback: pending pak file info (ChunkID:-1 Root:root:/ File:C:/Program Files/Epic Games/UE_4.27/FeaturePacks/TP_Rolling.upack)
[2026.01.02-12.46.07:578][  0]LogPakFile: OnPakFileMounted2Time == 0.000018
[2026.01.02-12.46.07:579][  0]LogPakFile: PakFile PrimaryIndexSize=185
[2026.01.02-12.46.07:579][  0]LogPakFile: PakFile PathHashIndexSize=101
[2026.01.02-12.46.07:579][  0]LogPakFile: PakFile FullDirectoryIndexSize=144
[2026.01.02-12.46.07:579][  0]LogShaderLibrary: Display: ShaderCodeLibraryPakFileMountedCallback: PakFile 'C:/Program Files/Epic Games/UE_4.27/FeaturePacks/TP_RollingBP.upack' (chunk index -1, root 'root:/') mounted
[2026.01.02-12.46.07:579][  0]LogShaderLibrary: Display: ShaderCodeLibraryPakFileMountedCallback: pending pak file info (ChunkID:-1 Root:root:/ File:C:/Program Files/Epic Games/UE_4.27/FeaturePacks/TP_RollingBP.upack)
[2026.01.02-12.46.07:579][  0]LogPakFile: OnPakFileMounted2Time == 0.000017
[2026.01.02-12.46.07:579][  0]LogPakFile: PakFile PrimaryIndexSize=188
[2026.01.02-12.46.07:579][  0]LogPakFile: PakFile PathHashIndexSize=101
[2026.01.02-12.46.07:579][  0]LogPakFile: PakFile FullDirectoryIndexSize=150
[2026.01.02-12.46.07:579][  0]LogShaderLibrary: Display: ShaderCodeLibraryPakFileMountedCallback: PakFile 'C:/Program Files/Epic Games/UE_4.27/FeaturePacks/TP_SideScroller.upack' (chunk index -1, root 'root:/') mounted
[2026.01.02-12.46.07:579][  0]LogShaderLibrary: Display: ShaderCodeLibraryPakFileMountedCallback: pending pak file info (ChunkID:-1 Root:root:/ File:C:/Program Files/Epic Games/UE_4.27/FeaturePacks/TP_SideScroller.upack)
[2026.01.02-12.46.07:579][  0]LogPakFile: OnPakFileMounted2Time == 0.000019
[2026.01.02-12.46.07:579][  0]LogPakFile: PakFile PrimaryIndexSize=190
[2026.01.02-12.46.07:579][  0]LogPakFile: PakFile PathHashIndexSize=101
[2026.01.02-12.46.07:579][  0]LogPakFile: PakFile FullDirectoryIndexSize=154
[2026.01.02-12.46.07:579][  0]LogShaderLibrary: Display: ShaderCodeLibraryPakFileMountedCallback: PakFile 'C:/Program Files/Epic Games/UE_4.27/FeaturePacks/TP_SideScrollerBP.upack' (chunk index -1, root 'root:/') mounted
[2026.01.02-12.46.07:579][  0]LogShaderLibrary: Display: ShaderCodeLibraryPakFileMountedCallback: pending pak file info (ChunkID:-1 Root:root:/ File:C:/Program Files/Epic Games/UE_4.27/FeaturePacks/TP_SideScrollerBP.upack)
[2026.01.02-12.46.07:579][  0]LogPakFile: OnPakFileMounted2Time == 0.000018
[2026.01.02-12.46.07:579][  0]LogPakFile: PakFile PrimaryIndexSize=187
[2026.01.02-12.46.07:579][  0]LogPakFile: PakFile PathHashIndexSize=101
[2026.01.02-12.46.07:579][  0]LogPakFile: PakFile FullDirectoryIndexSize=148
[2026.01.02-12.46.07:579][  0]LogShaderLibrary: Display: ShaderCodeLibraryPakFileMountedCallback: PakFile 'C:/Program Files/Epic Games/UE_4.27/FeaturePacks/TP_ThirdPerson.upack' (chunk index -1, root 'root:/') mounted
[2026.01.02-12.46.07:579][  0]LogShaderLibrary: Display: ShaderCodeLibraryPakFileMountedCallback: pending pak file info (ChunkID:-1 Root:root:/ File:C:/Program Files/Epic Games/UE_4.27/FeaturePacks/TP_ThirdPerson.upack)
[2026.01.02-12.46.07:579][  0]LogPakFile: OnPakFileMounted2Time == 0.000018
[2026.01.02-12.46.07:580][  0]LogPakFile: PakFile PrimaryIndexSize=189
[2026.01.02-12.46.07:580][  0]LogPakFile: PakFile PathHashIndexSize=101
[2026.01.02-12.46.07:580][  0]LogPakFile: PakFile FullDirectoryIndexSize=152
[2026.01.02-12.46.07:580][  0]LogShaderLibrary: Display: ShaderCodeLibraryPakFileMountedCallback: PakFile 'C:/Program Files/Epic Games/UE_4.27/FeaturePacks/TP_ThirdPersonBP.upack' (chunk index -1, root 'root:/') mounted
[2026.01.02-12.46.07:580][  0]LogShaderLibrary: Display: ShaderCodeLibraryPakFileMountedCallback: pending pak file info (ChunkID:-1 Root:root:/ File:C:/Program Files/Epic Games/UE_4.27/FeaturePacks/TP_ThirdPersonBP.upack)
[2026.01.02-12.46.07:580][  0]LogPakFile: OnPakFileMounted2Time == 0.000017
[2026.01.02-12.46.07:580][  0]LogPakFile: PakFile PrimaryIndexSize=183
[2026.01.02-12.46.07:580][  0]LogPakFile: PakFile PathHashIndexSize=101
[2026.01.02-12.46.07:580][  0]LogPakFile: PakFile FullDirectoryIndexSize=140
[2026.01.02-12.46.07:580][  0]LogShaderLibrary: Display: ShaderCodeLibraryPakFileMountedCallback: PakFile 'C:/Program Files/Epic Games/UE_4.27/FeaturePacks/TP_TopDown.upack' (chunk index -1, root 'root:/') mounted
[2026.01.02-12.46.07:580][  0]LogShaderLibrary: Display: ShaderCodeLibraryPakFileMountedCallback: pending pak file info (ChunkID:-1 Root:root:/ File:C:/Program Files/Epic Games/UE_4.27/FeaturePacks/TP_TopDown.upack)
[2026.01.02-12.46.07:580][  0]LogPakFile: OnPakFileMounted2Time == 0.000022
[2026.01.02-12.46.07:580][  0]LogPakFile: PakFile PrimaryIndexSize=185
[2026.01.02-12.46.07:580][  0]LogPakFile: PakFile PathHashIndexSize=101
[2026.01.02-12.46.07:580][  0]LogPakFile: PakFile FullDirectoryIndexSize=144
[2026.01.02-12.46.07:580][  0]LogShaderLibrary: Display: ShaderCodeLibraryPakFileMountedCallback: PakFile 'C:/Program Files/Epic Games/UE_4.27/FeaturePacks/TP_TopDownBP.upack' (chunk index -1, root 'root:/') mounted
[2026.01.02-12.46.07:580][  0]LogShaderLibrary: Display: ShaderCodeLibraryPakFileMountedCallback: pending pak file info (ChunkID:-1 Root:root:/ File:C:/Program Files/Epic Games/UE_4.27/FeaturePacks/TP_TopDownBP.upack)
[2026.01.02-12.46.07:580][  0]LogPakFile: OnPakFileMounted2Time == 0.000018
[2026.01.02-12.46.07:580][  0]LogPakFile: PakFile PrimaryIndexSize=185
[2026.01.02-12.46.07:580][  0]LogPakFile: PakFile PathHashIndexSize=101
[2026.01.02-12.46.07:580][  0]LogPakFile: PakFile FullDirectoryIndexSize=144
[2026.01.02-12.46.07:580][  0]LogShaderLibrary: Display: ShaderCodeLibraryPakFileMountedCallback: PakFile 'C:/Program Files/Epic Games/UE_4.27/FeaturePacks/TP_TwinStick.upack' (chunk index -1, root 'root:/') mounted
[2026.01.02-12.46.07:580][  0]LogShaderLibrary: Display: ShaderCodeLibraryPakFileMountedCallback: pending pak file info (ChunkID:-1 Root:root:/ File:C:/Program Files/Epic Games/UE_4.27/FeaturePacks/TP_TwinStick.upack)
[2026.01.02-12.46.07:580][  0]LogPakFile: OnPakFileMounted2Time == 0.000018
[2026.01.02-12.46.07:581][  0]LogPakFile: PakFile PrimaryIndexSize=187
[2026.01.02-12.46.07:581][  0]LogPakFile: PakFile PathHashIndexSize=101
[2026.01.02-12.46.07:581][  0]LogPakFile: PakFile FullDirectoryIndexSize=148
[2026.01.02-12.46.07:581][  0]LogShaderLibrary: Display: ShaderCodeLibraryPakFileMountedCallback: PakFile 'C:/Program Files/Epic Games/UE_4.27/FeaturePacks/TP_TwinStickBP.upack' (chunk index -1, root 'root:/') mounted
[2026.01.02-12.46.07:581][  0]LogShaderLibrary: Display: ShaderCodeLibraryPakFileMountedCallback: pending pak file info (ChunkID:-1 Root:root:/ File:C:/Program Files/Epic Games/UE_4.27/FeaturePacks/TP_TwinStickBP.upack)
[2026.01.02-12.46.07:581][  0]LogPakFile: OnPakFileMounted2Time == 0.000016
[2026.01.02-12.46.07:581][  0]LogPakFile: PakFile PrimaryIndexSize=183
[2026.01.02-12.46.07:581][  0]LogPakFile: PakFile PathHashIndexSize=101
[2026.01.02-12.46.07:581][  0]LogPakFile: PakFile FullDirectoryIndexSize=140
[2026.01.02-12.46.07:581][  0]LogShaderLibrary: Display: ShaderCodeLibraryPakFileMountedCallback: PakFile 'C:/Program Files/Epic Games/UE_4.27/FeaturePacks/TP_Vehicle.upack' (chunk index -1, root 'root:/') mounted
[2026.01.02-12.46.07:581][  0]LogShaderLibrary: Display: ShaderCodeLibraryPakFileMountedCallback: pending pak file info (ChunkID:-1 Root:root:/ File:C:/Program Files/Epic Games/UE_4.27/FeaturePacks/TP_Vehicle.upack)
[2026.01.02-12.46.07:581][  0]LogPakFile: OnPakFileMounted2Time == 0.000017
[2026.01.02-12.46.07:581][  0]LogPakFile: PakFile PrimaryIndexSize=186
[2026.01.02-12.46.07:581][  0]LogPakFile: PakFile PathHashIndexSize=101
[2026.01.02-12.46.07:581][  0]LogPakFile: PakFile FullDirectoryIndexSize=146
[2026.01.02-12.46.07:581][  0]LogShaderLibrary: Display: ShaderCodeLibraryPakFileMountedCallback: PakFile 'C:/Program Files/Epic Games/UE_4.27/FeaturePacks/TP_VehicleAdv.upack' (chunk index -1, root 'root:/') mounted
[2026.01.02-12.46.07:581][  0]LogShaderLibrary: Display: ShaderCodeLibraryPakFileMountedCallback: pending pak file info (ChunkID:-1 Root:root:/ File:C:/Program Files/Epic Games/UE_4.27/FeaturePacks/TP_VehicleAdv.upack)
[2026.01.02-12.46.07:581][  0]LogPakFile: OnPakFileMounted2Time == 0.000019
[2026.01.02-12.46.07:581][  0]LogPakFile: PakFile PrimaryIndexSize=188
[2026.01.02-12.46.07:581][  0]LogPakFile: PakFile PathHashIndexSize=101
[2026.01.02-12.46.07:581][  0]LogPakFile: PakFile FullDirectoryIndexSize=150
[2026.01.02-12.46.07:581][  0]LogShaderLibrary: Display: ShaderCodeLibraryPakFileMountedCallback: PakFile 'C:/Program Files/Epic Games/UE_4.27/FeaturePacks/TP_VehicleAdvBP.upack' (chunk index -1, root 'root:/') mounted
[2026.01.02-12.46.07:581][  0]LogShaderLibrary: Display: ShaderCodeLibraryPakFileMountedCallback: pending pak file info (ChunkID:-1 Root:root:/ File:C:/Program Files/Epic Games/UE_4.27/FeaturePacks/TP_VehicleAdvBP.upack)
[2026.01.02-12.46.07:581][  0]LogPakFile: OnPakFileMounted2Time == 0.000017
[2026.01.02-12.46.07:582][  0]LogPakFile: PakFile PrimaryIndexSize=185
[2026.01.02-12.46.07:582][  0]LogPakFile: PakFile PathHashIndexSize=101
[2026.01.02-12.46.07:582][  0]LogPakFile: PakFile FullDirectoryIndexSize=144
[2026.01.02-12.46.07:582][  0]LogShaderLibrary: Display: ShaderCodeLibraryPakFileMountedCallback: PakFile 'C:/Program Files/Epic Games/UE_4.27/FeaturePacks/TP_VehicleBP.upack' (chunk index -1, root 'root:/') mounted
[2026.01.02-12.46.07:582][  0]LogShaderLibrary: Display: ShaderCodeLibraryPakFileMountedCallback: pending pak file info (ChunkID:-1 Root:root:/ File:C:/Program Files/Epic Games/UE_4.27/FeaturePacks/TP_VehicleBP.upack)
[2026.01.02-12.46.07:582][  0]LogPakFile: OnPakFileMounted2Time == 0.000017
[2026.01.02-12.46.07:582][  0]LogPakFile: PakFile PrimaryIndexSize=192
[2026.01.02-12.46.07:582][  0]LogPakFile: PakFile PathHashIndexSize=101
[2026.01.02-12.46.07:582][  0]LogPakFile: PakFile FullDirectoryIndexSize=158
[2026.01.02-12.46.07:582][  0]LogShaderLibrary: Display: ShaderCodeLibraryPakFileMountedCallback: PakFile 'C:/Program Files/Epic Games/UE_4.27/FeaturePacks/TP_VirtualRealityBP.upack' (chunk index -1, root 'root:/') mounted
[2026.01.02-12.46.07:582][  0]LogShaderLibrary: Display: ShaderCodeLibraryPakFileMountedCallback: pending pak file info (ChunkID:-1 Root:root:/ File:C:/Program Files/Epic Games/UE_4.27/FeaturePacks/TP_VirtualRealityBP.upack)
[2026.01.02-12.46.07:582][  0]LogPakFile: OnPakFileMounted2Time == 0.000017
[2026.01.02-12.46.07:618][  0]LogNativeClassHierarchy: Verbose: Native class hierarchy updated for 'AddContentDialog' in 0.0002 seconds. Added 0 classes and 0 folders.
[2026.01.02-12.46.07:621][  0]LogNativeClassHierarchy: Verbose: Native class hierarchy updated for 'SceneOutliner' in 0.0002 seconds. Added 2 classes and 0 folders.
[2026.01.02-12.46.07:681][  0]LogSlate: Took 0.000093 seconds to synchronously load lazily loaded font '../../../Engine/Content/Slate/Fonts/Roboto-Regular.ttf' (155K)
[2026.01.02-12.46.07:681][  0]LogSlate: Took 0.000108 seconds to synchronously load lazily loaded font '../../../Engine/Content/Editor/Slate/Fonts/FontAwesome.ttf' (139K)
[2026.01.02-12.46.07:682][  0]LogSlate: Took 0.000083 seconds to synchronously load lazily loaded font '../../../Engine/Content/Slate/Fonts/Roboto-Bold.ttf' (160K)
[2026.01.02-12.46.07:733][  0]LogRenderer: Reallocating scene render targets to support 1616x792 Format 10 NumSamples 1 (Frame:1).
[2026.01.02-12.46.07:998][  0]LogNativeClassHierarchy: Verbose: Native class hierarchy updated for 'HierarchicalLODOutliner' in 0.0002 seconds. Added 0 classes and 0 folders.
[2026.01.02-12.46.07:998][  0]LogLoad: (Engine Initialization) Total time: 4.85 seconds
[2026.01.02-12.46.07:998][  0]LogLoad: (Engine Initialization) Total Blueprint compile time: 0.00 seconds
[2026.01.02-12.46.08:027][  0]LogAssetRegistry: Asset discovery search completed in 2.6603 seconds
[2026.01.02-12.46.08:030][  0]LogCollectionManager: Fixed up redirectors for 0 collections in 0.000002 seconds (updated 0 objects)
[2026.01.02-12.46.08:031][  0]LogContentStreaming: Texture pool size now 1000 MB
[2026.01.02-12.46.09:016][100]LogSlate: Took 0.000190 seconds to synchronously load lazily loaded font '../../../Engine/Content/Slate/Fonts/Roboto-Light.ttf' (167K)
[2026.01.02-12.46.15:093][768]LogUObjectHash: Compacting FUObjectHashTables data took   0.35ms
[2026.01.02-12.46.15:137][768]LogLinker: Warning: [AssetLog] D:\Artemii\Game\Game\Content\HeroChar\Materials\MaterialLayers\ML_Plastic_Shiny_Beige_LOGO.uasset: Failed to load '/Game/FirstPerson/Character/Textures/UE4_LOGO_CARD': Can't find file.
[2026.01.02-12.46.15:137][768]LoadErrors: Failed to load /Game/HeroChar/Mesh/SK_Mannequin_Arms.SK_Mannequin_Arms Referenced by Arms_GEN_VARIABLE
[2026.01.02-12.46.15:137][768]LogLinker: Warning: [AssetLog] D:\Artemii\Game\Game\Content\HeroChar\Materials\MaterialLayers\ML_Plastic_Shiny_Beige_LOGO.uasset: Failed to load '/Game/FirstPerson/Character/Textures/UE4_LOGO_CARD': Can't find file.
[2026.01.02-12.46.15:137][768]LogLinker: Warning: [AssetLog] D:\Artemii\Game\Game\Content\HeroChar\Materials\MaterialLayers\ML_Plastic_Shiny_Beige_LOGO.uasset: Failed to load '/Game/FirstPerson/Character/Textures/UE4_LOGO_CARD': Can't find file.
[2026.01.02-12.46.15:218][768]LogLinker: Warning: [AssetLog] D:\Artemii\Game\Game\Content\HeroChar\Materials\MaterialLayers\ML_Plastic_Shiny_Beige_LOGO.uasset: Failed to load '/Game/FirstPerson/Character/Textures/UE4_LOGO_CARD': Can't find file.
[2026.01.02-12.46.15:218][768]LoadErrors: Failed to load /Game/FirstPerson/Character/Textures/UE4_LOGO_CARD.UE4_LOGO_CARD Referenced by MaterialExpressionTextureSample_6
[2026.01.02-12.46.15:280][768]LogAssetEditorSubsystem: Opening Asset editor for World /Game/Maps/02Boss.02Boss
[2026.01.02-12.46.15:280][768]Cmd: MAP LOAD FILE="D:/Artemii/Game/Game/Content/Maps/02Boss.umap" TEMPLATE=0 SHOWPROGRESS=1 FEATURELEVEL=3
[2026.01.02-12.46.15:280][768]LightingResults: New page: Lighting Build
[2026.01.02-12.46.15:280][768]LoadErrors: New page: Loading map: 02Boss.umap
[2026.01.02-12.46.15:302][768]LogWorld: UWorld::CleanupWorld for Untitled_1, bSessionEnded=true, bCleanupResources=true
[2026.01.02-12.46.15:302][768]LogSlate: InvalidateAllWidgets triggered.  All widgets were invalidated
[2026.01.02-12.46.15:302][768]MapCheck: New page: Map Check
[2026.01.02-12.46.15:302][768]LightingResults: New page: Lighting Build
[2026.01.02-12.46.15:306][768]LogAudio: Display: Audio Device unregistered from world 'None'.
[2026.01.02-12.46.15:309][768]LogUObjectHash: Compacting FUObjectHashTables data took   0.55ms
[2026.01.02-12.46.15:310][768]LogAudio: Display: Audio Device (ID: 1) registered with world '02Boss'.
[2026.01.02-12.46.15:324][768]LogEditorServer: Finished looking for orphan Actors (0.000 secs)
[2026.01.02-12.46.15:324][768]LogAIModule: Creating AISystem for world 02Boss
[2026.01.02-12.46.15:328][768]LogUObjectHash: Compacting FUObjectHashTables data took   0.37ms
[2026.01.02-12.46.15:330][768]Cmd: MAP CHECKDEP NOCLEARLOG
[2026.01.02-12.46.15:330][768]MapCheck: Map check complete: 0 Error(s), 0 Warning(s), took 0,046ms to complete.
[2026.01.02-12.46.15:331][768]LogFileHelpers: Loading map '02Boss' took 0.051
[2026.01.02-12.46.29:019][394]LogAssetEditorSubsystem: Opening Asset editor for Blueprint /Game/HeroChar/BP_HaroChar.BP_HaroChar
[2026.01.02-12.46.29:092][394]LogNativeClassHierarchy: Verbose: Native class hierarchy updated for 'BlueprintGraph' in 0.0003 seconds. Added 126 classes and 0 folders.
[2026.01.02-12.46.29:458][394]LogTemp: Warning: SetupViewportDisplaySettings
[2026.01.02-12.46.29:502][394]LogAssetEditorSubsystem: Opening Asset editor for Blueprint /Game/GameLogic/BP_Gameplay_GameMode.BP_Gameplay_GameMode
[2026.01.02-12.46.29:650][394]LogTemp: Warning: SetupViewportDisplaySettings
[2026.01.02-12.46.29:686][394]LogAssetEditorSubsystem: Opening Asset editor for Blueprint /Game/Objects/LevelPortal/BP_PortalLevel.BP_PortalLevel
[2026.01.02-12.46.29:884][394]LogTemp: Warning: SetupViewportDisplaySettings
[2026.01.02-12.46.29:953][394]LogAssetEditorSubsystem: Opening Asset editor for Material /Game/Maps/M_Flour.M_Flour
[2026.01.02-12.46.29:954][394]LogMaterial: Display: Missing cached shadermap for M_Flour in PCD3D_SM5, Default, SM5 (DDC key hash: FC998FA9C6EB8E4EF243259AE8C532B04ED993A2), compiling. 
[2026.01.02-12.46.29:972][394]LogShaderCompilers: Display: Submitted 12 shader compile jobs with 'Normal' priority
[2026.01.02-12.46.29:975][394]LogTexture: Default maximum texture size for cubemaps generated from long-lat sources has been changed from 512 to unlimited. In order to preserve old behaiour for '/Engine/EditorMaterials/AssetViewer/EpicQuadPanorama_CC+EV1.EpicQuadPanorama_CC+EV1', its maximum texture size has been explicitly set to 512.
[2026.01.02-12.46.30:030][394]LogTexture: Default maximum texture size for cubemaps generated from long-lat sources has been changed from 512 to unlimited. In order to preserve old behaiour for '/Engine/MapTemplates/Sky/SunsetAmbientCubemap.SunsetAmbientCubemap', its maximum texture size has been explicitly set to 512.
[2026.01.02-12.46.30:122][394]LogMaterial: Display: Missing cached shadermap for M_Flour in PCD3D_SM5, Default, SM5 (DDC key hash: 016ECDC7BF827861FCCB7B22D04959DF81A9EF6D), compiling. 
[2026.01.02-12.46.30:123][394]LogMaterial: Display: Missing cached shadermap for M_Flour in PCD3D_SM5, Default, SM5 (DDC key hash: CFE6C24B1195D279A912F390A5A65E754769683C), compiling. 
[2026.01.02-12.46.30:124][394]LogMaterial: Display: Missing cached shadermap for FMatExpressionPreview MaterialExpressionConstant3Vector_0 in PCD3D_SM5, Default, SM5 (DDC key hash: 6961258B52D970DC91C8E905D0C68FA2B506A00D), compiling. 
[2026.01.02-12.46.30:169][394]LogAssetEditorSubsystem: Opening Asset editor for Blueprint /Game/HeroChar/Gun/BP_Projectil.BP_Projectil
[2026.01.02-12.46.31:052][394]LogWindows: Error: === Critical error: ===
[2026.01.02-12.46.31:052][394]LogWindows: Error: 
[2026.01.02-12.46.31:052][394]LogWindows: Error: Fatal error!
[2026.01.02-12.46.31:052][394]LogWindows: Error: 
[2026.01.02-12.46.31:052][394]LogWindows: Error: Unhandled Exception: EXCEPTION_ACCESS_VIOLATION reading address 0x0000000000000198
[2026.01.02-12.46.31:052][394]LogWindows: Error: 
[2026.01.02-12.46.31:052][394]LogWindows: Error: [Callstack] 0x00007ffd378968b7 UE4Editor-Core.dll!UnknownFunction []
[2026.01.02-12.46.31:052][394]LogWindows: Error: [Callstack] 0x00007ffd378966de UE4Editor-Core.dll!UnknownFunction []
[2026.01.02-12.46.31:052][394]LogWindows: Error: [Callstack] 0x00007ffd364fd48f UE4Editor-CoreUObject.dll!UnknownFunction []
[2026.01.02-12.46.31:052][394]LogWindows: Error: [Callstack] 0x00007ffd364fe31a UE4Editor-CoreUObject.dll!UnknownFunction []
[2026.01.02-12.46.31:052][394]LogWindows: Error: [Callstack] 0x00007ffd362cf341 UE4Editor-CoreUObject.dll!UnknownFunction []
[2026.01.02-12.46.31:052][394]LogWindows: Error: [Callstack] 0x00007ffd3654e2a4 UE4Editor-CoreUObject.dll!UnknownFunction []
[2026.01.02-12.46.31:052][394]LogWindows: Error: [Callstack] 0x00007ffd364c0fe6 UE4Editor-CoreUObject.dll!UnknownFunction []
[2026.01.02-12.46.31:052][394]LogWindows: Error: [Callstack] 0x00007ffcb7e76d47 UE4Editor-MagicBulletLooksEditor.dll!UnknownFunction []
[2026.01.02-12.46.31:052][394]LogWindows: Error: [Callstack] 0x00007ffcb7e7401b UE4Editor-MagicBulletLooksEditor.dll!UnknownFunction []
[2026.01.02-12.46.31:052][394]LogWindows: Error: [Callstack] 0x00007ffcb7e72636 UE4Editor-MagicBulletLooksEditor.dll!UnknownFunction []
[2026.01.02-12.46.31:052][394]LogWindows: Error: [Callstack] 0x00007ffce2d7b13d UE4Editor-UnrealEd.dll!UnknownFunction []
[2026.01.02-12.46.31:052][394]LogWindows: Error: [Callstack] 0x00007ffce314a88b UE4Editor-UnrealEd.dll!UnknownFunction []
[2026.01.02-12.46.31:052][394]LogWindows: Error: [Callstack] 0x00007ffce3222d13 UE4Editor-UnrealEd.dll!UnknownFunction []
[2026.01.02-12.46.31:052][394]LogWindows: Error: [Callstack] 0x00007ffce26bc168 UE4Editor-Kismet.dll!UnknownFunction []
[2026.01.02-12.46.31:052][394]LogWindows: Error: [Callstack] 0x00007ffce293335b UE4Editor-Kismet.dll!UnknownFunction []
[2026.01.02-12.46.31:052][394]LogWindows: Error: [Callstack] 0x00007ffce37bc85d UE4Editor-UnrealEd.dll!UnknownFunction []
[2026.01.02-12.46.31:052][394]LogWindows: Error: [Callstack] 0x00007ffce28e981b UE4Editor-Kismet.dll!UnknownFunction []
[2026.01.02-12.46.31:052][394]LogWindows: Error: [Callstack] 0x00007ffce2500991 UE4Editor-Kismet.dll!UnknownFunction []
[2026.01.02-12.46.31:052][394]LogWindows: Error: [Callstack] 0x00007ffce24fb111 UE4Editor-Kismet.dll!UnknownFunction []
[2026.01.02-12.46.31:052][394]LogWindows: Error: [Callstack] 0x00007ffce24eeab0 UE4Editor-Kismet.dll!UnknownFunction []
[2026.01.02-12.46.31:052][394]LogWindows: Error: [Callstack] 0x00007ffce251ca17 UE4Editor-Kismet.dll!UnknownFunction []
[2026.01.02-12.46.31:052][394]LogWindows: Error: [Callstack] 0x00007ffce25d26af UE4Editor-Kismet.dll!UnknownFunction []
[2026.01.02-12.46.31:052][394]LogWindows: Error: [Callstack] 0x00007ffce25d2c88 UE4Editor-Kismet.dll!UnknownFunction []
[2026.01.02-12.46.31:052][394]LogWindows: Error: [Callstack] 0x00007ffcd6ccffd6 UE4Editor-AssetTools.dll!UnknownFunction []
[2026.01.02-12.46.31:052][394]LogWindows: Error: [Callstack] 0x00007ffce39cb901 UE4Editor-UnrealEd.dll!UnknownFunction []
[2026.01.02-12.46.31:052][394]LogWindows: Error: [Callstack] 0x00007ffce39cb1f5 UE4Editor-UnrealEd.dll!UnknownFunction []
[2026.01.02-12.46.31:052][394]LogWindows: Error: [Callstack] 0x00007ffce39ccd1a UE4Editor-UnrealEd.dll!UnknownFunction []
[2026.01.02-12.46.31:052][394]LogWindows: Error: [Callstack] 0x00007ffce39c9ee2 UE4Editor-UnrealEd.dll!UnknownFunction []
[2026.01.02-12.46.31:052][394]LogWindows: Error: [Callstack] 0x00007ffce39aa544 UE4Editor-UnrealEd.dll!UnknownFunction []
[2026.01.02-12.46.31:052][394]LogWindows: Error: [Callstack] 0x00007ffd3701b71a UE4Editor-Slate.dll!UnknownFunction []
[2026.01.02-12.46.31:052][394]LogWindows: Error: [Callstack] 0x00007ffd36fd8c9f UE4Editor-Slate.dll!UnknownFunction []
[2026.01.02-12.46.31:052][394]LogWindows: Error: [Callstack] 0x00007ffd37006d89 UE4Editor-Slate.dll!UnknownFunction []
[2026.01.02-12.46.31:052][394]LogWindows: Error: [Callstack] 0x00007ffd36efa6fe UE4Editor-Slate.dll!UnknownFunction []
[2026.01.02-12.46.31:052][394]LogWindows: Error: [Callstack] 0x00007ffd36f1280e UE4Editor-Slate.dll!UnknownFunction []
[2026.01.02-12.46.31:052][394]LogWindows: Error: [Callstack] 0x00007ffd36d6421e UE4Editor-Slate.dll!UnknownFunction []
[2026.01.02-12.46.31:052][394]LogWindows: Error: [Callstack] 0x00007ffd36dde104 UE4Editor-Slate.dll!UnknownFunction []
[2026.01.02-12.46.31:052][394]LogWindows: Error: [Callstack] 0x00007ffd36dc7097 UE4Editor-Slate.dll!UnknownFunction []
[2026.01.02-12.46.31:052][394]LogWindows: Error: [Callstack] 0x00007ffd36db9b62 UE4Editor-Slate.dll!UnknownFunction []
[2026.01.02-12.46.31:052][394]LogWindows: Error: [Callstack] 0x00007ffd66dfc025 UE4Editor-ApplicationCore.dll!UnknownFunction []
[2026.01.02-12.46.31:052][394]LogWindows: Error: [Callstack] 0x00007ffd66de92b7 UE4Editor-ApplicationCore.dll!UnknownFunction []
[2026.01.02-12.46.31:052][394]LogWindows: Error: [Callstack] 0x00007ffd66dfe465 UE4Editor-ApplicationCore.dll!UnknownFunction []
[2026.01.02-12.46.31:052][394]LogWindows: Error: [Callstack] 0x00007ffd66de4410 UE4Editor-ApplicationCore.dll!UnknownFunction []
[2026.01.02-12.46.31:052][394]LogWindows: Error: [Callstack] 0x00007ffd8833ef5c USER32.dll!UnknownFunction []
[2026.01.02-12.46.31:052][394]LogWindows: Error: [Callstack] 0x00007ffd8833e684 USER32.dll!UnknownFunction []
[2026.01.02-12.46.31:052][394]LogWindows: Error: [Callstack] 0x00007ffd66dffcd4 UE4Editor-ApplicationCore.dll!UnknownFunction []
[2026.01.02-12.46.31:052][394]LogWindows: Error: [Callstack] 0x00007ff619877621 UE4Editor.exe!UnknownFunction []
[2026.01.02-12.46.31:052][394]LogWindows: Error: [Callstack] 0x00007ff619890fcc UE4Editor.exe!UnknownFunction []
[2026.01.02-12.46.31:052][394]LogWindows: Error: [Callstack] 0x00007ff6198910ba UE4Editor.exe!UnknownFunction []
[2026.01.02-12.46.31:052][394]LogWindows: Error: [Callstack] 0x00007ff6198940dd UE4Editor.exe!UnknownFunction []
[2026.01.02-12.46.31:052][394]LogWindows: Error: [Callstack] 0x00007ff6198a5984 UE4Editor.exe!UnknownFunction []
[2026.01.02-12.46.31:052][394]LogWindows: Error: [Callstack] 0x00007ff6198a853a UE4Editor.exe!UnknownFunction []
[2026.01.02-12.46.31:052][394]LogWindows: Error: [Callstack] 0x00007ffd87f17374 KERNEL32.DLL!UnknownFunction []
[2026.01.02-12.46.31:052][394]LogWindows: Error: [Callstack] 0x00007ffd89bbcc91 ntdll.dll!UnknownFunction []
[2026.01.02-12.46.31:052][394]LogWindows: Error: 
[2026.01.02-12.46.31:057][394]LogExit: Executing StaticShutdownAfterError
[2026.01.02-12.46.31:059][394]LogWindows: FPlatformMisc::RequestExit(1)
[2026.01.02-12.46.31:059][394]LogWindows: FPlatformMisc::RequestExitWithStatus(1, 3)
[2026.01.02-12.46.31:059][394]LogCore: Engine exit requested (reason: Win RequestExit)
[2026.01.02-12.46.31:109][394]Log file closed, 01/02/26 14:46:31
