Log file open, 01/06/26 15:29:54
LogWindows: Failed to load 'aqProf.dll' (GetLastError=126)
LogWindows: File 'aqProf.dll' does not exist
LogWindows: Failed to load 'VtuneApi.dll' (GetLastError=126)
LogWindows: File 'VtuneApi.dll' does not exist
LogWindows: Failed to load 'VtuneApi32e.dll' (GetLastError=126)
LogWindows: File 'VtuneApi32e.dll' does not exist
LogConsoleResponse: Display: Failed to find resolution value strings in scalability ini. Falling back to default.
LogConsoleResponse: Display: Failed to find resolution value strings in scalability ini. Falling back to default.
LogInit: Display: Running engine for game: Game
LogPlatformFile: Not using cached read wrapper
LogTaskGraph: Started task graph with 5 named threads and 59 total threads with 3 sets of task threads.
LogStats: Stats thread started at 0.369411
LogICUInternationalization: ICU TimeZone Detection - Raw Offset: +2:00, Platform Override: ''
LogInit: Display: Loading text-based GConfig....
LogPluginManager: Mounting plugin MeshPainting
LogPluginManager: Mounting plugin XGEController
LogPluginManager: Mounting plugin Paper2D
LogPluginManager: Mounting plugin LightPropagationVolume
LogPluginManager: Mounting plugin EnvironmentQueryEditor
LogPluginManager: Mounting plugin AISupport
LogPluginManager: Mounting plugin LiveLink
LogPluginManager: Mounting plugin OodleNetwork
LogPluginManager: Mounting plugin CameraShakePreviewer
LogPluginManager: Mounting plugin GameplayCameras
LogPluginManager: Mounting plugin OodleData
LogPluginManager: Mounting plugin CurveEditorTools
LogPluginManager: Mounting plugin AssetManagerEditor
LogPluginManager: Mounting plugin DataValidation
LogPluginManager: Mounting plugin GameplayTagsEditor
LogPluginManager: Mounting plugin GeometryMode
LogPluginManager: Mounting plugin CryptoKeys
LogPluginManager: Mounting plugin MaterialAnalyzer
LogPluginManager: Mounting plugin FacialAnimation
LogPluginManager: Mounting plugin PluginBrowser
LogPluginManager: Mounting plugin MacGraphicsSwitching
LogPluginManager: Mounting plugin MobileLauncherProfileWizard
LogPluginManager: Mounting plugin SpeedTreeImporter
LogPluginManager: Mounting plugin DatasmithContent
LogPluginManager: Mounting plugin VariantManagerContent
LogPluginManager: Mounting plugin AlembicImporter
LogPluginManager: Mounting plugin AutomationUtils
LogPluginManager: Mounting plugin ChaosCloth
LogPluginManager: Mounting plugin BackChannel
LogPluginManager: Mounting plugin ChaosClothEditor
LogPluginManager: Mounting plugin ChaosSolverPlugin
LogPluginManager: Mounting plugin CharacterAI
LogPluginManager: Mounting plugin ChaosEditor
LogPluginManager: Mounting plugin ChaosNiagara
LogPluginManager: Mounting plugin GeometryCache
LogPluginManager: Mounting plugin GeometryProcessing
LogPluginManager: Mounting plugin GeometryCollectionPlugin
LogPluginManager: Mounting plugin MotoSynth
LogPluginManager: Mounting plugin OpenImageDenoise
LogPluginManager: Mounting plugin PlanarCut
LogPluginManager: Mounting plugin PlatformCrypto
LogPluginManager: Mounting plugin ProxyLODPlugin
LogPluginManager: Mounting plugin PythonScriptPlugin
LogPluginManager: Mounting plugin SkeletalReduction
LogPluginManager: Mounting plugin MagicBulletLooks
LogPluginManager: Mounting plugin AnimationSharing
LogPluginManager: Mounting plugin AvfMedia
LogPluginManager: Mounting plugin AndroidMedia
LogPluginManager: Mounting plugin CodeLiteSourceCodeAccess
LogPluginManager: Mounting plugin CLionSourceCodeAccess
LogPluginManager: Mounting plugin ImgMedia
LogPluginManager: Mounting plugin NullSourceCodeAccess
LogPluginManager: Mounting plugin Niagara
LogPluginManager: Mounting plugin GitSourceControl
LogPluginManager: Mounting plugin KDevelopSourceCodeAccess
LogPluginManager: Mounting plugin PerforceSourceControl
LogPluginManager: Mounting plugin MediaCompositing
LogPluginManager: Mounting plugin PlasticSourceControl
LogPluginManager: Mounting plugin PixWinPlugin
LogPluginManager: Mounting plugin PluginUtils
LogPluginManager: Mounting plugin PropertyAccessNode
LogPluginManager: Mounting plugin RiderSourceCodeAccess
LogPluginManager: Mounting plugin TextureFormatOodle
LogPluginManager: Mounting plugin UObjectPlugin
LogPluginManager: Mounting plugin MediaPlayerEditor
LogPluginManager: Mounting plugin SubversionSourceControl
LogPluginManager: Mounting plugin WebMMedia
LogPluginManager: Mounting plugin VisualStudioSourceCodeAccess
LogPluginManager: Mounting plugin WmfMedia
LogPluginManager: Mounting plugin UdpMessaging
LogPluginManager: Mounting plugin ActorSequence
LogPluginManager: Mounting plugin XCodeSourceCodeAccess
LogPluginManager: Mounting plugin TcpMessaging
LogPluginManager: Mounting plugin VisualStudioCodeSourceCodeAccess
LogPluginManager: Mounting plugin MatineeToLevelSequence
LogPluginManager: Mounting plugin LevelSequenceEditor
LogPluginManager: Mounting plugin TemplateSequence
LogPluginManager: Mounting plugin OnlineSubsystem
LogPluginManager: Mounting plugin OnlineSubsystemUtils
LogPluginManager: Mounting plugin OnlineSubsystemNull
LogPluginManager: Mounting plugin LauncherChunkInstaller
LogPluginManager: Mounting plugin ScreenshotTools
LogPluginManager: Mounting plugin ActorLayerUtilities
LogPluginManager: Mounting plugin AndroidDeviceProfileSelector
LogPluginManager: Mounting plugin AndroidPermission
LogPluginManager: Mounting plugin AndroidMoviePlayer
LogPluginManager: Mounting plugin ArchVisCharacter
LogPluginManager: Mounting plugin AudioCapture
LogPluginManager: Mounting plugin AppleMoviePlayer
LogPluginManager: Mounting plugin AudioSynesthesia
LogPluginManager: Mounting plugin AssetTags
LogPluginManager: Mounting plugin CableComponent
LogPluginManager: Mounting plugin AppleImageUtils
LogPluginManager: Mounting plugin EditableMesh
LogPluginManager: Mounting plugin ChunkDownloader
LogPluginManager: Mounting plugin CustomMeshComponent
LogPluginManager: Mounting plugin GooglePAD
LogPluginManager: Mounting plugin ExampleDeviceProfileSelector
LogPluginManager: Mounting plugin GoogleCloudMessaging
LogPluginManager: Mounting plugin LinuxDeviceProfileSelector
LogPluginManager: Mounting plugin IOSDeviceProfileSelector
LogPluginManager: Mounting plugin LocationServicesBPLibrary
LogPluginManager: Mounting plugin MobilePatchingUtils
LogPluginManager: Mounting plugin OpenXREyeTracker
LogPluginManager: Mounting plugin OpenXRHandTracking
LogPluginManager: Mounting plugin OpenXR
LogPluginManager: Mounting plugin PhysXVehicles
LogPluginManager: Mounting plugin PostSplashScreen
LogPluginManager: Mounting plugin PropertyAccessEditor
LogPluginManager: Mounting plugin ProceduralMeshComponent
LogPluginManager: Mounting plugin RuntimePhysXCooking
LogPluginManager: Mounting plugin SignificanceManager
LogPluginManager: Mounting plugin SoundFields
LogPluginManager: Mounting plugin Synthesis
LogPluginManager: Mounting plugin WebMMoviePlayer
LogPluginManager: Mounting plugin WindowsMoviePlayer
LogPluginManager: Mounting plugin Takes
LogPluginManager: Mounting plugin LuminPlatformFeatures
LogPluginManager: Mounting plugin MagicLeap
LogPluginManager: Mounting plugin MagicLeapMedia
LogPluginManager: Mounting plugin MagicLeapLightEstimation
LogPluginManager: Mounting plugin MLSDK
LogPluginManager: Mounting plugin MagicLeapPassableWorld
LogPluginManager: Mounting plugin ContentBrowserAssetDataSource
LogPluginManager: Mounting plugin ContentBrowserFileDataSource
LogPluginManager: Mounting plugin ContentBrowserClassDataSource
LogPluginManager: Mounting plugin OnlineSubsystemIOS
LogPluginManager: Mounting plugin OnlineSubsystemGooglePlay
LogPluginManager: Mounting plugin OculusVR
LogPluginManager: Mounting plugin SteamVR
PixWinPlugin: PIX capture plugin failed to initialize! Check that the process is launched from PIX.
LogInit: Using libcurl 7.55.1-DEV
LogInit:  - built for x86_64-pc-win32
LogInit:  - supports SSL with OpenSSL/1.1.1
LogInit:  - supports HTTP deflate (compression) using libz 1.2.8
LogInit:  - other features:
LogInit:      CURL_VERSION_SSL
LogInit:      CURL_VERSION_LIBZ
LogInit:      CURL_VERSION_IPV6
LogInit:      CURL_VERSION_ASYNCHDNS
LogInit:      CURL_VERSION_LARGEFILE
LogInit:      CURL_VERSION_IDN
LogInit:  CurlRequestOptions (configurable via config and command line):
LogInit:  - bVerifyPeer = true  - Libcurl will verify peer certificate
LogInit:  - bUseHttpProxy = false  - Libcurl will NOT use HTTP proxy
LogInit:  - bDontReuseConnections = false  - Libcurl will reuse connections
LogInit:  - MaxHostConnections = 16  - Libcurl will limit the number of connections to a host
LogInit:  - LocalHostAddr = Default
LogInit:  - BufferSize = 65536
LogOnline: OSS: Creating online subsystem instance for: NULL
LogInit: WinSock: version 1.1 (2.2), MaxSocks=32767, MaxUdp=65467
LogOnline: OSS: TryLoadSubsystemAndSetDefault: Loaded subsystem for module [NULL]
LogOculusPluginWrapper: OculusPlugin initialized successfully
LogHMD: Failed initializing OVRPlugin 1.59.0
LogInit: Build: ++UE4+Release-4.27-CL-18319896
LogInit: Engine Version: 4.27.2-18319896+++UE4+Release-4.27
LogInit: Compatible Engine Version: 4.27.0-17155196+++UE4+Release-4.27
LogInit: Net CL: 17155196
LogInit: OS: Windows 10 (Release 2009) (), CPU: 13th Gen Intel(R) Core(TM) i5-13500, GPU: NVIDIA GeForce RTX 3060 Ti
LogInit: Compiled (64-bit): Nov 30 2021 07:12:08
LogInit: Compiled with Visual C++: 19.24.28315.00
LogInit: Build Configuration: Development
LogInit: Branch Name: ++UE4+Release-4.27
LogInit: Command Line:  -AUTH_LOGIN=unused -AUTH_PASSWORD=8eeb7725d7a64830a7a7a3f04bdc68d2 -AUTH_TYPE=exchangecode -epicapp=UE_4.27 -epicenv=Prod -EpicPortal -epicusername=Onotole_s -epicuserid=d6119bee42044f12b5b3ac1e748b47de -epiclocale=en -epicsandboxid=ue
LogInit: Base Directory: C:/Program Files/Epic Games/UE_4.27/Engine/Binaries/Win64/
LogInit: Allocator: TBB
LogInit: Installed Engine Build: 1
LogDevObjectVersion: Number of dev versions registered: 29
LogDevObjectVersion:   Dev-Blueprints (B0D832E4-1F89-4F0D-ACCF-7EB736FD4AA2): 10
LogDevObjectVersion:   Dev-Build (E1C64328-A22C-4D53-A36C-8E866417BD8C): 0
LogDevObjectVersion:   Dev-Core (375EC13C-06E4-48FB-B500-84F0262A717E): 4
LogDevObjectVersion:   Dev-Editor (E4B068ED-F494-42E9-A231-DA0B2E46BB41): 40
LogDevObjectVersion:   Dev-Framework (CFFC743F-43B0-4480-9391-14DF171D2073): 37
LogDevObjectVersion:   Dev-Mobile (B02B49B5-BB20-44E9-A304-32B752E40360): 3
LogDevObjectVersion:   Dev-Networking (A4E4105C-59A1-49B5-A7C5-40C4547EDFEE): 0
LogDevObjectVersion:   Dev-Online (39C831C9-5AE6-47DC-9A44-9C173E1C8E7C): 0
LogDevObjectVersion:   Dev-Physics (78F01B33-EBEA-4F98-B9B4-84EACCB95AA2): 14
LogDevObjectVersion:   Dev-Platform (6631380F-2D4D-43E0-8009-CF276956A95A): 0
LogDevObjectVersion:   Dev-Rendering (12F88B9F-8875-4AFC-A67C-D90C383ABD29): 45
LogDevObjectVersion:   Dev-Sequencer (7B5AE74C-D270-4C10-A958-57980B212A5A): 13
LogDevObjectVersion:   Dev-VR (D7296918-1DD6-4BDD-9DE2-64A83CC13884): 3
LogDevObjectVersion:   Dev-LoadTimes (C2A15278-BFE7-4AFE-6C17-90FF531DF755): 1
LogDevObjectVersion:   Private-Geometry (6EACA3D4-40EC-4CC1-B786-8BED09428FC5): 3
LogDevObjectVersion:   Dev-AnimPhys (29E575DD-E0A3-4627-9D10-D276232CDCEA): 17
LogDevObjectVersion:   Dev-Anim (AF43A65D-7FD3-4947-9873-3E8ED9C1BB05): 15
LogDevObjectVersion:   Dev-ReflectionCapture (6B266CEC-1EC7-4B8F-A30B-E4D90942FC07): 1
LogDevObjectVersion:   Dev-Automation (0DF73D61-A23F-47EA-B727-89E90C41499A): 1
LogDevObjectVersion:   FortniteMain (601D1886-AC64-4F84-AA16-D3DE0DEAC7D6): 47
LogDevObjectVersion:   FortniteRelease (E7086368-6B23-4C58-8439-1B7016265E91): 1
LogDevObjectVersion:   Dev-Enterprise (9DFFBCD6-494F-0158-E221-12823C92A888): 10
LogDevObjectVersion:   Dev-Niagara (F2AED0AC-9AFE-416F-8664-AA7FFA26D6FC): 1
LogDevObjectVersion:   Dev-Destruction (174F1F0B-B4C6-45A5-B13F-2EE8D0FB917D): 10
LogDevObjectVersion:   Dev-Physics-Ext (35F94A83-E258-406C-A318-09F59610247C): 41
LogDevObjectVersion:   Dev-PhysicsMaterial-Chaos (B68FC16E-8B1B-42E2-B453-215C058844FE): 1
LogDevObjectVersion:   Dev-CineCamera (B2E18506-4273-CFC2-A54E-F4BB758BBA07): 1
LogDevObjectVersion:   Dev-VirtualProduction (64F58936-FD1B-42BA-BA96-7289D5D0FA4E): 1
LogDevObjectVersion:   Dev-MediaFramework (6F0ED827-A609-4895-9C91-998D90180EA4): 2
LogInit: Presizing for max 25165824 objects, including 0 objects not considered by GC, pre-allocating 0 bytes for permanent pool.
LogConfig: Applying CVar settings from Section [/Script/Engine.StreamingSettings] File [D:/Artemii/Game/Game/Saved/Config/Windows/Engine.ini]
LogConfig: Setting CVar [[s.MinBulkDataSizeForAsyncLoading:131072]]
LogConfig: Setting CVar [[s.AsyncLoadingThreadEnabled:0]]
LogConfig: Setting CVar [[s.EventDrivenLoaderEnabled:1]]
LogConfig: Setting CVar [[s.WarnIfTimeLimitExceeded:0]]
LogConfig: Setting CVar [[s.TimeLimitExceededMultiplier:1.5]]
LogConfig: Setting CVar [[s.TimeLimitExceededMinTime:0.005]]
LogConfig: Setting CVar [[s.UseBackgroundLevelStreaming:1]]
LogConfig: Setting CVar [[s.PriorityAsyncLoadingExtraTime:15.0]]
LogConfig: Setting CVar [[s.LevelStreamingActorsUpdateTimeLimit:5.0]]
LogConfig: Setting CVar [[s.PriorityLevelStreamingActorsUpdateExtraTime:5.0]]
LogConfig: Setting CVar [[s.LevelStreamingComponentsRegistrationGranularity:10]]
LogConfig: Setting CVar [[s.UnregisterComponentsTimeLimit:1.0]]
LogConfig: Setting CVar [[s.LevelStreamingComponentsUnregistrationGranularity:5]]
LogConfig: Setting CVar [[s.FlushStreamingOnExit:1]]
LogInit: Object subsystem initialized
LogConfig: Setting CVar [[con.DebugEarlyDefault:1]]
LogConfig: Setting CVar [[r.setres:1280x720]]
[2026.01.06-13.29.54:735][  0]LogConfig: Setting CVar [[r.VSync:0]]
[2026.01.06-13.29.54:735][  0]LogConfig: Setting CVar [[r.RHICmdBypass:0]]
[2026.01.06-13.29.54:735][  0]LogConfig: Applying CVar settings from Section [/Script/Engine.RendererSettings] File [D:/Artemii/Game/Game/Saved/Config/Windows/Engine.ini]
[2026.01.06-13.29.54:735][  0]LogConfig: Setting CVar [[r.GPUCrashDebugging:0]]
[2026.01.06-13.29.54:735][  0]LogConfig: Applying CVar settings from Section [/Script/Engine.RendererOverrideSettings] File [D:/Artemii/Game/Game/Saved/Config/Windows/Engine.ini]
[2026.01.06-13.29.54:735][  0]LogConfig: Applying CVar settings from Section [/Script/Engine.StreamingSettings] File [D:/Artemii/Game/Game/Saved/Config/Windows/Engine.ini]
[2026.01.06-13.29.54:735][  0]LogConfig: Setting CVar [[s.MinBulkDataSizeForAsyncLoading:131072]]
[2026.01.06-13.29.54:735][  0]LogConfig: Setting CVar [[s.AsyncLoadingThreadEnabled:0]]
[2026.01.06-13.29.54:735][  0]LogConfig: Setting CVar [[s.EventDrivenLoaderEnabled:1]]
[2026.01.06-13.29.54:735][  0]LogConfig: Setting CVar [[s.WarnIfTimeLimitExceeded:0]]
[2026.01.06-13.29.54:735][  0]LogConfig: Setting CVar [[s.TimeLimitExceededMultiplier:1.5]]
[2026.01.06-13.29.54:735][  0]LogConfig: Setting CVar [[s.TimeLimitExceededMinTime:0.005]]
[2026.01.06-13.29.54:735][  0]LogConfig: Setting CVar [[s.UseBackgroundLevelStreaming:1]]
[2026.01.06-13.29.54:735][  0]LogConfig: Setting CVar [[s.PriorityAsyncLoadingExtraTime:15.0]]
[2026.01.06-13.29.54:735][  0]LogConfig: Setting CVar [[s.LevelStreamingActorsUpdateTimeLimit:5.0]]
[2026.01.06-13.29.54:735][  0]LogConfig: Setting CVar [[s.PriorityLevelStreamingActorsUpdateExtraTime:5.0]]
[2026.01.06-13.29.54:735][  0]LogConfig: Setting CVar [[s.LevelStreamingComponentsRegistrationGranularity:10]]
[2026.01.06-13.29.54:735][  0]LogConfig: Setting CVar [[s.UnregisterComponentsTimeLimit:1.0]]
[2026.01.06-13.29.54:735][  0]LogConfig: Setting CVar [[s.LevelStreamingComponentsUnregistrationGranularity:5]]
[2026.01.06-13.29.54:735][  0]LogConfig: Setting CVar [[s.FlushStreamingOnExit:1]]
[2026.01.06-13.29.54:735][  0]LogConfig: Applying CVar settings from Section [/Script/Engine.GarbageCollectionSettings] File [D:/Artemii/Game/Game/Saved/Config/Windows/Engine.ini]
[2026.01.06-13.29.54:735][  0]LogConfig: Setting CVar [[gc.MaxObjectsNotConsideredByGC:1]]
[2026.01.06-13.29.54:735][  0]LogConfig: Setting CVar [[gc.SizeOfPermanentObjectPool:0]]
[2026.01.06-13.29.54:735][  0]LogConfig: Setting CVar [[gc.FlushStreamingOnGC:0]]
[2026.01.06-13.29.54:735][  0]LogConfig: Setting CVar [[gc.NumRetriesBeforeForcingGC:10]]
[2026.01.06-13.29.54:735][  0]LogConfig: Setting CVar [[gc.AllowParallelGC:1]]
[2026.01.06-13.29.54:735][  0]LogConfig: Setting CVar [[gc.TimeBetweenPurgingPendingKillObjects:61.1]]
[2026.01.06-13.29.54:735][  0]LogConfig: Setting CVar [[gc.MaxObjectsInEditor:25165824]]
[2026.01.06-13.29.54:735][  0]LogConfig: Setting CVar [[gc.IncrementalBeginDestroyEnabled:1]]
[2026.01.06-13.29.54:735][  0]LogConfig: Setting CVar [[gc.CreateGCClusters:1]]
[2026.01.06-13.29.54:735][  0]LogConfig: Setting CVar [[gc.MinGCClusterSize:5]]
[2026.01.06-13.29.54:735][  0]LogConfig: Setting CVar [[gc.ActorClusteringEnabled:0]]
[2026.01.06-13.29.54:735][  0]LogConfig: Setting CVar [[gc.BlueprintClusteringEnabled:0]]
[2026.01.06-13.29.54:735][  0]LogConfig: Setting CVar [[gc.UseDisregardForGCOnDedicatedServers:0]]
[2026.01.06-13.29.54:735][  0]LogConfig: Setting CVar [[gc.MultithreadedDestructionEnabled:1]]
[2026.01.06-13.29.54:735][  0]LogConfig: Applying CVar settings from Section [/Script/Engine.NetworkSettings] File [D:/Artemii/Game/Game/Saved/Config/Windows/Engine.ini]
[2026.01.06-13.29.54:735][  0]LogConfig: Applying CVar settings from Section [/Script/UnrealEd.CookerSettings] File [D:/Artemii/Game/Game/Saved/Config/Windows/Engine.ini]
[2026.01.06-13.29.54:743][  0]LogConfig: Applying CVar settings from Section [ViewDistanceQuality@3] File [D:/Artemii/Game/Game/Saved/Config/Windows/Scalability.ini]
[2026.01.06-13.29.54:743][  0]LogConfig: Setting CVar [[r.SkeletalMeshLODBias:0]]
[2026.01.06-13.29.54:743][  0]LogConfig: Setting CVar [[r.ViewDistanceScale:1.0]]
[2026.01.06-13.29.54:743][  0]LogConfig: Applying CVar settings from Section [AntiAliasingQuality@3] File [D:/Artemii/Game/Game/Saved/Config/Windows/Scalability.ini]
[2026.01.06-13.29.54:743][  0]LogConfig: Setting CVar [[r.PostProcessAAQuality:4]]
[2026.01.06-13.29.54:743][  0]LogConfig: Applying CVar settings from Section [ShadowQuality@3] File [D:/Artemii/Game/Game/Saved/Config/Windows/Scalability.ini]
[2026.01.06-13.29.54:743][  0]LogConfig: Setting CVar [[r.LightFunctionQuality:1]]
[2026.01.06-13.29.54:743][  0]LogConfig: Setting CVar [[r.ShadowQuality:5]]
[2026.01.06-13.29.54:743][  0]LogConfig: Setting CVar [[r.Shadow.CSM.MaxCascades:10]]
[2026.01.06-13.29.54:743][  0]LogConfig: Setting CVar [[r.Shadow.MaxResolution:2048]]
[2026.01.06-13.29.54:743][  0]LogConfig: Setting CVar [[r.Shadow.MaxCSMResolution:2048]]
[2026.01.06-13.29.54:743][  0]LogConfig: Setting CVar [[r.Shadow.RadiusThreshold:0.01]]
[2026.01.06-13.29.54:743][  0]LogConfig: Setting CVar [[r.Shadow.DistanceScale:1.0]]
[2026.01.06-13.29.54:743][  0]LogConfig: Setting CVar [[r.Shadow.CSM.TransitionScale:1.0]]
[2026.01.06-13.29.54:743][  0]LogConfig: Setting CVar [[r.Shadow.PreShadowResolutionFactor:1.0]]
[2026.01.06-13.29.54:743][  0]LogConfig: Setting CVar [[r.DistanceFieldShadowing:1]]
[2026.01.06-13.29.54:743][  0]LogConfig: Setting CVar [[r.DistanceFieldAO:1]]
[2026.01.06-13.29.54:743][  0]LogConfig: Setting CVar [[r.AOQuality:2]]
[2026.01.06-13.29.54:743][  0]LogConfig: Setting CVar [[r.VolumetricFog:1]]
[2026.01.06-13.29.54:743][  0]LogConfig: Setting CVar [[r.VolumetricFog.GridPixelSize:8]]
[2026.01.06-13.29.54:743][  0]LogConfig: Setting CVar [[r.VolumetricFog.GridSizeZ:128]]
[2026.01.06-13.29.54:743][  0]LogConfig: Setting CVar [[r.VolumetricFog.HistoryMissSupersampleCount:4]]
[2026.01.06-13.29.54:743][  0]LogConfig: Setting CVar [[r.LightMaxDrawDistanceScale:1]]
[2026.01.06-13.29.54:743][  0]LogConfig: Setting CVar [[r.CapsuleShadows:1]]
[2026.01.06-13.29.54:743][  0]LogConfig: Applying CVar settings from Section [PostProcessQuality@3] File [D:/Artemii/Game/Game/Saved/Config/Windows/Scalability.ini]
[2026.01.06-13.29.54:743][  0]LogConfig: Setting CVar [[r.MotionBlurQuality:4]]
[2026.01.06-13.29.54:743][  0]LogConfig: Setting CVar [[r.AmbientOcclusionMipLevelFactor:0.4]]
[2026.01.06-13.29.54:743][  0]LogConfig: Setting CVar [[r.AmbientOcclusionMaxQuality:100]]
[2026.01.06-13.29.54:743][  0]LogConfig: Setting CVar [[r.AmbientOcclusionLevels:-1]]
[2026.01.06-13.29.54:743][  0]LogConfig: Setting CVar [[r.AmbientOcclusionRadiusScale:1.0]]
[2026.01.06-13.29.54:743][  0]LogConfig: Setting CVar [[r.DepthOfFieldQuality:2]]
[2026.01.06-13.29.54:743][  0]LogConfig: Setting CVar [[r.RenderTargetPoolMin:400]]
[2026.01.06-13.29.54:743][  0]LogConfig: Setting CVar [[r.LensFlareQuality:2]]
[2026.01.06-13.29.54:743][  0]LogConfig: Setting CVar [[r.SceneColorFringeQuality:1]]
[2026.01.06-13.29.54:743][  0]LogConfig: Setting CVar [[r.EyeAdaptationQuality:2]]
[2026.01.06-13.29.54:743][  0]LogConfig: Setting CVar [[r.BloomQuality:5]]
[2026.01.06-13.29.54:743][  0]LogConfig: Setting CVar [[r.FastBlurThreshold:100]]
[2026.01.06-13.29.54:743][  0]LogConfig: Setting CVar [[r.Upscale.Quality:3]]
[2026.01.06-13.29.54:743][  0]LogConfig: Setting CVar [[r.Tonemapper.GrainQuantization:1]]
[2026.01.06-13.29.54:743][  0]LogConfig: Setting CVar [[r.LightShaftQuality:1]]
[2026.01.06-13.29.54:743][  0]LogConfig: Setting CVar [[r.Filter.SizeScale:1]]
[2026.01.06-13.29.54:743][  0]LogConfig: Setting CVar [[r.Tonemapper.Quality:5]]
[2026.01.06-13.29.54:743][  0]LogConfig: Setting CVar [[r.DOF.Gather.AccumulatorQuality:1        ; higher gathering accumulator quality]]
[2026.01.06-13.29.54:743][  0]LogConfig: Setting CVar [[r.DOF.Gather.PostfilterMethod:1          ; Median3x3 postfilering method]]
[2026.01.06-13.29.54:743][  0]LogConfig: Setting CVar [[r.DOF.Gather.EnableBokehSettings:0       ; no bokeh simulation when gathering]]
[2026.01.06-13.29.54:743][  0]LogConfig: Setting CVar [[r.DOF.Gather.RingCount:4                 ; medium number of samples when gathering]]
[2026.01.06-13.29.54:743][  0]LogConfig: Setting CVar [[r.DOF.Scatter.ForegroundCompositing:1    ; additive foreground scattering]]
[2026.01.06-13.29.54:743][  0]LogConfig: Setting CVar [[r.DOF.Scatter.BackgroundCompositing:2    ; additive background scattering]]
[2026.01.06-13.29.54:743][  0]LogConfig: Setting CVar [[r.DOF.Scatter.EnableBokehSettings:1      ; bokeh simulation when scattering]]
[2026.01.06-13.29.54:743][  0]LogConfig: Setting CVar [[r.DOF.Scatter.MaxSpriteRatio:0.1         ; only a maximum of 10% of scattered bokeh]]
[2026.01.06-13.29.54:743][  0]LogConfig: Setting CVar [[r.DOF.Recombine.Quality:1                ; cheap slight out of focus]]
[2026.01.06-13.29.54:743][  0]LogConfig: Setting CVar [[r.DOF.Recombine.EnableBokehSettings:0    ; no bokeh simulation on slight out of focus]]
[2026.01.06-13.29.54:743][  0]LogConfig: Setting CVar [[r.DOF.TemporalAAQuality:1                ; more stable temporal accumulation]]
[2026.01.06-13.29.54:743][  0]LogConfig: Setting CVar [[r.DOF.Kernel.MaxForegroundRadius:0.025]]
[2026.01.06-13.29.54:743][  0]LogConfig: Setting CVar [[r.DOF.Kernel.MaxBackgroundRadius:0.025]]
[2026.01.06-13.29.54:743][  0]LogConfig: Applying CVar settings from Section [TextureQuality@3] File [D:/Artemii/Game/Game/Saved/Config/Windows/Scalability.ini]
[2026.01.06-13.29.54:743][  0]LogConfig: Setting CVar [[r.Streaming.MipBias:0]]
[2026.01.06-13.29.54:743][  0]LogConfig: Setting CVar [[r.Streaming.AmortizeCPUToGPUCopy:0]]
[2026.01.06-13.29.54:743][  0]LogConfig: Setting CVar [[r.Streaming.MaxNumTexturesToStreamPerFrame:0]]
[2026.01.06-13.29.54:743][  0]LogConfig: Setting CVar [[r.Streaming.Boost:1]]
[2026.01.06-13.29.54:743][  0]LogConfig: Setting CVar [[r.MaxAnisotropy:8]]
[2026.01.06-13.29.54:743][  0]LogConfig: Setting CVar [[r.VT.MaxAnisotropy:8]]
[2026.01.06-13.29.54:743][  0]LogConfig: Setting CVar [[r.Streaming.LimitPoolSizeToVRAM:0]]
[2026.01.06-13.29.54:743][  0]LogConfig: Setting CVar [[r.Streaming.PoolSize:1000]]
[2026.01.06-13.29.54:743][  0]LogConfig: Setting CVar [[r.Streaming.MaxEffectiveScreenSize:0]]
[2026.01.06-13.29.54:743][  0]LogConfig: Applying CVar settings from Section [EffectsQuality@3] File [D:/Artemii/Game/Game/Saved/Config/Windows/Scalability.ini]
[2026.01.06-13.29.54:743][  0]LogConfig: Setting CVar [[r.TranslucencyLightingVolumeDim:64]]
[2026.01.06-13.29.54:743][  0]LogConfig: Setting CVar [[r.RefractionQuality:2]]
[2026.01.06-13.29.54:743][  0]LogConfig: Setting CVar [[r.SSR.Quality:3]]
[2026.01.06-13.29.54:743][  0]LogConfig: Setting CVar [[r.SSR.HalfResSceneColor:0]]
[2026.01.06-13.29.54:743][  0]LogConfig: Setting CVar [[r.SceneColorFormat:4]]
[2026.01.06-13.29.54:743][  0]LogConfig: Setting CVar [[r.DetailMode:2]]
[2026.01.06-13.29.54:743][  0]LogConfig: Setting CVar [[r.TranslucencyVolumeBlur:1]]
[2026.01.06-13.29.54:743][  0]LogConfig: Setting CVar [[r.MaterialQualityLevel:1 ; High quality]]
[2026.01.06-13.29.54:743][  0]LogConfig: Setting CVar [[r.AnisotropicMaterials:1]]
[2026.01.06-13.29.54:743][  0]LogConfig: Setting CVar [[r.SSS.Scale:1]]
[2026.01.06-13.29.54:743][  0]LogConfig: Setting CVar [[r.SSS.SampleSet:2]]
[2026.01.06-13.29.54:743][  0]LogConfig: Setting CVar [[r.SSS.Quality:1]]
[2026.01.06-13.29.54:743][  0]LogConfig: Setting CVar [[r.SSS.HalfRes:0]]
[2026.01.06-13.29.54:743][  0]LogConfig: Setting CVar [[r.SSGI.Quality:3]]
[2026.01.06-13.29.54:743][  0]LogConfig: Setting CVar [[r.EmitterSpawnRateScale:1.0]]
[2026.01.06-13.29.54:743][  0]LogConfig: Setting CVar [[r.ParticleLightQuality:2]]
[2026.01.06-13.29.54:743][  0]LogConfig: Setting CVar [[r.SkyAtmosphere.AerialPerspectiveLUT.FastApplyOnOpaque:1 ; Always have FastSkyLUT 1 in this case to avoid wrong sky]]
[2026.01.06-13.29.54:743][  0]LogConfig: Setting CVar [[r.SkyAtmosphere.AerialPerspectiveLUT.SampleCountMaxPerSlice:4]]
[2026.01.06-13.29.54:743][  0]LogConfig: Setting CVar [[r.SkyAtmosphere.AerialPerspectiveLUT.DepthResolution:16.0]]
[2026.01.06-13.29.54:743][  0]LogConfig: Setting CVar [[r.SkyAtmosphere.FastSkyLUT:1]]
[2026.01.06-13.29.54:743][  0]LogConfig: Setting CVar [[r.SkyAtmosphere.FastSkyLUT.SampleCountMin:4.0]]
[2026.01.06-13.29.54:743][  0]LogConfig: Setting CVar [[r.SkyAtmosphere.FastSkyLUT.SampleCountMax:128.0]]
[2026.01.06-13.29.54:743][  0]LogConfig: Setting CVar [[r.SkyAtmosphere.SampleCountMin:4.0]]
[2026.01.06-13.29.54:744][  0]LogConfig: Setting CVar [[r.SkyAtmosphere.SampleCountMax:128.0]]
[2026.01.06-13.29.54:744][  0]LogConfig: Setting CVar [[r.SkyAtmosphere.TransmittanceLUT.UseSmallFormat:0]]
[2026.01.06-13.29.54:744][  0]LogConfig: Setting CVar [[r.SkyAtmosphere.TransmittanceLUT.SampleCount:10.0]]
[2026.01.06-13.29.54:744][  0]LogConfig: Setting CVar [[r.SkyAtmosphere.MultiScatteringLUT.SampleCount:15.0]]
[2026.01.06-13.29.54:744][  0]LogConfig: Setting CVar [[r.SkyLight.RealTimeReflectionCapture:1]]
[2026.01.06-13.29.54:744][  0]LogConfig: Applying CVar settings from Section [FoliageQuality@3] File [D:/Artemii/Game/Game/Saved/Config/Windows/Scalability.ini]
[2026.01.06-13.29.54:744][  0]LogConfig: Setting CVar [[foliage.DensityScale:1.0]]
[2026.01.06-13.29.54:744][  0]LogConfig: Setting CVar [[grass.DensityScale:1.0]]
[2026.01.06-13.29.54:744][  0]LogConfig: Applying CVar settings from Section [ShadingQuality@3] File [D:/Artemii/Game/Game/Saved/Config/Windows/Scalability.ini]
[2026.01.06-13.29.54:744][  0]LogConfig: Setting CVar [[r.HairStrands.SkyLighting.IntegrationType:2]]
[2026.01.06-13.29.54:744][  0]LogConfig: Setting CVar [[r.HairStrands.SkyAO.SampleCount:4]]
[2026.01.06-13.29.54:744][  0]LogConfig: Setting CVar [[r.HairStrands.Visibility.MSAA.SamplePerPixel:4]]
[2026.01.06-13.29.54:744][  0]LogInit: Selected Device Profile: [Windows]
[2026.01.06-13.29.54:744][  0]LogInit: Applying CVar settings loaded from the selected device profile: [Windows]
[2026.01.06-13.29.54:744][  0]LogHAL: Display: Platform has ~ 32 GB [34153394176 / 34359738368 / 32], which maps to Largest [LargestMinGB=32, LargerMinGB=12, DefaultMinGB=8, SmallerMinGB=6, SmallestMinGB=0)
[2026.01.06-13.29.54:744][  0]LogInit: Going up to parent DeviceProfile []
[2026.01.06-13.29.54:744][  0]LogConfig: Applying CVar settings from Section [ViewDistanceQuality@3] File [D:/Artemii/Game/Game/Saved/Config/Windows/Scalability.ini]
[2026.01.06-13.29.54:744][  0]LogConfig: Setting CVar [[r.SkeletalMeshLODBias:0]]
[2026.01.06-13.29.54:744][  0]LogConfig: Setting CVar [[r.ViewDistanceScale:1.0]]
[2026.01.06-13.29.54:744][  0]LogConfig: Applying CVar settings from Section [AntiAliasingQuality@3] File [D:/Artemii/Game/Game/Saved/Config/Windows/Scalability.ini]
[2026.01.06-13.29.54:744][  0]LogConfig: Setting CVar [[r.PostProcessAAQuality:4]]
[2026.01.06-13.29.54:744][  0]LogConfig: Applying CVar settings from Section [ShadowQuality@3] File [D:/Artemii/Game/Game/Saved/Config/Windows/Scalability.ini]
[2026.01.06-13.29.54:744][  0]LogConfig: Setting CVar [[r.LightFunctionQuality:1]]
[2026.01.06-13.29.54:744][  0]LogConfig: Setting CVar [[r.ShadowQuality:5]]
[2026.01.06-13.29.54:744][  0]LogConfig: Setting CVar [[r.Shadow.CSM.MaxCascades:10]]
[2026.01.06-13.29.54:744][  0]LogConfig: Setting CVar [[r.Shadow.MaxResolution:2048]]
[2026.01.06-13.29.54:744][  0]LogConfig: Setting CVar [[r.Shadow.MaxCSMResolution:2048]]
[2026.01.06-13.29.54:744][  0]LogConfig: Setting CVar [[r.Shadow.RadiusThreshold:0.01]]
[2026.01.06-13.29.54:744][  0]LogConfig: Setting CVar [[r.Shadow.DistanceScale:1.0]]
[2026.01.06-13.29.54:744][  0]LogConfig: Setting CVar [[r.Shadow.CSM.TransitionScale:1.0]]
[2026.01.06-13.29.54:744][  0]LogConfig: Setting CVar [[r.Shadow.PreShadowResolutionFactor:1.0]]
[2026.01.06-13.29.54:744][  0]LogConfig: Setting CVar [[r.DistanceFieldShadowing:1]]
[2026.01.06-13.29.54:744][  0]LogConfig: Setting CVar [[r.DistanceFieldAO:1]]
[2026.01.06-13.29.54:744][  0]LogConfig: Setting CVar [[r.AOQuality:2]]
[2026.01.06-13.29.54:744][  0]LogConfig: Setting CVar [[r.VolumetricFog:1]]
[2026.01.06-13.29.54:744][  0]LogConfig: Setting CVar [[r.VolumetricFog.GridPixelSize:8]]
[2026.01.06-13.29.54:744][  0]LogConfig: Setting CVar [[r.VolumetricFog.GridSizeZ:128]]
[2026.01.06-13.29.54:744][  0]LogConfig: Setting CVar [[r.VolumetricFog.HistoryMissSupersampleCount:4]]
[2026.01.06-13.29.54:744][  0]LogConfig: Setting CVar [[r.LightMaxDrawDistanceScale:1]]
[2026.01.06-13.29.54:744][  0]LogConfig: Setting CVar [[r.CapsuleShadows:1]]
[2026.01.06-13.29.54:744][  0]LogConfig: Applying CVar settings from Section [PostProcessQuality@3] File [D:/Artemii/Game/Game/Saved/Config/Windows/Scalability.ini]
[2026.01.06-13.29.54:744][  0]LogConfig: Setting CVar [[r.MotionBlurQuality:4]]
[2026.01.06-13.29.54:744][  0]LogConfig: Setting CVar [[r.AmbientOcclusionMipLevelFactor:0.4]]
[2026.01.06-13.29.54:744][  0]LogConfig: Setting CVar [[r.AmbientOcclusionMaxQuality:100]]
[2026.01.06-13.29.54:744][  0]LogConfig: Setting CVar [[r.AmbientOcclusionLevels:-1]]
[2026.01.06-13.29.54:744][  0]LogConfig: Setting CVar [[r.AmbientOcclusionRadiusScale:1.0]]
[2026.01.06-13.29.54:744][  0]LogConfig: Setting CVar [[r.DepthOfFieldQuality:2]]
[2026.01.06-13.29.54:744][  0]LogConfig: Setting CVar [[r.RenderTargetPoolMin:400]]
[2026.01.06-13.29.54:744][  0]LogConfig: Setting CVar [[r.LensFlareQuality:2]]
[2026.01.06-13.29.54:744][  0]LogConfig: Setting CVar [[r.SceneColorFringeQuality:1]]
[2026.01.06-13.29.54:744][  0]LogConfig: Setting CVar [[r.EyeAdaptationQuality:2]]
[2026.01.06-13.29.54:744][  0]LogConfig: Setting CVar [[r.BloomQuality:5]]
[2026.01.06-13.29.54:744][  0]LogConfig: Setting CVar [[r.FastBlurThreshold:100]]
[2026.01.06-13.29.54:744][  0]LogConfig: Setting CVar [[r.Upscale.Quality:3]]
[2026.01.06-13.29.54:744][  0]LogConfig: Setting CVar [[r.Tonemapper.GrainQuantization:1]]
[2026.01.06-13.29.54:744][  0]LogConfig: Setting CVar [[r.LightShaftQuality:1]]
[2026.01.06-13.29.54:744][  0]LogConfig: Setting CVar [[r.Filter.SizeScale:1]]
[2026.01.06-13.29.54:744][  0]LogConfig: Setting CVar [[r.Tonemapper.Quality:5]]
[2026.01.06-13.29.54:744][  0]LogConfig: Setting CVar [[r.DOF.Gather.AccumulatorQuality:1        ; higher gathering accumulator quality]]
[2026.01.06-13.29.54:744][  0]LogConfig: Setting CVar [[r.DOF.Gather.PostfilterMethod:1          ; Median3x3 postfilering method]]
[2026.01.06-13.29.54:744][  0]LogConfig: Setting CVar [[r.DOF.Gather.EnableBokehSettings:0       ; no bokeh simulation when gathering]]
[2026.01.06-13.29.54:744][  0]LogConfig: Setting CVar [[r.DOF.Gather.RingCount:4                 ; medium number of samples when gathering]]
[2026.01.06-13.29.54:744][  0]LogConfig: Setting CVar [[r.DOF.Scatter.ForegroundCompositing:1    ; additive foreground scattering]]
[2026.01.06-13.29.54:744][  0]LogConfig: Setting CVar [[r.DOF.Scatter.BackgroundCompositing:2    ; additive background scattering]]
[2026.01.06-13.29.54:744][  0]LogConfig: Setting CVar [[r.DOF.Scatter.EnableBokehSettings:1      ; bokeh simulation when scattering]]
[2026.01.06-13.29.54:744][  0]LogConfig: Setting CVar [[r.DOF.Scatter.MaxSpriteRatio:0.1         ; only a maximum of 10% of scattered bokeh]]
[2026.01.06-13.29.54:744][  0]LogConfig: Setting CVar [[r.DOF.Recombine.Quality:1                ; cheap slight out of focus]]
[2026.01.06-13.29.54:744][  0]LogConfig: Setting CVar [[r.DOF.Recombine.EnableBokehSettings:0    ; no bokeh simulation on slight out of focus]]
[2026.01.06-13.29.54:744][  0]LogConfig: Setting CVar [[r.DOF.TemporalAAQuality:1                ; more stable temporal accumulation]]
[2026.01.06-13.29.54:744][  0]LogConfig: Setting CVar [[r.DOF.Kernel.MaxForegroundRadius:0.025]]
[2026.01.06-13.29.54:744][  0]LogConfig: Setting CVar [[r.DOF.Kernel.MaxBackgroundRadius:0.025]]
[2026.01.06-13.29.54:744][  0]LogConfig: Applying CVar settings from Section [TextureQuality@3] File [D:/Artemii/Game/Game/Saved/Config/Windows/Scalability.ini]
[2026.01.06-13.29.54:744][  0]LogConfig: Setting CVar [[r.Streaming.MipBias:0]]
[2026.01.06-13.29.54:744][  0]LogConfig: Setting CVar [[r.Streaming.AmortizeCPUToGPUCopy:0]]
[2026.01.06-13.29.54:744][  0]LogConfig: Setting CVar [[r.Streaming.MaxNumTexturesToStreamPerFrame:0]]
[2026.01.06-13.29.54:744][  0]LogConfig: Setting CVar [[r.Streaming.Boost:1]]
[2026.01.06-13.29.54:744][  0]LogConfig: Setting CVar [[r.MaxAnisotropy:8]]
[2026.01.06-13.29.54:744][  0]LogConfig: Setting CVar [[r.VT.MaxAnisotropy:8]]
[2026.01.06-13.29.54:744][  0]LogConfig: Setting CVar [[r.Streaming.LimitPoolSizeToVRAM:0]]
[2026.01.06-13.29.54:744][  0]LogConfig: Setting CVar [[r.Streaming.PoolSize:1000]]
[2026.01.06-13.29.54:744][  0]LogConfig: Setting CVar [[r.Streaming.MaxEffectiveScreenSize:0]]
[2026.01.06-13.29.54:744][  0]LogConfig: Applying CVar settings from Section [EffectsQuality@3] File [D:/Artemii/Game/Game/Saved/Config/Windows/Scalability.ini]
[2026.01.06-13.29.54:744][  0]LogConfig: Setting CVar [[r.TranslucencyLightingVolumeDim:64]]
[2026.01.06-13.29.54:744][  0]LogConfig: Setting CVar [[r.RefractionQuality:2]]
[2026.01.06-13.29.54:744][  0]LogConfig: Setting CVar [[r.SSR.Quality:3]]
[2026.01.06-13.29.54:744][  0]LogConfig: Setting CVar [[r.SSR.HalfResSceneColor:0]]
[2026.01.06-13.29.54:744][  0]LogConfig: Setting CVar [[r.SceneColorFormat:4]]
[2026.01.06-13.29.54:744][  0]LogConfig: Setting CVar [[r.DetailMode:2]]
[2026.01.06-13.29.54:744][  0]LogConfig: Setting CVar [[r.TranslucencyVolumeBlur:1]]
[2026.01.06-13.29.54:744][  0]LogConfig: Setting CVar [[r.MaterialQualityLevel:1 ; High quality]]
[2026.01.06-13.29.54:744][  0]LogConfig: Setting CVar [[r.AnisotropicMaterials:1]]
[2026.01.06-13.29.54:744][  0]LogConfig: Setting CVar [[r.SSS.Scale:1]]
[2026.01.06-13.29.54:744][  0]LogConfig: Setting CVar [[r.SSS.SampleSet:2]]
[2026.01.06-13.29.54:744][  0]LogConfig: Setting CVar [[r.SSS.Quality:1]]
[2026.01.06-13.29.54:744][  0]LogConfig: Setting CVar [[r.SSS.HalfRes:0]]
[2026.01.06-13.29.54:744][  0]LogConfig: Setting CVar [[r.SSGI.Quality:3]]
[2026.01.06-13.29.54:744][  0]LogConfig: Setting CVar [[r.EmitterSpawnRateScale:1.0]]
[2026.01.06-13.29.54:744][  0]LogConfig: Setting CVar [[r.ParticleLightQuality:2]]
[2026.01.06-13.29.54:744][  0]LogConfig: Setting CVar [[r.SkyAtmosphere.AerialPerspectiveLUT.FastApplyOnOpaque:1 ; Always have FastSkyLUT 1 in this case to avoid wrong sky]]
[2026.01.06-13.29.54:744][  0]LogConfig: Setting CVar [[r.SkyAtmosphere.AerialPerspectiveLUT.SampleCountMaxPerSlice:4]]
[2026.01.06-13.29.54:744][  0]LogConfig: Setting CVar [[r.SkyAtmosphere.AerialPerspectiveLUT.DepthResolution:16.0]]
[2026.01.06-13.29.54:744][  0]LogConfig: Setting CVar [[r.SkyAtmosphere.FastSkyLUT:1]]
[2026.01.06-13.29.54:744][  0]LogConfig: Setting CVar [[r.SkyAtmosphere.FastSkyLUT.SampleCountMin:4.0]]
[2026.01.06-13.29.54:744][  0]LogConfig: Setting CVar [[r.SkyAtmosphere.FastSkyLUT.SampleCountMax:128.0]]
[2026.01.06-13.29.54:744][  0]LogConfig: Setting CVar [[r.SkyAtmosphere.SampleCountMin:4.0]]
[2026.01.06-13.29.54:744][  0]LogConfig: Setting CVar [[r.SkyAtmosphere.SampleCountMax:128.0]]
[2026.01.06-13.29.54:744][  0]LogConfig: Setting CVar [[r.SkyAtmosphere.TransmittanceLUT.UseSmallFormat:0]]
[2026.01.06-13.29.54:744][  0]LogConfig: Setting CVar [[r.SkyAtmosphere.TransmittanceLUT.SampleCount:10.0]]
[2026.01.06-13.29.54:744][  0]LogConfig: Setting CVar [[r.SkyAtmosphere.MultiScatteringLUT.SampleCount:15.0]]
[2026.01.06-13.29.54:744][  0]LogConfig: Setting CVar [[r.SkyLight.RealTimeReflectionCapture:1]]
[2026.01.06-13.29.54:744][  0]LogConfig: Applying CVar settings from Section [FoliageQuality@3] File [D:/Artemii/Game/Game/Saved/Config/Windows/Scalability.ini]
[2026.01.06-13.29.54:744][  0]LogConfig: Setting CVar [[foliage.DensityScale:1.0]]
[2026.01.06-13.29.54:744][  0]LogConfig: Setting CVar [[grass.DensityScale:1.0]]
[2026.01.06-13.29.54:744][  0]LogConfig: Applying CVar settings from Section [ShadingQuality@3] File [D:/Artemii/Game/Game/Saved/Config/Windows/Scalability.ini]
[2026.01.06-13.29.54:744][  0]LogConfig: Setting CVar [[r.HairStrands.SkyLighting.IntegrationType:2]]
[2026.01.06-13.29.54:744][  0]LogConfig: Setting CVar [[r.HairStrands.SkyAO.SampleCount:4]]
[2026.01.06-13.29.54:744][  0]LogConfig: Setting CVar [[r.HairStrands.Visibility.MSAA.SamplePerPixel:4]]
[2026.01.06-13.29.54:744][  0]LogConfig: Applying CVar settings from Section [Startup] File [../../../Engine/Config/ConsoleVariables.ini]
[2026.01.06-13.29.54:744][  0]LogConfig: Setting CVar [[net.UseAdaptiveNetUpdateFrequency:0]]
[2026.01.06-13.29.54:744][  0]LogConfig: Setting CVar [[p.chaos.AllowCreatePhysxBodies:1]]
[2026.01.06-13.29.54:744][  0]LogConfig: Setting CVar [[fx.SkipVectorVMBackendOptimizations:1]]
[2026.01.06-13.29.54:744][  0]LogConfig: Applying CVar settings from Section [ConsoleVariables] File [D:/Artemii/Game/Game/Saved/Config/Windows/Engine.ini]
[2026.01.06-13.29.54:744][  0]LogConfig: Applying CVar settings from Section [ConsoleVariables] File [D:/Artemii/Game/Game/Saved/Config/Windows/Editor.ini]
[2026.01.06-13.29.54:745][  0]LogInit: Computer: ANATOLII
[2026.01.06-13.29.54:745][  0]LogInit: User: LVI
[2026.01.06-13.29.54:745][  0]LogInit: CPU Page size=4096, Cores=14
[2026.01.06-13.29.54:745][  0]LogInit: High frequency timer resolution =10.000000 MHz
[2026.01.06-13.29.54:745][  0]LogMemory: Memory total: Physical=31.8GB (32GB approx)
[2026.01.06-13.29.54:745][  0]LogMemory: Platform Memory Stats for Windows
[2026.01.06-13.29.54:745][  0]LogMemory: Process Physical Memory: 149.18 MB used, 149.18 MB peak
[2026.01.06-13.29.54:745][  0]LogMemory: Process Virtual Memory: 132.61 MB used, 132.61 MB peak
[2026.01.06-13.29.54:745][  0]LogMemory: Physical Memory: 12603.21 MB used,  19968.00 MB free, 32571.21 MB total
[2026.01.06-13.29.54:745][  0]LogMemory: Virtual Memory: 134195656.00 MB used,  22075.49 MB free, 134217728.00 MB total
[2026.01.06-13.29.54:747][  0]LogWindows: WindowsPlatformFeatures enabled
[2026.01.06-13.29.54:769][  0]LogInit: Physics initialised using underlying interface: PhysX
[2026.01.06-13.29.54:770][  0]LogInit: Using OS detected language (en-US).
[2026.01.06-13.29.54:770][  0]LogInit: Using OS detected locale (uk-UA).
[2026.01.06-13.29.54:772][  0]LogTextLocalizationManager: No specific localization for 'en-US' exists, so the 'en' localization will be used.
[2026.01.06-13.29.54:879][  0]LogInit: Setting process to per monitor DPI aware
[2026.01.06-13.29.54:885][  0]LogWindowsTextInputMethodSystem: Display: IME system deactivated.
[2026.01.06-13.29.54:901][  0]LogSlate: New Slate User Created.  User Index 0, Is Virtual User: 0
[2026.01.06-13.29.54:901][  0]LogSlate: Slate User Registered.  User Index 0, Is Virtual User: 0
[2026.01.06-13.29.54:959][  0]LogD3D11RHI: Loaded GFSDK_Aftermath_Lib.x64.dll
[2026.01.06-13.29.54:962][  0]LogHMD: Failed to initialize OpenVR with code 110
[2026.01.06-13.29.54:962][  0]LogD3D11RHI: D3D11 min allowed feature level: 11_0
[2026.01.06-13.29.54:962][  0]LogD3D11RHI: D3D11 max allowed feature level: 11_0
[2026.01.06-13.29.54:962][  0]LogD3D11RHI: D3D11 adapters:
[2026.01.06-13.29.55:084][  0]LogD3D11RHI:    0. 'NVIDIA GeForce RTX 3060 Ti' (Feature Level 11_0)
[2026.01.06-13.29.55:084][  0]LogD3D11RHI:       8024/0/16285 MB DedicatedVideo/DedicatedSystem/SharedSystem, Outputs:2, VendorId:0x10de
[2026.01.06-13.29.55:133][  0]LogD3D11RHI:    1. 'Intel(R) UHD Graphics 770' (Feature Level 11_0)
[2026.01.06-13.29.55:134][  0]LogD3D11RHI:       128/0/16285 MB DedicatedVideo/DedicatedSystem/SharedSystem, Outputs:0, VendorId:0x8086
[2026.01.06-13.29.55:135][  0]LogD3D11RHI:    2. 'Microsoft Basic Render Driver' (Feature Level 11_0)
[2026.01.06-13.29.55:135][  0]LogD3D11RHI:       0/0/16285 MB DedicatedVideo/DedicatedSystem/SharedSystem, Outputs:0, VendorId:0x1414
[2026.01.06-13.29.55:238][  0]LogD3D11RHI:    3. 'NVIDIA GeForce RTX 3060 Ti' (Feature Level 11_0)
[2026.01.06-13.29.55:238][  0]LogD3D11RHI:       8024/0/16285 MB DedicatedVideo/DedicatedSystem/SharedSystem, Outputs:0, VendorId:0x10de
[2026.01.06-13.29.55:238][  0]LogD3D11RHI: Chosen D3D11 Adapter:
[2026.01.06-13.29.55:238][  0]LogD3D11RHI:     Description : NVIDIA GeForce RTX 3060 Ti
[2026.01.06-13.29.55:238][  0]LogD3D11RHI:     VendorId    : 10de
[2026.01.06-13.29.55:238][  0]LogD3D11RHI:     DeviceId    : 2489
[2026.01.06-13.29.55:238][  0]LogD3D11RHI:     SubSysId    : 405b1458
[2026.01.06-13.29.55:238][  0]LogD3D11RHI:     Revision    : 00a1
[2026.01.06-13.29.55:238][  0]LogD3D11RHI:     DedicatedVideoMemory : 8413773824 bytes
[2026.01.06-13.29.55:238][  0]LogD3D11RHI:     DedicatedSystemMemory : 0 bytes
[2026.01.06-13.29.55:238][  0]LogD3D11RHI:     SharedSystemMemory : 17076697088 bytes
[2026.01.06-13.29.55:238][  0]LogD3D11RHI:     AdapterLuid : 0 56547
[2026.01.06-13.29.55:242][  0]LogD3D11RHI: Creating new Direct3DDevice
[2026.01.06-13.29.55:242][  0]LogD3D11RHI:     GPU DeviceId: 0x2489 (for the marketing name, search the web for "GPU Device Id")
[2026.01.06-13.29.55:242][  0]LogWindows: EnumDisplayDevices:
[2026.01.06-13.29.55:242][  0]LogWindows:    0. 'NVIDIA GeForce RTX 3060 Ti' (P:0 D:1)
[2026.01.06-13.29.55:242][  0]LogWindows:    1. 'NVIDIA GeForce RTX 3060 Ti' (P:1 D:1)
[2026.01.06-13.29.55:242][  0]LogWindows:    2. 'NVIDIA GeForce RTX 3060 Ti' (P:0 D:0)
[2026.01.06-13.29.55:243][  0]LogWindows:    3. 'NVIDIA GeForce RTX 3060 Ti' (P:0 D:0)
[2026.01.06-13.29.55:243][  0]LogWindows:    4. 'Intel(R) UHD Graphics 770' (P:0 D:0)
[2026.01.06-13.29.55:243][  0]LogWindows:    5. 'Intel(R) UHD Graphics 770' (P:0 D:0)
[2026.01.06-13.29.55:243][  0]LogWindows:    6. 'Intel(R) UHD Graphics 770' (P:0 D:0)
[2026.01.06-13.29.55:243][  0]LogWindows:    7. 'Intel(R) UHD Graphics 770' (P:0 D:0)
[2026.01.06-13.29.55:243][  0]LogWindows:    8. 'Parsec Virtual Display Adapter' (P:0 D:0)
[2026.01.06-13.29.55:243][  0]LogWindows:    9. 'Parsec Virtual Display Adapter' (P:0 D:0)
[2026.01.06-13.29.55:243][  0]LogWindows:    10. 'Parsec Virtual Display Adapter' (P:0 D:0)
[2026.01.06-13.29.55:243][  0]LogWindows:    11. 'Parsec Virtual Display Adapter' (P:0 D:0)
[2026.01.06-13.29.55:243][  0]LogWindows:    12. 'Parsec Virtual Display Adapter' (P:0 D:0)
[2026.01.06-13.29.55:244][  0]LogWindows:    13. 'Parsec Virtual Display Adapter' (P:0 D:0)
[2026.01.06-13.29.55:244][  0]LogWindows:    14. 'Parsec Virtual Display Adapter' (P:0 D:0)
[2026.01.06-13.29.55:244][  0]LogWindows:    15. 'Parsec Virtual Display Adapter' (P:0 D:0)
[2026.01.06-13.29.55:244][  0]LogWindows:    16. 'Parsec Virtual Display Adapter' (P:0 D:0)
[2026.01.06-13.29.55:244][  0]LogWindows:    17. 'Parsec Virtual Display Adapter' (P:0 D:0)
[2026.01.06-13.29.55:244][  0]LogWindows:    18. 'Parsec Virtual Display Adapter' (P:0 D:0)
[2026.01.06-13.29.55:244][  0]LogWindows:    19. 'Parsec Virtual Display Adapter' (P:0 D:0)
[2026.01.06-13.29.55:244][  0]LogWindows:    20. 'Parsec Virtual Display Adapter' (P:0 D:0)
[2026.01.06-13.29.55:244][  0]LogWindows:    21. 'Parsec Virtual Display Adapter' (P:0 D:0)
[2026.01.06-13.29.55:244][  0]LogWindows:    22. 'Parsec Virtual Display Adapter' (P:0 D:0)
[2026.01.06-13.29.55:244][  0]LogWindows:    23. 'Parsec Virtual Display Adapter' (P:0 D:0)
[2026.01.06-13.29.55:244][  0]LogWindows: DebugString: PrimaryIsNotTheChoosenAdapter PrimaryIsNotTheChoosenAdapter PrimaryIsNotTheChoosenAdapter PrimaryIsNotTheChoosenAdapter GetVideoDriverDetailsInvalid PrimaryIsNotTheChoosenAdapter GetVideoDriverDetailsInvalid PrimaryIsNotTheChoosenAdapter GetVideoDriverDetailsInvalid PrimaryIsNotTheChoosenAdapter GetVideoDriverDetailsInvalid PrimaryIsNotTheChoosenAdapter GetVideoDriverDetailsInvalid PrimaryIsNotTheChoosenAdapter GetVideoDriverDetailsInvalid PrimaryIsNotTheChoosenAdapter GetVideoDriverDetailsInvalid PrimaryIsNotTheChoosenAdapter GetVideoDriverDetailsInvalid PrimaryIsNotTheChoosenAdapter GetVideoDriverDetailsInvalid PrimaryIsNotTheChoosenAdapter GetVideoDriverDetailsInvalid PrimaryIsNotTheChoosenAdapter GetVideoDriverDetailsInvalid PrimaryIsNotTheChoosenAdapter GetVideoDriverDetailsInvalid PrimaryIsNotTheChoosenAdapter GetVideoDriverDetailsInvalid PrimaryIsNotTheChoosenAdapter GetVideoDriverDetailsInvalid PrimaryIsNotTheChoosenAdapter GetVideoDriverDetailsInvalid PrimaryIsNotTheChoosenAdapter GetVideoDriverDetailsInvalid PrimaryIsNotTheChoosenAdapter FoundDriverCount:4 
[2026.01.06-13.29.55:244][  0]LogD3D11RHI:     Adapter Name: NVIDIA GeForce RTX 3060 Ti
[2026.01.06-13.29.55:244][  0]LogD3D11RHI:   Driver Version: 576.28 (internal:32.0.15.7628, unified:576.28)
[2026.01.06-13.29.55:244][  0]LogD3D11RHI:      Driver Date: 4-27-2025
[2026.01.06-13.29.55:244][  0]LogRHI: Texture pool is 5616 MB (70% of 8024 MB)
[2026.01.06-13.29.55:245][  0]LogD3D11RHI: Creating D3DDevice using adapter:
[2026.01.06-13.29.55:245][  0]LogD3D11RHI:     Description : NVIDIA GeForce RTX 3060 Ti
[2026.01.06-13.29.55:245][  0]LogD3D11RHI:     VendorId    : 10de
[2026.01.06-13.29.55:245][  0]LogD3D11RHI:     DeviceId    : 2489
[2026.01.06-13.29.55:245][  0]LogD3D11RHI:     SubSysId    : 405b1458
[2026.01.06-13.29.55:245][  0]LogD3D11RHI:     Revision    : 00a1
[2026.01.06-13.29.55:245][  0]LogD3D11RHI:     DedicatedVideoMemory : 8413773824 bytes
[2026.01.06-13.29.55:245][  0]LogD3D11RHI:     DedicatedSystemMemory : 0 bytes
[2026.01.06-13.29.55:245][  0]LogD3D11RHI:     SharedSystemMemory : 17076697088 bytes
[2026.01.06-13.29.55:245][  0]LogD3D11RHI:     AdapterLuid : 0 56547
[2026.01.06-13.29.55:343][  0]LogD3D11RHI: RHI has support for 64 bit atomics
[2026.01.06-13.29.55:343][  0]LogD3D11RHI: Async texture creation enabled
[2026.01.06-13.29.55:343][  0]LogD3D11RHI: Array index from any shader is supported
[2026.01.06-13.29.55:358][  0]LogD3D11RHI: GPU Timing Frequency: 1000.000000 (Debug: 2 1)
[2026.01.06-13.29.55:374][  0]LogRHI: GeForceNow SDK initialized: 1
[2026.01.06-13.29.55:567][  0]LogTargetPlatformManager: Display: Loaded TargetPlatform 'AllDesktop'
[2026.01.06-13.29.55:579][  0]LogTargetPlatformManager: Display: Loaded TargetPlatform 'Android'
[2026.01.06-13.29.55:579][  0]LogTargetPlatformManager: Display: Loaded TargetPlatform 'Android_ASTC'
[2026.01.06-13.29.55:579][  0]LogTargetPlatformManager: Display: Loaded TargetPlatform 'Android_DXT'
[2026.01.06-13.29.55:579][  0]LogTargetPlatformManager: Display: Loaded TargetPlatform 'Android_ETC2'
[2026.01.06-13.29.55:579][  0]LogTargetPlatformManager: Display: Loaded TargetPlatform 'AndroidClient'
[2026.01.06-13.29.55:579][  0]LogTargetPlatformManager: Display: Loaded TargetPlatform 'Android_ASTCClient'
[2026.01.06-13.29.55:579][  0]LogTargetPlatformManager: Display: Loaded TargetPlatform 'Android_DXTClient'
[2026.01.06-13.29.55:579][  0]LogTargetPlatformManager: Display: Loaded TargetPlatform 'Android_ETC2Client'
[2026.01.06-13.29.55:579][  0]LogTargetPlatformManager: Display: Loaded TargetPlatform 'Android_Multi'
[2026.01.06-13.29.55:579][  0]LogTargetPlatformManager: Display: Loaded TargetPlatform 'Android_MultiClient'
[2026.01.06-13.29.55:589][  0]LogTargetPlatformManager: Display: Loaded TargetPlatform 'IOSClient'
[2026.01.06-13.29.55:589][  0]LogTargetPlatformManager: Display: Loaded TargetPlatform 'IOS'
[2026.01.06-13.29.55:594][  0]LogTargetPlatformManager: Display: Loaded TargetPlatform 'Linux'
[2026.01.06-13.29.55:596][  0]LogTargetPlatformManager: Display: Loaded TargetPlatform 'LinuxNoEditor'
[2026.01.06-13.29.55:599][  0]LogTargetPlatformManager: Display: Loaded TargetPlatform 'LinuxClient'
[2026.01.06-13.29.55:601][  0]LogTargetPlatformManager: Display: Loaded TargetPlatform 'LinuxServer'
[2026.01.06-13.29.55:605][  0]LogTargetPlatformManager: Display: Loaded TargetPlatform 'LinuxAArch64NoEditor'
[2026.01.06-13.29.55:608][  0]LogTargetPlatformManager: Display: Loaded TargetPlatform 'LinuxAArch64Client'
[2026.01.06-13.29.55:610][  0]LogTargetPlatformManager: Display: Loaded TargetPlatform 'LinuxAArch64Server'
[2026.01.06-13.29.55:622][  0]LogTargetPlatformManager: Display: Loaded TargetPlatform 'Lumin'
[2026.01.06-13.29.55:622][  0]LogTargetPlatformManager: Display: Loaded TargetPlatform 'LuminClient'
[2026.01.06-13.29.55:626][  0]LogTargetPlatformManager: Display: Loaded TargetPlatform 'MacNoEditor'
[2026.01.06-13.29.55:628][  0]LogTargetPlatformManager: Display: Loaded TargetPlatform 'Mac'
[2026.01.06-13.29.55:630][  0]LogTargetPlatformManager: Display: Loaded TargetPlatform 'MacClient'
[2026.01.06-13.29.55:633][  0]LogTargetPlatformManager: Display: Loaded TargetPlatform 'MacServer'
[2026.01.06-13.29.55:638][  0]LogTargetPlatformManager: Display: Loaded TargetPlatform 'TVOSClient'
[2026.01.06-13.29.55:638][  0]LogTargetPlatformManager: Display: Loaded TargetPlatform 'TVOS'
[2026.01.06-13.29.55:642][  0]LogTargetPlatformManager: Display: Loaded TargetPlatform 'WindowsNoEditor'
[2026.01.06-13.29.55:645][  0]LogTargetPlatformManager: Display: Loaded TargetPlatform 'Windows'
[2026.01.06-13.29.55:647][  0]LogTargetPlatformManager: Display: Loaded TargetPlatform 'WindowsClient'
[2026.01.06-13.29.55:649][  0]LogTargetPlatformManager: Display: Loaded TargetPlatform 'WindowsServer'
[2026.01.06-13.29.55:649][  0]LogTargetPlatformManager: Display: Building Assets For Windows
[2026.01.06-13.29.55:652][  0]LogAudioDebug: Display: Lib vorbis DLL was dynamically loaded.
[2026.01.06-13.29.55:667][  0]LogTextureFormatOodle: Display: Oodle Texture 2.9.0 init RDO Off
[2026.01.06-13.29.55:682][  0]LogRendererCore: Ray tracing is disabled. Reason: r.RayTracing=0.
[2026.01.06-13.29.55:682][  0]LogShaderCompilers: Guid format shader working directory is 23 characters bigger than the processId version (D:/Artemii/Game/Game/Intermediate/Shaders/WorkingDirectory/14616/).
[2026.01.06-13.29.55:682][  0]LogShaderCompilers: Cleaned the shader compiler working directory 'C:/Users/LVI/AppData/Local/Temp/UnrealShaderWorkingDir/B35952224FA60295D95850AF63BBBAEE/'.
[2026.01.06-13.29.55:682][  0]LogXGEController: Cannot use XGE Controller as Incredibuild is not installed on this machine.
[2026.01.06-13.29.55:682][  0]LogShaderCompilers: Cannot use XGE Shader Compiler as Incredibuild is not installed on this machine.
[2026.01.06-13.29.55:682][  0]LogShaderCompilers: Display: Using Local Shader Compiler.
[2026.01.06-13.29.56:154][  0]LogDerivedDataCache: Display: Max Cache Size: 512 MB
[2026.01.06-13.29.56:192][  0]LogDerivedDataCache: Loaded boot cache 0.04s 94MB C:/Users/LVI/AppData/Local/UnrealEngine/4.27/DerivedDataCache/Boot.ddc.
[2026.01.06-13.29.56:192][  0]LogDerivedDataCache: Display: Loaded Boot cache: C:/Users/LVI/AppData/Local/UnrealEngine/4.27/DerivedDataCache/Boot.ddc
[2026.01.06-13.29.56:192][  0]LogDerivedDataCache: FDerivedDataBackendGraph:  Pak pak cache file D:/Artemii/Game/Game/DerivedDataCache/DDC.ddp not found, will not use a pak cache.
[2026.01.06-13.29.56:192][  0]LogDerivedDataCache: Unable to find inner node Pak for hierarchical cache Hierarchy.
[2026.01.06-13.29.56:192][  0]LogDerivedDataCache: FDerivedDataBackendGraph:  CompressedPak pak cache file D:/Artemii/Game/Game/DerivedDataCache/Compressed.ddp not found, will not use a pak cache.
[2026.01.06-13.29.56:192][  0]LogDerivedDataCache: Unable to find inner node CompressedPak for hierarchical cache Hierarchy.
[2026.01.06-13.29.56:204][  0]LogDerivedDataCache: Display: Pak cache opened for reading ../../../Engine/DerivedDataCache/Compressed.ddp.
[2026.01.06-13.29.56:204][  0]LogDerivedDataCache: FDerivedDataBackendGraph:  EnterprisePak pak cache file ../../../Enterprise/DerivedDataCache/Compressed.ddp not found, will not use a pak cache.
[2026.01.06-13.29.56:204][  0]LogDerivedDataCache: Unable to find inner node EnterprisePak for hierarchical cache Hierarchy.
[2026.01.06-13.29.56:208][  0]LogDerivedDataCache: Speed tests for C:/Users/LVI/AppData/Local/UnrealEngine/Common/DerivedDataCache took 0.00 seconds
[2026.01.06-13.29.56:208][  0]LogDerivedDataCache: Display: Performance to C:/Users/LVI/AppData/Local/UnrealEngine/Common/DerivedDataCache: Latency=0.01ms. RandomReadSpeed=2251.60MBs, RandomWriteSpeed=310.20MBs. Assigned SpeedClass 'Local'
[2026.01.06-13.29.56:209][  0]LogDerivedDataCache: Using Local data cache path C:/Users/LVI/AppData/Local/UnrealEngine/Common/DerivedDataCache: Writable
[2026.01.06-13.29.56:209][  0]LogDerivedDataCache: Shared data cache path not found in *engine.ini, will not use an Shared cache.
[2026.01.06-13.29.56:209][  0]LogDerivedDataCache: Unable to find inner node Shared for hierarchical cache Hierarchy.
[2026.01.06-13.29.56:242][  0]LogSlate: Using FreeType 2.10.0
[2026.01.06-13.29.56:242][  0]LogSlate: SlateFontServices - WITH_FREETYPE: 1, WITH_HARFBUZZ: 1
[2026.01.06-13.29.56:258][  0]LogAssetRegistry: FAssetRegistry took 0.0018 seconds to start up
[2026.01.06-13.29.56:387][  0]LogInit: Selected Device Profile: [Windows]
[2026.01.06-13.29.56:387][  0]LogInit: Active device profile: [0000012E80213100][0000012EF501CA80 49] Windows
[2026.01.06-13.29.56:387][  0]LogInit: Profiles: [0000012E80213100][0000012EF501CA80 49] Windows, [0000012E801D1400][0000012EF5024C00 49] WindowsNoEditor, [0000012E80211400][0000012EF5028D80 49] WindowsServer, [0000012E801D2E00][0000012EFD730F00 49] WindowsClient, [0000012E80212E00][0000012EFD735080 49] IOS, [0000012E801D1500][0000012EFD739200 49] iPadAir, [0000012E80210400][0000012EFD73D380 49] iPadAir2, [0000012E80174400][0000012EFD745640 49] IPadPro, [0000012E80174500][0000012EFD741680 49] iPadAir3, [0000012E80212B00][0000012EFD749800 49] iPadAir4, [0000012E80177000][0000012EFD74D980 49] iPadMini2, [0000012E80211600][0000012EFD751B00 49] iPadMini3, [0000012E80175800][0000012EFD754100 49] iPadMini4, [0000012E80212900][0000012EFD758280 49] iPadMini5, [0000012E80173C00][0000012EFD760540 49] iPhone6, [0000012E80173D00][0000012EFD75C580 49] iPodTouch6, [0000012E80177E00][0000012EFD7647C0 49] iPhone7, [0000012E80177F00][0000012EF5020800 49] iPodTouch7, [0000012E80171500][0000012EFD768940 49] iPhone5S, [0000012E80175B00][0000012EF9CB8AC0 49] iPhone6Plus, [0000012E80172C00][0000012EF9CBCC40 49] iPhone6S, [0000012E80174200][0000012EF9CC0DC0 49] iPhone6SPlus, [0000012E80171800][0000012EF9CC4F40 49] iPhone7Plus, [0000012E80177400][0000012EF9CC90C0 49] iPhoneSE, [0000012E80172900][0000012EF9CCD240 49] iPhone8, [0000012E80175600][0000012EF9CD13C0 49] iPhone8Plus, [0000012E80173800][0000012EF9CD5540 49] iPhoneX, [0000012E80174600][0000012EF9CD96C0 49] iPhoneXS, [0000012E80172800][0000012EF9CDD840 49] iPhoneXSMax, [0000012E80176500][0000012EF9CE19C0 49] iPhoneXR, [0000012E80171D00][0000012EF9CE5B40 49] iPhone11, [0000012E80174800][0000012EF9CF2140 49] iPhone11Pro, [0000012E80172500][0000012EF9CF62C0 49] iPhone11ProMax, [0000012E80175D00][0000012EF9CFA440 49] iPhoneSE2, [0000012E80172000][0000012EF9CFE5C0 49] iPhone12Mini, [0000012E80174A00][0000012EF9D02740 49] iPhone12, [0000012E80172200][0000012EFD76C880 49] iPhone12Pro, [0000012E80174E00][0000012EFF0C89C0 49] iPhone12ProMax, [0000012E80172700][0000012EFF0CCB00 49] iPadPro105, [0000012E80174D00][0000012EFF0D4C80 49] iPadPro129, [0000012E80171900][0000012EFF0D8E00 49] iPadPro97, [0000012E80177D00][0000012EFF0DCF80 49] iPadPro2_129, [0000012E80172D00][0000012EFF0E1100 49] iPad5, [0000012E80176100][0000012EFF0E5280 49] iPad6, [0000012E80170700][0000012EFF0E9400 49] iPad7, [0000012E80176900][0000012EFF0ED580 49] iPad8, [0000012E80173500][0000012EFF0F1700 49] iPadPro11, [0000012E80177800][0000012EFF0F5880 49] iPadPro2_11, [0000012E80173000][0000012EFF0F9A00 49] iPadPro3_129, [0000012E80176800][0000012EFF0FDB80 49] iPadPro4_129, [0000012E80170900][0000012EFF100180 49] AppleTV, [0000012E80175900][0000012EFF104300 49] AppleTV4K, [0000012E80173100][0000012EFF108480 49] TVOS, [0000012E80177200][0000012EFF10C600 49] Mac, [0000012E80170300][0000012EFF110780 49] MacClient, [0000012E80174B00][0000012EFF114900 49] MacNoEditor, [0000012E80170600][0000012EFF0D0A40 49] MacServer, [0000012E80177900][0000012EFF118B80 49] Linux, [0000012E80172A00][0000012EFF11CCC0 49] LinuxAArch64, [0000012E80174900][0000012EFF124E40 49] LinuxNoEditor, [0000012E80171A00][0000012EFF128FC0 49] LinuxAArch64NoEditor, [0000012E801D3C00][0000012EFF12D140 49] LinuxClient, [0000012E8025D500][0000012E804012C0 49] LinuxAArch64Client, [0000012E801D0200][0000012E80405440 49] LinuxServer, [0000012E8025CB00][0000012E804095C0 49] LinuxAArch64Server, [0000012E801D1200][0000012E8040D740 49] Android, [0000012E8025D100][0000012E804118C0 49] Android_Low, [0000012E801D1C00][0000012E80415A40 49] Android_Mid, [0000012E8025D700][0000012E80419BC0 49] Android_High, [0000012E801D2800][0000012E8041C1C0 49] Android_Default, [0000012E8025CA00][0000012E80420340 49] Android_Adreno4xx, [0000012E801D3000][0000012E804244C0 49] Android_Adreno5xx_Low, [0000012E8025C300][0000012E80428640 49] Android_Adreno5xx, [0000012E801D3800][0000012E8042C7C0 49] Android_Adreno6xx, [0000012E8025CD00][0000012E80430940 49] Android_Adreno6xx_Vulkan, [0000012E801D0E00][0000012E80434AC0 49] Android_Mali_T6xx, [0000012E8025C100][0000012EFF120C00 49] Android_Mali_T7xx, [0000012E801D0500][0000012E80438D40 49] Android_Mali_T8xx, [0000012E8025DC00][0000012E8043CE80 49] Android_Mali_G71, [0000012E801D0A00][0000012E80440FC0 49] Android_Mali_G72, [0000012E8025D300][0000012E80449140 49] Android_Mali_G72_Vulkan, [0000012E801D0900][0000012E8044D2C0 49] Android_Mali_G76, [0000012E80171F00][0000012E80451440 49] Android_Mali_G76_Vulkan, [0000012E801D3900][0000012E804555C0 49] Android_Mali_G77, [0000012E80173E00][0000012E80459740 49] Android_Mali_G77_Vulkan, [0000012E801D0D00][0000012E8045D8C0 49] Android_Mali_G78, [0000012E80171600][0000012E80461A40 49] Android_Mali_G78_Vulkan, [0000012E801D3F00][0000012E80465BC0 49] Android_Mali_G710, [0000012E80173B00][0000012E804681C0 49] Android_Mali_G710_Vulkan, [0000012E801D2200][0000012E8046C340 49] Android_Vulkan_SM5, [0000012E80172F00][0000012E804704C0 49] Android_PowerVR_G6xxx, [0000012E801D2C00][0000012E80474640 49] Android_PowerVR_GT7xxx, [0000012E80173700][0000012E804787C0 49] Android_PowerVR_GE8xxx, [0000012E801D1D00][0000012E8047C940 49] Android_PowerVR_GM9xxx, [0000012E80172100][0000012E80480AC0 49] Android_PowerVR_GM9xxx_Vulkan, [0000012E801D1000][0000012E80484C40 49] Android_TegraK1, [0000012E80171300][0000012E80444D80 49] Android_Unknown_Vulkan, [0000012E801D2100][0000012E80488EC0 49] Lumin, [0000012E80172400][0000012E8048D000 49] Lumin_Desktop, [0000012E801D2F00][0000012E80491140 49] HoloLens, 
[2026.01.06-13.29.56:465][  0]LogMeshReduction: Using QuadricMeshReduction for automatic static mesh reduction
[2026.01.06-13.29.56:465][  0]LogMeshReduction: Using SimplygonMeshReduction for automatic skeletal mesh reduction
[2026.01.06-13.29.56:465][  0]LogMeshReduction: Using ProxyLODMeshReduction for automatic mesh merging
[2026.01.06-13.29.56:465][  0]LogMeshReduction: No distributed automatic mesh merging module available
[2026.01.06-13.29.56:465][  0]LogMeshMerging: No distributed automatic mesh merging module available
[2026.01.06-13.29.56:479][  0]LogNetVersion: Game 1.0.0, NetCL: 17155196, EngineNetVer: 17, GameNetVer: 0 (Checksum: 132826216)
[2026.01.06-13.29.56:724][  0]LogTexture: Default maximum texture size for cubemaps generated from long-lat sources has been changed from 512 to unlimited. In order to preserve old behaiour for '/Engine/MapTemplates/Sky/DaylightAmbientCubemap.DaylightAmbientCubemap', its maximum texture size has been explicitly set to 512.
[2026.01.06-13.29.56:760][  0]LogHMD: PokeAHoleMaterial loaded successfully
[2026.01.06-13.29.56:764][  0]LogUObjectArray: 17178 objects as part of root set at end of initial load.
[2026.01.06-13.29.56:764][  0]LogUObjectAllocator: 4302048 out of 0 bytes used by permanent object pool.
[2026.01.06-13.29.56:764][  0]LogUObjectArray: CloseDisregardForGC: 0/0 objects in disregard for GC pool
[2026.01.06-13.29.56:899][  0]LogPython: Using Python 3.7.7
[2026.01.06-13.29.57:179][  0]LogNiagaraDebuggerClient: Niagara Debugger Client Initialized | Session: 089F632744C3D7170CA978ABCCADC56C | Instance: C0C81F914BFCAD004906DE8E5ADCEC78 (ANATOLII-14616).
[2026.01.06-13.29.57:209][  0]LogUdpMessaging: Initializing bridge on interface 0.0.0.0:0 to multicast group 230.0.0.1:6666.
[2026.01.06-13.29.57:215][  0]LogTcpMessaging: Initializing TcpMessaging bridge
[2026.01.06-13.29.57:432][  0]LogOpenImageDenoise: OIDN starting up
[2026.01.06-13.29.57:517][  0]SourceControl: Source control is disabled
[2026.01.06-13.29.57:517][  0]SourceControl: Source control is disabled
[2026.01.06-13.29.57:518][  0]SourceControl: Source control is disabled
[2026.01.06-13.29.57:522][  0]SourceControl: Source control is disabled
[2026.01.06-13.29.57:528][  0]SourceControl: Source control is disabled
[2026.01.06-13.29.57:529][  0]LogUProjectInfo: Found projects:
[2026.01.06-13.29.57:542][  0]LogAndroidPermission: UAndroidPermissionCallbackProxy::GetInstance
[2026.01.06-13.29.57:548][  0]LogAudioCaptureCore: Display: No Audio Capture implementations found. Audio input will be silent.
[2026.01.06-13.29.57:548][  0]LogAudioCaptureCore: Display: No Audio Capture implementations found. Audio input will be silent.
[2026.01.06-13.29.57:634][  0]LogCollectionManager: Loaded 0 collections in 0.001047 seconds
[2026.01.06-13.29.57:649][  0]LogFileCache: Scanning file cache for directory 'D:/Artemii/Game/Game/Saved/Collections/' took 0.00s
[2026.01.06-13.29.57:649][  0]LogFileCache: Scanning file cache for directory 'D:/Artemii/Game/Game/Content/Developers/LVI/Collections/' took 0.00s
[2026.01.06-13.29.57:649][  0]LogFileCache: Scanning file cache for directory 'D:/Artemii/Game/Game/Content/Collections/' took 0.00s
[2026.01.06-13.29.57:649][  0]LogOcInput: OculusInput pre-init called
[2026.01.06-13.29.57:792][  0]LogEngine: Initializing Engine...
[2026.01.06-13.29.57:923][  0]LogHMD: Failed to enumerate extensions. Please check that you have a valid OpenXR runtime installed.
[2026.01.06-13.29.57:924][  0]LogHMD: Failed to initialize OpenVR with code 110
[2026.01.06-13.29.57:924][  0]LogMagicLeap: Warning: VR disabled because ZI is not enabled.  To enable, in the editor, Edit -> Project Settings -> Plugins -> Magic Leap Plugin -> Enable Zero Iteration
[2026.01.06-13.29.57:925][  0]LogStats: UGameplayTagsManager::InitializeManager -  0.000 s
[2026.01.06-13.29.58:009][  0]LogInit: Initializing FReadOnlyCVARCache
[2026.01.06-13.29.58:013][  0]LogAIModule: Creating AISystem for world Untitled
[2026.01.06-13.29.58:013][  0]LogAudio: Display: Initializing Audio Device Manager...
[2026.01.06-13.29.58:015][  0]LogAudio: Display: Loading Default Audio Settings Objects...
[2026.01.06-13.29.58:015][  0]LogAudio: Display: No default SoundConcurrencyObject specified (or failed to load).
[2026.01.06-13.29.58:016][  0]LogAudio: Display: Audio Device Manager Initialized
[2026.01.06-13.29.58:016][  0]LogAudio: Display: Creating Audio Device:                 Id: 1, Scope: Shared, Realtime: True
[2026.01.06-13.29.58:016][  0]LogAudioMixer: Display: Audio Mixer Platform Settings:
[2026.01.06-13.29.58:016][  0]LogAudioMixer: Display: 	Sample Rate:						  48000
[2026.01.06-13.29.58:016][  0]LogAudioMixer: Display: 	Callback Buffer Frame Size Requested: 1024
[2026.01.06-13.29.58:016][  0]LogAudioMixer: Display: 	Callback Buffer Frame Size To Use:	  1024
[2026.01.06-13.29.58:016][  0]LogAudioMixer: Display: 	Number of buffers to queue:			  2
[2026.01.06-13.29.58:016][  0]LogAudioMixer: Display: 	Max Channels (voices):				  32
[2026.01.06-13.29.58:016][  0]LogAudioMixer: Display: 	Number of Async Source Workers:		  0
[2026.01.06-13.29.58:016][  0]LogAudio: Display: AudioDevice MaxSources: 32
[2026.01.06-13.29.58:016][  0]LogAudio: Display: Audio Spatialization Plugin: None (built-in).
[2026.01.06-13.29.58:016][  0]LogAudio: Display: Audio Reverb Plugin: None (built-in).
[2026.01.06-13.29.58:016][  0]LogAudio: Display: Audio Occlusion Plugin: None (built-in).
[2026.01.06-13.29.58:016][  0]LogAudioMixer: Display: Initializing audio mixer.
[2026.01.06-13.29.58:023][  0]LogAudioMixer: Display: 0: FrontLeft
[2026.01.06-13.29.58:023][  0]LogAudioMixer: Display: 1: FrontRight
[2026.01.06-13.29.58:034][  0]LogAudioMixer: Display: Using Audio Device Speakers (Realtek(R) Audio)
[2026.01.06-13.29.58:036][  0]LogAudioMixer: Display: Initializing Sound Submixes...
[2026.01.06-13.29.58:037][  0]LogAudioMixer: Display: Creating Master Submix 'MasterSubmixDefault'
[2026.01.06-13.29.58:037][  0]LogAudioMixer: Display: Creating Master Submix 'MasterReverbSubmixDefault'
[2026.01.06-13.29.58:038][  0]LogAudioMixer: Display: Creating Master Submix 'MasterEQSubmixDefault'
[2026.01.06-13.29.58:038][  0]LogAudioMixer: FMixerPlatformXAudio2::StartAudioStream() called
[2026.01.06-13.29.58:038][  0]LogAudioMixer: Display: Output buffers initialized: Frames=1024, Channels=2, Samples=2048
[2026.01.06-13.29.58:038][  0]LogAudioMixer: Display: Starting AudioMixerPlatformInterface::RunInternal()
[2026.01.06-13.29.58:038][  0]LogAudioMixer: Display: FMixerPlatformXAudio2::SubmitBuffer() called for the first time
[2026.01.06-13.29.58:038][  0]LogInit: FAudioDevice initialized.
[2026.01.06-13.29.58:038][  0]LogAudio: Display: Audio Device (ID: 1) registered with world 'Untitled'.
[2026.01.06-13.29.58:038][  0]LogNetVersion: Set ProjectVersion to 1.0.0.0. Version Checksum will be recalculated on next use.
[2026.01.06-13.29.58:104][  0]LogDerivedDataCache: Saved boot cache 0.06s 94MB C:/Users/LVI/AppData/Local/UnrealEngine/4.27/DerivedDataCache/Boot.ddc.
[2026.01.06-13.29.58:104][  0]LogInit: Texture streaming: Enabled
[2026.01.06-13.29.58:110][  0]LogAnalytics: Display: [UEEditor.Rocket.Release] APIServer = https://datarouter.ol.epicgames.com/. AppVersion = 4.27.2-18319896+++UE4+Release-4.27
[2026.01.06-13.29.58:113][  0]LogEngineSessionManager: EngineSessionManager initialized
[2026.01.06-13.29.58:113][  0]LogEditorSessionSummary: Verbose: Initializing EditorSessionSummaryWriter for editor session tracking
[2026.01.06-13.29.58:114][  0]LogEditorSessionSummary: EditorSessionSummaryWriter initialized
[2026.01.06-13.29.58:136][  0]LogInit: Transaction tracking system initialized
[2026.01.06-13.29.58:147][  0]BlueprintLog: New page: Editor Load
[2026.01.06-13.29.58:174][  0]LocalizationService: Localization service is disabled
[2026.01.06-13.29.58:186][  0]TimingProfiler: Initialize
[2026.01.06-13.29.58:186][  0]TimingProfiler: OnSessionChanged
[2026.01.06-13.29.58:186][  0]LoadingProfiler: Initialize
[2026.01.06-13.29.58:186][  0]LoadingProfiler: OnSessionChanged
[2026.01.06-13.29.58:186][  0]NetworkingProfiler: Initialize
[2026.01.06-13.29.58:186][  0]NetworkingProfiler: OnSessionChanged
[2026.01.06-13.29.58:186][  0]MemoryProfiler: Initialize
[2026.01.06-13.29.58:186][  0]MemoryProfiler: OnSessionChanged
[2026.01.06-13.29.58:268][  0]LogCook: Display: CookSettings for Memory: MemoryMaxUsedVirtual 0MiB, MemoryMaxUsedPhysical 16384MiB, MemoryMinFreeVirtual 0MiB, MemoryMinFreePhysical 1024MiB
[2026.01.06-13.29.58:268][  0]LogCook: Display: Mobile HDR setting 1
[2026.01.06-13.29.58:366][  0]LogFileCache: Scanning file cache for directory 'D:/Artemii/Game/Game/Content/' took 0.01s
[2026.01.06-13.29.58:478][  0]LogInit: Display: Engine is initialized. Leaving FEngineLoop::Init()
[2026.01.06-13.29.58:479][  0]SourceControl: Source control is disabled
[2026.01.06-13.29.58:479][  0]LogUnrealEdMisc: Loading editor; pre map load, took 5.583
[2026.01.06-13.29.58:480][  0]Cmd: MAP LOAD FILE="../../../Engine/Content/Maps/Templates/Template_Default.umap" TEMPLATE=1 SHOWPROGRESS=1 FEATURELEVEL=3
[2026.01.06-13.29.58:480][  0]LightingResults: New page: Lighting Build
[2026.01.06-13.29.58:480][  0]LogWorld: UWorld::CleanupWorld for Untitled, bSessionEnded=true, bCleanupResources=true
[2026.01.06-13.29.58:481][  0]LogSlate: InvalidateAllWidgets triggered.  All widgets were invalidated
[2026.01.06-13.29.58:481][  0]MapCheck: New page: Map Check
[2026.01.06-13.29.58:481][  0]LightingResults: New page: Lighting Build
[2026.01.06-13.29.58:487][  0]LogAudio: Display: Audio Device unregistered from world 'None'.
[2026.01.06-13.29.58:489][  0]LogUObjectHash: Compacting FUObjectHashTables data took   0.47ms
[2026.01.06-13.29.58:518][  0]LogTexture: Display: Building textures: DeprecatedTextureEB9CBE3C423008B5E8E130901E171C89 (BGRA8, 128X128)
[2026.01.06-13.29.58:519][  0]LogAudio: Display: Audio Device (ID: 1) registered with world 'Untitled_1'.
[2026.01.06-13.29.58:520][  0]LogAIModule: Creating AISystem for world Untitled_1
[2026.01.06-13.29.58:525][  0]LogEditorServer: Finished looking for orphan Actors (0.000 secs)
[2026.01.06-13.29.58:529][  0]LogUObjectHash: Compacting FUObjectHashTables data took   0.50ms
[2026.01.06-13.29.58:529][  0]Cmd: MAP CHECKDEP NOCLEARLOG
[2026.01.06-13.29.58:529][  0]MapCheck: Map check complete: 0 Error(s), 0 Warning(s), took 0,076ms to complete.
[2026.01.06-13.29.58:529][  0]LogFileHelpers: Loading map 'Template_Default' took 0.050
[2026.01.06-13.29.58:530][  0]LogUnrealEdMisc: Total Editor Startup Time, took 5.634
[2026.01.06-13.29.58:695][  0]LogTemp: Warning: SetupViewportDisplaySettings
[2026.01.06-13.29.58:749][  0]LogSlate: Updating window title bar state: overlay mode, drag disabled, window buttons hidden, title bar hidden
[2026.01.06-13.29.58:750][  0]LogTemp: Warning: SetupViewportDisplaySettings
[2026.01.06-13.29.58:753][  0]LogSlate: Updating window title bar state: overlay mode, drag disabled, window buttons hidden, title bar hidden
[2026.01.06-13.29.58:754][  0]LogTemp: Warning: SetupViewportDisplaySettings
[2026.01.06-13.29.58:756][  0]LogSlate: Updating window title bar state: overlay mode, drag disabled, window buttons hidden, title bar hidden
[2026.01.06-13.29.58:757][  0]LogTemp: Warning: SetupViewportDisplaySettings
[2026.01.06-13.29.58:759][  0]LogSlate: Updating window title bar state: overlay mode, drag disabled, window buttons hidden, title bar hidden
[2026.01.06-13.29.58:843][  0]LogNativeClassHierarchy: Verbose: Native class hierarchy populated in 0.0062 seconds. Added 3827 classes and 934 folders.
[2026.01.06-13.29.58:872][  0]LogNativeClassHierarchy: Verbose: Native class hierarchy updated for 'WidgetCarousel' in 0.0002 seconds. Added 0 classes and 0 folders.
[2026.01.06-13.29.58:900][  0]LogPakFile: PakFile PrimaryIndexSize=187
[2026.01.06-13.29.58:900][  0]LogPakFile: PakFile PathHashIndexSize=101
[2026.01.06-13.29.58:900][  0]LogPakFile: PakFile FullDirectoryIndexSize=148
[2026.01.06-13.29.58:900][  0]LogShaderLibrary: Display: ShaderCodeLibraryPakFileMountedCallback: PakFile 'C:/Program Files/Epic Games/UE_4.27/FeaturePacks/FP_FirstPerson.upack' (chunk index -1, root 'root:/') mounted
[2026.01.06-13.29.58:900][  0]LogShaderLibrary: Display: ShaderCodeLibraryPakFileMountedCallback: pending pak file info (ChunkID:-1 Root:root:/ File:C:/Program Files/Epic Games/UE_4.27/FeaturePacks/FP_FirstPerson.upack)
[2026.01.06-13.29.58:900][  0]LogPakFile: OnPakFileMounted2Time == 0.000038
[2026.01.06-13.29.58:915][  0]LogPakFile: PakFile PrimaryIndexSize=189
[2026.01.06-13.29.58:915][  0]LogPakFile: PakFile PathHashIndexSize=101
[2026.01.06-13.29.58:915][  0]LogPakFile: PakFile FullDirectoryIndexSize=152
[2026.01.06-13.29.58:915][  0]LogShaderLibrary: Display: ShaderCodeLibraryPakFileMountedCallback: PakFile 'C:/Program Files/Epic Games/UE_4.27/FeaturePacks/FP_FirstPersonBP.upack' (chunk index -1, root 'root:/') mounted
[2026.01.06-13.29.58:916][  0]LogShaderLibrary: Display: ShaderCodeLibraryPakFileMountedCallback: pending pak file info (ChunkID:-1 Root:root:/ File:C:/Program Files/Epic Games/UE_4.27/FeaturePacks/FP_FirstPersonBP.upack)
[2026.01.06-13.29.58:916][  0]LogPakFile: OnPakFileMounted2Time == 0.000034
[2026.01.06-13.29.58:933][  0]LogPakFile: PakFile PrimaryIndexSize=191
[2026.01.06-13.29.58:933][  0]LogPakFile: PakFile PathHashIndexSize=101
[2026.01.06-13.29.58:933][  0]LogPakFile: PakFile FullDirectoryIndexSize=160
[2026.01.06-13.29.58:933][  0]LogShaderLibrary: Display: ShaderCodeLibraryPakFileMountedCallback: PakFile 'C:/Program Files/Epic Games/UE_4.27/FeaturePacks/MobileStarterContent.upack' (chunk index -1, root 'root:/') mounted
[2026.01.06-13.29.58:933][  0]LogShaderLibrary: Display: ShaderCodeLibraryPakFileMountedCallback: pending pak file info (ChunkID:-1 Root:root:/ File:C:/Program Files/Epic Games/UE_4.27/FeaturePacks/MobileStarterContent.upack)
[2026.01.06-13.29.58:933][  0]LogPakFile: OnPakFileMounted2Time == 0.000029
[2026.01.06-13.29.58:945][  0]LogPakFile: PakFile PrimaryIndexSize=185
[2026.01.06-13.29.58:945][  0]LogPakFile: PakFile PathHashIndexSize=101
[2026.01.06-13.29.58:945][  0]LogPakFile: PakFile FullDirectoryIndexSize=148
[2026.01.06-13.29.58:945][  0]LogShaderLibrary: Display: ShaderCodeLibraryPakFileMountedCallback: PakFile 'C:/Program Files/Epic Games/UE_4.27/FeaturePacks/StarterContent.upack' (chunk index -1, root 'root:/') mounted
[2026.01.06-13.29.58:945][  0]LogShaderLibrary: Display: ShaderCodeLibraryPakFileMountedCallback: pending pak file info (ChunkID:-1 Root:root:/ File:C:/Program Files/Epic Games/UE_4.27/FeaturePacks/StarterContent.upack)
[2026.01.06-13.29.58:945][  0]LogPakFile: OnPakFileMounted2Time == 0.000025
[2026.01.06-13.29.58:954][  0]LogPakFile: PakFile PrimaryIndexSize=190
[2026.01.06-13.29.58:954][  0]LogPakFile: PakFile PathHashIndexSize=101
[2026.01.06-13.29.58:954][  0]LogPakFile: PakFile FullDirectoryIndexSize=154
[2026.01.06-13.29.58:954][  0]LogShaderLibrary: Display: ShaderCodeLibraryPakFileMountedCallback: PakFile 'C:/Program Files/Epic Games/UE_4.27/FeaturePacks/TP_2DSideScroller.upack' (chunk index -1, root 'root:/') mounted
[2026.01.06-13.29.58:954][  0]LogShaderLibrary: Display: ShaderCodeLibraryPakFileMountedCallback: pending pak file info (ChunkID:-1 Root:root:/ File:C:/Program Files/Epic Games/UE_4.27/FeaturePacks/TP_2DSideScroller.upack)
[2026.01.06-13.29.58:954][  0]LogPakFile: OnPakFileMounted2Time == 0.000023
[2026.01.06-13.29.58:964][  0]LogPakFile: PakFile PrimaryIndexSize=192
[2026.01.06-13.29.58:964][  0]LogPakFile: PakFile PathHashIndexSize=101
[2026.01.06-13.29.58:964][  0]LogPakFile: PakFile FullDirectoryIndexSize=158
[2026.01.06-13.29.58:964][  0]LogShaderLibrary: Display: ShaderCodeLibraryPakFileMountedCallback: PakFile 'C:/Program Files/Epic Games/UE_4.27/FeaturePacks/TP_2DSideScrollerBP.upack' (chunk index -1, root 'root:/') mounted
[2026.01.06-13.29.58:964][  0]LogShaderLibrary: Display: ShaderCodeLibraryPakFileMountedCallback: pending pak file info (ChunkID:-1 Root:root:/ File:C:/Program Files/Epic Games/UE_4.27/FeaturePacks/TP_2DSideScrollerBP.upack)
[2026.01.06-13.29.58:964][  0]LogPakFile: OnPakFileMounted2Time == 0.000023
[2026.01.06-13.29.58:976][  0]LogPakFile: PakFile PrimaryIndexSize=182
[2026.01.06-13.29.58:976][  0]LogPakFile: PakFile PathHashIndexSize=101
[2026.01.06-13.29.58:976][  0]LogPakFile: PakFile FullDirectoryIndexSize=138
[2026.01.06-13.29.58:976][  0]LogShaderLibrary: Display: ShaderCodeLibraryPakFileMountedCallback: PakFile 'C:/Program Files/Epic Games/UE_4.27/FeaturePacks/TP_Flying.upack' (chunk index -1, root 'root:/') mounted
[2026.01.06-13.29.58:976][  0]LogShaderLibrary: Display: ShaderCodeLibraryPakFileMountedCallback: pending pak file info (ChunkID:-1 Root:root:/ File:C:/Program Files/Epic Games/UE_4.27/FeaturePacks/TP_Flying.upack)
[2026.01.06-13.29.58:976][  0]LogPakFile: OnPakFileMounted2Time == 0.000023
[2026.01.06-13.29.58:993][  0]LogPakFile: PakFile PrimaryIndexSize=184
[2026.01.06-13.29.58:993][  0]LogPakFile: PakFile PathHashIndexSize=101
[2026.01.06-13.29.58:993][  0]LogPakFile: PakFile FullDirectoryIndexSize=142
[2026.01.06-13.29.58:993][  0]LogShaderLibrary: Display: ShaderCodeLibraryPakFileMountedCallback: PakFile 'C:/Program Files/Epic Games/UE_4.27/FeaturePacks/TP_FlyingBP.upack' (chunk index -1, root 'root:/') mounted
[2026.01.06-13.29.58:993][  0]LogShaderLibrary: Display: ShaderCodeLibraryPakFileMountedCallback: pending pak file info (ChunkID:-1 Root:root:/ File:C:/Program Files/Epic Games/UE_4.27/FeaturePacks/TP_FlyingBP.upack)
[2026.01.06-13.29.58:993][  0]LogPakFile: OnPakFileMounted2Time == 0.000023
[2026.01.06-13.29.59:000][  0]LogPakFile: PakFile PrimaryIndexSize=188
[2026.01.06-13.29.59:000][  0]LogPakFile: PakFile PathHashIndexSize=101
[2026.01.06-13.29.59:000][  0]LogPakFile: PakFile FullDirectoryIndexSize=150
[2026.01.06-13.29.59:000][  0]LogShaderLibrary: Display: ShaderCodeLibraryPakFileMountedCallback: PakFile 'C:/Program Files/Epic Games/UE_4.27/FeaturePacks/TP_HandheldARBP.upack' (chunk index -1, root 'root:/') mounted
[2026.01.06-13.29.59:000][  0]LogShaderLibrary: Display: ShaderCodeLibraryPakFileMountedCallback: pending pak file info (ChunkID:-1 Root:root:/ File:C:/Program Files/Epic Games/UE_4.27/FeaturePacks/TP_HandheldARBP.upack)
[2026.01.06-13.29.59:000][  0]LogPakFile: OnPakFileMounted2Time == 0.000041
[2026.01.06-13.29.59:025][  0]LogPakFile: PakFile PrimaryIndexSize=182
[2026.01.06-13.29.59:025][  0]LogPakFile: PakFile PathHashIndexSize=101
[2026.01.06-13.29.59:025][  0]LogPakFile: PakFile FullDirectoryIndexSize=138
[2026.01.06-13.29.59:025][  0]LogShaderLibrary: Display: ShaderCodeLibraryPakFileMountedCallback: PakFile 'C:/Program Files/Epic Games/UE_4.27/FeaturePacks/TP_Puzzle.upack' (chunk index -1, root 'root:/') mounted
[2026.01.06-13.29.59:025][  0]LogShaderLibrary: Display: ShaderCodeLibraryPakFileMountedCallback: pending pak file info (ChunkID:-1 Root:root:/ File:C:/Program Files/Epic Games/UE_4.27/FeaturePacks/TP_Puzzle.upack)
[2026.01.06-13.29.59:025][  0]LogPakFile: OnPakFileMounted2Time == 0.000043
[2026.01.06-13.29.59:031][  0]LogPakFile: PakFile PrimaryIndexSize=184
[2026.01.06-13.29.59:031][  0]LogPakFile: PakFile PathHashIndexSize=101
[2026.01.06-13.29.59:031][  0]LogPakFile: PakFile FullDirectoryIndexSize=142
[2026.01.06-13.29.59:031][  0]LogShaderLibrary: Display: ShaderCodeLibraryPakFileMountedCallback: PakFile 'C:/Program Files/Epic Games/UE_4.27/FeaturePacks/TP_PuzzleBP.upack' (chunk index -1, root 'root:/') mounted
[2026.01.06-13.29.59:031][  0]LogShaderLibrary: Display: ShaderCodeLibraryPakFileMountedCallback: pending pak file info (ChunkID:-1 Root:root:/ File:C:/Program Files/Epic Games/UE_4.27/FeaturePacks/TP_PuzzleBP.upack)
[2026.01.06-13.29.59:031][  0]LogPakFile: OnPakFileMounted2Time == 0.000040
[2026.01.06-13.29.59:038][  0]LogPakFile: PakFile PrimaryIndexSize=183
[2026.01.06-13.29.59:038][  0]LogPakFile: PakFile PathHashIndexSize=101
[2026.01.06-13.29.59:038][  0]LogPakFile: PakFile FullDirectoryIndexSize=140
[2026.01.06-13.29.59:038][  0]LogShaderLibrary: Display: ShaderCodeLibraryPakFileMountedCallback: PakFile 'C:/Program Files/Epic Games/UE_4.27/FeaturePacks/TP_Rolling.upack' (chunk index -1, root 'root:/') mounted
[2026.01.06-13.29.59:038][  0]LogShaderLibrary: Display: ShaderCodeLibraryPakFileMountedCallback: pending pak file info (ChunkID:-1 Root:root:/ File:C:/Program Files/Epic Games/UE_4.27/FeaturePacks/TP_Rolling.upack)
[2026.01.06-13.29.59:038][  0]LogPakFile: OnPakFileMounted2Time == 0.000031
[2026.01.06-13.29.59:046][  0]LogPakFile: PakFile PrimaryIndexSize=185
[2026.01.06-13.29.59:046][  0]LogPakFile: PakFile PathHashIndexSize=101
[2026.01.06-13.29.59:046][  0]LogPakFile: PakFile FullDirectoryIndexSize=144
[2026.01.06-13.29.59:046][  0]LogShaderLibrary: Display: ShaderCodeLibraryPakFileMountedCallback: PakFile 'C:/Program Files/Epic Games/UE_4.27/FeaturePacks/TP_RollingBP.upack' (chunk index -1, root 'root:/') mounted
[2026.01.06-13.29.59:046][  0]LogShaderLibrary: Display: ShaderCodeLibraryPakFileMountedCallback: pending pak file info (ChunkID:-1 Root:root:/ File:C:/Program Files/Epic Games/UE_4.27/FeaturePacks/TP_RollingBP.upack)
[2026.01.06-13.29.59:046][  0]LogPakFile: OnPakFileMounted2Time == 0.000026
[2026.01.06-13.29.59:051][  0]LogPakFile: PakFile PrimaryIndexSize=188
[2026.01.06-13.29.59:051][  0]LogPakFile: PakFile PathHashIndexSize=101
[2026.01.06-13.29.59:051][  0]LogPakFile: PakFile FullDirectoryIndexSize=150
[2026.01.06-13.29.59:051][  0]LogShaderLibrary: Display: ShaderCodeLibraryPakFileMountedCallback: PakFile 'C:/Program Files/Epic Games/UE_4.27/FeaturePacks/TP_SideScroller.upack' (chunk index -1, root 'root:/') mounted
[2026.01.06-13.29.59:051][  0]LogShaderLibrary: Display: ShaderCodeLibraryPakFileMountedCallback: pending pak file info (ChunkID:-1 Root:root:/ File:C:/Program Files/Epic Games/UE_4.27/FeaturePacks/TP_SideScroller.upack)
[2026.01.06-13.29.59:051][  0]LogPakFile: OnPakFileMounted2Time == 0.000023
[2026.01.06-13.29.59:062][  0]LogPakFile: PakFile PrimaryIndexSize=190
[2026.01.06-13.29.59:062][  0]LogPakFile: PakFile PathHashIndexSize=101
[2026.01.06-13.29.59:062][  0]LogPakFile: PakFile FullDirectoryIndexSize=154
[2026.01.06-13.29.59:062][  0]LogShaderLibrary: Display: ShaderCodeLibraryPakFileMountedCallback: PakFile 'C:/Program Files/Epic Games/UE_4.27/FeaturePacks/TP_SideScrollerBP.upack' (chunk index -1, root 'root:/') mounted
[2026.01.06-13.29.59:062][  0]LogShaderLibrary: Display: ShaderCodeLibraryPakFileMountedCallback: pending pak file info (ChunkID:-1 Root:root:/ File:C:/Program Files/Epic Games/UE_4.27/FeaturePacks/TP_SideScrollerBP.upack)
[2026.01.06-13.29.59:062][  0]LogPakFile: OnPakFileMounted2Time == 0.000030
[2026.01.06-13.29.59:078][  0]LogPakFile: PakFile PrimaryIndexSize=187
[2026.01.06-13.29.59:078][  0]LogPakFile: PakFile PathHashIndexSize=101
[2026.01.06-13.29.59:078][  0]LogPakFile: PakFile FullDirectoryIndexSize=148
[2026.01.06-13.29.59:078][  0]LogShaderLibrary: Display: ShaderCodeLibraryPakFileMountedCallback: PakFile 'C:/Program Files/Epic Games/UE_4.27/FeaturePacks/TP_ThirdPerson.upack' (chunk index -1, root 'root:/') mounted
[2026.01.06-13.29.59:078][  0]LogShaderLibrary: Display: ShaderCodeLibraryPakFileMountedCallback: pending pak file info (ChunkID:-1 Root:root:/ File:C:/Program Files/Epic Games/UE_4.27/FeaturePacks/TP_ThirdPerson.upack)
[2026.01.06-13.29.59:078][  0]LogPakFile: OnPakFileMounted2Time == 0.000025
[2026.01.06-13.29.59:084][  0]LogPakFile: PakFile PrimaryIndexSize=189
[2026.01.06-13.29.59:084][  0]LogPakFile: PakFile PathHashIndexSize=101
[2026.01.06-13.29.59:084][  0]LogPakFile: PakFile FullDirectoryIndexSize=152
[2026.01.06-13.29.59:084][  0]LogShaderLibrary: Display: ShaderCodeLibraryPakFileMountedCallback: PakFile 'C:/Program Files/Epic Games/UE_4.27/FeaturePacks/TP_ThirdPersonBP.upack' (chunk index -1, root 'root:/') mounted
[2026.01.06-13.29.59:084][  0]LogShaderLibrary: Display: ShaderCodeLibraryPakFileMountedCallback: pending pak file info (ChunkID:-1 Root:root:/ File:C:/Program Files/Epic Games/UE_4.27/FeaturePacks/TP_ThirdPersonBP.upack)
[2026.01.06-13.29.59:084][  0]LogPakFile: OnPakFileMounted2Time == 0.000024
[2026.01.06-13.29.59:094][  0]LogPakFile: PakFile PrimaryIndexSize=183
[2026.01.06-13.29.59:094][  0]LogPakFile: PakFile PathHashIndexSize=101
[2026.01.06-13.29.59:094][  0]LogPakFile: PakFile FullDirectoryIndexSize=140
[2026.01.06-13.29.59:094][  0]LogShaderLibrary: Display: ShaderCodeLibraryPakFileMountedCallback: PakFile 'C:/Program Files/Epic Games/UE_4.27/FeaturePacks/TP_TopDown.upack' (chunk index -1, root 'root:/') mounted
[2026.01.06-13.29.59:094][  0]LogShaderLibrary: Display: ShaderCodeLibraryPakFileMountedCallback: pending pak file info (ChunkID:-1 Root:root:/ File:C:/Program Files/Epic Games/UE_4.27/FeaturePacks/TP_TopDown.upack)
[2026.01.06-13.29.59:094][  0]LogPakFile: OnPakFileMounted2Time == 0.000030
[2026.01.06-13.29.59:105][  0]LogPakFile: PakFile PrimaryIndexSize=185
[2026.01.06-13.29.59:105][  0]LogPakFile: PakFile PathHashIndexSize=101
[2026.01.06-13.29.59:105][  0]LogPakFile: PakFile FullDirectoryIndexSize=144
[2026.01.06-13.29.59:105][  0]LogShaderLibrary: Display: ShaderCodeLibraryPakFileMountedCallback: PakFile 'C:/Program Files/Epic Games/UE_4.27/FeaturePacks/TP_TopDownBP.upack' (chunk index -1, root 'root:/') mounted
[2026.01.06-13.29.59:105][  0]LogShaderLibrary: Display: ShaderCodeLibraryPakFileMountedCallback: pending pak file info (ChunkID:-1 Root:root:/ File:C:/Program Files/Epic Games/UE_4.27/FeaturePacks/TP_TopDownBP.upack)
[2026.01.06-13.29.59:105][  0]LogPakFile: OnPakFileMounted2Time == 0.000025
[2026.01.06-13.29.59:115][  0]LogPakFile: PakFile PrimaryIndexSize=185
[2026.01.06-13.29.59:115][  0]LogPakFile: PakFile PathHashIndexSize=101
[2026.01.06-13.29.59:115][  0]LogPakFile: PakFile FullDirectoryIndexSize=144
[2026.01.06-13.29.59:115][  0]LogShaderLibrary: Display: ShaderCodeLibraryPakFileMountedCallback: PakFile 'C:/Program Files/Epic Games/UE_4.27/FeaturePacks/TP_TwinStick.upack' (chunk index -1, root 'root:/') mounted
[2026.01.06-13.29.59:115][  0]LogShaderLibrary: Display: ShaderCodeLibraryPakFileMountedCallback: pending pak file info (ChunkID:-1 Root:root:/ File:C:/Program Files/Epic Games/UE_4.27/FeaturePacks/TP_TwinStick.upack)
[2026.01.06-13.29.59:115][  0]LogPakFile: OnPakFileMounted2Time == 0.000028
[2026.01.06-13.29.59:129][  0]LogPakFile: PakFile PrimaryIndexSize=187
[2026.01.06-13.29.59:129][  0]LogPakFile: PakFile PathHashIndexSize=101
[2026.01.06-13.29.59:129][  0]LogPakFile: PakFile FullDirectoryIndexSize=148
[2026.01.06-13.29.59:129][  0]LogShaderLibrary: Display: ShaderCodeLibraryPakFileMountedCallback: PakFile 'C:/Program Files/Epic Games/UE_4.27/FeaturePacks/TP_TwinStickBP.upack' (chunk index -1, root 'root:/') mounted
[2026.01.06-13.29.59:129][  0]LogShaderLibrary: Display: ShaderCodeLibraryPakFileMountedCallback: pending pak file info (ChunkID:-1 Root:root:/ File:C:/Program Files/Epic Games/UE_4.27/FeaturePacks/TP_TwinStickBP.upack)
[2026.01.06-13.29.59:129][  0]LogPakFile: OnPakFileMounted2Time == 0.000026
[2026.01.06-13.29.59:143][  0]LogPakFile: PakFile PrimaryIndexSize=183
[2026.01.06-13.29.59:143][  0]LogPakFile: PakFile PathHashIndexSize=101
[2026.01.06-13.29.59:143][  0]LogPakFile: PakFile FullDirectoryIndexSize=140
[2026.01.06-13.29.59:143][  0]LogShaderLibrary: Display: ShaderCodeLibraryPakFileMountedCallback: PakFile 'C:/Program Files/Epic Games/UE_4.27/FeaturePacks/TP_Vehicle.upack' (chunk index -1, root 'root:/') mounted
[2026.01.06-13.29.59:143][  0]LogShaderLibrary: Display: ShaderCodeLibraryPakFileMountedCallback: pending pak file info (ChunkID:-1 Root:root:/ File:C:/Program Files/Epic Games/UE_4.27/FeaturePacks/TP_Vehicle.upack)
[2026.01.06-13.29.59:143][  0]LogPakFile: OnPakFileMounted2Time == 0.000040
[2026.01.06-13.29.59:154][  0]LogPakFile: PakFile PrimaryIndexSize=186
[2026.01.06-13.29.59:154][  0]LogPakFile: PakFile PathHashIndexSize=101
[2026.01.06-13.29.59:154][  0]LogPakFile: PakFile FullDirectoryIndexSize=146
[2026.01.06-13.29.59:154][  0]LogShaderLibrary: Display: ShaderCodeLibraryPakFileMountedCallback: PakFile 'C:/Program Files/Epic Games/UE_4.27/FeaturePacks/TP_VehicleAdv.upack' (chunk index -1, root 'root:/') mounted
[2026.01.06-13.29.59:154][  0]LogShaderLibrary: Display: ShaderCodeLibraryPakFileMountedCallback: pending pak file info (ChunkID:-1 Root:root:/ File:C:/Program Files/Epic Games/UE_4.27/FeaturePacks/TP_VehicleAdv.upack)
[2026.01.06-13.29.59:154][  0]LogPakFile: OnPakFileMounted2Time == 0.000028
[2026.01.06-13.29.59:169][  0]LogPakFile: PakFile PrimaryIndexSize=188
[2026.01.06-13.29.59:169][  0]LogPakFile: PakFile PathHashIndexSize=101
[2026.01.06-13.29.59:169][  0]LogPakFile: PakFile FullDirectoryIndexSize=150
[2026.01.06-13.29.59:169][  0]LogShaderLibrary: Display: ShaderCodeLibraryPakFileMountedCallback: PakFile 'C:/Program Files/Epic Games/UE_4.27/FeaturePacks/TP_VehicleAdvBP.upack' (chunk index -1, root 'root:/') mounted
[2026.01.06-13.29.59:169][  0]LogShaderLibrary: Display: ShaderCodeLibraryPakFileMountedCallback: pending pak file info (ChunkID:-1 Root:root:/ File:C:/Program Files/Epic Games/UE_4.27/FeaturePacks/TP_VehicleAdvBP.upack)
[2026.01.06-13.29.59:169][  0]LogPakFile: OnPakFileMounted2Time == 0.000026
[2026.01.06-13.29.59:186][  0]LogPakFile: PakFile PrimaryIndexSize=185
[2026.01.06-13.29.59:186][  0]LogPakFile: PakFile PathHashIndexSize=101
[2026.01.06-13.29.59:186][  0]LogPakFile: PakFile FullDirectoryIndexSize=144
[2026.01.06-13.29.59:186][  0]LogShaderLibrary: Display: ShaderCodeLibraryPakFileMountedCallback: PakFile 'C:/Program Files/Epic Games/UE_4.27/FeaturePacks/TP_VehicleBP.upack' (chunk index -1, root 'root:/') mounted
[2026.01.06-13.29.59:186][  0]LogShaderLibrary: Display: ShaderCodeLibraryPakFileMountedCallback: pending pak file info (ChunkID:-1 Root:root:/ File:C:/Program Files/Epic Games/UE_4.27/FeaturePacks/TP_VehicleBP.upack)
[2026.01.06-13.29.59:186][  0]LogPakFile: OnPakFileMounted2Time == 0.000029
[2026.01.06-13.29.59:194][  0]LogPakFile: PakFile PrimaryIndexSize=192
[2026.01.06-13.29.59:194][  0]LogPakFile: PakFile PathHashIndexSize=101
[2026.01.06-13.29.59:194][  0]LogPakFile: PakFile FullDirectoryIndexSize=158
[2026.01.06-13.29.59:194][  0]LogShaderLibrary: Display: ShaderCodeLibraryPakFileMountedCallback: PakFile 'C:/Program Files/Epic Games/UE_4.27/FeaturePacks/TP_VirtualRealityBP.upack' (chunk index -1, root 'root:/') mounted
[2026.01.06-13.29.59:194][  0]LogShaderLibrary: Display: ShaderCodeLibraryPakFileMountedCallback: pending pak file info (ChunkID:-1 Root:root:/ File:C:/Program Files/Epic Games/UE_4.27/FeaturePacks/TP_VirtualRealityBP.upack)
[2026.01.06-13.29.59:194][  0]LogPakFile: OnPakFileMounted2Time == 0.000024
[2026.01.06-13.29.59:574][  0]LogNativeClassHierarchy: Verbose: Native class hierarchy updated for 'AddContentDialog' in 0.0003 seconds. Added 0 classes and 0 folders.
[2026.01.06-13.29.59:605][  0]LogNativeClassHierarchy: Verbose: Native class hierarchy updated for 'SceneOutliner' in 0.0003 seconds. Added 2 classes and 0 folders.
[2026.01.06-13.29.59:782][  0]LogSlate: Took 0.000188 seconds to synchronously load lazily loaded font '../../../Engine/Content/Slate/Fonts/Roboto-Regular.ttf' (155K)
[2026.01.06-13.29.59:788][  0]LogSlate: Took 0.005826 seconds to synchronously load lazily loaded font '../../../Engine/Content/Editor/Slate/Fonts/FontAwesome.ttf' (139K)
[2026.01.06-13.29.59:789][  0]LogSlate: Took 0.000090 seconds to synchronously load lazily loaded font '../../../Engine/Content/Slate/Fonts/Roboto-Bold.ttf' (160K)
[2026.01.06-13.29.59:923][  0]LogRenderer: Reallocating scene render targets to support 1616x792 Format 10 NumSamples 1 (Frame:1).
[2026.01.06-13.30.00:326][  0]LogNativeClassHierarchy: Verbose: Native class hierarchy updated for 'HierarchicalLODOutliner' in 0.0002 seconds. Added 0 classes and 0 folders.
[2026.01.06-13.30.00:326][  0]LogLoad: (Engine Initialization) Total time: 7.43 seconds
[2026.01.06-13.30.00:326][  0]LogLoad: (Engine Initialization) Total Blueprint compile time: 0.00 seconds
[2026.01.06-13.30.00:361][  0]LogAssetRegistry: Asset discovery search completed in 4.1042 seconds
[2026.01.06-13.30.00:364][  0]LogCollectionManager: Fixed up redirectors for 0 collections in 0.000003 seconds (updated 0 objects)
[2026.01.06-13.30.00:369][  0]LogContentStreaming: Texture pool size now 1000 MB
[2026.01.06-13.30.01:708][  4]LogSlate: Took 0.020433 seconds to synchronously load lazily loaded font '../../../Engine/Content/Slate/Fonts/Roboto-Light.ttf' (167K)
[2026.01.06-13.30.09:940][603]LogUObjectHash: Compacting FUObjectHashTables data took   0.35ms
[2026.01.06-13.30.09:941][603]Cmd: MAP LOAD FILE="D:/Artemii/Game/Game/Content/Maps/01Gameplay.umap" TEMPLATE=0 SHOWPROGRESS=1 FEATURELEVEL=3
[2026.01.06-13.30.09:954][603]LightingResults: New page: Lighting Build
[2026.01.06-13.30.09:954][603]LoadErrors: New page: Loading map: 01Gameplay.umap
[2026.01.06-13.30.09:955][603]LogWorld: UWorld::CleanupWorld for Untitled_1, bSessionEnded=true, bCleanupResources=true
[2026.01.06-13.30.09:955][603]LogSlate: InvalidateAllWidgets triggered.  All widgets were invalidated
[2026.01.06-13.30.09:955][603]MapCheck: New page: Map Check
[2026.01.06-13.30.09:955][603]LightingResults: New page: Lighting Build
[2026.01.06-13.30.09:958][603]LogAudio: Display: Audio Device unregistered from world 'None'.
[2026.01.06-13.30.09:959][603]LogUObjectHash: Compacting FUObjectHashTables data took   0.46ms
[2026.01.06-13.30.11:241][603]LogLinker: Warning: [AssetLog] D:\Artemii\Game\Game\Content\HeroChar\Materials\MaterialLayers\ML_Plastic_Shiny_Beige_LOGO.uasset: Failed to load '/Game/FirstPerson/Character/Textures/UE4_LOGO_CARD': Can't find file.
[2026.01.06-13.30.11:242][603]LoadErrors: Failed to load /Game/HeroChar/Mesh/SK_Mannequin_Arms.SK_Mannequin_Arms Referenced by Arms_GEN_VARIABLE
[2026.01.06-13.30.11:242][603]LogLinker: Warning: [AssetLog] D:\Artemii\Game\Game\Content\HeroChar\Materials\MaterialLayers\ML_Plastic_Shiny_Beige_LOGO.uasset: Failed to load '/Game/FirstPerson/Character/Textures/UE4_LOGO_CARD': Can't find file.
[2026.01.06-13.30.11:242][603]LogLinker: Warning: [AssetLog] D:\Artemii\Game\Game\Content\HeroChar\Materials\MaterialLayers\ML_Plastic_Shiny_Beige_LOGO.uasset: Failed to load '/Game/FirstPerson/Character/Textures/UE4_LOGO_CARD': Can't find file.
[2026.01.06-13.30.11:767][603]LogLinker: Warning: [AssetLog] D:\Artemii\Game\Game\Content\HeroChar\Materials\MaterialLayers\ML_Plastic_Shiny_Beige_LOGO.uasset: Failed to load '/Game/FirstPerson/Character/Textures/UE4_LOGO_CARD': Can't find file.
[2026.01.06-13.30.11:767][603]LoadErrors: Failed to load /Game/FirstPerson/Character/Textures/UE4_LOGO_CARD.UE4_LOGO_CARD Referenced by MaterialExpressionTextureSample_6
[2026.01.06-13.30.12:497][603]LogAudio: Display: Audio Device (ID: 1) registered with world '01Gameplay'.
[2026.01.06-13.30.12:497][603]LogAIModule: Creating AISystem for world 01Gameplay
[2026.01.06-13.30.12:734][603]LogEditorServer: Finished looking for orphan Actors (0.000 secs)
[2026.01.06-13.30.12:826][603]LogUObjectHash: Compacting FUObjectHashTables data took   0.99ms
[2026.01.06-13.30.12:846][603]Cmd: MAP CHECKDEP NOCLEARLOG
[2026.01.06-13.30.12:846][603]MapCheck: Map check complete: 0 Error(s), 0 Warning(s), took 0,102ms to complete.
[2026.01.06-13.30.12:846][603]LogFileHelpers: Loading map '01Gameplay' took 2.904
[2026.01.06-13.30.12:846][603]LogSlate: Window 'Open Level' being destroyed
[2026.01.06-13.30.12:875][603]LogSlate: Took 0.009369 seconds to synchronously load lazily loaded font '../../../Engine/Content/Slate/Fonts/DroidSansMono.ttf' (77K)
[2026.01.06-13.30.15:083][845]LogSlate: Window 'Message Log' being destroyed
[2026.01.06-13.30.16:252][955]LogAssetEditorSubsystem: Opening Asset editor for Blueprint /Game/Objects/LevelPortal/BP_PortalLevel.BP_PortalLevel
[2026.01.06-13.30.17:456][955]LogNativeClassHierarchy: Verbose: Native class hierarchy updated for 'BlueprintGraph' in 0.0004 seconds. Added 126 classes and 0 folders.
[2026.01.06-13.30.17:909][955]LogTemp: Warning: SetupViewportDisplaySettings
[2026.01.06-13.30.18:081][955]LogAssetEditorSubsystem: Opening Asset editor for Blueprint /Game/HeroChar/Gun/BP_Projectil.BP_Projectil
[2026.01.06-13.30.18:263][955]LogTemp: Warning: SetupViewportDisplaySettings
[2026.01.06-13.30.18:311][955]LogSlate: Took 0.000170 seconds to synchronously load lazily loaded font '../../../Engine/Content/Slate/Fonts/Roboto-BoldCondensed.ttf' (158K)
[2026.01.06-13.30.18:454][956]LogSlate: Took 0.018810 seconds to synchronously load lazily loaded font '../../../Engine/Content/Slate/Fonts/Roboto-Italic.ttf' (157K)
[2026.01.06-13.30.22:249][  3]LogSlate: Window 'BP_PortalLevel' being destroyed
[2026.01.06-13.37.57:905][321]LogAssetEditorSubsystem: Opening Asset editor for Blueprint /Game/Enemy/BP_Enemy.BP_Enemy
[2026.01.06-13.37.58:051][321]LogTemp: Warning: SetupViewportDisplaySettings
[2026.01.06-13.38.31:557][463]LogSelectionDetails: Warning: NavigateToFunctionSource:  Unable to find symbols for 'AActor::K2_DestroyActor' [The specified module could not be found.]
[2026.01.06-13.38.32:216][497]LogSelectionDetails: Warning: NavigateToFunctionSource:  Unable to find symbols for 'AActor::K2_DestroyActor' [Element not found.]
[2026.01.06-13.38.56:128][979]LogRenderer: Reallocating scene render targets to support 1616x1000 Format 10 NumSamples 1 (Frame:1).
[2026.01.06-13.39.20:223][912]LogAssetEditorSubsystem: Opening Asset editor for Material /Game/Enemy/M_Glaz.M_Glaz
[2026.01.06-13.39.20:231][912]LogMaterial: Display: Missing cached shadermap for M_Glaz in PCD3D_SM5, Default, SM5 (DDC key hash: 89D2F431AC26E807AB68D099681A7A5B9756B234), compiling. 
[2026.01.06-13.39.20:249][912]LogShaderCompilers: Display: Submitted 10 shader compile jobs with 'Normal' priority
[2026.01.06-13.39.20:367][912]LogTexture: Default maximum texture size for cubemaps generated from long-lat sources has been changed from 512 to unlimited. In order to preserve old behaiour for '/Engine/EditorMaterials/AssetViewer/EpicQuadPanorama_CC+EV1.EpicQuadPanorama_CC+EV1', its maximum texture size has been explicitly set to 512.
[2026.01.06-13.39.20:761][912]LogTexture: Default maximum texture size for cubemaps generated from long-lat sources has been changed from 512 to unlimited. In order to preserve old behaiour for '/Engine/MapTemplates/Sky/SunsetAmbientCubemap.SunsetAmbientCubemap', its maximum texture size has been explicitly set to 512.
[2026.01.06-13.39.21:137][912]LogMaterial: Display: Missing cached shadermap for M_Glaz in PCD3D_SM5, Default, SM5 (DDC key hash: 3FD53C135D8387348EC5F5B04C96864DADB71CD0), compiling. 
[2026.01.06-13.39.21:143][912]LogMaterial: Display: Missing cached shadermap for M_Glaz in PCD3D_SM5, Default, SM5 (DDC key hash: 3CD9B26ABC2D961A66BBFAF309D4BDA3290A146C), compiling. 
[2026.01.06-13.39.21:145][912]LogMaterial: Display: Missing cached shadermap for FMatExpressionPreview MaterialExpressionConstant3Vector_0 in PCD3D_SM5, Default, SM5 (DDC key hash: 9507D2F2194EFD54B2AAA39487E5AB84CFC8021A), compiling. 
[2026.01.06-13.39.21:157][912]MaterialEditorStats: Texture samplers: 0/16
[2026.01.06-13.39.21:236][913]LogShaderCompilers: Display: Submitted 2 shader compile jobs with 'ForceLocal' priority
[2026.01.06-13.39.21:236][913]LogShaderCompilers: Display: Worker (1/17): shaders left to compile 2
[2026.01.06-13.39.21:236][913]LogShaderCompilers: Display: Worker (2/17): shaders left to compile 1
[2026.01.06-13.39.21:236][913]LogShaderCompilers: Display: Started 2 'Local' shader compile jobs with 'ForceLocal' priority
[2026.01.06-13.39.21:236][913]LogShaderCompilers: Display: Submitted 8 shader compile jobs with 'Normal' priority
[2026.01.06-13.39.21:236][913]LogShaderCompilers: Display: Worker (3/17): shaders left to compile 8
[2026.01.06-13.39.21:236][913]LogShaderCompilers: Display: Worker (4/17): shaders left to compile 7
[2026.01.06-13.39.21:236][913]LogShaderCompilers: Display: Worker (5/17): shaders left to compile 6
[2026.01.06-13.39.21:236][913]LogShaderCompilers: Display: Worker (6/17): shaders left to compile 5
[2026.01.06-13.39.21:236][913]LogShaderCompilers: Display: Worker (7/17): shaders left to compile 4
[2026.01.06-13.39.21:236][913]LogShaderCompilers: Display: Worker (8/17): shaders left to compile 3
[2026.01.06-13.39.21:236][913]LogShaderCompilers: Display: Worker (9/17): shaders left to compile 2
[2026.01.06-13.39.21:236][913]LogShaderCompilers: Display: Worker (10/17): shaders left to compile 1
[2026.01.06-13.39.21:236][913]LogShaderCompilers: Display: Started 8 'Local' shader compile jobs with 'Normal' priority
[2026.01.06-13.39.21:273][917]LogShaderCompilers: Display: Submitted 2 shader compile jobs with 'ForceLocal' priority
[2026.01.06-13.39.21:273][917]LogShaderCompilers: Display: Worker (11/17): shaders left to compile 2
[2026.01.06-13.39.21:273][917]LogShaderCompilers: Display: Worker (12/17): shaders left to compile 1
[2026.01.06-13.39.21:273][917]LogShaderCompilers: Display: Started 2 'Local' shader compile jobs with 'ForceLocal' priority
[2026.01.06-13.39.22:818][101]LogShaderCompilers: Display: === FShaderJobCache stats ===
[2026.01.06-13.39.22:818][101]LogShaderCompilers: Display: Total job queries 22, among them cache hits 0 (0.00%)
[2026.01.06-13.39.22:818][101]LogShaderCompilers: Display: Tracking 1 distinct input hashes that result in 1 distinct outputs (100.00%)
[2026.01.06-13.39.22:819][101]LogShaderCompilers: Display: RAM used: 0.00 MB (0.00 GB) of 1638.40 MB (1.60 GB) budget. Usage: 0.00%
[2026.01.06-13.39.22:819][101]LogShaderCompilers: Display: ================================================
[2026.01.06-13.39.23:015][123]MaterialEditorStats: Texture samplers: 2/16
[2026.01.06-13.39.23:174][142]MaterialEditorStats: Base pass shader: 118 instructions
[2026.01.06-13.39.23:174][142]MaterialEditorStats: Base pass shader with Volumetric Lightmap: 192 instructions
[2026.01.06-13.39.23:174][142]MaterialEditorStats: Base pass vertex shader: 42 instructions
[2026.01.06-13.39.23:174][142]MaterialEditorStats: Texture samplers: 2/16
[2026.01.06-13.39.25:087][353]LogSlate: Window 'Color Picker' being destroyed
[2026.01.06-13.39.27:807][671]LogMaterial: Display: Missing cached shadermap for M_Glaz in PCD3D_SM5, Default, SM5 (DDC key hash: 0AF8C24F158AC8A2CBFE8859D59BB7261FD82BA0), compiling. 
[2026.01.06-13.39.27:808][671]LogMaterial: Display: Missing cached shadermap for FMatExpressionPreview MaterialExpressionConstant3Vector_0 in PCD3D_SM5, Default, SM5 (DDC key hash: CC5D259F4B0A99FA5ED09FEF8045CBCC520801C5), compiling. 
[2026.01.06-13.39.27:809][671]MaterialEditorStats: Texture samplers: 0/16
[2026.01.06-13.39.27:823][673]MaterialEditorStats: Texture samplers: 2/16
[2026.01.06-13.39.27:832][674]MaterialEditorStats: Base pass shader: 118 instructions
[2026.01.06-13.39.27:832][674]MaterialEditorStats: Base pass shader with Volumetric Lightmap: 192 instructions
[2026.01.06-13.39.27:832][674]MaterialEditorStats: Base pass vertex shader: 42 instructions
[2026.01.06-13.39.27:832][674]MaterialEditorStats: Texture samplers: 2/16
[2026.01.06-13.39.28:240][723]LogMaterial: Display: Missing cached shadermap for M_Glaz in PCD3D_SM5, Default, SM5 (DDC key hash: 4970F7EF7C0E894A95AD0EF78C42CE3670AF19B8), compiling. 
[2026.01.06-13.39.28:241][723]LogMaterial: Display: Missing cached shadermap for FMatExpressionPreview MaterialExpressionConstant3Vector_0 in PCD3D_SM5, Default, SM5 (DDC key hash: A2FC410C8D0ECE42769C73FF43BA50E16673F362), compiling. 
[2026.01.06-13.39.28:243][723]MaterialEditorStats: Texture samplers: 0/16
[2026.01.06-13.39.28:256][725]MaterialEditorStats: Texture samplers: 2/16
[2026.01.06-13.39.28:265][726]MaterialEditorStats: Base pass shader: 118 instructions
[2026.01.06-13.39.28:265][726]MaterialEditorStats: Base pass shader with Volumetric Lightmap: 192 instructions
[2026.01.06-13.39.28:265][726]MaterialEditorStats: Base pass vertex shader: 42 instructions
[2026.01.06-13.39.28:265][726]MaterialEditorStats: Texture samplers: 2/16
[2026.01.06-13.39.32:590][244]LogMaterial: Display: Missing cached shadermap for M_Glaz in PCD3D_SM5, Default, SM5 (DDC key hash: 32A674BBBE1F956989E90A78A2CC7B32928E0BD8), compiling. 
[2026.01.06-13.39.32:591][244]LogMaterial: Display: Missing cached shadermap for FMatExpressionPreview MaterialExpressionConstant3Vector_0 in PCD3D_SM5, Default, SM5 (DDC key hash: CDABEB5B61266E2127B5EEEE3C8FE45C23001CB5), compiling. 
[2026.01.06-13.39.32:592][244]MaterialEditorStats: Texture samplers: 0/16
[2026.01.06-13.39.32:596][245]LogShaderCompilers: Display: Submitted 2 shader compile jobs with 'ForceLocal' priority
[2026.01.06-13.39.32:601][246]LogShaderCompilers: Display: Submitted 8 shader compile jobs with 'Normal' priority
[2026.01.06-13.39.32:603][246]LogShaderCompilers: Display: Submitted 2 shader compile jobs with 'ForceLocal' priority
[2026.01.06-13.39.32:603][246]LogShaderCompilers: Display: Worker (1/17): shaders left to compile 4
[2026.01.06-13.39.32:603][246]LogShaderCompilers: Display: Worker (2/17): shaders left to compile 3
[2026.01.06-13.39.32:603][246]LogShaderCompilers: Display: Worker (3/17): shaders left to compile 2
[2026.01.06-13.39.32:603][246]LogShaderCompilers: Display: Worker (4/17): shaders left to compile 1
[2026.01.06-13.39.32:603][246]LogShaderCompilers: Display: Worker (5/17): shaders left to compile 8
[2026.01.06-13.39.32:603][246]LogShaderCompilers: Display: Worker (6/17): shaders left to compile 7
[2026.01.06-13.39.32:603][246]LogShaderCompilers: Display: Worker (7/17): shaders left to compile 6
[2026.01.06-13.39.32:603][246]LogShaderCompilers: Display: Worker (8/17): shaders left to compile 5
[2026.01.06-13.39.32:603][246]LogShaderCompilers: Display: Worker (9/17): shaders left to compile 4
[2026.01.06-13.39.32:603][246]LogShaderCompilers: Display: Worker (10/17): shaders left to compile 3
[2026.01.06-13.39.32:603][246]LogShaderCompilers: Display: Worker (11/17): shaders left to compile 2
[2026.01.06-13.39.32:603][246]LogShaderCompilers: Display: Worker (12/17): shaders left to compile 1
[2026.01.06-13.39.32:603][246]LogShaderCompilers: Display: Started 8 'Local' shader compile jobs with 'Normal' priority
[2026.01.06-13.39.32:603][246]LogShaderCompilers: Display: Started 4 'Local' shader compile jobs with 'ForceLocal' priority
[2026.01.06-13.39.33:093][298]MaterialEditorStats: Texture samplers: 2/16
[2026.01.06-13.39.33:360][330]MaterialEditorStats: Base pass shader: 119 instructions
[2026.01.06-13.39.33:360][330]MaterialEditorStats: Base pass shader with Volumetric Lightmap: 193 instructions
[2026.01.06-13.39.33:360][330]MaterialEditorStats: Base pass vertex shader: 42 instructions
[2026.01.06-13.39.33:360][330]MaterialEditorStats: Texture samplers: 2/16
[2026.01.06-13.39.35:674][606]LogMaterial: Display: Missing cached shadermap for M_Glaz in PCD3D_SM5, Default, SM5 (DDC key hash: 836E49CF8D6B4F4DC2ADFAABDB56994ABD27BE7A), compiling. 
[2026.01.06-13.39.35:675][606]LogMaterial: Display: Missing cached shadermap for FMatExpressionPreview MaterialExpressionConstant3Vector_0 in PCD3D_SM5, Default, SM5 (DDC key hash: 9D4D3D672F3BD0010779501ADF3F6C92BC597784), compiling. 
[2026.01.06-13.39.35:676][606]MaterialEditorStats: Texture samplers: 0/16
[2026.01.06-13.39.35:679][607]LogShaderCompilers: Display: Submitted 2 shader compile jobs with 'ForceLocal' priority
[2026.01.06-13.39.35:684][608]LogShaderCompilers: Display: Submitted 8 shader compile jobs with 'Normal' priority
[2026.01.06-13.39.35:686][608]LogShaderCompilers: Display: Submitted 2 shader compile jobs with 'ForceLocal' priority
[2026.01.06-13.39.35:693][609]LogShaderCompilers: Display: Worker (1/17): shaders left to compile 4
[2026.01.06-13.39.35:693][609]LogShaderCompilers: Display: Worker (2/17): shaders left to compile 3
[2026.01.06-13.39.35:693][609]LogShaderCompilers: Display: Worker (3/17): shaders left to compile 2
[2026.01.06-13.39.35:693][609]LogShaderCompilers: Display: Worker (4/17): shaders left to compile 1
[2026.01.06-13.39.35:693][609]LogShaderCompilers: Display: Worker (5/17): shaders left to compile 8
[2026.01.06-13.39.35:693][609]LogShaderCompilers: Display: Worker (6/17): shaders left to compile 7
[2026.01.06-13.39.35:693][609]LogShaderCompilers: Display: Worker (7/17): shaders left to compile 6
[2026.01.06-13.39.35:693][609]LogShaderCompilers: Display: Worker (8/17): shaders left to compile 5
[2026.01.06-13.39.35:693][609]LogShaderCompilers: Display: Worker (9/17): shaders left to compile 4
[2026.01.06-13.39.35:693][609]LogShaderCompilers: Display: Worker (10/17): shaders left to compile 3
[2026.01.06-13.39.35:693][609]LogShaderCompilers: Display: Worker (11/17): shaders left to compile 2
[2026.01.06-13.39.35:693][609]LogShaderCompilers: Display: Worker (12/17): shaders left to compile 1
[2026.01.06-13.39.35:693][609]LogShaderCompilers: Display: Started 8 'Local' shader compile jobs with 'Normal' priority
[2026.01.06-13.39.35:693][609]LogShaderCompilers: Display: Started 4 'Local' shader compile jobs with 'ForceLocal' priority
[2026.01.06-13.39.36:205][666]MaterialEditorStats: Texture samplers: 2/16
[2026.01.06-13.39.36:430][693]MaterialEditorStats: Base pass shader: 119 instructions
[2026.01.06-13.39.36:430][693]MaterialEditorStats: Base pass shader with Volumetric Lightmap: 193 instructions
[2026.01.06-13.39.36:430][693]MaterialEditorStats: Base pass vertex shader: 42 instructions
[2026.01.06-13.39.36:430][693]MaterialEditorStats: Texture samplers: 2/16
[2026.01.06-13.39.37:463][817]LogMaterial: Display: Missing cached shadermap for M_Glaz in PCD3D_SM5, Default, SM5 (DDC key hash: 853A98172888720A1A11D3977FFAE49B7D734ECA), compiling. 
[2026.01.06-13.39.37:464][817]LogMaterial: Display: Missing cached shadermap for FMatExpressionPreview MaterialExpressionConstant3Vector_0 in PCD3D_SM5, Default, SM5 (DDC key hash: CF834D896DDC6ED3C01A0BDAF1DD69979E3FD610), compiling. 
[2026.01.06-13.39.37:466][817]MaterialEditorStats: Texture samplers: 0/16
[2026.01.06-13.39.37:469][818]LogShaderCompilers: Display: Submitted 2 shader compile jobs with 'ForceLocal' priority
[2026.01.06-13.39.37:474][819]LogShaderCompilers: Display: Submitted 8 shader compile jobs with 'Normal' priority
[2026.01.06-13.39.37:476][819]LogShaderCompilers: Display: Submitted 2 shader compile jobs with 'ForceLocal' priority
[2026.01.06-13.39.37:483][820]LogShaderCompilers: Display: Worker (1/17): shaders left to compile 4
[2026.01.06-13.39.37:483][820]LogShaderCompilers: Display: Worker (2/17): shaders left to compile 3
[2026.01.06-13.39.37:483][820]LogShaderCompilers: Display: Worker (3/17): shaders left to compile 2
[2026.01.06-13.39.37:483][820]LogShaderCompilers: Display: Worker (4/17): shaders left to compile 1
[2026.01.06-13.39.37:483][820]LogShaderCompilers: Display: Worker (5/17): shaders left to compile 8
[2026.01.06-13.39.37:483][820]LogShaderCompilers: Display: Worker (6/17): shaders left to compile 7
[2026.01.06-13.39.37:483][820]LogShaderCompilers: Display: Worker (7/17): shaders left to compile 6
[2026.01.06-13.39.37:483][820]LogShaderCompilers: Display: Worker (8/17): shaders left to compile 5
[2026.01.06-13.39.37:483][820]LogShaderCompilers: Display: Worker (9/17): shaders left to compile 4
[2026.01.06-13.39.37:483][820]LogShaderCompilers: Display: Worker (10/17): shaders left to compile 3
[2026.01.06-13.39.37:483][820]LogShaderCompilers: Display: Worker (11/17): shaders left to compile 2
[2026.01.06-13.39.37:483][820]LogShaderCompilers: Display: Worker (12/17): shaders left to compile 1
[2026.01.06-13.39.37:483][820]LogShaderCompilers: Display: Started 8 'Local' shader compile jobs with 'Normal' priority
[2026.01.06-13.39.37:483][820]LogShaderCompilers: Display: Started 4 'Local' shader compile jobs with 'ForceLocal' priority
[2026.01.06-13.39.38:084][887]MaterialEditorStats: Texture samplers: 2/16
[2026.01.06-13.39.38:234][905]MaterialEditorStats: Base pass shader: 119 instructions
[2026.01.06-13.39.38:234][905]MaterialEditorStats: Base pass shader with Volumetric Lightmap: 193 instructions
[2026.01.06-13.39.38:234][905]MaterialEditorStats: Base pass vertex shader: 42 instructions
[2026.01.06-13.39.38:234][905]MaterialEditorStats: Texture samplers: 2/16
[2026.01.06-13.39.39:110][ 10]LogMaterial: Display: Missing cached shadermap for M_Glaz in PCD3D_SM5, Default, SM5 (DDC key hash: 384553230EEE374AA4456FF70B2E0C714700BC02), compiling. 
[2026.01.06-13.39.39:111][ 10]LogMaterial: Display: Missing cached shadermap for FMatExpressionPreview MaterialExpressionConstant3Vector_0 in PCD3D_SM5, Default, SM5 (DDC key hash: F42BE09E65A5A27564CA2EDDB4AF29B3981BB833), compiling. 
[2026.01.06-13.39.39:112][ 10]MaterialEditorStats: Texture samplers: 0/16
[2026.01.06-13.39.39:115][ 11]LogShaderCompilers: Display: Submitted 2 shader compile jobs with 'ForceLocal' priority
[2026.01.06-13.39.39:120][ 12]LogShaderCompilers: Display: Submitted 8 shader compile jobs with 'Normal' priority
[2026.01.06-13.39.39:122][ 12]LogShaderCompilers: Display: Worker (1/17): shaders left to compile 2
[2026.01.06-13.39.39:122][ 12]LogShaderCompilers: Display: Worker (2/17): shaders left to compile 1
[2026.01.06-13.39.39:122][ 12]LogShaderCompilers: Display: Worker (3/17): shaders left to compile 8
[2026.01.06-13.39.39:122][ 12]LogShaderCompilers: Display: Worker (4/17): shaders left to compile 7
[2026.01.06-13.39.39:122][ 12]LogShaderCompilers: Display: Worker (5/17): shaders left to compile 6
[2026.01.06-13.39.39:122][ 12]LogShaderCompilers: Display: Worker (6/17): shaders left to compile 5
[2026.01.06-13.39.39:122][ 12]LogShaderCompilers: Display: Worker (7/17): shaders left to compile 4
[2026.01.06-13.39.39:122][ 12]LogShaderCompilers: Display: Worker (8/17): shaders left to compile 3
[2026.01.06-13.39.39:122][ 12]LogShaderCompilers: Display: Worker (9/17): shaders left to compile 2
[2026.01.06-13.39.39:122][ 12]LogShaderCompilers: Display: Worker (10/17): shaders left to compile 1
[2026.01.06-13.39.39:122][ 12]LogShaderCompilers: Display: Started 8 'Local' shader compile jobs with 'Normal' priority
[2026.01.06-13.39.39:122][ 12]LogShaderCompilers: Display: Started 2 'Local' shader compile jobs with 'ForceLocal' priority
[2026.01.06-13.39.39:122][ 12]LogShaderCompilers: Display: Submitted 2 shader compile jobs with 'ForceLocal' priority
[2026.01.06-13.39.39:140][ 14]LogShaderCompilers: Display: Worker (11/17): shaders left to compile 2
[2026.01.06-13.39.39:140][ 14]LogShaderCompilers: Display: Worker (12/17): shaders left to compile 1
[2026.01.06-13.39.39:140][ 14]LogShaderCompilers: Display: Started 2 'Local' shader compile jobs with 'ForceLocal' priority
[2026.01.06-13.39.39:716][ 78]MaterialEditorStats: Texture samplers: 2/16
[2026.01.06-13.39.39:899][100]MaterialEditorStats: Base pass shader: 119 instructions
[2026.01.06-13.39.39:899][100]MaterialEditorStats: Base pass shader with Volumetric Lightmap: 193 instructions
[2026.01.06-13.39.39:899][100]MaterialEditorStats: Base pass vertex shader: 42 instructions
[2026.01.06-13.39.39:899][100]MaterialEditorStats: Texture samplers: 2/16
[2026.01.06-13.39.41:524][292]LogMaterial: Display: Missing cached shadermap for M_Glaz in PCD3D_SM5, Default, SM5 (DDC key hash: EB6F03D3214B928A4DC63636CC8D92A327ED38B7), compiling. 
[2026.01.06-13.39.41:525][292]LogMaterial: Display: Missing cached shadermap for FMatExpressionPreview MaterialExpressionConstant3Vector_0 in PCD3D_SM5, Default, SM5 (DDC key hash: BF115BC67FD2879CBF0D379FB48F1B805379C99B), compiling. 
[2026.01.06-13.39.41:526][292]LogSlate: Window 'Color Picker' being destroyed
[2026.01.06-13.39.41:531][292]MaterialEditorStats: Texture samplers: 0/16
[2026.01.06-13.39.41:542][294]MaterialEditorStats: Texture samplers: 2/16
[2026.01.06-13.39.41:551][295]MaterialEditorStats: Base pass shader: 119 instructions
[2026.01.06-13.39.41:551][295]MaterialEditorStats: Base pass shader with Volumetric Lightmap: 193 instructions
[2026.01.06-13.39.41:551][295]MaterialEditorStats: Base pass vertex shader: 42 instructions
[2026.01.06-13.39.41:551][295]MaterialEditorStats: Texture samplers: 2/16
[2026.01.06-13.39.53:392][708]LogMaterial: Display: Missing cached shadermap for M_Glaz in PCD3D_SM5, Default, SM5 (DDC key hash: 88C84D25E1B0AC80397BABA304F25F53ACA32726), compiling. 
[2026.01.06-13.39.53:394][708]LogMaterial: Display: Missing cached shadermap for M_Glaz in PCD3D_SM5, Default, SM5 (DDC key hash: 67011E2459901600EF95B48D8790FE0E177D703D), compiling. 
[2026.01.06-13.39.53:395][708]MaterialEditorStats: Texture samplers: 0/16
[2026.01.06-13.39.53:398][709]LogShaderCompilers: Display: Submitted 2 shader compile jobs with 'ForceLocal' priority
[2026.01.06-13.39.53:405][710]LogShaderCompilers: Display: Worker (1/17): shaders left to compile 2
[2026.01.06-13.39.53:406][710]LogShaderCompilers: Display: Worker (2/17): shaders left to compile 1
[2026.01.06-13.39.53:406][710]LogShaderCompilers: Display: Started 2 'Local' shader compile jobs with 'ForceLocal' priority
[2026.01.06-13.39.53:406][710]LogShaderCompilers: Display: Submitted 8 shader compile jobs with 'Normal' priority
[2026.01.06-13.39.53:406][710]LogShaderCompilers: Display: Worker (3/17): shaders left to compile 8
[2026.01.06-13.39.53:406][710]LogShaderCompilers: Display: Worker (4/17): shaders left to compile 7
[2026.01.06-13.39.53:406][710]LogShaderCompilers: Display: Worker (5/17): shaders left to compile 6
[2026.01.06-13.39.53:406][710]LogShaderCompilers: Display: Worker (6/17): shaders left to compile 5
[2026.01.06-13.39.53:406][710]LogShaderCompilers: Display: Worker (7/17): shaders left to compile 4
[2026.01.06-13.39.53:406][710]LogShaderCompilers: Display: Worker (8/17): shaders left to compile 3
[2026.01.06-13.39.53:406][710]LogShaderCompilers: Display: Worker (9/17): shaders left to compile 2
[2026.01.06-13.39.53:406][710]LogShaderCompilers: Display: Worker (10/17): shaders left to compile 1
[2026.01.06-13.39.53:406][710]LogShaderCompilers: Display: Started 8 'Local' shader compile jobs with 'Normal' priority
[2026.01.06-13.39.53:909][767]MaterialEditorStats: Texture samplers: 2/16
[2026.01.06-13.39.54:058][785]MaterialEditorStats: Base pass shader: 119 instructions
[2026.01.06-13.39.54:058][785]MaterialEditorStats: Base pass shader with Volumetric Lightmap: 193 instructions
[2026.01.06-13.39.54:058][785]MaterialEditorStats: Base pass vertex shader: 42 instructions
[2026.01.06-13.39.54:058][785]MaterialEditorStats: Texture samplers: 2/16
[2026.01.06-13.39.57:966][253]LogMaterial: Display: Missing cached shadermap for M_Glaz in PCD3D_SM5, Default, SM5 (DDC key hash: 3D5A55DC06193192899C378BBBFE0347099963B7), compiling. 
[2026.01.06-13.39.57:971][254]LogShaderCompilers: Display: Submitted 2 shader compile jobs with 'ForceLocal' priority
[2026.01.06-13.39.57:979][255]LogShaderCompilers: Display: Worker (1/17): shaders left to compile 2
[2026.01.06-13.39.57:979][255]LogShaderCompilers: Display: Worker (2/17): shaders left to compile 1
[2026.01.06-13.39.57:979][255]LogShaderCompilers: Display: Started 2 'Local' shader compile jobs with 'ForceLocal' priority
[2026.01.06-13.39.57:979][255]LogShaderCompilers: Display: Submitted 8 shader compile jobs with 'Normal' priority
[2026.01.06-13.39.57:979][255]LogShaderCompilers: Display: Worker (3/17): shaders left to compile 8
[2026.01.06-13.39.57:979][255]LogShaderCompilers: Display: Worker (4/17): shaders left to compile 7
[2026.01.06-13.39.57:979][255]LogShaderCompilers: Display: Worker (5/17): shaders left to compile 6
[2026.01.06-13.39.57:979][255]LogShaderCompilers: Display: Worker (6/17): shaders left to compile 5
[2026.01.06-13.39.57:979][255]LogShaderCompilers: Display: Worker (7/17): shaders left to compile 4
[2026.01.06-13.39.57:979][255]LogShaderCompilers: Display: Worker (8/17): shaders left to compile 3
[2026.01.06-13.39.57:979][255]LogShaderCompilers: Display: Worker (9/17): shaders left to compile 2
[2026.01.06-13.39.57:979][255]LogShaderCompilers: Display: Worker (10/17): shaders left to compile 1
[2026.01.06-13.39.57:979][255]LogShaderCompilers: Display: Started 8 'Local' shader compile jobs with 'Normal' priority
[2026.01.06-13.39.58:065][265]MaterialEditorStats: Texture samplers: 0/16
[2026.01.06-13.39.58:559][322]MaterialEditorStats: Texture samplers: 2/16
[2026.01.06-13.39.58:625][330]MaterialEditorStats: Base pass shader: 119 instructions
[2026.01.06-13.39.58:625][330]MaterialEditorStats: Base pass shader with Volumetric Lightmap: 193 instructions
[2026.01.06-13.39.58:625][330]MaterialEditorStats: Base pass vertex shader: 42 instructions
[2026.01.06-13.39.58:625][330]MaterialEditorStats: Texture samplers: 2/16
[2026.01.06-13.40.00:901][603]LogMaterial: Display: Missing cached shadermap for M_Glaz in PCD3D_SM5, Default, SM5 (DDC key hash: 08A7B22F6E4CC77DE9AF80C2D8D5EA6872724FDC), compiling. 
[2026.01.06-13.40.00:903][603]MaterialEditorStats: Texture samplers: 0/16
[2026.01.06-13.40.00:917][605]MaterialEditorStats: Texture samplers: 2/16
[2026.01.06-13.40.00:927][606]MaterialEditorStats: Base pass shader: 119 instructions
[2026.01.06-13.40.00:927][606]MaterialEditorStats: Base pass shader with Volumetric Lightmap: 193 instructions
[2026.01.06-13.40.00:927][606]MaterialEditorStats: Base pass vertex shader: 42 instructions
[2026.01.06-13.40.00:927][606]MaterialEditorStats: Texture samplers: 2/16
[2026.01.06-13.40.04:516][ 31]LogMaterial: Display: Missing cached shadermap for M_Glaz in PCD3D_SM5, Default, SM5 (DDC key hash: 81C096E8FDFD2EA661AD6495A6809E5B5F07B714), compiling. 
[2026.01.06-13.40.04:518][ 31]LogMaterial: Display: Missing cached shadermap for M_Glaz in PCD3D_SM5, Default, SM5 (DDC key hash: 24A69E59A103110A6D3FA01D5A260F6176C17F89), compiling. 
[2026.01.06-13.40.04:519][ 31]MaterialEditorStats: Texture samplers: 0/16
[2026.01.06-13.40.04:521][ 32]LogShaderCompilers: Display: Submitted 2 shader compile jobs with 'ForceLocal' priority
[2026.01.06-13.40.04:527][ 33]LogShaderCompilers: Display: Worker (1/17): shaders left to compile 2
[2026.01.06-13.40.04:527][ 33]LogShaderCompilers: Display: Worker (2/17): shaders left to compile 1
[2026.01.06-13.40.04:527][ 33]LogShaderCompilers: Display: Started 2 'Local' shader compile jobs with 'ForceLocal' priority
[2026.01.06-13.40.04:527][ 33]LogShaderCompilers: Display: Submitted 8 shader compile jobs with 'Normal' priority
[2026.01.06-13.40.04:527][ 33]LogShaderCompilers: Display: Worker (3/17): shaders left to compile 8
[2026.01.06-13.40.04:527][ 33]LogShaderCompilers: Display: Worker (4/17): shaders left to compile 7
[2026.01.06-13.40.04:527][ 33]LogShaderCompilers: Display: Worker (5/17): shaders left to compile 6
[2026.01.06-13.40.04:527][ 33]LogShaderCompilers: Display: Worker (6/17): shaders left to compile 5
[2026.01.06-13.40.04:527][ 33]LogShaderCompilers: Display: Worker (7/17): shaders left to compile 4
[2026.01.06-13.40.04:527][ 33]LogShaderCompilers: Display: Worker (8/17): shaders left to compile 3
[2026.01.06-13.40.04:527][ 33]LogShaderCompilers: Display: Worker (9/17): shaders left to compile 2
[2026.01.06-13.40.04:527][ 33]LogShaderCompilers: Display: Worker (10/17): shaders left to compile 1
[2026.01.06-13.40.04:527][ 33]LogShaderCompilers: Display: Started 8 'Local' shader compile jobs with 'Normal' priority
[2026.01.06-13.40.05:099][ 99]MaterialEditorStats: Texture samplers: 2/16
[2026.01.06-13.40.05:191][110]MaterialEditorStats: Base pass shader: 119 instructions
[2026.01.06-13.40.05:191][110]MaterialEditorStats: Base pass shader with Volumetric Lightmap: 193 instructions
[2026.01.06-13.40.05:191][110]MaterialEditorStats: Base pass vertex shader: 42 instructions
[2026.01.06-13.40.05:191][110]MaterialEditorStats: Texture samplers: 2/16
[2026.01.06-13.40.07:474][384]LogMaterial: Display: Missing cached shadermap for M_Glaz in PCD3D_SM5, Default, SM5 (DDC key hash: D2FBB734A60CE4CAC486A21C17BC056A5A8C8067), compiling. 
[2026.01.06-13.40.07:476][384]LogMaterial: Display: Missing cached shadermap for M_Glaz in PCD3D_SM5, Default, SM5 (DDC key hash: C5179D578527DB366219E7D44DCC2B55ADCE66CF), compiling. 
[2026.01.06-13.40.07:477][384]MaterialEditorStats: Texture samplers: 0/16
[2026.01.06-13.40.07:479][385]LogShaderCompilers: Display: Submitted 2 shader compile jobs with 'ForceLocal' priority
[2026.01.06-13.40.07:484][386]LogShaderCompilers: Display: Submitted 8 shader compile jobs with 'Normal' priority
[2026.01.06-13.40.07:484][386]LogShaderCompilers: Display: Worker (1/17): shaders left to compile 2
[2026.01.06-13.40.07:484][386]LogShaderCompilers: Display: Worker (2/17): shaders left to compile 1
[2026.01.06-13.40.07:484][386]LogShaderCompilers: Display: Worker (3/17): shaders left to compile 8
[2026.01.06-13.40.07:484][386]LogShaderCompilers: Display: Worker (4/17): shaders left to compile 7
[2026.01.06-13.40.07:484][386]LogShaderCompilers: Display: Worker (5/17): shaders left to compile 6
[2026.01.06-13.40.07:484][386]LogShaderCompilers: Display: Worker (6/17): shaders left to compile 5
[2026.01.06-13.40.07:484][386]LogShaderCompilers: Display: Worker (7/17): shaders left to compile 4
[2026.01.06-13.40.07:484][386]LogShaderCompilers: Display: Worker (8/17): shaders left to compile 3
[2026.01.06-13.40.07:484][386]LogShaderCompilers: Display: Worker (9/17): shaders left to compile 2
[2026.01.06-13.40.07:484][386]LogShaderCompilers: Display: Worker (10/17): shaders left to compile 1
[2026.01.06-13.40.07:484][386]LogShaderCompilers: Display: Started 8 'Local' shader compile jobs with 'Normal' priority
[2026.01.06-13.40.07:484][386]LogShaderCompilers: Display: Started 2 'Local' shader compile jobs with 'ForceLocal' priority
[2026.01.06-13.40.08:810][543]MaterialEditorStats: Base pass shader: 119 instructions
[2026.01.06-13.40.08:810][543]MaterialEditorStats: Base pass shader with Volumetric Lightmap: 193 instructions
[2026.01.06-13.40.08:810][543]MaterialEditorStats: Base pass vertex shader: 42 instructions
[2026.01.06-13.40.08:810][543]MaterialEditorStats: Texture samplers: 2/16
[2026.01.06-13.40.13:385][ 80]LogMaterial: Display: Missing cached shadermap for M_Glaz in PCD3D_SM5, Default, SM5 (DDC key hash: C070A2D4D103188BF01912B3D2CCA81335E4B708), compiling. 
[2026.01.06-13.40.13:386][ 80]LogMaterial: Display: Missing cached shadermap for FMatExpressionPreview MaterialExpressionConstant3Vector_0 in PCD3D_SM5, Default, SM5 (DDC key hash: 2956D57E42A0ABE19CC5B88F66C765BD358453EB), compiling. 
[2026.01.06-13.40.13:387][ 80]MaterialEditorStats: Texture samplers: 0/16
[2026.01.06-13.40.13:390][ 81]LogShaderCompilers: Display: Submitted 2 shader compile jobs with 'ForceLocal' priority
[2026.01.06-13.40.13:396][ 82]LogShaderCompilers: Display: Submitted 8 shader compile jobs with 'Normal' priority
[2026.01.06-13.40.13:396][ 82]LogShaderCompilers: Display: Worker (1/17): shaders left to compile 2
[2026.01.06-13.40.13:396][ 82]LogShaderCompilers: Display: Worker (2/17): shaders left to compile 1
[2026.01.06-13.40.13:396][ 82]LogShaderCompilers: Display: Worker (3/17): shaders left to compile 8
[2026.01.06-13.40.13:396][ 82]LogShaderCompilers: Display: Worker (4/17): shaders left to compile 7
[2026.01.06-13.40.13:396][ 82]LogShaderCompilers: Display: Worker (5/17): shaders left to compile 6
[2026.01.06-13.40.13:396][ 82]LogShaderCompilers: Display: Worker (6/17): shaders left to compile 5
[2026.01.06-13.40.13:396][ 82]LogShaderCompilers: Display: Worker (7/17): shaders left to compile 4
[2026.01.06-13.40.13:396][ 82]LogShaderCompilers: Display: Worker (8/17): shaders left to compile 3
[2026.01.06-13.40.13:396][ 82]LogShaderCompilers: Display: Worker (9/17): shaders left to compile 2
[2026.01.06-13.40.13:396][ 82]LogShaderCompilers: Display: Worker (10/17): shaders left to compile 1
[2026.01.06-13.40.13:396][ 82]LogShaderCompilers: Display: Started 8 'Local' shader compile jobs with 'Normal' priority
[2026.01.06-13.40.13:396][ 82]LogShaderCompilers: Display: Started 2 'Local' shader compile jobs with 'ForceLocal' priority
[2026.01.06-13.40.13:398][ 82]LogShaderCompilers: Display: Submitted 2 shader compile jobs with 'ForceLocal' priority
[2026.01.06-13.40.13:407][ 83]LogShaderCompilers: Display: Worker (11/17): shaders left to compile 2
[2026.01.06-13.40.13:407][ 83]LogShaderCompilers: Display: Worker (12/17): shaders left to compile 1
[2026.01.06-13.40.13:407][ 83]LogShaderCompilers: Display: Started 2 'Local' shader compile jobs with 'ForceLocal' priority
[2026.01.06-13.40.13:927][141]MaterialEditorStats: Texture samplers: 2/16
[2026.01.06-13.40.14:103][162]MaterialEditorStats: Base pass shader: 119 instructions
[2026.01.06-13.40.14:103][162]MaterialEditorStats: Base pass shader with Volumetric Lightmap: 193 instructions
[2026.01.06-13.40.14:103][162]MaterialEditorStats: Base pass vertex shader: 42 instructions
[2026.01.06-13.40.14:103][162]MaterialEditorStats: Texture samplers: 2/16
[2026.01.06-13.40.15:521][321]LogMaterial: Display: Missing cached shadermap for M_Glaz in PCD3D_SM5, Default, SM5 (DDC key hash: 9C2B2056AAE247033BF83934AD654E8EEAB5CFAF), compiling. 
[2026.01.06-13.40.15:522][321]LogMaterial: Display: Missing cached shadermap for FMatExpressionPreview MaterialExpressionConstant3Vector_0 in PCD3D_SM5, Default, SM5 (DDC key hash: 38AAB0C3AEB1DF2843E9FE3D8F8963E2789A92EC), compiling. 
[2026.01.06-13.40.15:523][321]MaterialEditorStats: Texture samplers: 0/16
[2026.01.06-13.40.15:526][322]LogShaderCompilers: Display: Submitted 2 shader compile jobs with 'ForceLocal' priority
[2026.01.06-13.40.15:531][323]LogShaderCompilers: Display: Submitted 8 shader compile jobs with 'Normal' priority
[2026.01.06-13.40.15:531][323]LogShaderCompilers: Display: Worker (1/17): shaders left to compile 2
[2026.01.06-13.40.15:531][323]LogShaderCompilers: Display: Worker (2/17): shaders left to compile 1
[2026.01.06-13.40.15:531][323]LogShaderCompilers: Display: Worker (3/17): shaders left to compile 8
[2026.01.06-13.40.15:531][323]LogShaderCompilers: Display: Worker (4/17): shaders left to compile 7
[2026.01.06-13.40.15:531][323]LogShaderCompilers: Display: Worker (5/17): shaders left to compile 6
[2026.01.06-13.40.15:531][323]LogShaderCompilers: Display: Worker (6/17): shaders left to compile 5
[2026.01.06-13.40.15:531][323]LogShaderCompilers: Display: Worker (7/17): shaders left to compile 4
[2026.01.06-13.40.15:531][323]LogShaderCompilers: Display: Worker (8/17): shaders left to compile 3
[2026.01.06-13.40.15:531][323]LogShaderCompilers: Display: Worker (9/17): shaders left to compile 2
[2026.01.06-13.40.15:531][323]LogShaderCompilers: Display: Worker (10/17): shaders left to compile 1
[2026.01.06-13.40.15:531][323]LogShaderCompilers: Display: Started 8 'Local' shader compile jobs with 'Normal' priority
[2026.01.06-13.40.15:531][323]LogShaderCompilers: Display: Started 2 'Local' shader compile jobs with 'ForceLocal' priority
[2026.01.06-13.40.15:534][323]LogShaderCompilers: Display: Submitted 2 shader compile jobs with 'ForceLocal' priority
[2026.01.06-13.40.15:550][325]LogShaderCompilers: Display: Worker (11/17): shaders left to compile 2
[2026.01.06-13.40.15:550][325]LogShaderCompilers: Display: Worker (12/17): shaders left to compile 1
[2026.01.06-13.40.15:550][325]LogShaderCompilers: Display: Started 2 'Local' shader compile jobs with 'ForceLocal' priority
[2026.01.06-13.40.16:103][387]MaterialEditorStats: Texture samplers: 2/16
[2026.01.06-13.40.16:277][408]MaterialEditorStats: Base pass shader: 119 instructions
[2026.01.06-13.40.16:277][408]MaterialEditorStats: Base pass shader with Volumetric Lightmap: 193 instructions
[2026.01.06-13.40.16:277][408]MaterialEditorStats: Base pass vertex shader: 42 instructions
[2026.01.06-13.40.16:277][408]MaterialEditorStats: Texture samplers: 2/16
[2026.01.06-13.40.17:567][559]LogMaterial: Display: Missing cached shadermap for M_Glaz in PCD3D_SM5, Default, SM5 (DDC key hash: CB67B08772C88B63C1F98A014BCAA976D799E49B), compiling. 
[2026.01.06-13.40.17:568][559]LogMaterial: Display: Missing cached shadermap for FMatExpressionPreview MaterialExpressionConstant3Vector_0 in PCD3D_SM5, Default, SM5 (DDC key hash: CBA0C36B86DACC274A84D557F205FBAD8DC31013), compiling. 
[2026.01.06-13.40.17:569][559]LogSlate: Window 'Color Picker' being destroyed
[2026.01.06-13.40.17:574][559]MaterialEditorStats: Texture samplers: 0/16
[2026.01.06-13.40.17:586][561]MaterialEditorStats: Texture samplers: 2/16
[2026.01.06-13.40.17:594][562]MaterialEditorStats: Base pass shader: 119 instructions
[2026.01.06-13.40.17:594][562]MaterialEditorStats: Base pass shader with Volumetric Lightmap: 193 instructions
[2026.01.06-13.40.17:594][562]MaterialEditorStats: Base pass vertex shader: 42 instructions
[2026.01.06-13.40.17:594][562]MaterialEditorStats: Texture samplers: 2/16
[2026.01.06-13.40.22:384][131]LogMaterial: Display: Missing cached shadermap for M_Glaz in PCD3D_SM5, Default, SM5 (DDC key hash: 272981D954ED9B4EAFD7DA9C0290534B6DB8D3C6), compiling. 
[2026.01.06-13.40.22:385][131]LogMaterial: Display: Missing cached shadermap for M_Glaz in PCD3D_SM5, Default, SM5 (DDC key hash: CDE2D931D7613277561549A032E6480FFE0838CC), compiling. 
[2026.01.06-13.40.22:386][131]MaterialEditorStats: Texture samplers: 0/16
[2026.01.06-13.40.22:389][132]LogShaderCompilers: Display: Submitted 2 shader compile jobs with 'ForceLocal' priority
[2026.01.06-13.40.22:394][133]LogShaderCompilers: Display: Submitted 8 shader compile jobs with 'Normal' priority
[2026.01.06-13.40.22:394][133]LogShaderCompilers: Display: Worker (1/17): shaders left to compile 2
[2026.01.06-13.40.22:394][133]LogShaderCompilers: Display: Worker (2/17): shaders left to compile 1
[2026.01.06-13.40.22:394][133]LogShaderCompilers: Display: Worker (3/17): shaders left to compile 8
[2026.01.06-13.40.22:394][133]LogShaderCompilers: Display: Worker (4/17): shaders left to compile 7
[2026.01.06-13.40.22:394][133]LogShaderCompilers: Display: Worker (5/17): shaders left to compile 6
[2026.01.06-13.40.22:394][133]LogShaderCompilers: Display: Worker (6/17): shaders left to compile 5
[2026.01.06-13.40.22:394][133]LogShaderCompilers: Display: Worker (7/17): shaders left to compile 4
[2026.01.06-13.40.22:394][133]LogShaderCompilers: Display: Worker (8/17): shaders left to compile 3
[2026.01.06-13.40.22:394][133]LogShaderCompilers: Display: Worker (9/17): shaders left to compile 2
[2026.01.06-13.40.22:394][133]LogShaderCompilers: Display: Worker (10/17): shaders left to compile 1
[2026.01.06-13.40.22:394][133]LogShaderCompilers: Display: Started 8 'Local' shader compile jobs with 'Normal' priority
[2026.01.06-13.40.22:394][133]LogShaderCompilers: Display: Started 2 'Local' shader compile jobs with 'ForceLocal' priority
[2026.01.06-13.40.22:942][195]MaterialEditorStats: Texture samplers: 2/16
[2026.01.06-13.40.23:042][207]MaterialEditorStats: Base pass shader: 119 instructions
[2026.01.06-13.40.23:042][207]MaterialEditorStats: Base pass shader with Volumetric Lightmap: 193 instructions
[2026.01.06-13.40.23:042][207]MaterialEditorStats: Base pass vertex shader: 42 instructions
[2026.01.06-13.40.23:042][207]MaterialEditorStats: Texture samplers: 2/16
[2026.01.06-13.40.23:691][285]LogMaterialEditor: Saving and Compiling material M_Glaz
[2026.01.06-13.40.26:094][285]LogMaterial: Display: Missing cached shadermap for M_Glaz in PCD3D_SM5, Default, SM5 (DDC key hash: 0B382DC616868C0F8E65D357247525FE57F889DE), compiling. 
[2026.01.06-13.40.26:123][285]LogMaterial: Display: Missing cached shadermap for M_Glaz in PCD3D_SM5, Default, SM5 (DDC key hash: 7FB8058506599F30632B9F03A9DCB267F7E3F2A0), compiling. 
[2026.01.06-13.40.26:143][285]LogShaderCompilers: Display: Submitted 2 shader compile jobs with 'Normal' priority
[2026.01.06-13.40.26:144][285]LogShaderCompilers: Display: Submitted 4 shader compile jobs with 'Normal' priority
[2026.01.06-13.40.26:147][285]LogShaderCompilers: Display: Worker (1/17): shaders left to compile 6
[2026.01.06-13.40.26:147][285]LogShaderCompilers: Display: Worker (2/17): shaders left to compile 5
[2026.01.06-13.40.26:147][285]LogShaderCompilers: Display: Worker (3/17): shaders left to compile 4
[2026.01.06-13.40.26:147][285]LogShaderCompilers: Display: Worker (4/17): shaders left to compile 3
[2026.01.06-13.40.26:147][285]LogShaderCompilers: Display: Worker (5/17): shaders left to compile 2
[2026.01.06-13.40.26:147][285]LogShaderCompilers: Display: Worker (6/17): shaders left to compile 1
[2026.01.06-13.40.26:147][285]LogShaderCompilers: Display: Started 6 'Local' shader compile jobs with 'Normal' priority
[2026.01.06-13.40.26:159][285]LogUObjectHash: Compacting FUObjectHashTables data took   2.36ms
[2026.01.06-13.40.26:385][285]LogUObjectHash: Compacting FUObjectHashTables data took   0.42ms
[2026.01.06-13.40.26:565][285]Cmd: OBJ SAVEPACKAGE PACKAGE="/Game/Enemy/M_Glaz" FILE="D:/Artemii/Game/Game/Content/Enemy/M_Glaz.uasset" SILENT=true
[2026.01.06-13.40.26:576][285]LogSavePackage: Moving 'D:/Artemii/Game/Game/Saved/M_Glaz74CE896D4D89ADBBEA1762953E854715.tmp' to 'D:/Artemii/Game/Game/Content/Enemy/M_Glaz.uasset'
[2026.01.06-13.40.26:593][285]AssetCheck: New page: Asset Save: M_Glaz
[2026.01.06-13.40.26:593][285]LogContentValidation: Display: Validating Material /Game/Enemy/M_Glaz.M_Glaz
[2026.01.06-13.40.26:594][285]MaterialEditorStats: Base pass shader: 119 instructions
[2026.01.06-13.40.26:594][285]MaterialEditorStats: Base pass shader with Volumetric Lightmap: 193 instructions
[2026.01.06-13.40.26:594][285]MaterialEditorStats: Base pass vertex shader: 42 instructions
[2026.01.06-13.40.26:594][285]MaterialEditorStats: Texture samplers: 3/16
[2026.01.06-13.40.27:851][422]LogTemp: Repeating last play command: Selected Viewport
[2026.01.06-13.40.27:855][422]BlueprintLog: New page: Pre-Play auto-recompile
[2026.01.06-13.40.27:856][422]LogPlayLevel: [PlayLevel] Compiling BP_Enemy before play...
[2026.01.06-13.40.27:912][422]LogUObjectHash: Compacting FUObjectHashTables data took   1.41ms
[2026.01.06-13.40.27:912][422]LogPlayLevel: PlayLevel: Blueprint regeneration took 57 ms (1 blueprints)
[2026.01.06-13.40.27:915][422]PIE: New page: PIE session: 01Gameplay (6 січ. 2026 р., 17:40:27)
[2026.01.06-13.40.27:916][422]LogOnline: OSS: Creating online subsystem instance for: NULL
[2026.01.06-13.40.27:917][422]LogOnline: OSS: TryLoadSubsystemAndSetDefault: Loaded subsystem for module [NULL]
[2026.01.06-13.40.27:917][422]LogPlayLevel: Creating play world package: /Game/Maps/UEDPIE_0_01Gameplay
[2026.01.06-13.40.27:930][422]LogPlayLevel: PIE: StaticDuplicateObject took: (0.012517s)
[2026.01.06-13.40.27:930][422]LogAIModule: Creating AISystem for world 01Gameplay
[2026.01.06-13.40.27:931][422]LogPlayLevel: PIE: World Init took: (0.000655s)
[2026.01.06-13.40.27:931][422]LogPlayLevel: PIE: Created PIE world by copying editor world from /Game/Maps/01Gameplay.01Gameplay to /Game/Maps/UEDPIE_0_01Gameplay.01Gameplay (0.013261s)
[2026.01.06-13.40.27:944][422]LogUObjectHash: Compacting FUObjectHashTables data took   0.99ms
[2026.01.06-13.40.27:945][422]LogAudio: Display: Creating Audio Device:                 Id: 2, Scope: Unique, Realtime: True
[2026.01.06-13.40.27:945][422]LogAudioMixer: Display: Audio Mixer Platform Settings:
[2026.01.06-13.40.27:945][422]LogAudioMixer: Display: 	Sample Rate:						  48000
[2026.01.06-13.40.27:945][422]LogAudioMixer: Display: 	Callback Buffer Frame Size Requested: 1024
[2026.01.06-13.40.27:945][422]LogAudioMixer: Display: 	Callback Buffer Frame Size To Use:	  1024
[2026.01.06-13.40.27:945][422]LogAudioMixer: Display: 	Number of buffers to queue:			  2
[2026.01.06-13.40.27:945][422]LogAudioMixer: Display: 	Max Channels (voices):				  32
[2026.01.06-13.40.27:945][422]LogAudioMixer: Display: 	Number of Async Source Workers:		  0
[2026.01.06-13.40.27:945][422]LogAudio: Display: AudioDevice MaxSources: 32
[2026.01.06-13.40.27:945][422]LogAudio: Display: Audio Spatialization Plugin: None (built-in).
[2026.01.06-13.40.27:945][422]LogAudio: Display: Audio Reverb Plugin: None (built-in).
[2026.01.06-13.40.27:945][422]LogAudio: Display: Audio Occlusion Plugin: None (built-in).
[2026.01.06-13.40.27:945][422]LogAudioMixer: Display: Initializing audio mixer.
[2026.01.06-13.40.27:948][422]LogAudioMixer: Display: 0: FrontLeft
[2026.01.06-13.40.27:948][422]LogAudioMixer: Display: 1: FrontRight
[2026.01.06-13.40.27:957][422]LogAudioMixer: Display: Using Audio Device Speakers (Realtek(R) Audio)
[2026.01.06-13.40.27:957][422]LogAudioMixer: Display: Initializing Sound Submixes...
[2026.01.06-13.40.27:957][422]LogAudioMixer: Display: Creating Master Submix 'MasterSubmixDefault'
[2026.01.06-13.40.27:957][422]LogAudioMixer: Display: Creating Master Submix 'MasterReverbSubmixDefault'
[2026.01.06-13.40.27:958][422]LogAudioMixer: Display: Creating Master Submix 'MasterEQSubmixDefault'
[2026.01.06-13.40.27:958][422]LogAudioMixer: FMixerPlatformXAudio2::StartAudioStream() called
[2026.01.06-13.40.27:958][422]LogAudioMixer: Display: Output buffers initialized: Frames=1024, Channels=2, Samples=2048
[2026.01.06-13.40.27:958][422]LogAudioMixer: Display: Starting AudioMixerPlatformInterface::RunInternal()
[2026.01.06-13.40.27:958][422]LogAudioMixer: Display: FMixerPlatformXAudio2::SubmitBuffer() called for the first time
[2026.01.06-13.40.27:958][422]LogInit: FAudioDevice initialized.
[2026.01.06-13.40.27:958][422]LogAudio: Display: Audio Device (ID: 2) registered with world '01Gameplay'.
[2026.01.06-13.40.27:963][422]LogLoad: Game class is 'BP_Gameplay_GameMode_C'
[2026.01.06-13.40.27:969][422]LogWorld: Bringing World /Game/Maps/UEDPIE_0_01Gameplay.01Gameplay up for play (max tick rate 0) at 2026.01.06-15.40.27
[2026.01.06-13.40.27:969][422]LogWorld: Bringing up level for play took: 0.001777
[2026.01.06-13.40.27:969][422]LogOnline: OSS: Creating online subsystem instance for: :Context_10
[2026.01.06-13.40.27:986][422]LogNativeClassHierarchy: Verbose: Native class hierarchy updated for 'MovieSceneCapture' in 0.0002 seconds. Added 20 classes and 0 folders.
[2026.01.06-13.40.28:019][422]PIE: Server logged in
[2026.01.06-13.40.28:021][422]PIE: Play in editor total start time 0,167 seconds.
[2026.01.06-13.40.32:736][954]LogSlate: Updating window title bar state: overlay mode, drag disabled, window buttons hidden, title bar hidden
[2026.01.06-13.40.32:736][954]LogWorld: BeginTearingDown for /Game/Maps/UEDPIE_0_01Gameplay
[2026.01.06-13.40.32:737][954]LogWorld: UWorld::CleanupWorld for 01Gameplay, bSessionEnded=true, bCleanupResources=true
[2026.01.06-13.40.32:737][954]LogSlate: InvalidateAllWidgets triggered.  All widgets were invalidated
[2026.01.06-13.40.33:474][954]LogPlayLevel: Display: Shutting down PIE online subsystems
[2026.01.06-13.40.33:482][954]LogSlate: InvalidateAllWidgets triggered.  All widgets were invalidated
[2026.01.06-13.40.33:509][954]LogSlate: Updating window title bar state: overlay mode, drag disabled, window buttons hidden, title bar hidden
[2026.01.06-13.40.33:513][954]LogAudioMixer: FMixerPlatformXAudio2::StopAudioStream() called
[2026.01.06-13.40.33:514][954]LogAudioMixer: FMixerPlatformXAudio2::StopAudioStream() called
[2026.01.06-13.40.33:528][954]LogUObjectHash: Compacting FUObjectHashTables data took   1.93ms
[2026.01.06-13.40.33:552][955]LogPlayLevel: Display: Destroying online subsystem :Context_10
[2026.01.06-13.41.02:903][833]LogMaterial: Display: Missing cached shadermap for M_Glaz in PCD3D_SM5, Default, SM5 (DDC key hash: B1F6F16A0527060EC0EEC2861B4DB6A0E17AA464), compiling. 
[2026.01.06-13.41.02:904][833]MaterialEditorStats: Texture samplers: 0/16
[2026.01.06-13.41.02:922][835]MaterialEditorStats: Base pass shader: 119 instructions
[2026.01.06-13.41.02:922][835]MaterialEditorStats: Base pass shader with Volumetric Lightmap: 193 instructions
[2026.01.06-13.41.02:922][835]MaterialEditorStats: Base pass vertex shader: 42 instructions
[2026.01.06-13.41.02:922][835]MaterialEditorStats: Texture samplers: 2/16
[2026.01.06-13.41.05:143][101]LogMaterial: Display: Missing cached shadermap for M_Glaz in PCD3D_SM5, Default, SM5 (DDC key hash: 5FC48450960085930DE0620A8F16EC88959D2126), compiling. 
[2026.01.06-13.41.05:144][101]MaterialEditorStats: Texture samplers: 0/16
[2026.01.06-13.41.05:179][103]MaterialEditorStats: Base pass shader: 119 instructions
[2026.01.06-13.41.05:179][103]MaterialEditorStats: Base pass shader with Volumetric Lightmap: 193 instructions
[2026.01.06-13.41.05:179][103]MaterialEditorStats: Base pass vertex shader: 42 instructions
[2026.01.06-13.41.05:179][103]MaterialEditorStats: Texture samplers: 2/16
[2026.01.06-13.41.39:655][295]LogMaterial: Display: Missing cached shadermap for M_Glaz in PCD3D_SM5, Default, SM5 (DDC key hash: 00FC5A4BC5B37768A35E973C739679221089BFD9), compiling. 
[2026.01.06-13.41.39:657][295]MaterialEditorStats: Texture samplers: 0/16
[2026.01.06-13.41.39:675][297]MaterialEditorStats: Base pass shader: 119 instructions
[2026.01.06-13.41.39:675][297]MaterialEditorStats: Base pass shader with Volumetric Lightmap: 193 instructions
[2026.01.06-13.41.39:675][297]MaterialEditorStats: Base pass vertex shader: 42 instructions
[2026.01.06-13.41.39:675][297]MaterialEditorStats: Texture samplers: 2/16
[2026.01.06-13.41.45:374][976]LogMaterial: Display: Missing cached shadermap for M_Glaz in PCD3D_SM5, Default, SM5 (DDC key hash: 6B8C36017E0415CF332B88232C05608B1AB2FA75), compiling. 
[2026.01.06-13.41.45:375][976]MaterialEditorStats: Texture samplers: 0/16
[2026.01.06-13.41.45:414][978]MaterialEditorStats: Base pass shader: 119 instructions
[2026.01.06-13.41.45:414][978]MaterialEditorStats: Base pass shader with Volumetric Lightmap: 193 instructions
[2026.01.06-13.41.45:414][978]MaterialEditorStats: Base pass vertex shader: 42 instructions
[2026.01.06-13.41.45:414][978]MaterialEditorStats: Texture samplers: 2/16
[2026.01.06-13.41.49:544][471]LogMaterial: Display: Missing cached shadermap for M_Glaz in PCD3D_SM5, Default, SM5 (DDC key hash: A6F50168BC97D8695402C49CAD96A732318CF62C), compiling. 
[2026.01.06-13.41.49:545][471]MaterialEditorStats: Texture samplers: 0/16
[2026.01.06-13.41.49:562][473]MaterialEditorStats: Base pass shader: 119 instructions
[2026.01.06-13.41.49:562][473]MaterialEditorStats: Base pass shader with Volumetric Lightmap: 193 instructions
[2026.01.06-13.41.49:562][473]MaterialEditorStats: Base pass vertex shader: 42 instructions
[2026.01.06-13.41.49:562][473]MaterialEditorStats: Texture samplers: 2/16
[2026.01.06-13.41.52:599][836]LogMaterial: Display: Missing cached shadermap for M_Glaz in PCD3D_SM5, Default, SM5 (DDC key hash: 20F2ACDC7EB16CB4C338D54B9E76BBE60383D348), compiling. 
[2026.01.06-13.41.52:600][836]MaterialEditorStats: Texture samplers: 0/16
[2026.01.06-13.41.52:620][838]MaterialEditorStats: Base pass shader: 119 instructions
[2026.01.06-13.41.52:620][838]MaterialEditorStats: Base pass shader with Volumetric Lightmap: 193 instructions
[2026.01.06-13.41.52:620][838]MaterialEditorStats: Base pass vertex shader: 42 instructions
[2026.01.06-13.41.52:620][838]MaterialEditorStats: Texture samplers: 2/16
[2026.01.06-13.42.04:390][220]LogMaterial: Display: Missing cached shadermap for M_Glaz in PCD3D_SM5, Default, SM5 (DDC key hash: E745AC05C67235AD1CD53AE3EFC9B630F50E9B06), compiling. 
[2026.01.06-13.42.04:392][220]MaterialEditorStats: Texture samplers: 0/16
[2026.01.06-13.42.04:395][221]LogShaderCompilers: Display: Submitted 2 shader compile jobs with 'ForceLocal' priority
[2026.01.06-13.42.04:399][222]LogShaderCompilers: Display: Worker (1/17): shaders left to compile 2
[2026.01.06-13.42.04:399][222]LogShaderCompilers: Display: Worker (2/17): shaders left to compile 1
[2026.01.06-13.42.04:399][222]LogShaderCompilers: Display: Started 2 'Local' shader compile jobs with 'ForceLocal' priority
[2026.01.06-13.42.04:399][222]LogShaderCompilers: Display: Submitted 8 shader compile jobs with 'Normal' priority
[2026.01.06-13.42.04:411][223]LogShaderCompilers: Display: Worker (3/17): shaders left to compile 8
[2026.01.06-13.42.04:411][223]LogShaderCompilers: Display: Worker (4/17): shaders left to compile 7
[2026.01.06-13.42.04:411][223]LogShaderCompilers: Display: Worker (5/17): shaders left to compile 6
[2026.01.06-13.42.04:411][223]LogShaderCompilers: Display: Worker (6/17): shaders left to compile 5
[2026.01.06-13.42.04:411][223]LogShaderCompilers: Display: Worker (7/17): shaders left to compile 4
[2026.01.06-13.42.04:411][223]LogShaderCompilers: Display: Worker (8/17): shaders left to compile 3
[2026.01.06-13.42.04:411][223]LogShaderCompilers: Display: Worker (9/17): shaders left to compile 2
[2026.01.06-13.42.04:411][223]LogShaderCompilers: Display: Worker (10/17): shaders left to compile 1
[2026.01.06-13.42.04:411][223]LogShaderCompilers: Display: Started 8 'Local' shader compile jobs with 'Normal' priority
[2026.01.06-13.42.04:999][279]MaterialEditorStats: Texture samplers: 2/16
[2026.01.06-13.42.05:141][296]MaterialEditorStats: Base pass shader: 118 instructions
[2026.01.06-13.42.05:141][296]MaterialEditorStats: Base pass shader with Volumetric Lightmap: 192 instructions
[2026.01.06-13.42.05:141][296]MaterialEditorStats: Base pass vertex shader: 42 instructions
[2026.01.06-13.42.05:141][296]MaterialEditorStats: Texture samplers: 2/16
[2026.01.06-13.42.07:024][520]LogMaterial: Display: Missing cached shadermap for M_Glaz in PCD3D_SM5, Default, SM5 (DDC key hash: A7C60E25B20BC6BFF6E5429A19FAA6C5BB5858F1), compiling. 
[2026.01.06-13.42.07:025][520]LogMaterial: Display: Missing cached shadermap for FMatExpressionPreview MaterialExpressionVectorParameter_0 in PCD3D_SM5, Default, SM5 (DDC key hash: 42F2E9CC87880761F6C6D9DA3297440FDE3F752B), compiling. 
[2026.01.06-13.42.07:026][520]LogMaterial: Display: Missing cached shadermap for M_Glaz in PCD3D_SM5, Default, SM5 (DDC key hash: 3CEB6852AF89A27D6345DE79B50909B288258C2B), compiling. 
[2026.01.06-13.42.07:027][520]LogMaterial: Display: Missing cached shadermap for FMatExpressionPreview MaterialExpressionVectorParameter_0 in PCD3D_SM5, Default, SM5 (DDC key hash: 7EDE6F093D1BD79CF07160E95132FB3BEA47E6CD), compiling. 
[2026.01.06-13.42.07:029][520]MaterialEditorStats: Texture samplers: 0/16
[2026.01.06-13.42.07:063][521]LogShaderCompilers: Display: Submitted 2 shader compile jobs with 'ForceLocal' priority
[2026.01.06-13.42.07:063][521]LogShaderCompilers: Display: Submitted 8 shader compile jobs with 'Normal' priority
[2026.01.06-13.42.07:063][521]LogShaderCompilers: Display: Worker (1/17): shaders left to compile 2
[2026.01.06-13.42.07:063][521]LogShaderCompilers: Display: Worker (2/17): shaders left to compile 1
[2026.01.06-13.42.07:063][521]LogShaderCompilers: Display: Worker (3/17): shaders left to compile 8
[2026.01.06-13.42.07:063][521]LogShaderCompilers: Display: Worker (4/17): shaders left to compile 7
[2026.01.06-13.42.07:063][521]LogShaderCompilers: Display: Worker (5/17): shaders left to compile 6
[2026.01.06-13.42.07:063][521]LogShaderCompilers: Display: Worker (6/17): shaders left to compile 5
[2026.01.06-13.42.07:063][521]LogShaderCompilers: Display: Worker (7/17): shaders left to compile 4
[2026.01.06-13.42.07:063][521]LogShaderCompilers: Display: Worker (8/17): shaders left to compile 3
[2026.01.06-13.42.07:063][521]LogShaderCompilers: Display: Worker (9/17): shaders left to compile 2
[2026.01.06-13.42.07:063][521]LogShaderCompilers: Display: Worker (10/17): shaders left to compile 1
[2026.01.06-13.42.07:063][521]LogShaderCompilers: Display: Started 8 'Local' shader compile jobs with 'Normal' priority
[2026.01.06-13.42.07:063][521]LogShaderCompilers: Display: Started 2 'Local' shader compile jobs with 'ForceLocal' priority
[2026.01.06-13.42.07:071][522]LogShaderCompilers: Display: Submitted 2 shader compile jobs with 'ForceLocal' priority
[2026.01.06-13.42.07:071][522]LogShaderCompilers: Display: Worker (11/17): shaders left to compile 2
[2026.01.06-13.42.07:071][522]LogShaderCompilers: Display: Worker (12/17): shaders left to compile 1
[2026.01.06-13.42.07:071][522]LogShaderCompilers: Display: Started 2 'Local' shader compile jobs with 'ForceLocal' priority
[2026.01.06-13.42.07:582][579]MaterialEditorStats: Texture samplers: 2/16
[2026.01.06-13.42.07:724][596]MaterialEditorStats: Base pass shader: 119 instructions
[2026.01.06-13.42.07:724][596]MaterialEditorStats: Base pass shader with Volumetric Lightmap: 193 instructions
[2026.01.06-13.42.07:725][596]MaterialEditorStats: Base pass vertex shader: 42 instructions
[2026.01.06-13.42.07:725][596]MaterialEditorStats: Texture samplers: 2/16
[2026.01.06-13.42.17:583][763]LogSlate: Window 'Color Picker' being destroyed
[2026.01.06-13.42.20:714][126]LogMaterial: Display: Missing cached shadermap for M_Glaz in PCD3D_SM5, Default, SM5 (DDC key hash: 3CFA68BF5A59BAF38BB448250BF9DA1F2C42360F), compiling. 
[2026.01.06-13.42.20:715][126]LogMaterial: Display: Missing cached shadermap for FMatExpressionPreview MaterialExpressionVectorParameter_0 in PCD3D_SM5, Default, SM5 (DDC key hash: B217A508103CBEAC3DDC1FF20B5189F45E53E7F1), compiling. 
[2026.01.06-13.42.20:716][126]MaterialEditorStats: Texture samplers: 0/16
[2026.01.06-13.42.20:730][128]MaterialEditorStats: Base pass shader: 119 instructions
[2026.01.06-13.42.20:730][128]MaterialEditorStats: Base pass shader with Volumetric Lightmap: 193 instructions
[2026.01.06-13.42.20:730][128]MaterialEditorStats: Base pass vertex shader: 42 instructions
[2026.01.06-13.42.20:730][128]MaterialEditorStats: Texture samplers: 2/16
[2026.01.06-13.42.22:223][303]LogMaterial: Display: Missing cached shadermap for M_Glaz in PCD3D_SM5, Default, SM5 (DDC key hash: B41911101886340D593293FDECDA980ED240DA50), compiling. 
[2026.01.06-13.42.22:224][303]LogMaterial: Display: Missing cached shadermap for FMatExpressionPreview MaterialExpressionVectorParameter_0 in PCD3D_SM5, Default, SM5 (DDC key hash: 617272AA1A6B70BFC5A39CE9C46469D1CBC4D881), compiling. 
[2026.01.06-13.42.22:225][303]LogSlate: Window 'Color Picker' being destroyed
[2026.01.06-13.42.22:229][303]MaterialEditorStats: Texture samplers: 0/16
[2026.01.06-13.42.22:241][305]MaterialEditorStats: Texture samplers: 2/16
[2026.01.06-13.42.22:250][306]MaterialEditorStats: Base pass shader: 119 instructions
[2026.01.06-13.42.22:250][306]MaterialEditorStats: Base pass shader with Volumetric Lightmap: 193 instructions
[2026.01.06-13.42.22:250][306]MaterialEditorStats: Base pass vertex shader: 42 instructions
[2026.01.06-13.42.22:250][306]MaterialEditorStats: Texture samplers: 2/16
[2026.01.06-13.42.29:421][166]LogMaterial: Display: Missing cached shadermap for M_Glaz in PCD3D_SM5, Default, SM5 (DDC key hash: 652016F02907276FBF0B778A449549DEA5EBD79D), compiling. 
[2026.01.06-13.42.29:422][166]MaterialEditorStats: Texture samplers: 0/16
[2026.01.06-13.42.29:445][167]LogShaderCompilers: Display: === FShaderJobCache stats ===
[2026.01.06-13.42.29:445][167]LogShaderCompilers: Display: Total job queries 370, among them cache hits 198 (53.51%)
[2026.01.06-13.42.29:445][167]LogShaderCompilers: Display: Tracking 162 distinct input hashes that result in 99 distinct outputs (61.11%)
[2026.01.06-13.42.29:445][167]LogShaderCompilers: Display: RAM used: 0.62 MB (0.00 GB) of 1638.40 MB (1.60 GB) budget. Usage: 0.04%
[2026.01.06-13.42.29:445][167]LogShaderCompilers: Display: ================================================
[2026.01.06-13.42.29:449][168]MaterialEditorStats: Base pass shader: 118 instructions
[2026.01.06-13.42.29:449][168]MaterialEditorStats: Base pass shader with Volumetric Lightmap: 192 instructions
[2026.01.06-13.42.29:449][168]MaterialEditorStats: Base pass vertex shader: 42 instructions
[2026.01.06-13.42.29:449][168]MaterialEditorStats: Texture samplers: 2/16
[2026.01.06-13.42.32:057][478]LogMaterial: Display: Missing cached shadermap for M_Glaz in PCD3D_SM5, Default, SM5 (DDC key hash: F36DF55BB035BC7C73BF1152F18B35E1F79FE5AB), compiling. 
[2026.01.06-13.42.32:059][478]MaterialEditorStats: Texture samplers: 0/16
[2026.01.06-13.42.32:073][480]MaterialEditorStats: Base pass shader: 119 instructions
[2026.01.06-13.42.32:073][480]MaterialEditorStats: Base pass shader with Volumetric Lightmap: 193 instructions
[2026.01.06-13.42.32:073][480]MaterialEditorStats: Base pass vertex shader: 42 instructions
[2026.01.06-13.42.32:073][480]MaterialEditorStats: Texture samplers: 2/16
[2026.01.06-13.42.57:268][694]LogUObjectHash: Compacting FUObjectHashTables data took   2.74ms
[2026.01.06-13.42.57:291][694]Cmd: OBJ SAVEPACKAGE PACKAGE="/Game/Maps/01Gameplay" FILE="D:/Artemii/Game/Game/Saved/Autosaves/Game/Maps/01Gameplay_Auto1.umap" SILENT=true AUTOSAVING=true KEEPDIRTY=false
[2026.01.06-13.42.57:316][694]LogSavePackage: Moving 'D:/Artemii/Game/Game/Saved/01Gameplay_Auto1927EE4974251E587CA5FBB9F92F0E6DA.tmp' to 'D:/Artemii/Game/Game/Saved/Autosaves/Game/Maps/01Gameplay_Auto1.umap'
[2026.01.06-13.42.57:317][694]LogFileHelpers: Editor autosave (incl. external actors) for '/Game/Maps/01Gameplay' took 0.080
[2026.01.06-13.42.57:317][694]LogFileHelpers: Editor autosave (incl. sublevels & external actors) for all levels took 0.080
[2026.01.06-13.42.57:317][694]OBJ SavePackage: Generating thumbnails for [2] asset(s) in package [/Game/Enemy/BP_Enemy] ([2] browsable assets)...
[2026.01.06-13.42.57:341][694]OBJ SavePackage:     Rendered thumbnail for [Blueprint /Game/Enemy/BP_Enemy.BP_Enemy]
[2026.01.06-13.42.57:341][694]OBJ SavePackage: Finished generating thumbnails for package [/Game/Enemy/BP_Enemy]
[2026.01.06-13.42.57:341][694]Cmd: OBJ SAVEPACKAGE PACKAGE="/Game/Enemy/BP_Enemy" FILE="D:/Artemii/Game/Game/Saved/Autosaves/Game/Enemy/BP_Enemy_Auto1.uasset" SILENT=false AUTOSAVING=true
[2026.01.06-13.42.57:362][694]LogSavePackage: Moving 'D:/Artemii/Game/Game/Saved/BP_Enemy_Auto1AED9C9C6496EA29B086EFD8C8BF6C7F8.tmp' to 'D:/Artemii/Game/Game/Saved/Autosaves/Game/Enemy/BP_Enemy_Auto1.uasset'
[2026.01.06-13.42.57:376][694]LogFileHelpers: Auto-saving content packages took 0.060
[2026.01.06-13.47.36:598][285]Cmd: OBJ SAVEPACKAGE PACKAGE="/Game/Maps/01Gameplay" FILE="D:/Artemii/Game/Game/Content/Maps/01Gameplay.umap" SILENT=true AUTOSAVING=false KEEPDIRTY=false
[2026.01.06-13.47.36:613][285]LogUObjectHash: Compacting FUObjectHashTables data took   1.12ms
[2026.01.06-13.47.36:638][285]LogSavePackage: Moving 'D:/Artemii/Game/Game/Saved/01Gameplay2CD3AABB47BA63714A0C3AA055030178.tmp' to 'D:/Artemii/Game/Game/Content/Maps/01Gameplay.umap'
[2026.01.06-13.47.36:660][285]Cmd: OBJ SAVEPACKAGE PACKAGE="/Game/Maps/01Gameplay_BuiltData" FILE="D:/Artemii/Game/Game/Content/Maps/01Gameplay_BuiltData.uasset" SILENT=true
[2026.01.06-13.47.36:675][285]LogSavePackage: Moving 'D:/Artemii/Game/Game/Saved/01Gameplay_BuiltData5C80D49D418977B7830C039220FD18F9.tmp' to 'D:/Artemii/Game/Game/Content/Maps/01Gameplay_BuiltData.uasset'
[2026.01.06-13.47.36:687][285]AssetCheck: New page: Asset Save: multiple assets
[2026.01.06-13.47.36:687][285]LogContentValidation: Display: Validating MapBuildDataRegistry /Game/Maps/01Gameplay_BuiltData.01Gameplay_BuiltData
[2026.01.06-13.47.36:687][285]LogContentValidation: Display: Validating World /Game/Maps/01Gameplay.01Gameplay
[2026.01.06-13.47.40:445][719]LogUObjectHash: Compacting FUObjectHashTables data took   1.25ms
[2026.01.06-13.47.44:452][719]LogSlate: Window 'Save Content' being destroyed
[2026.01.06-13.47.44:496][719]Cmd: OBJ SAVEPACKAGE PACKAGE="/Game/Enemy/BP_Enemy" FILE="D:/Artemii/Game/Game/Content/Enemy/BP_Enemy.uasset" SILENT=true
[2026.01.06-13.47.44:517][719]LogSavePackage: Moving 'D:/Artemii/Game/Game/Saved/BP_EnemyB7C094444F8C39DE4BE329B8F5AEE19A.tmp' to 'D:/Artemii/Game/Game/Content/Enemy/BP_Enemy.uasset'
[2026.01.06-13.47.44:582][719]LogAssetEditorSubsystem: Opening Asset editor for World /Game/Maps/02Boss.02Boss
[2026.01.06-13.47.44:582][719]Cmd: MAP LOAD FILE="D:/Artemii/Game/Game/Content/Maps/02Boss.umap" TEMPLATE=0 SHOWPROGRESS=1 FEATURELEVEL=3
[2026.01.06-13.47.44:582][719]LightingResults: New page: Lighting Build
[2026.01.06-13.47.44:582][719]LoadErrors: New page: Loading map: 02Boss.umap
[2026.01.06-13.47.44:630][719]LogWorld: UWorld::CleanupWorld for 01Gameplay, bSessionEnded=true, bCleanupResources=true
[2026.01.06-13.47.44:630][719]LogSlate: InvalidateAllWidgets triggered.  All widgets were invalidated
[2026.01.06-13.47.44:630][719]MapCheck: New page: Map Check
[2026.01.06-13.47.44:630][719]LightingResults: New page: Lighting Build
[2026.01.06-13.47.44:649][719]LogAudio: Display: Audio Device unregistered from world 'None'.
[2026.01.06-13.47.44:653][719]LogUObjectHash: Compacting FUObjectHashTables data took   1.74ms
[2026.01.06-13.47.44:654][719]LogAudio: Display: Audio Device (ID: 1) registered with world '02Boss'.
[2026.01.06-13.47.44:680][719]LogEditorServer: Finished looking for orphan Actors (0.000 secs)
[2026.01.06-13.47.44:680][719]LogAIModule: Creating AISystem for world 02Boss
[2026.01.06-13.47.44:699][719]LogUObjectHash: Compacting FUObjectHashTables data took   1.56ms
[2026.01.06-13.47.44:708][719]Cmd: MAP CHECKDEP NOCLEARLOG
[2026.01.06-13.47.44:708][719]MapCheck: Map check complete: 0 Error(s), 0 Warning(s), took 0,059ms to complete.
[2026.01.06-13.47.44:708][719]LogFileHelpers: Loading map '02Boss' took 0.127
[2026.01.06-13.47.44:728][719]AssetCheck: New page: Asset Save: BP_Enemy
[2026.01.06-13.47.44:728][719]LogContentValidation: Display: Validating Blueprint /Game/Enemy/BP_Enemy.BP_Enemy
[2026.01.06-13.47.47:182][997]LogTemp: Repeating last play command: Selected Viewport
[2026.01.06-13.47.47:186][997]BlueprintLog: New page: Pre-Play auto-recompile
[2026.01.06-13.47.47:187][997]LogPlayLevel: [PlayLevel] Compiling BP_Enemy before play...
[2026.01.06-13.47.47:256][997]LogUObjectHash: Compacting FUObjectHashTables data took   1.95ms
[2026.01.06-13.47.47:257][997]LogPlayLevel: PlayLevel: Blueprint regeneration took 70 ms (1 blueprints)
[2026.01.06-13.47.47:257][997]PIE: New page: PIE session: 02Boss (6 січ. 2026 р., 17:47:47)
[2026.01.06-13.47.47:289][997]LogPlayLevel: Creating play world package: /Game/Maps/UEDPIE_0_02Boss
[2026.01.06-13.47.47:297][997]LogPlayLevel: PIE: StaticDuplicateObject took: (0.007669s)
[2026.01.06-13.47.47:297][997]LogAIModule: Creating AISystem for world 02Boss
[2026.01.06-13.47.47:297][997]LogPlayLevel: PIE: World Init took: (0.000623s)
[2026.01.06-13.47.47:297][997]LogPlayLevel: PIE: Created PIE world by copying editor world from /Game/Maps/02Boss.02Boss to /Game/Maps/UEDPIE_0_02Boss.02Boss (0.008429s)
[2026.01.06-13.47.47:317][997]LogUObjectHash: Compacting FUObjectHashTables data took   1.51ms
[2026.01.06-13.47.47:317][997]LogAudio: Display: Creating Audio Device:                 Id: 3, Scope: Unique, Realtime: True
[2026.01.06-13.47.47:317][997]LogAudioMixer: Display: Audio Mixer Platform Settings:
[2026.01.06-13.47.47:317][997]LogAudioMixer: Display: 	Sample Rate:						  48000
[2026.01.06-13.47.47:317][997]LogAudioMixer: Display: 	Callback Buffer Frame Size Requested: 1024
[2026.01.06-13.47.47:317][997]LogAudioMixer: Display: 	Callback Buffer Frame Size To Use:	  1024
[2026.01.06-13.47.47:317][997]LogAudioMixer: Display: 	Number of buffers to queue:			  2
[2026.01.06-13.47.47:317][997]LogAudioMixer: Display: 	Max Channels (voices):				  32
[2026.01.06-13.47.47:317][997]LogAudioMixer: Display: 	Number of Async Source Workers:		  0
[2026.01.06-13.47.47:317][997]LogAudio: Display: AudioDevice MaxSources: 32
[2026.01.06-13.47.47:317][997]LogAudio: Display: Audio Spatialization Plugin: None (built-in).
[2026.01.06-13.47.47:317][997]LogAudio: Display: Audio Reverb Plugin: None (built-in).
[2026.01.06-13.47.47:317][997]LogAudio: Display: Audio Occlusion Plugin: None (built-in).
[2026.01.06-13.47.47:317][997]LogAudioMixer: Display: Initializing audio mixer.
[2026.01.06-13.47.47:320][997]LogAudioMixer: Display: 0: FrontLeft
[2026.01.06-13.47.47:320][997]LogAudioMixer: Display: 1: FrontRight
[2026.01.06-13.47.47:328][997]LogAudioMixer: Display: Using Audio Device Speakers (Realtek(R) Audio)
[2026.01.06-13.47.47:329][997]LogAudioMixer: Display: Initializing Sound Submixes...
[2026.01.06-13.47.47:329][997]LogAudioMixer: Display: Creating Master Submix 'MasterSubmixDefault'
[2026.01.06-13.47.47:329][997]LogAudioMixer: Display: Creating Master Submix 'MasterReverbSubmixDefault'
[2026.01.06-13.47.47:329][997]LogAudioMixer: Display: Creating Master Submix 'MasterEQSubmixDefault'
[2026.01.06-13.47.47:329][997]LogAudioMixer: FMixerPlatformXAudio2::StartAudioStream() called
[2026.01.06-13.47.47:329][997]LogAudioMixer: Display: Output buffers initialized: Frames=1024, Channels=2, Samples=2048
[2026.01.06-13.47.47:330][997]LogAudioMixer: Display: Starting AudioMixerPlatformInterface::RunInternal()
[2026.01.06-13.47.47:330][997]LogAudioMixer: Display: FMixerPlatformXAudio2::SubmitBuffer() called for the first time
[2026.01.06-13.47.47:330][997]LogInit: FAudioDevice initialized.
[2026.01.06-13.47.47:330][997]LogAudio: Display: Audio Device (ID: 3) registered with world '02Boss'.
[2026.01.06-13.47.47:334][997]LogLoad: Game class is 'BP_Gameplay_GameMode_C'
[2026.01.06-13.47.47:336][997]LogWorld: Bringing World /Game/Maps/UEDPIE_0_02Boss.02Boss up for play (max tick rate 0) at 2026.01.06-15.47.47
[2026.01.06-13.47.47:336][997]LogWorld: Bringing up level for play took: 0.001126
[2026.01.06-13.47.47:336][997]LogOnline: OSS: Creating online subsystem instance for: :Context_11
[2026.01.06-13.47.47:339][997]PIE: Server logged in
[2026.01.06-13.47.47:340][997]PIE: Play in editor total start time 0,154 seconds.
[2026.01.06-13.47.57:510][211]LogSlate: Updating window title bar state: overlay mode, drag disabled, window buttons hidden, title bar hidden
[2026.01.06-13.47.57:510][211]LogWorld: BeginTearingDown for /Game/Maps/UEDPIE_0_02Boss
[2026.01.06-13.47.57:511][211]LogWorld: UWorld::CleanupWorld for 02Boss, bSessionEnded=true, bCleanupResources=true
[2026.01.06-13.47.57:511][211]LogSlate: InvalidateAllWidgets triggered.  All widgets were invalidated
[2026.01.06-13.47.57:517][211]LogPlayLevel: Display: Shutting down PIE online subsystems
[2026.01.06-13.47.57:521][211]LogSlate: InvalidateAllWidgets triggered.  All widgets were invalidated
[2026.01.06-13.47.57:542][211]LogSlate: Updating window title bar state: overlay mode, drag disabled, window buttons hidden, title bar hidden
[2026.01.06-13.47.57:542][211]LogAudioMixer: FMixerPlatformXAudio2::StopAudioStream() called
[2026.01.06-13.47.57:543][211]LogAudioMixer: FMixerPlatformXAudio2::StopAudioStream() called
[2026.01.06-13.47.57:547][211]LogUObjectHash: Compacting FUObjectHashTables data took   1.43ms
[2026.01.06-13.47.57:590][213]LogPlayLevel: Display: Destroying online subsystem :Context_11
[2026.01.06-13.47.58:757][353]LogEditorViewport: Clicking on Actor (LMB): StaticMeshActor (Floor5)
[2026.01.06-13.48.01:415][653]LogAssetEditorSubsystem: Opening Asset editor for Material /Game/Enemy/M_Basic_Wall.M_Basic_Wall
[2026.01.06-13.48.01:416][653]LogMaterial: Display: Missing cached shadermap for M_Basic_Wall in PCD3D_SM5, Default, SM5 (DDC key hash: 8C77B68E68EEAAA3419CF9D680915056639BFE54), compiling. 
[2026.01.06-13.48.01:424][653]LogShaderCompilers: Display: Submitted 12 shader compile jobs with 'Normal' priority
[2026.01.06-13.48.01:428][653]LogTemp: Warning: SetupViewportDisplaySettings
[2026.01.06-13.48.01:461][653]LogMaterial: Display: Missing cached shadermap for M_Basic_Wall in PCD3D_SM5, Default, SM5 (DDC key hash: BEDA2A675046D123F8744A3F72373CE0BD9345B1), compiling. 
[2026.01.06-13.48.01:462][653]LogMaterial: Display: Missing cached shadermap for M_Basic_Wall in PCD3D_SM5, Default, SM5 (DDC key hash: DE4C4091E4D7905880F31F402EE38A3249E34F73), compiling. 
[2026.01.06-13.48.01:463][653]LogMaterial: Display: Missing cached shadermap for FMatExpressionPreview MaterialExpressionVectorParameter_1 in PCD3D_SM5, Default, SM5 (DDC key hash: 7B6E84D25E3267EBFD999354F978572FC6B903AB), compiling. 
[2026.01.06-13.48.01:474][653]MaterialEditorStats: Texture samplers: 0/16
[2026.01.06-13.48.01:505][654]LogShaderCompilers: Display: Submitted 2 shader compile jobs with 'ForceLocal' priority
[2026.01.06-13.48.01:505][654]LogShaderCompilers: Display: Submitted 10 shader compile jobs with 'Normal' priority
[2026.01.06-13.48.01:505][654]LogShaderCompilers: Display: Worker (1/17): shaders left to compile 2
[2026.01.06-13.48.01:505][654]LogShaderCompilers: Display: Worker (2/17): shaders left to compile 1
[2026.01.06-13.48.01:505][654]LogShaderCompilers: Display: Worker (3/17): shaders left to compile 10
[2026.01.06-13.48.01:505][654]LogShaderCompilers: Display: Worker (4/17): shaders left to compile 9
[2026.01.06-13.48.01:505][654]LogShaderCompilers: Display: Worker (5/17): shaders left to compile 8
[2026.01.06-13.48.01:505][654]LogShaderCompilers: Display: Worker (6/17): shaders left to compile 7
[2026.01.06-13.48.01:505][654]LogShaderCompilers: Display: Worker (7/17): shaders left to compile 6
[2026.01.06-13.48.01:505][654]LogShaderCompilers: Display: Worker (8/17): shaders left to compile 5
[2026.01.06-13.48.01:505][654]LogShaderCompilers: Display: Worker (9/17): shaders left to compile 4
[2026.01.06-13.48.01:505][654]LogShaderCompilers: Display: Worker (10/17): shaders left to compile 3
[2026.01.06-13.48.01:505][654]LogShaderCompilers: Display: Worker (11/17): shaders left to compile 2
[2026.01.06-13.48.01:505][654]LogShaderCompilers: Display: Worker (12/17): shaders left to compile 1
[2026.01.06-13.48.01:505][654]LogShaderCompilers: Display: Started 10 'Local' shader compile jobs with 'Normal' priority
[2026.01.06-13.48.01:505][654]LogShaderCompilers: Display: Started 2 'Local' shader compile jobs with 'ForceLocal' priority
[2026.01.06-13.48.01:594][664]LogShaderCompilers: Display: Submitted 2 shader compile jobs with 'ForceLocal' priority
[2026.01.06-13.48.01:594][664]LogShaderCompilers: Display: Worker (13/17): shaders left to compile 2
[2026.01.06-13.48.01:595][664]LogShaderCompilers: Display: Worker (14/17): shaders left to compile 1
[2026.01.06-13.48.01:595][664]LogShaderCompilers: Display: Started 2 'Local' shader compile jobs with 'ForceLocal' priority
[2026.01.06-13.48.02:042][705]LogShaderCompilers: Display: === FShaderJobCache stats ===
[2026.01.06-13.48.02:042][705]LogShaderCompilers: Display: Total job queries 406, among them cache hits 208 (51.23%)
[2026.01.06-13.48.02:042][705]LogShaderCompilers: Display: Tracking 164 distinct input hashes that result in 99 distinct outputs (60.37%)
[2026.01.06-13.48.02:042][705]LogShaderCompilers: Display: RAM used: 0.62 MB (0.00 GB) of 1638.40 MB (1.60 GB) budget. Usage: 0.04%
[2026.01.06-13.48.02:042][705]LogShaderCompilers: Display: ================================================
[2026.01.06-13.48.02:253][723]MaterialEditorStats: Texture samplers: 2/16
[2026.01.06-13.48.02:522][755]MaterialEditorStats: Base pass shader: 120 instructions
[2026.01.06-13.48.02:522][755]MaterialEditorStats: Base pass shader with Surface Lightmap: 147 instructions
[2026.01.06-13.48.02:522][755]MaterialEditorStats: Base pass shader with Volumetric Lightmap: 194 instructions
[2026.01.06-13.48.02:522][755]MaterialEditorStats: Base pass vertex shader: 42 instructions
[2026.01.06-13.48.02:522][755]MaterialEditorStats: Texture samplers: 2/16
[2026.01.06-13.48.07:932][391]LogMaterial: Display: Missing cached shadermap for M_Basic_Wall in PCD3D_SM5, Default, SM5 (DDC key hash: BF7784FABCE670BE746028CC54A307FDFC5711AF), compiling. 
[2026.01.06-13.48.07:933][391]LogMaterial: Display: Missing cached shadermap for FMatExpressionPreview MaterialExpressionVectorParameter_1 in PCD3D_SM5, Default, SM5 (DDC key hash: 2F078379405FB8B500763D12E6BD8664E457A26C), compiling. 
[2026.01.06-13.48.07:935][391]MaterialEditorStats: Texture samplers: 0/16
[2026.01.06-13.48.07:948][393]MaterialEditorStats: Texture samplers: 2/16
[2026.01.06-13.48.07:959][394]MaterialEditorStats: Base pass shader: 120 instructions
[2026.01.06-13.48.07:959][394]MaterialEditorStats: Base pass shader with Surface Lightmap: 147 instructions
[2026.01.06-13.48.07:959][394]MaterialEditorStats: Base pass shader with Volumetric Lightmap: 194 instructions
[2026.01.06-13.48.07:959][394]MaterialEditorStats: Base pass vertex shader: 42 instructions
[2026.01.06-13.48.07:959][394]MaterialEditorStats: Texture samplers: 2/16
[2026.01.06-13.48.08:607][471]LogMaterial: Display: Missing cached shadermap for M_Basic_Wall in PCD3D_SM5, Default, SM5 (DDC key hash: 1720BCD6B2D8A70B2D5215185CEA06F39B41B03E), compiling. 
[2026.01.06-13.48.08:608][471]LogMaterial: Display: Missing cached shadermap for FMatExpressionPreview MaterialExpressionVectorParameter_1 in PCD3D_SM5, Default, SM5 (DDC key hash: EC0DC246F9075C5CC531BE458ADB14805BE766F5), compiling. 
[2026.01.06-13.48.08:609][471]LogSlate: Window 'Color Picker' being destroyed
[2026.01.06-13.48.08:612][471]MaterialEditorStats: Texture samplers: 0/16
[2026.01.06-13.48.08:625][473]MaterialEditorStats: Texture samplers: 2/16
[2026.01.06-13.48.08:633][474]MaterialEditorStats: Base pass shader: 120 instructions
[2026.01.06-13.48.08:633][474]MaterialEditorStats: Base pass shader with Surface Lightmap: 147 instructions
[2026.01.06-13.48.08:633][474]MaterialEditorStats: Base pass shader with Volumetric Lightmap: 194 instructions
[2026.01.06-13.48.08:633][474]MaterialEditorStats: Base pass vertex shader: 42 instructions
[2026.01.06-13.48.08:633][474]MaterialEditorStats: Texture samplers: 2/16
[2026.01.06-13.48.11:569][825]LogMaterial: Display: Missing cached shadermap for M_Basic_Wall in PCD3D_SM5, Default, SM5 (DDC key hash: 79BEE9DF0167BF71F2EDC81ABEFB69028C9E46AC), compiling. 
[2026.01.06-13.48.11:571][825]MaterialEditorStats: Texture samplers: 0/16
[2026.01.06-13.48.11:594][827]MaterialEditorStats: Base pass shader: 120 instructions
[2026.01.06-13.48.11:594][827]MaterialEditorStats: Base pass shader with Surface Lightmap: 147 instructions
[2026.01.06-13.48.11:594][827]MaterialEditorStats: Base pass shader with Volumetric Lightmap: 194 instructions
[2026.01.06-13.48.11:594][827]MaterialEditorStats: Base pass vertex shader: 42 instructions
[2026.01.06-13.48.11:594][827]MaterialEditorStats: Texture samplers: 2/16
[2026.01.06-13.48.15:685][317]LogMaterial: Display: Missing cached shadermap for M_Basic_Wall in PCD3D_SM5, Default, SM5 (DDC key hash: F9B0B8A4DC7727B0BC070A5D4A53059F47172AF8), compiling. 
[2026.01.06-13.48.15:686][317]MaterialEditorStats: Texture samplers: 0/16
[2026.01.06-13.48.15:705][319]MaterialEditorStats: Base pass shader: 120 instructions
[2026.01.06-13.48.15:705][319]MaterialEditorStats: Base pass shader with Surface Lightmap: 147 instructions
[2026.01.06-13.48.15:705][319]MaterialEditorStats: Base pass shader with Volumetric Lightmap: 194 instructions
[2026.01.06-13.48.15:705][319]MaterialEditorStats: Base pass vertex shader: 42 instructions
[2026.01.06-13.48.15:705][319]MaterialEditorStats: Texture samplers: 2/16
[2026.01.06-13.48.24:430][351]LogMaterial: Display: Missing cached shadermap for M_Basic_Wall in PCD3D_SM5, Default, SM5 (DDC key hash: 1070DEA8B450B1A946E08EEC2F41061E8C03B737), compiling. 
[2026.01.06-13.48.24:431][351]LogMaterial: Display: Missing cached shadermap for M_Basic_Wall in PCD3D_SM5, Default, SM5 (DDC key hash: 6B5BC519142CDA1D023127F81394718978502AE0), compiling. 
[2026.01.06-13.48.24:433][351]MaterialEditorStats: Texture samplers: 0/16
[2026.01.06-13.48.24:459][352]LogShaderCompilers: Display: Submitted 2 shader compile jobs with 'ForceLocal' priority
[2026.01.06-13.48.24:459][352]LogShaderCompilers: Display: Submitted 10 shader compile jobs with 'Normal' priority
[2026.01.06-13.48.24:459][352]LogShaderCompilers: Display: Worker (1/17): shaders left to compile 2
[2026.01.06-13.48.24:459][352]LogShaderCompilers: Display: Worker (2/17): shaders left to compile 1
[2026.01.06-13.48.24:459][352]LogShaderCompilers: Display: Worker (3/17): shaders left to compile 10
[2026.01.06-13.48.24:459][352]LogShaderCompilers: Display: Worker (4/17): shaders left to compile 9
[2026.01.06-13.48.24:459][352]LogShaderCompilers: Display: Worker (5/17): shaders left to compile 8
[2026.01.06-13.48.24:461][352]LogShaderCompilers: Display: Worker (6/17): shaders left to compile 7
[2026.01.06-13.48.24:461][352]LogShaderCompilers: Display: Worker (7/17): shaders left to compile 6
[2026.01.06-13.48.24:461][352]LogShaderCompilers: Display: Worker (8/17): shaders left to compile 5
[2026.01.06-13.48.24:461][352]LogShaderCompilers: Display: Worker (9/17): shaders left to compile 4
[2026.01.06-13.48.24:461][352]LogShaderCompilers: Display: Worker (10/17): shaders left to compile 3
[2026.01.06-13.48.24:461][352]LogShaderCompilers: Display: Worker (11/17): shaders left to compile 2
[2026.01.06-13.48.24:461][352]LogShaderCompilers: Display: Worker (12/17): shaders left to compile 1
[2026.01.06-13.48.24:461][352]LogShaderCompilers: Display: Started 10 'Local' shader compile jobs with 'Normal' priority
[2026.01.06-13.48.24:461][352]LogShaderCompilers: Display: Started 2 'Local' shader compile jobs with 'ForceLocal' priority
[2026.01.06-13.48.25:731][487]MaterialEditorStats: Texture samplers: 2/16
[2026.01.06-13.48.25:931][511]MaterialEditorStats: Base pass shader: 120 instructions
[2026.01.06-13.48.25:931][511]MaterialEditorStats: Base pass shader with Surface Lightmap: 147 instructions
[2026.01.06-13.48.25:931][511]MaterialEditorStats: Base pass shader with Volumetric Lightmap: 194 instructions
[2026.01.06-13.48.25:931][511]MaterialEditorStats: Base pass vertex shader: 42 instructions
[2026.01.06-13.48.25:931][511]MaterialEditorStats: Texture samplers: 2/16
[2026.01.06-13.48.30:660][ 71]LogMaterial: Display: Missing cached shadermap for M_Basic_Wall in PCD3D_SM5, Default, SM5 (DDC key hash: D0489625F8B4C41E0031DB315AD7192A8FD5AFC1), compiling. 
[2026.01.06-13.48.30:662][ 71]LogMaterial: Display: Missing cached shadermap for M_Basic_Wall in PCD3D_SM5, Default, SM5 (DDC key hash: 89B0992B8CF8C1CA53CDB2778334C4BB5A508F37), compiling. 
[2026.01.06-13.48.30:663][ 71]MaterialEditorStats: Texture samplers: 0/16
[2026.01.06-13.48.30:684][ 73]MaterialEditorStats: Texture samplers: 2/16
[2026.01.06-13.48.30:693][ 74]MaterialEditorStats: Base pass shader: 120 instructions
[2026.01.06-13.48.30:693][ 74]MaterialEditorStats: Base pass shader with Surface Lightmap: 147 instructions
[2026.01.06-13.48.30:693][ 74]MaterialEditorStats: Base pass shader with Volumetric Lightmap: 194 instructions
[2026.01.06-13.48.30:693][ 74]MaterialEditorStats: Base pass vertex shader: 42 instructions
[2026.01.06-13.48.30:693][ 74]MaterialEditorStats: Texture samplers: 2/16
[2026.01.06-13.48.32:817][329]LogMaterial: Display: Missing cached shadermap for M_Basic_Wall in PCD3D_SM5, Default, SM5 (DDC key hash: C14BCCAF0C5E307C08F693B24B41039DE40376C2), compiling. 
[2026.01.06-13.48.32:819][329]LogMaterial: Display: Missing cached shadermap for M_Basic_Wall in PCD3D_SM5, Default, SM5 (DDC key hash: 8436C7E9F29C0843BBCEF35FBA49598765266759), compiling. 
[2026.01.06-13.48.32:820][329]MaterialEditorStats: Texture samplers: 0/16
[2026.01.06-13.48.32:842][331]MaterialEditorStats: Base pass shader: 120 instructions
[2026.01.06-13.48.32:842][331]MaterialEditorStats: Base pass shader with Surface Lightmap: 147 instructions
[2026.01.06-13.48.32:842][331]MaterialEditorStats: Base pass shader with Volumetric Lightmap: 194 instructions
[2026.01.06-13.48.32:842][331]MaterialEditorStats: Base pass vertex shader: 42 instructions
[2026.01.06-13.48.32:842][331]MaterialEditorStats: Texture samplers: 2/16
[2026.01.06-13.48.34:359][508]LogMaterialEditor: Applying material M_Basic_Wall
[2026.01.06-13.48.34:563][508]LogMaterial: Display: Missing cached shadermap for M_Basic_Wall in PCD3D_SM5, Default, SM5 (DDC key hash: 18575F7EBEC7B72F1F0A70CC3B487F6FE1A8E33F), compiling. 
[2026.01.06-13.48.34:590][508]LogMaterial: Display: Missing cached shadermap for M_Basic_Wall in PCD3D_SM5, Default, SM5 (DDC key hash: 90E53F54569211273348DFA6107ECF5F854886A0), compiling. 
[2026.01.06-13.48.34:632][508]LogShaderCompilers: Display: Submitted 13 shader compile jobs with 'Normal' priority
[2026.01.06-13.48.34:641][508]LogUObjectHash: Compacting FUObjectHashTables data took   1.33ms
[2026.01.06-13.48.34:985][508]LogShaderCompilers: Display: Worker (1/17): shaders left to compile 1
[2026.01.06-13.48.34:985][508]LogShaderCompilers: Display: Worker (2/17): shaders left to compile 12
[2026.01.06-13.48.34:985][508]LogShaderCompilers: Display: Worker (3/17): shaders left to compile 11
[2026.01.06-13.48.34:985][508]LogShaderCompilers: Display: Worker (4/17): shaders left to compile 10
[2026.01.06-13.48.34:985][508]LogShaderCompilers: Display: Worker (5/17): shaders left to compile 9
[2026.01.06-13.48.34:985][508]LogShaderCompilers: Display: Worker (6/17): shaders left to compile 8
[2026.01.06-13.48.34:985][508]LogShaderCompilers: Display: Worker (7/17): shaders left to compile 7
[2026.01.06-13.48.34:985][508]LogShaderCompilers: Display: Worker (8/17): shaders left to compile 6
[2026.01.06-13.48.34:985][508]LogShaderCompilers: Display: Worker (9/17): shaders left to compile 5
[2026.01.06-13.48.34:985][508]LogShaderCompilers: Display: Worker (10/17): shaders left to compile 4
[2026.01.06-13.48.34:985][508]LogShaderCompilers: Display: Worker (11/17): shaders left to compile 3
[2026.01.06-13.48.34:985][508]LogShaderCompilers: Display: Worker (12/17): shaders left to compile 2
[2026.01.06-13.48.34:985][508]LogShaderCompilers: Display: Worker (13/17): shaders left to compile 1
[2026.01.06-13.48.34:985][508]LogShaderCompilers: Display: Started 12 'Local' shader compile jobs with 'Normal' priority
[2026.01.06-13.48.34:985][508]LogShaderCompilers: Display: Started 1 'Local' shader compile jobs with 'ForceLocal' priority
[2026.01.06-13.48.34:985][508]LogUObjectHash: Compacting FUObjectHashTables data took   0.90ms
[2026.01.06-13.48.34:995][508]MaterialEditorStats: Texture samplers: 2/16
[2026.01.06-13.48.35:267][536]MaterialEditorStats: Texture samplers: 3/16
[2026.01.06-13.48.35:459][559]MaterialEditorStats: Base pass shader: 120 instructions
[2026.01.06-13.48.35:459][559]MaterialEditorStats: Base pass shader with Surface Lightmap: 147 instructions
[2026.01.06-13.48.35:459][559]MaterialEditorStats: Base pass shader with Volumetric Lightmap: 194 instructions
[2026.01.06-13.48.35:459][559]MaterialEditorStats: Base pass vertex shader: 42 instructions
[2026.01.06-13.48.35:459][559]MaterialEditorStats: Texture samplers: 3/16
[2026.01.06-13.48.46:267][837]LogMaterialEditor: Applying material M_Glaz
[2026.01.06-13.48.46:472][837]LogMaterial: Display: Missing cached shadermap for M_Glaz in PCD3D_SM5, Default, SM5 (DDC key hash: B5A89DD551EE98B277E03A025E03233B9B7D0AB2), compiling. 
[2026.01.06-13.48.46:489][837]LogMaterial: Display: Missing cached shadermap for M_Glaz in PCD3D_SM5, Default, SM5 (DDC key hash: 683DEA9259A4F06E4C8585F8656D09472E7E9EE2), compiling. 
[2026.01.06-13.48.46:506][837]LogUObjectHash: Compacting FUObjectHashTables data took   0.45ms
[2026.01.06-13.48.46:651][837]LogUObjectHash: Compacting FUObjectHashTables data took   0.60ms
[2026.01.06-13.48.46:655][837]MaterialEditorStats: Base pass shader: 119 instructions
[2026.01.06-13.48.46:655][837]MaterialEditorStats: Base pass shader with Volumetric Lightmap: 193 instructions
[2026.01.06-13.48.46:655][837]MaterialEditorStats: Base pass vertex shader: 42 instructions
[2026.01.06-13.48.46:655][837]MaterialEditorStats: Texture samplers: 3/16
[2026.01.06-13.48.54:630][773]LogWorld: UWorld::CleanupWorld for World_8, bSessionEnded=true, bCleanupResources=true
[2026.01.06-13.48.54:630][773]LogSlate: InvalidateAllWidgets triggered.  All widgets were invalidated
[2026.01.06-13.48.54:637][773]LogTemp: Warning: OnLevelViewportClientListChanged
[2026.01.06-13.49.04:195][898]LogMaterial: Display: Missing cached shadermap for M_Basic_Wall in PCD3D_SM5, Default, SM5 (DDC key hash: ED02FA78FF13F4F11CA73464E8FA465111CDFE11), compiling. 
[2026.01.06-13.49.04:197][898]MaterialEditorStats: Texture samplers: 0/16
[2026.01.06-13.49.04:200][899]LogShaderCompilers: Display: Submitted 2 shader compile jobs with 'ForceLocal' priority
[2026.01.06-13.49.04:206][900]LogShaderCompilers: Display: Submitted 10 shader compile jobs with 'Normal' priority
[2026.01.06-13.49.04:208][900]LogShaderCompilers: Display: Worker (1/17): shaders left to compile 2
[2026.01.06-13.49.04:208][900]LogShaderCompilers: Display: Worker (2/17): shaders left to compile 1
[2026.01.06-13.49.04:208][900]LogShaderCompilers: Display: Worker (3/17): shaders left to compile 10
[2026.01.06-13.49.04:208][900]LogShaderCompilers: Display: Worker (4/17): shaders left to compile 9
[2026.01.06-13.49.04:208][900]LogShaderCompilers: Display: Worker (5/17): shaders left to compile 8
[2026.01.06-13.49.04:208][900]LogShaderCompilers: Display: Worker (6/17): shaders left to compile 7
[2026.01.06-13.49.04:208][900]LogShaderCompilers: Display: Worker (7/17): shaders left to compile 6
[2026.01.06-13.49.04:208][900]LogShaderCompilers: Display: Worker (8/17): shaders left to compile 5
[2026.01.06-13.49.04:208][900]LogShaderCompilers: Display: Worker (9/17): shaders left to compile 4
[2026.01.06-13.49.04:208][900]LogShaderCompilers: Display: Worker (10/17): shaders left to compile 3
[2026.01.06-13.49.04:208][900]LogShaderCompilers: Display: Worker (11/17): shaders left to compile 2
[2026.01.06-13.49.04:208][900]LogShaderCompilers: Display: Worker (12/17): shaders left to compile 1
[2026.01.06-13.49.04:208][900]LogShaderCompilers: Display: Started 10 'Local' shader compile jobs with 'Normal' priority
[2026.01.06-13.49.04:208][900]LogShaderCompilers: Display: Started 2 'Local' shader compile jobs with 'ForceLocal' priority
[2026.01.06-13.49.04:939][981]MaterialEditorStats: Texture samplers: 2/16
[2026.01.06-13.49.05:122][  3]MaterialEditorStats: Base pass shader: 118 instructions
[2026.01.06-13.49.05:122][  3]MaterialEditorStats: Base pass shader with Surface Lightmap: 145 instructions
[2026.01.06-13.49.05:122][  3]MaterialEditorStats: Base pass shader with Volumetric Lightmap: 192 instructions
[2026.01.06-13.49.05:122][  3]MaterialEditorStats: Base pass vertex shader: 42 instructions
[2026.01.06-13.49.05:122][  3]MaterialEditorStats: Texture samplers: 2/16
[2026.01.06-13.49.09:305][499]LogMaterial: Display: Missing cached shadermap for M_Basic_Wall in PCD3D_SM5, Default, SM5 (DDC key hash: AB01777ADCA7B977C9DB3B9427EFA8795B3F22B9), compiling. 
[2026.01.06-13.49.09:307][499]MaterialEditorStats: Texture samplers: 0/16
[2026.01.06-13.49.09:310][500]LogShaderCompilers: Display: Submitted 2 shader compile jobs with 'ForceLocal' priority
[2026.01.06-13.49.09:315][501]LogShaderCompilers: Display: Submitted 10 shader compile jobs with 'Normal' priority
[2026.01.06-13.49.09:325][502]LogShaderCompilers: Display: Worker (1/17): shaders left to compile 2
[2026.01.06-13.49.09:325][502]LogShaderCompilers: Display: Worker (2/17): shaders left to compile 1
[2026.01.06-13.49.09:325][502]LogShaderCompilers: Display: Worker (3/17): shaders left to compile 10
[2026.01.06-13.49.09:325][502]LogShaderCompilers: Display: Worker (4/17): shaders left to compile 9
[2026.01.06-13.49.09:325][502]LogShaderCompilers: Display: Worker (5/17): shaders left to compile 8
[2026.01.06-13.49.09:325][502]LogShaderCompilers: Display: Worker (6/17): shaders left to compile 7
[2026.01.06-13.49.09:325][502]LogShaderCompilers: Display: Worker (7/17): shaders left to compile 6
[2026.01.06-13.49.09:326][502]LogShaderCompilers: Display: Worker (8/17): shaders left to compile 5
[2026.01.06-13.49.09:326][502]LogShaderCompilers: Display: Worker (9/17): shaders left to compile 4
[2026.01.06-13.49.09:326][502]LogShaderCompilers: Display: Worker (10/17): shaders left to compile 3
[2026.01.06-13.49.09:326][502]LogShaderCompilers: Display: Worker (11/17): shaders left to compile 2
[2026.01.06-13.49.09:326][502]LogShaderCompilers: Display: Worker (12/17): shaders left to compile 1
[2026.01.06-13.49.09:326][502]LogShaderCompilers: Display: Started 10 'Local' shader compile jobs with 'Normal' priority
[2026.01.06-13.49.09:326][502]LogShaderCompilers: Display: Started 2 'Local' shader compile jobs with 'ForceLocal' priority
[2026.01.06-13.49.09:903][564]MaterialEditorStats: Texture samplers: 2/16
[2026.01.06-13.49.10:120][590]MaterialEditorStats: Base pass shader: 118 instructions
[2026.01.06-13.49.10:120][590]MaterialEditorStats: Base pass shader with Surface Lightmap: 145 instructions
[2026.01.06-13.49.10:120][590]MaterialEditorStats: Base pass shader with Volumetric Lightmap: 192 instructions
[2026.01.06-13.49.10:120][590]MaterialEditorStats: Base pass vertex shader: 42 instructions
[2026.01.06-13.49.10:120][590]MaterialEditorStats: Texture samplers: 2/16
[2026.01.06-13.49.11:839][792]LogMaterial: Display: Missing cached shadermap for M_Basic_Wall in PCD3D_SM5, Default, SM5 (DDC key hash: 9ED6BC293E0D22CB09148ACBBCF4929954278B88), compiling. 
[2026.01.06-13.49.11:841][792]MaterialEditorStats: Texture samplers: 0/16
[2026.01.06-13.49.11:844][793]LogShaderCompilers: Display: Submitted 2 shader compile jobs with 'ForceLocal' priority
[2026.01.06-13.49.11:844][793]LogShaderCompilers: Display: Worker (1/17): shaders left to compile 2
[2026.01.06-13.49.11:844][793]LogShaderCompilers: Display: Worker (2/17): shaders left to compile 1
[2026.01.06-13.49.11:844][793]LogShaderCompilers: Display: Started 2 'Local' shader compile jobs with 'ForceLocal' priority
[2026.01.06-13.49.11:854][794]LogShaderCompilers: Display: Submitted 10 shader compile jobs with 'Normal' priority
[2026.01.06-13.49.11:854][794]LogShaderCompilers: Display: Worker (3/17): shaders left to compile 10
[2026.01.06-13.49.11:854][794]LogShaderCompilers: Display: Worker (4/17): shaders left to compile 9
[2026.01.06-13.49.11:854][794]LogShaderCompilers: Display: Worker (5/17): shaders left to compile 8
[2026.01.06-13.49.11:854][794]LogShaderCompilers: Display: Worker (6/17): shaders left to compile 7
[2026.01.06-13.49.11:854][794]LogShaderCompilers: Display: Worker (7/17): shaders left to compile 6
[2026.01.06-13.49.11:854][794]LogShaderCompilers: Display: Worker (8/17): shaders left to compile 5
[2026.01.06-13.49.11:854][794]LogShaderCompilers: Display: Worker (9/17): shaders left to compile 4
[2026.01.06-13.49.11:854][794]LogShaderCompilers: Display: Worker (10/17): shaders left to compile 3
[2026.01.06-13.49.11:854][794]LogShaderCompilers: Display: Worker (11/17): shaders left to compile 2
[2026.01.06-13.49.11:854][794]LogShaderCompilers: Display: Worker (12/17): shaders left to compile 1
[2026.01.06-13.49.11:854][794]LogShaderCompilers: Display: Started 10 'Local' shader compile jobs with 'Normal' priority
[2026.01.06-13.49.12:437][857]MaterialEditorStats: Texture samplers: 2/16
[2026.01.06-13.49.12:646][880]MaterialEditorStats: Base pass shader: 118 instructions
[2026.01.06-13.49.12:646][880]MaterialEditorStats: Base pass shader with Surface Lightmap: 145 instructions
[2026.01.06-13.49.12:646][880]MaterialEditorStats: Base pass shader with Volumetric Lightmap: 192 instructions
[2026.01.06-13.49.12:646][880]MaterialEditorStats: Base pass vertex shader: 42 instructions
[2026.01.06-13.49.12:646][880]MaterialEditorStats: Texture samplers: 2/16
[2026.01.06-13.49.14:020][ 43]LogMaterial: Display: Missing cached shadermap for M_Basic_Wall in PCD3D_SM5, Default, SM5 (DDC key hash: 8782C2B0F07FAAF167404C6D7BCA56DAA3C45724), compiling. 
[2026.01.06-13.49.14:023][ 43]MaterialEditorStats: Texture samplers: 0/16
[2026.01.06-13.49.14:036][ 45]MaterialEditorStats: Texture samplers: 2/16
[2026.01.06-13.49.14:044][ 46]MaterialEditorStats: Base pass shader: 118 instructions
[2026.01.06-13.49.14:044][ 46]MaterialEditorStats: Base pass shader with Surface Lightmap: 145 instructions
[2026.01.06-13.49.14:044][ 46]MaterialEditorStats: Base pass shader with Volumetric Lightmap: 192 instructions
[2026.01.06-13.49.14:044][ 46]MaterialEditorStats: Base pass vertex shader: 42 instructions
[2026.01.06-13.49.14:044][ 46]MaterialEditorStats: Texture samplers: 2/16
[2026.01.06-13.49.14:697][118]LogMaterial: Display: Missing cached shadermap for M_Basic_Wall in PCD3D_SM5, Default, SM5 (DDC key hash: 9061C46DDC6214AF70FB55DC9D15D4F5A31F111F), compiling. 
[2026.01.06-13.49.14:699][118]MaterialEditorStats: Texture samplers: 0/16
[2026.01.06-13.49.14:714][120]MaterialEditorStats: Base pass shader: 120 instructions
[2026.01.06-13.49.14:714][120]MaterialEditorStats: Base pass shader with Surface Lightmap: 147 instructions
[2026.01.06-13.49.14:714][120]MaterialEditorStats: Base pass shader with Volumetric Lightmap: 194 instructions
[2026.01.06-13.49.14:714][120]MaterialEditorStats: Base pass vertex shader: 42 instructions
[2026.01.06-13.49.14:714][120]MaterialEditorStats: Texture samplers: 2/16
[2026.01.06-13.49.19:569][699]LogMaterial: Display: Missing cached shadermap for M_Basic_Wall in PCD3D_SM5, Default, SM5 (DDC key hash: 3226EF8E4DE594430B518A4305C7EAC0A530EE56), compiling. 
[2026.01.06-13.49.19:571][699]LogMaterial: Display: Missing cached shadermap for M_Basic_Wall in PCD3D_SM5, Default, SM5 (DDC key hash: 58EB4C004F16830124A0E783B99F912DA583FC03), compiling. 
[2026.01.06-13.49.19:573][699]MaterialEditorStats: Texture samplers: 0/16
[2026.01.06-13.49.19:586][701]MaterialEditorStats: Texture samplers: 2/16
[2026.01.06-13.49.19:594][702]MaterialEditorStats: Base pass shader: 120 instructions
[2026.01.06-13.49.19:594][702]MaterialEditorStats: Base pass shader with Surface Lightmap: 147 instructions
[2026.01.06-13.49.19:594][702]MaterialEditorStats: Base pass shader with Volumetric Lightmap: 194 instructions
[2026.01.06-13.49.19:594][702]MaterialEditorStats: Base pass vertex shader: 42 instructions
[2026.01.06-13.49.19:594][702]MaterialEditorStats: Texture samplers: 2/16
[2026.01.06-13.49.22:211][ 10]LogMaterialEditor: Applying material M_Basic_Wall
[2026.01.06-13.49.22:414][ 10]LogMaterial: Display: Missing cached shadermap for M_Basic_Wall in PCD3D_SM5, Default, SM5 (DDC key hash: D109643D8265963305AFFB2B48112AE544DBFEFC), compiling. 
[2026.01.06-13.49.22:443][ 10]LogMaterial: Display: Missing cached shadermap for M_Basic_Wall in PCD3D_SM5, Default, SM5 (DDC key hash: B9DC230ED54FE9768C3D2C7346607814B08AC685), compiling. 
[2026.01.06-13.49.22:491][ 10]LogUObjectHash: Compacting FUObjectHashTables data took   1.37ms
[2026.01.06-13.49.22:645][ 10]LogUObjectHash: Compacting FUObjectHashTables data took   1.56ms
[2026.01.06-13.49.22:651][ 10]MaterialEditorStats: Base pass shader: 120 instructions
[2026.01.06-13.49.22:651][ 10]MaterialEditorStats: Base pass shader with Surface Lightmap: 147 instructions
[2026.01.06-13.49.22:651][ 10]MaterialEditorStats: Base pass shader with Volumetric Lightmap: 194 instructions
[2026.01.06-13.49.22:651][ 10]MaterialEditorStats: Base pass vertex shader: 42 instructions
[2026.01.06-13.49.22:651][ 10]MaterialEditorStats: Texture samplers: 3/16
[2026.01.06-13.49.26:311][433]LogTemp: Repeating last play command: Selected Viewport
[2026.01.06-13.49.26:315][433]LogPlayLevel: PlayLevel: No blueprints needed recompiling
[2026.01.06-13.49.26:315][433]PIE: New page: PIE session: 02Boss (6 січ. 2026 р., 17:49:26)
[2026.01.06-13.49.26:340][433]LogPlayLevel: Creating play world package: /Game/Maps/UEDPIE_0_02Boss
[2026.01.06-13.49.26:343][433]LogPlayLevel: PIE: StaticDuplicateObject took: (0.004302s)
[2026.01.06-13.49.26:344][433]LogAIModule: Creating AISystem for world 02Boss
[2026.01.06-13.49.26:344][433]LogPlayLevel: PIE: World Init took: (0.000636s)
[2026.01.06-13.49.26:344][433]LogPlayLevel: PIE: Created PIE world by copying editor world from /Game/Maps/02Boss.02Boss to /Game/Maps/UEDPIE_0_02Boss.02Boss (0.005030s)
[2026.01.06-13.49.26:364][433]LogUObjectHash: Compacting FUObjectHashTables data took   1.36ms
[2026.01.06-13.49.26:364][433]LogAudio: Display: Creating Audio Device:                 Id: 4, Scope: Unique, Realtime: True
[2026.01.06-13.49.26:364][433]LogAudioMixer: Display: Audio Mixer Platform Settings:
[2026.01.06-13.49.26:364][433]LogAudioMixer: Display: 	Sample Rate:						  48000
[2026.01.06-13.49.26:364][433]LogAudioMixer: Display: 	Callback Buffer Frame Size Requested: 1024
[2026.01.06-13.49.26:364][433]LogAudioMixer: Display: 	Callback Buffer Frame Size To Use:	  1024
[2026.01.06-13.49.26:364][433]LogAudioMixer: Display: 	Number of buffers to queue:			  2
[2026.01.06-13.49.26:364][433]LogAudioMixer: Display: 	Max Channels (voices):				  32
[2026.01.06-13.49.26:364][433]LogAudioMixer: Display: 	Number of Async Source Workers:		  0
[2026.01.06-13.49.26:364][433]LogAudio: Display: AudioDevice MaxSources: 32
[2026.01.06-13.49.26:365][433]LogAudio: Display: Audio Spatialization Plugin: None (built-in).
[2026.01.06-13.49.26:365][433]LogAudio: Display: Audio Reverb Plugin: None (built-in).
[2026.01.06-13.49.26:365][433]LogAudio: Display: Audio Occlusion Plugin: None (built-in).
[2026.01.06-13.49.26:365][433]LogAudioMixer: Display: Initializing audio mixer.
[2026.01.06-13.49.26:368][433]LogAudioMixer: Display: 0: FrontLeft
[2026.01.06-13.49.26:368][433]LogAudioMixer: Display: 1: FrontRight
[2026.01.06-13.49.26:376][433]LogAudioMixer: Display: Using Audio Device Speakers (Realtek(R) Audio)
[2026.01.06-13.49.26:376][433]LogAudioMixer: Display: Initializing Sound Submixes...
[2026.01.06-13.49.26:376][433]LogAudioMixer: Display: Creating Master Submix 'MasterSubmixDefault'
[2026.01.06-13.49.26:376][433]LogAudioMixer: Display: Creating Master Submix 'MasterReverbSubmixDefault'
[2026.01.06-13.49.26:376][433]LogAudioMixer: Display: Creating Master Submix 'MasterEQSubmixDefault'
[2026.01.06-13.49.26:376][433]LogAudioMixer: FMixerPlatformXAudio2::StartAudioStream() called
[2026.01.06-13.49.26:376][433]LogAudioMixer: Display: Output buffers initialized: Frames=1024, Channels=2, Samples=2048
[2026.01.06-13.49.26:377][433]LogAudioMixer: Display: Starting AudioMixerPlatformInterface::RunInternal()
[2026.01.06-13.49.26:377][433]LogAudioMixer: Display: FMixerPlatformXAudio2::SubmitBuffer() called for the first time
[2026.01.06-13.49.26:377][433]LogInit: FAudioDevice initialized.
[2026.01.06-13.49.26:377][433]LogAudio: Display: Audio Device (ID: 4) registered with world '02Boss'.
[2026.01.06-13.49.26:381][433]LogLoad: Game class is 'BP_Gameplay_GameMode_C'
[2026.01.06-13.49.26:383][433]LogWorld: Bringing World /Game/Maps/UEDPIE_0_02Boss.02Boss up for play (max tick rate 0) at 2026.01.06-15.49.26
[2026.01.06-13.49.26:383][433]LogWorld: Bringing up level for play took: 0.001120
[2026.01.06-13.49.26:383][433]LogOnline: OSS: Creating online subsystem instance for: :Context_13
[2026.01.06-13.49.26:385][433]PIE: Server logged in
[2026.01.06-13.49.26:386][433]PIE: Play in editor total start time 0,072 seconds.
[2026.01.06-13.49.33:543][286]LogSlate: Updating window title bar state: overlay mode, drag disabled, window buttons hidden, title bar hidden
[2026.01.06-13.49.33:543][286]LogWorld: BeginTearingDown for /Game/Maps/UEDPIE_0_02Boss
[2026.01.06-13.49.33:544][286]LogWorld: UWorld::CleanupWorld for 02Boss, bSessionEnded=true, bCleanupResources=true
[2026.01.06-13.49.33:544][286]LogSlate: InvalidateAllWidgets triggered.  All widgets were invalidated
[2026.01.06-13.49.33:554][286]LogPlayLevel: Display: Shutting down PIE online subsystems
[2026.01.06-13.49.33:564][286]LogSlate: InvalidateAllWidgets triggered.  All widgets were invalidated
[2026.01.06-13.49.33:579][286]LogSlate: Updating window title bar state: overlay mode, drag disabled, window buttons hidden, title bar hidden
[2026.01.06-13.49.33:579][286]LogAudioMixer: FMixerPlatformXAudio2::StopAudioStream() called
[2026.01.06-13.49.33:580][286]LogAudioMixer: FMixerPlatformXAudio2::StopAudioStream() called
[2026.01.06-13.49.33:584][286]LogUObjectHash: Compacting FUObjectHashTables data took   1.39ms
[2026.01.06-13.49.33:612][288]LogPlayLevel: Display: Destroying online subsystem :Context_13
[2026.01.06-13.50.00:578][496]LogMaterial: Display: Missing cached shadermap for M_Basic_Wall in PCD3D_SM5, Default, SM5 (DDC key hash: F3600A8C936D1FDF927F95B170EF3EE163E5BBFA), compiling. 
[2026.01.06-13.50.00:579][496]MaterialEditorStats: Texture samplers: 0/16
[2026.01.06-13.50.00:599][498]MaterialEditorStats: Base pass shader: 120 instructions
[2026.01.06-13.50.00:599][498]MaterialEditorStats: Base pass shader with Surface Lightmap: 147 instructions
[2026.01.06-13.50.00:599][498]MaterialEditorStats: Base pass shader with Volumetric Lightmap: 194 instructions
[2026.01.06-13.50.00:599][498]MaterialEditorStats: Base pass vertex shader: 42 instructions
[2026.01.06-13.50.00:599][498]MaterialEditorStats: Texture samplers: 2/16
[2026.01.06-13.50.02:874][771]LogMaterialEditor: Saving and Compiling material M_Basic_Wall
[2026.01.06-13.50.03:081][771]LogMaterial: Display: Missing cached shadermap for M_Basic_Wall in PCD3D_SM5, Default, SM5 (DDC key hash: F82BEF447C867C375996AC3CDE68493AD29744F4), compiling. 
[2026.01.06-13.50.03:095][771]LogMaterial: Display: Missing cached shadermap for M_Basic_Wall in PCD3D_SM5, Default, SM5 (DDC key hash: F415993D636BDD6FE4C1ECE71E05115F710679B0), compiling. 
[2026.01.06-13.50.03:121][771]LogUObjectHash: Compacting FUObjectHashTables data took   2.17ms
[2026.01.06-13.50.03:672][771]LogShaderCompilers: Display: Submitted 13 shader compile jobs with 'Normal' priority
[2026.01.06-13.50.03:672][771]LogShaderCompilers: Display: Worker (1/17): shaders left to compile 13
[2026.01.06-13.50.03:672][771]LogShaderCompilers: Display: Worker (2/17): shaders left to compile 12
[2026.01.06-13.50.03:672][771]LogShaderCompilers: Display: Worker (3/17): shaders left to compile 11
[2026.01.06-13.50.03:672][771]LogShaderCompilers: Display: Worker (4/17): shaders left to compile 10
[2026.01.06-13.50.03:672][771]LogShaderCompilers: Display: Worker (5/17): shaders left to compile 9
[2026.01.06-13.50.03:672][771]LogShaderCompilers: Display: Worker (6/17): shaders left to compile 8
[2026.01.06-13.50.03:672][771]LogShaderCompilers: Display: Worker (7/17): shaders left to compile 7
[2026.01.06-13.50.03:672][771]LogShaderCompilers: Display: Worker (8/17): shaders left to compile 6
[2026.01.06-13.50.03:672][771]LogShaderCompilers: Display: Worker (9/17): shaders left to compile 5
[2026.01.06-13.50.03:672][771]LogShaderCompilers: Display: Worker (10/17): shaders left to compile 4
[2026.01.06-13.50.03:672][771]LogShaderCompilers: Display: Worker (11/17): shaders left to compile 3
[2026.01.06-13.50.03:672][771]LogShaderCompilers: Display: Worker (12/17): shaders left to compile 2
[2026.01.06-13.50.03:672][771]LogShaderCompilers: Display: Worker (13/17): shaders left to compile 1
[2026.01.06-13.50.03:672][771]LogShaderCompilers: Display: Started 13 'Local' shader compile jobs with 'Normal' priority
[2026.01.06-13.50.03:672][771]LogUObjectHash: Compacting FUObjectHashTables data took   1.21ms
[2026.01.06-13.50.03:960][771]Cmd: OBJ SAVEPACKAGE PACKAGE="/Game/Enemy/M_Basic_Wall" FILE="D:/Artemii/Game/Game/Content/Enemy/M_Basic_Wall.uasset" SILENT=true
[2026.01.06-13.50.03:964][771]LogSavePackage: Moving 'D:/Artemii/Game/Game/Saved/M_Basic_Wall9FC9C0B94FC5B2798C45B193A246ACE3.tmp' to 'D:/Artemii/Game/Game/Content/Enemy/M_Basic_Wall.uasset'
[2026.01.06-13.50.03:972][771]AssetCheck: New page: Asset Save: M_Basic_Wall
[2026.01.06-13.50.03:972][771]LogContentValidation: Display: Validating Material /Game/Enemy/M_Basic_Wall.M_Basic_Wall
[2026.01.06-13.50.03:973][771]MaterialEditorStats: Base pass shader: 120 instructions
[2026.01.06-13.50.03:973][771]MaterialEditorStats: Base pass shader with Surface Lightmap: 147 instructions
[2026.01.06-13.50.03:973][771]MaterialEditorStats: Base pass shader with Volumetric Lightmap: 194 instructions
[2026.01.06-13.50.03:973][771]MaterialEditorStats: Base pass vertex shader: 42 instructions
[2026.01.06-13.50.03:973][771]MaterialEditorStats: Texture samplers: 3/16
[2026.01.06-13.50.07:600][192]LogWorld: UWorld::CleanupWorld for World_9, bSessionEnded=true, bCleanupResources=true
[2026.01.06-13.50.07:600][192]LogSlate: InvalidateAllWidgets triggered.  All widgets were invalidated
[2026.01.06-13.50.07:606][192]LogTemp: Warning: OnLevelViewportClientListChanged
[2026.01.06-13.50.09:694][432]LogEditorViewport: Clicking on Actor (LMB): StaticMeshActor (Floor12)
[2026.01.06-13.50.15:826][148]LogMaterial: Display: Missing cached shadermap for M_Basic_Wall in PCD3D_SM5, Default, SM5 (DDC key hash: 0842BED2FBDD9FA8A1B05A63236E537CB93FE8CC), compiling. 
[2026.01.06-13.50.25:636][203]LogContentBrowser: Deferred new asset file creation: M_Basic_Wall1
[2026.01.06-13.50.25:664][203]LogContentBrowser: Creating deferred item: M_Basic_Wall1
[2026.01.06-13.50.38:526][747]LogContentBrowser: Attempting asset rename: M_Basic_Wall1 -> M_RED
[2026.01.06-13.50.38:529][747]LogMaterial: Display: Missing cached shadermap for M_RED in PCD3D_SM5, Default, SM5 (DDC key hash: D086F0A81D9F8ED259D78B0A420617AC9F7BD6A4), compiling. 
[2026.01.06-13.50.38:539][747]LogShaderCompilers: Display: Submitted 25 shader compile jobs with 'Low' priority
[2026.01.06-13.50.38:540][747]LogContentBrowser: End creating deferred item M_Basic_Wall1
[2026.01.06-13.50.38:552][749]LogShaderCompilers: Display: Worker (1/17): shaders left to compile 2
[2026.01.06-13.50.38:552][749]LogShaderCompilers: Display: Worker (2/17): shaders left to compile 1
[2026.01.06-13.50.38:552][749]LogShaderCompilers: Display: Worker (3/17): shaders left to compile 23
[2026.01.06-13.50.38:552][749]LogShaderCompilers: Display: Worker (4/17): shaders left to compile 21
[2026.01.06-13.50.38:552][749]LogShaderCompilers: Display: Worker (5/17): shaders left to compile 19
[2026.01.06-13.50.38:552][749]LogShaderCompilers: Display: Worker (6/17): shaders left to compile 17
[2026.01.06-13.50.38:552][749]LogShaderCompilers: Display: Worker (7/17): shaders left to compile 15
[2026.01.06-13.50.38:552][749]LogShaderCompilers: Display: Worker (8/17): shaders left to compile 13
[2026.01.06-13.50.38:552][749]LogShaderCompilers: Display: Worker (9/17): shaders left to compile 11
[2026.01.06-13.50.38:552][749]LogShaderCompilers: Display: Worker (10/17): shaders left to compile 9
[2026.01.06-13.50.38:552][749]LogShaderCompilers: Display: Worker (11/17): shaders left to compile 7
[2026.01.06-13.50.38:552][749]LogShaderCompilers: Display: Worker (12/17): shaders left to compile 5
[2026.01.06-13.50.38:552][749]LogShaderCompilers: Display: Worker (13/17): shaders left to compile 3
[2026.01.06-13.50.38:552][749]LogShaderCompilers: Display: Worker (14/17): shaders left to compile 1
[2026.01.06-13.50.38:552][749]LogShaderCompilers: Display: Started 23 'Local' shader compile jobs with 'Normal' priority
[2026.01.06-13.50.38:552][749]LogShaderCompilers: Display: Started 2 'Local' shader compile jobs with 'ForceLocal' priority
[2026.01.06-13.50.43:707][291]LogContentBrowser: Attempting asset rename: M_RED -> M_RED
[2026.01.06-13.50.47:762][753]LogEditorViewport: Clicking on Actor (CTRL LMB): StaticMeshActor (Floor5)
[2026.01.06-13.50.48:468][826]LogEditorViewport: Clicking on Actor (CTRL LMB): StaticMeshActor (Floor19)
[2026.01.06-13.50.49:579][955]LogEditorViewport: Clicking on Actor (CTRL LMB): StaticMeshActor (Floor25)
[2026.01.06-13.50.49:919][993]LogEditorViewport: Clicking on Actor (CTRL LMB): StaticMeshActor (Floor11)
[2026.01.06-13.50.50:445][ 53]LogEditorViewport: Clicking on Actor (CTRL LMB): StaticMeshActor (Floor18)
[2026.01.06-13.50.51:445][169]LogEditorViewport: Clicking on Actor (CTRL LMB): StaticMeshActor (Floor10)
[2026.01.06-13.50.51:847][214]LogEditorViewport: Clicking on Actor (LMB): StaticMeshActor (Floor17)
[2026.01.06-13.51.11:570][460]LogUObjectHash: Compacting FUObjectHashTables data took   2.26ms
[2026.01.06-13.51.21:168][460]LogSlate: Window 'Delete Assets' being destroyed
[2026.01.06-13.51.21:269][460]LogUObjectHash: Compacting FUObjectHashTables data took   1.99ms
[2026.01.06-13.51.27:447][165]LogAssetEditorSubsystem: Opening Asset editor for Material /Game/Maps/M_RED.M_RED
[2026.01.06-13.51.27:448][165]LogMaterial: Display: Missing cached shadermap for M_RED in PCD3D_SM5, Default, SM5 (DDC key hash: 89F7E394F1D29B7DBB9688A0100198BEABB392CE), compiling. 
[2026.01.06-13.51.27:459][165]LogShaderCompilers: Display: === FShaderJobCache stats ===
[2026.01.06-13.51.27:459][165]LogShaderCompilers: Display: Total job queries 810, among them cache hits 513 (63.33%)
[2026.01.06-13.51.27:459][165]LogShaderCompilers: Display: Tracking 275 distinct input hashes that result in 156 distinct outputs (56.73%)
[2026.01.06-13.51.27:459][165]LogShaderCompilers: Display: RAM used: 0.99 MB (0.00 GB) of 1638.40 MB (1.60 GB) budget. Usage: 0.06%
[2026.01.06-13.51.27:459][165]LogShaderCompilers: Display: ================================================
[2026.01.06-13.51.27:460][165]LogTemp: Warning: SetupViewportDisplaySettings
[2026.01.06-13.51.27:492][165]LogMaterial: Display: Missing cached shadermap for M_RED in PCD3D_SM5, Default, SM5 (DDC key hash: C31080634B47FB938D3781025637ED8723287CF5), compiling. 
[2026.01.06-13.51.27:494][165]LogMaterial: Display: Missing cached shadermap for M_RED in PCD3D_SM5, Default, SM5 (DDC key hash: 0D96FFD28DF09AAE0437BE2F40E672E53F3782F1), compiling. 
[2026.01.06-13.51.27:494][165]LogMaterial: Display: Missing cached shadermap for FMatExpressionPreview MaterialExpressionVectorParameter_1 in PCD3D_SM5, Default, SM5 (DDC key hash: 3222E016C332CA9424CCCF5B8BA8392BA7EF49F3), compiling. 
[2026.01.06-13.51.27:506][165]MaterialEditorStats: Texture samplers: 0/16
[2026.01.06-13.51.27:543][166]MaterialEditorStats: Base pass shader: 120 instructions
[2026.01.06-13.51.27:544][166]MaterialEditorStats: Base pass shader with Surface Lightmap: 147 instructions
[2026.01.06-13.51.27:544][166]MaterialEditorStats: Base pass shader with Volumetric Lightmap: 194 instructions
[2026.01.06-13.51.27:544][166]MaterialEditorStats: Base pass vertex shader: 42 instructions
[2026.01.06-13.51.27:544][166]MaterialEditorStats: Texture samplers: 2/16
[2026.01.06-13.51.30:675][520]LogMaterial: Display: Missing cached shadermap for M_RED in PCD3D_SM5, Default, SM5 (DDC key hash: 7A9BFF163F3E5409100DA10A6C5F863787550D97), compiling. 
[2026.01.06-13.51.30:677][520]LogMaterial: Display: Missing cached shadermap for M_RED in PCD3D_SM5, Default, SM5 (DDC key hash: 063961EE9379EFA998AC8D1ED1D14F4D62A197F3), compiling. 
[2026.01.06-13.51.30:679][520]MaterialEditorStats: Texture samplers: 0/16
[2026.01.06-13.51.30:703][521]LogShaderCompilers: Display: Submitted 2 shader compile jobs with 'ForceLocal' priority
[2026.01.06-13.51.30:703][521]LogShaderCompilers: Display: Submitted 10 shader compile jobs with 'Normal' priority
[2026.01.06-13.51.30:703][521]LogShaderCompilers: Display: Worker (1/17): shaders left to compile 2
[2026.01.06-13.51.30:703][521]LogShaderCompilers: Display: Worker (2/17): shaders left to compile 1
[2026.01.06-13.51.30:703][521]LogShaderCompilers: Display: Worker (3/17): shaders left to compile 10
[2026.01.06-13.51.30:703][521]LogShaderCompilers: Display: Worker (4/17): shaders left to compile 9
[2026.01.06-13.51.30:703][521]LogShaderCompilers: Display: Worker (5/17): shaders left to compile 8
[2026.01.06-13.51.30:703][521]LogShaderCompilers: Display: Worker (6/17): shaders left to compile 7
[2026.01.06-13.51.30:703][521]LogShaderCompilers: Display: Worker (7/17): shaders left to compile 6
[2026.01.06-13.51.30:703][521]LogShaderCompilers: Display: Worker (8/17): shaders left to compile 5
[2026.01.06-13.51.30:703][521]LogShaderCompilers: Display: Worker (9/17): shaders left to compile 4
[2026.01.06-13.51.30:703][521]LogShaderCompilers: Display: Worker (10/17): shaders left to compile 3
[2026.01.06-13.51.30:703][521]LogShaderCompilers: Display: Worker (11/17): shaders left to compile 2
[2026.01.06-13.51.30:703][521]LogShaderCompilers: Display: Worker (12/17): shaders left to compile 1
[2026.01.06-13.51.30:703][521]LogShaderCompilers: Display: Started 10 'Local' shader compile jobs with 'Normal' priority
[2026.01.06-13.51.30:703][521]LogShaderCompilers: Display: Started 2 'Local' shader compile jobs with 'ForceLocal' priority
[2026.01.06-13.51.31:342][580]MaterialEditorStats: Texture samplers: 2/16
[2026.01.06-13.51.31:654][617]MaterialEditorStats: Base pass shader: 120 instructions
[2026.01.06-13.51.31:654][617]MaterialEditorStats: Base pass shader with Surface Lightmap: 147 instructions
[2026.01.06-13.51.31:654][617]MaterialEditorStats: Base pass shader with Volumetric Lightmap: 194 instructions
[2026.01.06-13.51.31:654][617]MaterialEditorStats: Base pass vertex shader: 42 instructions
[2026.01.06-13.51.31:654][617]MaterialEditorStats: Texture samplers: 2/16
[2026.01.06-13.51.36:469][189]LogMaterial: Display: Missing cached shadermap for M_RED in PCD3D_SM5, Default, SM5 (DDC key hash: F1B526EEC63BE39F528350ED7C9E2539698D78AF), compiling. 
[2026.01.06-13.51.36:471][189]LogMaterial: Display: Missing cached shadermap for M_RED in PCD3D_SM5, Default, SM5 (DDC key hash: 2ACDB24D23508E97770B6C65D23272DF8A1F2B0D), compiling. 
[2026.01.06-13.51.36:472][189]MaterialEditorStats: Texture samplers: 0/16
[2026.01.06-13.51.36:486][191]MaterialEditorStats: Texture samplers: 2/16
[2026.01.06-13.51.36:495][192]MaterialEditorStats: Base pass shader: 120 instructions
[2026.01.06-13.51.36:495][192]MaterialEditorStats: Base pass shader with Surface Lightmap: 147 instructions
[2026.01.06-13.51.36:495][192]MaterialEditorStats: Base pass shader with Volumetric Lightmap: 194 instructions
[2026.01.06-13.51.36:495][192]MaterialEditorStats: Base pass vertex shader: 42 instructions
[2026.01.06-13.51.36:495][192]MaterialEditorStats: Texture samplers: 2/16
[2026.01.06-13.52.01:962][239]LogTemp: Repeating last play command: Selected Viewport
[2026.01.06-13.52.01:966][239]LogPlayLevel: PlayLevel: No blueprints needed recompiling
[2026.01.06-13.52.01:966][239]PIE: New page: PIE session: 02Boss (6 січ. 2026 р., 17:52:01)
[2026.01.06-13.52.01:993][239]LogPlayLevel: Creating play world package: /Game/Maps/UEDPIE_0_02Boss
[2026.01.06-13.52.01:997][239]LogPlayLevel: PIE: StaticDuplicateObject took: (0.004395s)
[2026.01.06-13.52.01:998][239]LogAIModule: Creating AISystem for world 02Boss
[2026.01.06-13.52.01:998][239]LogPlayLevel: PIE: World Init took: (0.000634s)
[2026.01.06-13.52.01:998][239]LogPlayLevel: PIE: Created PIE world by copying editor world from /Game/Maps/02Boss.02Boss to /Game/Maps/UEDPIE_0_02Boss.02Boss (0.005126s)
[2026.01.06-13.52.02:018][239]LogUObjectHash: Compacting FUObjectHashTables data took   1.58ms
[2026.01.06-13.52.02:019][239]LogAudio: Display: Creating Audio Device:                 Id: 5, Scope: Unique, Realtime: True
[2026.01.06-13.52.02:019][239]LogAudioMixer: Display: Audio Mixer Platform Settings:
[2026.01.06-13.52.02:019][239]LogAudioMixer: Display: 	Sample Rate:						  48000
[2026.01.06-13.52.02:019][239]LogAudioMixer: Display: 	Callback Buffer Frame Size Requested: 1024
[2026.01.06-13.52.02:019][239]LogAudioMixer: Display: 	Callback Buffer Frame Size To Use:	  1024
[2026.01.06-13.52.02:019][239]LogAudioMixer: Display: 	Number of buffers to queue:			  2
[2026.01.06-13.52.02:019][239]LogAudioMixer: Display: 	Max Channels (voices):				  32
[2026.01.06-13.52.02:019][239]LogAudioMixer: Display: 	Number of Async Source Workers:		  0
[2026.01.06-13.52.02:019][239]LogAudio: Display: AudioDevice MaxSources: 32
[2026.01.06-13.52.02:019][239]LogAudio: Display: Audio Spatialization Plugin: None (built-in).
[2026.01.06-13.52.02:019][239]LogAudio: Display: Audio Reverb Plugin: None (built-in).
[2026.01.06-13.52.02:019][239]LogAudio: Display: Audio Occlusion Plugin: None (built-in).
[2026.01.06-13.52.02:019][239]LogAudioMixer: Display: Initializing audio mixer.
[2026.01.06-13.52.02:022][239]LogAudioMixer: Display: 0: FrontLeft
[2026.01.06-13.52.02:022][239]LogAudioMixer: Display: 1: FrontRight
[2026.01.06-13.52.02:030][239]LogAudioMixer: Display: Using Audio Device Speakers (Realtek(R) Audio)
[2026.01.06-13.52.02:030][239]LogAudioMixer: Display: Initializing Sound Submixes...
[2026.01.06-13.52.02:030][239]LogAudioMixer: Display: Creating Master Submix 'MasterSubmixDefault'
[2026.01.06-13.52.02:030][239]LogAudioMixer: Display: Creating Master Submix 'MasterReverbSubmixDefault'
[2026.01.06-13.52.02:031][239]LogAudioMixer: Display: Creating Master Submix 'MasterEQSubmixDefault'
[2026.01.06-13.52.02:031][239]LogAudioMixer: FMixerPlatformXAudio2::StartAudioStream() called
[2026.01.06-13.52.02:031][239]LogAudioMixer: Display: Output buffers initialized: Frames=1024, Channels=2, Samples=2048
[2026.01.06-13.52.02:031][239]LogAudioMixer: Display: Starting AudioMixerPlatformInterface::RunInternal()
[2026.01.06-13.52.02:031][239]LogAudioMixer: Display: FMixerPlatformXAudio2::SubmitBuffer() called for the first time
[2026.01.06-13.52.02:031][239]LogInit: FAudioDevice initialized.
[2026.01.06-13.52.02:031][239]LogAudio: Display: Audio Device (ID: 5) registered with world '02Boss'.
[2026.01.06-13.52.02:041][239]LogLoad: Game class is 'BP_Gameplay_GameMode_C'
[2026.01.06-13.52.02:043][239]LogWorld: Bringing World /Game/Maps/UEDPIE_0_02Boss.02Boss up for play (max tick rate 0) at 2026.01.06-15.52.02
[2026.01.06-13.52.02:043][239]LogWorld: Bringing up level for play took: 0.001128
[2026.01.06-13.52.02:043][239]LogOnline: OSS: Creating online subsystem instance for: :Context_15
[2026.01.06-13.52.02:045][239]PIE: Server logged in
[2026.01.06-13.52.02:046][239]PIE: Play in editor total start time 0,081 seconds.
[2026.01.06-13.52.03:673][428]LogSlate: Updating window title bar state: overlay mode, drag disabled, window buttons hidden, title bar hidden
[2026.01.06-13.52.03:673][428]LogWorld: BeginTearingDown for /Game/Maps/UEDPIE_0_02Boss
[2026.01.06-13.52.03:674][428]LogWorld: UWorld::CleanupWorld for 02Boss, bSessionEnded=true, bCleanupResources=true
[2026.01.06-13.52.03:674][428]LogSlate: InvalidateAllWidgets triggered.  All widgets were invalidated
[2026.01.06-13.52.03:680][428]LogPlayLevel: Display: Shutting down PIE online subsystems
[2026.01.06-13.52.03:691][428]LogSlate: InvalidateAllWidgets triggered.  All widgets were invalidated
[2026.01.06-13.52.03:710][428]LogAudio: Display: Audio Device unregistered from world 'None'.
[2026.01.06-13.52.03:710][428]LogAudioMixer: FMixerPlatformXAudio2::StopAudioStream() called
[2026.01.06-13.52.03:711][428]LogAudioMixer: FMixerPlatformXAudio2::StopAudioStream() called
[2026.01.06-13.52.03:713][428]LogSlate: Updating window title bar state: overlay mode, drag disabled, window buttons hidden, title bar hidden
[2026.01.06-13.52.03:715][428]LogUObjectHash: Compacting FUObjectHashTables data took   1.38ms
[2026.01.06-13.52.03:767][430]LogPlayLevel: Display: Destroying online subsystem :Context_15
[2026.01.06-13.52.10:372][219]LogMaterial: Display: Missing cached shadermap for M_RED in PCD3D_SM5, Default, SM5 (DDC key hash: 16843303C51E02274FDD6FBF57DDD9827BBA40C4), compiling. 
[2026.01.06-13.52.10:374][219]LogMaterial: Display: Missing cached shadermap for M_RED in PCD3D_SM5, Default, SM5 (DDC key hash: CFBA80E1A28D716FD1AFC5AFC032101FD2B2B595), compiling. 
[2026.01.06-13.52.10:375][219]MaterialEditorStats: Texture samplers: 0/16
[2026.01.06-13.52.10:388][221]MaterialEditorStats: Texture samplers: 2/16
[2026.01.06-13.52.10:398][222]MaterialEditorStats: Base pass shader: 120 instructions
[2026.01.06-13.52.10:398][222]MaterialEditorStats: Base pass shader with Surface Lightmap: 147 instructions
[2026.01.06-13.52.10:398][222]MaterialEditorStats: Base pass shader with Volumetric Lightmap: 194 instructions
[2026.01.06-13.52.10:398][222]MaterialEditorStats: Base pass vertex shader: 42 instructions
[2026.01.06-13.52.10:398][222]MaterialEditorStats: Texture samplers: 2/16
[2026.01.06-13.52.13:896][640]LogMaterial: Display: Missing cached shadermap for M_RED in PCD3D_SM5, Default, SM5 (DDC key hash: 7A9AE77E5E0C00DFD7D57C243CBA56DCB6181FD3), compiling. 
[2026.01.06-13.52.13:899][640]MaterialEditorStats: Texture samplers: 0/16
[2026.01.06-13.52.13:902][641]LogShaderCompilers: Display: Submitted 2 shader compile jobs with 'ForceLocal' priority
[2026.01.06-13.52.13:913][642]LogShaderCompilers: Display: Worker (1/17): shaders left to compile 2
[2026.01.06-13.52.13:913][642]LogShaderCompilers: Display: Worker (2/17): shaders left to compile 1
[2026.01.06-13.52.13:913][642]LogShaderCompilers: Display: Started 2 'Local' shader compile jobs with 'ForceLocal' priority
[2026.01.06-13.52.13:913][642]LogShaderCompilers: Display: Submitted 10 shader compile jobs with 'Normal' priority
[2026.01.06-13.52.13:913][642]LogShaderCompilers: Display: Worker (3/17): shaders left to compile 10
[2026.01.06-13.52.13:913][642]LogShaderCompilers: Display: Worker (4/17): shaders left to compile 9
[2026.01.06-13.52.13:913][642]LogShaderCompilers: Display: Worker (5/17): shaders left to compile 8
[2026.01.06-13.52.13:913][642]LogShaderCompilers: Display: Worker (6/17): shaders left to compile 7
[2026.01.06-13.52.13:913][642]LogShaderCompilers: Display: Worker (7/17): shaders left to compile 6
[2026.01.06-13.52.13:913][642]LogShaderCompilers: Display: Worker (8/17): shaders left to compile 5
[2026.01.06-13.52.13:913][642]LogShaderCompilers: Display: Worker (9/17): shaders left to compile 4
[2026.01.06-13.52.13:913][642]LogShaderCompilers: Display: Worker (10/17): shaders left to compile 3
[2026.01.06-13.52.13:913][642]LogShaderCompilers: Display: Worker (11/17): shaders left to compile 2
[2026.01.06-13.52.13:913][642]LogShaderCompilers: Display: Worker (12/17): shaders left to compile 1
[2026.01.06-13.52.13:913][642]LogShaderCompilers: Display: Started 10 'Local' shader compile jobs with 'Normal' priority
[2026.01.06-13.52.14:547][708]MaterialEditorStats: Texture samplers: 2/16
[2026.01.06-13.52.14:820][740]MaterialEditorStats: Base pass shader: 120 instructions
[2026.01.06-13.52.14:820][740]MaterialEditorStats: Base pass shader with Surface Lightmap: 147 instructions
[2026.01.06-13.52.14:820][740]MaterialEditorStats: Base pass shader with Volumetric Lightmap: 194 instructions
[2026.01.06-13.52.14:820][740]MaterialEditorStats: Base pass vertex shader: 42 instructions
[2026.01.06-13.52.14:820][740]MaterialEditorStats: Texture samplers: 2/16
[2026.01.06-13.52.16:743][955]LogMaterialEditor: Applying material M_RED
[2026.01.06-13.52.16:946][955]LogMaterial: Display: Missing cached shadermap for M_RED in PCD3D_SM5, Default, SM5 (DDC key hash: F2085EF63E1D5A7D784606FD9BACC611AFB05690), compiling. 
[2026.01.06-13.52.16:969][955]LogMaterial: Display: Missing cached shadermap for M_RED in PCD3D_SM5, Default, SM5 (DDC key hash: 16F6D502F0B8BB3063D68E1BE2D03180060DB7F2), compiling. 
[2026.01.06-13.52.16:990][955]LogUObjectHash: Compacting FUObjectHashTables data took   1.34ms
[2026.01.06-13.52.17:729][955]LogShaderCompilers: Display: Submitted 13 shader compile jobs with 'Normal' priority
[2026.01.06-13.52.17:729][955]LogShaderCompilers: Display: Worker (1/17): shaders left to compile 13
[2026.01.06-13.52.17:729][955]LogShaderCompilers: Display: Worker (2/17): shaders left to compile 12
[2026.01.06-13.52.17:729][955]LogShaderCompilers: Display: Worker (3/17): shaders left to compile 11
[2026.01.06-13.52.17:729][955]LogShaderCompilers: Display: Worker (4/17): shaders left to compile 10
[2026.01.06-13.52.17:729][955]LogShaderCompilers: Display: Worker (5/17): shaders left to compile 9
[2026.01.06-13.52.17:729][955]LogShaderCompilers: Display: Worker (6/17): shaders left to compile 8
[2026.01.06-13.52.17:729][955]LogShaderCompilers: Display: Worker (7/17): shaders left to compile 7
[2026.01.06-13.52.17:729][955]LogShaderCompilers: Display: Worker (8/17): shaders left to compile 6
[2026.01.06-13.52.17:729][955]LogShaderCompilers: Display: Worker (9/17): shaders left to compile 5
[2026.01.06-13.52.17:729][955]LogShaderCompilers: Display: Worker (10/17): shaders left to compile 4
[2026.01.06-13.52.17:729][955]LogShaderCompilers: Display: Worker (11/17): shaders left to compile 3
[2026.01.06-13.52.17:729][955]LogShaderCompilers: Display: Worker (12/17): shaders left to compile 2
[2026.01.06-13.52.17:730][955]LogShaderCompilers: Display: Worker (13/17): shaders left to compile 1
[2026.01.06-13.52.17:730][955]LogShaderCompilers: Display: Started 13 'Local' shader compile jobs with 'Normal' priority
[2026.01.06-13.52.17:730][955]LogUObjectHash: Compacting FUObjectHashTables data took   0.40ms
[2026.01.06-13.52.17:734][955]MaterialEditorStats: Base pass shader: 120 instructions
[2026.01.06-13.52.17:734][955]MaterialEditorStats: Base pass shader with Surface Lightmap: 147 instructions
[2026.01.06-13.52.17:734][955]MaterialEditorStats: Base pass shader with Volumetric Lightmap: 194 instructions
[2026.01.06-13.52.17:734][955]MaterialEditorStats: Base pass vertex shader: 42 instructions
[2026.01.06-13.52.17:734][955]MaterialEditorStats: Texture samplers: 3/16
[2026.01.06-13.52.18:999][ 97]LogTemp: Repeating last play command: Selected Viewport
[2026.01.06-13.52.19:003][ 97]LogPlayLevel: PlayLevel: No blueprints needed recompiling
[2026.01.06-13.52.19:003][ 97]PIE: New page: PIE session: 02Boss (6 січ. 2026 р., 17:52:19)
[2026.01.06-13.52.19:042][ 97]LogPlayLevel: Creating play world package: /Game/Maps/UEDPIE_0_02Boss
[2026.01.06-13.52.19:049][ 97]LogPlayLevel: PIE: StaticDuplicateObject took: (0.006415s)
[2026.01.06-13.52.19:049][ 97]LogAIModule: Creating AISystem for world 02Boss
[2026.01.06-13.52.19:050][ 97]LogPlayLevel: PIE: World Init took: (0.000637s)
[2026.01.06-13.52.19:050][ 97]LogPlayLevel: PIE: Created PIE world by copying editor world from /Game/Maps/02Boss.02Boss to /Game/Maps/UEDPIE_0_02Boss.02Boss (0.007205s)
[2026.01.06-13.52.19:072][ 97]LogUObjectHash: Compacting FUObjectHashTables data took   1.35ms
[2026.01.06-13.52.19:073][ 97]LogAudio: Display: Creating Audio Device:                 Id: 6, Scope: Unique, Realtime: True
[2026.01.06-13.52.19:073][ 97]LogAudioMixer: Display: Audio Mixer Platform Settings:
[2026.01.06-13.52.19:073][ 97]LogAudioMixer: Display: 	Sample Rate:						  48000
[2026.01.06-13.52.19:073][ 97]LogAudioMixer: Display: 	Callback Buffer Frame Size Requested: 1024
[2026.01.06-13.52.19:073][ 97]LogAudioMixer: Display: 	Callback Buffer Frame Size To Use:	  1024
[2026.01.06-13.52.19:073][ 97]LogAudioMixer: Display: 	Number of buffers to queue:			  2
[2026.01.06-13.52.19:073][ 97]LogAudioMixer: Display: 	Max Channels (voices):				  32
[2026.01.06-13.52.19:073][ 97]LogAudioMixer: Display: 	Number of Async Source Workers:		  0
[2026.01.06-13.52.19:073][ 97]LogAudio: Display: AudioDevice MaxSources: 32
[2026.01.06-13.52.19:073][ 97]LogAudio: Display: Audio Spatialization Plugin: None (built-in).
[2026.01.06-13.52.19:073][ 97]LogAudio: Display: Audio Reverb Plugin: None (built-in).
[2026.01.06-13.52.19:073][ 97]LogAudio: Display: Audio Occlusion Plugin: None (built-in).
[2026.01.06-13.52.19:073][ 97]LogAudioMixer: Display: Initializing audio mixer.
[2026.01.06-13.52.19:076][ 97]LogAudioMixer: Display: 0: FrontLeft
[2026.01.06-13.52.19:076][ 97]LogAudioMixer: Display: 1: FrontRight
[2026.01.06-13.52.19:084][ 97]LogAudioMixer: Display: Using Audio Device Speakers (Realtek(R) Audio)
[2026.01.06-13.52.19:084][ 97]LogAudioMixer: Display: Initializing Sound Submixes...
[2026.01.06-13.52.19:084][ 97]LogAudioMixer: Display: Creating Master Submix 'MasterSubmixDefault'
[2026.01.06-13.52.19:084][ 97]LogAudioMixer: Display: Creating Master Submix 'MasterReverbSubmixDefault'
[2026.01.06-13.52.19:084][ 97]LogAudioMixer: Display: Creating Master Submix 'MasterEQSubmixDefault'
[2026.01.06-13.52.19:084][ 97]LogAudioMixer: FMixerPlatformXAudio2::StartAudioStream() called
[2026.01.06-13.52.19:084][ 97]LogAudioMixer: Display: Output buffers initialized: Frames=1024, Channels=2, Samples=2048
[2026.01.06-13.52.19:085][ 97]LogAudioMixer: Display: Starting AudioMixerPlatformInterface::RunInternal()
[2026.01.06-13.52.19:085][ 97]LogAudioMixer: Display: FMixerPlatformXAudio2::SubmitBuffer() called for the first time
[2026.01.06-13.52.19:085][ 97]LogInit: FAudioDevice initialized.
[2026.01.06-13.52.19:085][ 97]LogAudio: Display: Audio Device (ID: 6) registered with world '02Boss'.
[2026.01.06-13.52.19:088][ 97]LogLoad: Game class is 'BP_Gameplay_GameMode_C'
[2026.01.06-13.52.19:089][ 97]LogWorld: Bringing World /Game/Maps/UEDPIE_0_02Boss.02Boss up for play (max tick rate 0) at 2026.01.06-15.52.19
[2026.01.06-13.52.19:090][ 97]LogWorld: Bringing up level for play took: 0.001135
[2026.01.06-13.52.19:090][ 97]LogOnline: OSS: Creating online subsystem instance for: :Context_16
[2026.01.06-13.52.19:092][ 97]PIE: Server logged in
[2026.01.06-13.52.19:093][ 97]PIE: Play in editor total start time 0,091 seconds.
[2026.01.06-13.52.31:125][533]LogSlate: Updating window title bar state: overlay mode, drag disabled, window buttons hidden, title bar hidden
[2026.01.06-13.52.31:125][533]LogWorld: BeginTearingDown for /Game/Maps/UEDPIE_0_02Boss
[2026.01.06-13.52.31:125][533]LogWorld: UWorld::CleanupWorld for 02Boss, bSessionEnded=true, bCleanupResources=true
[2026.01.06-13.52.31:126][533]LogSlate: InvalidateAllWidgets triggered.  All widgets were invalidated
[2026.01.06-13.52.31:133][533]LogPlayLevel: Display: Shutting down PIE online subsystems
[2026.01.06-13.52.31:144][533]LogSlate: InvalidateAllWidgets triggered.  All widgets were invalidated
[2026.01.06-13.52.31:161][533]LogSlate: Updating window title bar state: overlay mode, drag disabled, window buttons hidden, title bar hidden
[2026.01.06-13.52.31:162][533]LogAudioMixer: FMixerPlatformXAudio2::StopAudioStream() called
[2026.01.06-13.52.31:162][533]LogAudioMixer: FMixerPlatformXAudio2::StopAudioStream() called
[2026.01.06-13.52.31:166][533]LogUObjectHash: Compacting FUObjectHashTables data took   1.57ms
[2026.01.06-13.52.31:195][534]LogPlayLevel: Display: Destroying online subsystem :Context_16
[2026.01.06-13.52.36:383][136]LogMaterial: Display: Missing cached shadermap for M_RED in PCD3D_SM5, Default, SM5 (DDC key hash: 5ECA5FE95F24E6E36182F0EE769633D96F5899C2), compiling. 
[2026.01.06-13.52.36:386][136]MaterialEditorStats: Texture samplers: 0/16
[2026.01.06-13.52.36:389][137]LogShaderCompilers: Display: Submitted 2 shader compile jobs with 'ForceLocal' priority
[2026.01.06-13.52.36:394][138]LogShaderCompilers: Display: Submitted 10 shader compile jobs with 'Normal' priority
[2026.01.06-13.52.36:408][139]LogShaderCompilers: Display: Worker (1/17): shaders left to compile 2
[2026.01.06-13.52.36:408][139]LogShaderCompilers: Display: Worker (2/17): shaders left to compile 1
[2026.01.06-13.52.36:408][139]LogShaderCompilers: Display: Worker (3/17): shaders left to compile 10
[2026.01.06-13.52.36:408][139]LogShaderCompilers: Display: Worker (4/17): shaders left to compile 9
[2026.01.06-13.52.36:408][139]LogShaderCompilers: Display: Worker (5/17): shaders left to compile 8
[2026.01.06-13.52.36:408][139]LogShaderCompilers: Display: Worker (6/17): shaders left to compile 7
[2026.01.06-13.52.36:408][139]LogShaderCompilers: Display: Worker (7/17): shaders left to compile 6
[2026.01.06-13.52.36:408][139]LogShaderCompilers: Display: Worker (8/17): shaders left to compile 5
[2026.01.06-13.52.36:408][139]LogShaderCompilers: Display: Worker (9/17): shaders left to compile 4
[2026.01.06-13.52.36:408][139]LogShaderCompilers: Display: Worker (10/17): shaders left to compile 3
[2026.01.06-13.52.36:408][139]LogShaderCompilers: Display: Worker (11/17): shaders left to compile 2
[2026.01.06-13.52.36:408][139]LogShaderCompilers: Display: Worker (12/17): shaders left to compile 1
[2026.01.06-13.52.36:408][139]LogShaderCompilers: Display: Started 10 'Local' shader compile jobs with 'Normal' priority
[2026.01.06-13.52.36:408][139]LogShaderCompilers: Display: Started 2 'Local' shader compile jobs with 'ForceLocal' priority
[2026.01.06-13.52.37:027][201]MaterialEditorStats: Texture samplers: 2/16
[2026.01.06-13.52.37:210][223]MaterialEditorStats: Base pass shader: 121 instructions
[2026.01.06-13.52.37:210][223]MaterialEditorStats: Base pass shader with Surface Lightmap: 148 instructions
[2026.01.06-13.52.37:210][223]MaterialEditorStats: Base pass shader with Volumetric Lightmap: 195 instructions
[2026.01.06-13.52.37:210][223]MaterialEditorStats: Base pass vertex shader: 42 instructions
[2026.01.06-13.52.37:210][223]MaterialEditorStats: Texture samplers: 2/16
[2026.01.06-13.52.40:790][650]LogMaterial: Display: Missing cached shadermap for M_RED in PCD3D_SM5, Default, SM5 (DDC key hash: 0DECC859C6FC53F671ADE7EBFEC19DB2B3A199A9), compiling. 
[2026.01.06-13.52.40:792][650]LogMaterial: Display: Missing cached shadermap for M_RED in PCD3D_SM5, Default, SM5 (DDC key hash: 25595A176B477A20AAE0A95D713F7520B38B3780), compiling. 
[2026.01.06-13.52.40:793][650]MaterialEditorStats: Texture samplers: 0/16
[2026.01.06-13.52.40:806][652]MaterialEditorStats: Texture samplers: 2/16
[2026.01.06-13.52.40:814][653]MaterialEditorStats: Base pass shader: 121 instructions
[2026.01.06-13.52.40:814][653]MaterialEditorStats: Base pass shader with Surface Lightmap: 148 instructions
[2026.01.06-13.52.40:814][653]MaterialEditorStats: Base pass shader with Volumetric Lightmap: 195 instructions
[2026.01.06-13.52.40:814][653]MaterialEditorStats: Base pass vertex shader: 42 instructions
[2026.01.06-13.52.40:814][653]MaterialEditorStats: Texture samplers: 2/16
[2026.01.06-13.52.42:730][882]LogMaterialEditor: Saving and Compiling material M_RED
[2026.01.06-13.52.42:933][882]LogMaterial: Display: Missing cached shadermap for M_RED in PCD3D_SM5, Default, SM5 (DDC key hash: 85EA5FFC8134354A718A3D56503A3BF769B2AED4), compiling. 
[2026.01.06-13.52.42:955][882]LogMaterial: Display: Missing cached shadermap for M_RED in PCD3D_SM5, Default, SM5 (DDC key hash: 65D7281D16EEBA491B25E3C3823C12ABDFDA6C7D), compiling. 
[2026.01.06-13.52.42:980][882]LogUObjectHash: Compacting FUObjectHashTables data took   1.55ms
[2026.01.06-13.52.43:720][882]LogShaderCompilers: Display: Submitted 13 shader compile jobs with 'Normal' priority
[2026.01.06-13.52.43:720][882]LogShaderCompilers: Display: Worker (1/17): shaders left to compile 13
[2026.01.06-13.52.43:720][882]LogShaderCompilers: Display: Worker (2/17): shaders left to compile 12
[2026.01.06-13.52.43:720][882]LogShaderCompilers: Display: Worker (3/17): shaders left to compile 11
[2026.01.06-13.52.43:720][882]LogShaderCompilers: Display: Worker (4/17): shaders left to compile 10
[2026.01.06-13.52.43:720][882]LogShaderCompilers: Display: Worker (5/17): shaders left to compile 9
[2026.01.06-13.52.43:720][882]LogShaderCompilers: Display: Worker (6/17): shaders left to compile 8
[2026.01.06-13.52.43:720][882]LogShaderCompilers: Display: Worker (7/17): shaders left to compile 7
[2026.01.06-13.52.43:720][882]LogShaderCompilers: Display: Worker (8/17): shaders left to compile 6
[2026.01.06-13.52.43:720][882]LogShaderCompilers: Display: Worker (9/17): shaders left to compile 5
[2026.01.06-13.52.43:720][882]LogShaderCompilers: Display: Worker (10/17): shaders left to compile 4
[2026.01.06-13.52.43:720][882]LogShaderCompilers: Display: Worker (11/17): shaders left to compile 3
[2026.01.06-13.52.43:720][882]LogShaderCompilers: Display: Worker (12/17): shaders left to compile 2
[2026.01.06-13.52.43:720][882]LogShaderCompilers: Display: Worker (13/17): shaders left to compile 1
[2026.01.06-13.52.43:720][882]LogShaderCompilers: Display: Started 13 'Local' shader compile jobs with 'Normal' priority
[2026.01.06-13.52.43:720][882]LogUObjectHash: Compacting FUObjectHashTables data took   0.39ms
[2026.01.06-13.52.43:738][882]Cmd: OBJ SAVEPACKAGE PACKAGE="/Game/Maps/M_RED" FILE="D:/Artemii/Game/Game/Content/Maps/M_RED.uasset" SILENT=true
[2026.01.06-13.52.43:741][882]LogSavePackage: Moving 'D:/Artemii/Game/Game/Saved/M_REDD4DB2EF84EB727930DE8C5B777720D36.tmp' to 'D:/Artemii/Game/Game/Content/Maps/M_RED.uasset'
[2026.01.06-13.52.43:751][882]AssetCheck: New page: Asset Save: M_RED
[2026.01.06-13.52.43:751][882]LogContentValidation: Display: Validating Material /Game/Maps/M_RED.M_RED
[2026.01.06-13.52.43:752][882]MaterialEditorStats: Base pass shader: 121 instructions
[2026.01.06-13.52.43:752][882]MaterialEditorStats: Base pass shader with Surface Lightmap: 148 instructions
[2026.01.06-13.52.43:752][882]MaterialEditorStats: Base pass shader with Volumetric Lightmap: 195 instructions
[2026.01.06-13.52.43:752][882]MaterialEditorStats: Base pass vertex shader: 42 instructions
[2026.01.06-13.52.43:752][882]MaterialEditorStats: Texture samplers: 3/16
[2026.01.06-13.52.45:606][ 93]LogTemp: Repeating last play command: Selected Viewport
[2026.01.06-13.52.45:609][ 93]LogPlayLevel: PlayLevel: No blueprints needed recompiling
[2026.01.06-13.52.45:609][ 93]PIE: New page: PIE session: 02Boss (6 січ. 2026 р., 17:52:45)
[2026.01.06-13.52.45:643][ 93]LogPlayLevel: Creating play world package: /Game/Maps/UEDPIE_0_02Boss
[2026.01.06-13.52.45:651][ 93]LogPlayLevel: PIE: StaticDuplicateObject took: (0.007791s)
[2026.01.06-13.52.45:651][ 93]LogAIModule: Creating AISystem for world 02Boss
[2026.01.06-13.52.45:651][ 93]LogPlayLevel: PIE: World Init took: (0.000667s)
[2026.01.06-13.52.45:651][ 93]LogPlayLevel: PIE: Created PIE world by copying editor world from /Game/Maps/02Boss.02Boss to /Game/Maps/UEDPIE_0_02Boss.02Boss (0.008593s)
[2026.01.06-13.52.45:675][ 93]LogUObjectHash: Compacting FUObjectHashTables data took   1.35ms
[2026.01.06-13.52.45:675][ 93]LogAudio: Display: Creating Audio Device:                 Id: 7, Scope: Unique, Realtime: True
[2026.01.06-13.52.45:675][ 93]LogAudioMixer: Display: Audio Mixer Platform Settings:
[2026.01.06-13.52.45:675][ 93]LogAudioMixer: Display: 	Sample Rate:						  48000
[2026.01.06-13.52.45:675][ 93]LogAudioMixer: Display: 	Callback Buffer Frame Size Requested: 1024
[2026.01.06-13.52.45:675][ 93]LogAudioMixer: Display: 	Callback Buffer Frame Size To Use:	  1024
[2026.01.06-13.52.45:675][ 93]LogAudioMixer: Display: 	Number of buffers to queue:			  2
[2026.01.06-13.52.45:675][ 93]LogAudioMixer: Display: 	Max Channels (voices):				  32
[2026.01.06-13.52.45:675][ 93]LogAudioMixer: Display: 	Number of Async Source Workers:		  0
[2026.01.06-13.52.45:675][ 93]LogAudio: Display: AudioDevice MaxSources: 32
[2026.01.06-13.52.45:676][ 93]LogAudio: Display: Audio Spatialization Plugin: None (built-in).
[2026.01.06-13.52.45:676][ 93]LogAudio: Display: Audio Reverb Plugin: None (built-in).
[2026.01.06-13.52.45:676][ 93]LogAudio: Display: Audio Occlusion Plugin: None (built-in).
[2026.01.06-13.52.45:676][ 93]LogAudioMixer: Display: Initializing audio mixer.
[2026.01.06-13.52.45:678][ 93]LogAudioMixer: Display: 0: FrontLeft
[2026.01.06-13.52.45:678][ 93]LogAudioMixer: Display: 1: FrontRight
[2026.01.06-13.52.45:686][ 93]LogAudioMixer: Display: Using Audio Device Speakers (Realtek(R) Audio)
[2026.01.06-13.52.45:686][ 93]LogAudioMixer: Display: Initializing Sound Submixes...
[2026.01.06-13.52.45:686][ 93]LogAudioMixer: Display: Creating Master Submix 'MasterSubmixDefault'
[2026.01.06-13.52.45:686][ 93]LogAudioMixer: Display: Creating Master Submix 'MasterReverbSubmixDefault'
[2026.01.06-13.52.45:687][ 93]LogAudioMixer: Display: Creating Master Submix 'MasterEQSubmixDefault'
[2026.01.06-13.52.45:687][ 93]LogAudioMixer: FMixerPlatformXAudio2::StartAudioStream() called
[2026.01.06-13.52.45:687][ 93]LogAudioMixer: Display: Output buffers initialized: Frames=1024, Channels=2, Samples=2048
[2026.01.06-13.52.45:687][ 93]LogAudioMixer: Display: Starting AudioMixerPlatformInterface::RunInternal()
[2026.01.06-13.52.45:687][ 93]LogAudioMixer: Display: FMixerPlatformXAudio2::SubmitBuffer() called for the first time
[2026.01.06-13.52.45:688][ 93]LogInit: FAudioDevice initialized.
[2026.01.06-13.52.45:688][ 93]LogAudio: Display: Audio Device (ID: 7) registered with world '02Boss'.
[2026.01.06-13.52.45:692][ 93]LogLoad: Game class is 'BP_Gameplay_GameMode_C'
[2026.01.06-13.52.45:694][ 93]LogWorld: Bringing World /Game/Maps/UEDPIE_0_02Boss.02Boss up for play (max tick rate 0) at 2026.01.06-15.52.45
[2026.01.06-13.52.45:694][ 93]LogWorld: Bringing up level for play took: 0.001142
[2026.01.06-13.52.45:694][ 93]LogOnline: OSS: Creating online subsystem instance for: :Context_17
[2026.01.06-13.52.45:696][ 93]PIE: Server logged in
[2026.01.06-13.52.45:697][ 93]PIE: Play in editor total start time 0,088 seconds.
[2026.01.06-13.52.50:574][674]LogSlate: Updating window title bar state: overlay mode, drag disabled, window buttons hidden, title bar hidden
[2026.01.06-13.52.50:574][674]LogWorld: BeginTearingDown for /Game/Maps/UEDPIE_0_02Boss
[2026.01.06-13.52.50:574][674]LogWorld: UWorld::CleanupWorld for 02Boss, bSessionEnded=true, bCleanupResources=true
[2026.01.06-13.52.50:575][674]LogSlate: InvalidateAllWidgets triggered.  All widgets were invalidated
[2026.01.06-13.52.50:585][674]LogPlayLevel: Display: Shutting down PIE online subsystems
[2026.01.06-13.52.50:595][674]LogSlate: InvalidateAllWidgets triggered.  All widgets were invalidated
[2026.01.06-13.52.50:610][674]LogSlate: Updating window title bar state: overlay mode, drag disabled, window buttons hidden, title bar hidden
[2026.01.06-13.52.50:610][674]LogAudioMixer: FMixerPlatformXAudio2::StopAudioStream() called
[2026.01.06-13.52.50:611][674]LogAudioMixer: FMixerPlatformXAudio2::StopAudioStream() called
[2026.01.06-13.52.50:615][674]LogUObjectHash: Compacting FUObjectHashTables data took   1.37ms
[2026.01.06-13.52.50:667][676]LogPlayLevel: Display: Destroying online subsystem :Context_17
[2026.01.06-13.52.54:234][ 93]LogMaterial: Display: Missing cached shadermap for M_RED in PCD3D_SM5, Default, SM5 (DDC key hash: 6D80CC99279B992417B496AC9410EA2607D1DE6C), compiling. 
[2026.01.06-13.52.54:237][ 93]MaterialEditorStats: Texture samplers: 0/16
[2026.01.06-13.52.54:240][ 94]LogShaderCompilers: Display: Submitted 2 shader compile jobs with 'ForceLocal' priority
[2026.01.06-13.52.54:248][ 95]LogShaderCompilers: Display: Worker (1/17): shaders left to compile 2
[2026.01.06-13.52.54:248][ 95]LogShaderCompilers: Display: Worker (2/17): shaders left to compile 1
[2026.01.06-13.52.54:248][ 95]LogShaderCompilers: Display: Started 2 'Local' shader compile jobs with 'ForceLocal' priority
[2026.01.06-13.52.54:248][ 95]LogShaderCompilers: Display: Submitted 10 shader compile jobs with 'Normal' priority
[2026.01.06-13.52.54:248][ 95]LogShaderCompilers: Display: Worker (3/17): shaders left to compile 10
[2026.01.06-13.52.54:248][ 95]LogShaderCompilers: Display: Worker (4/17): shaders left to compile 9
[2026.01.06-13.52.54:248][ 95]LogShaderCompilers: Display: Worker (5/17): shaders left to compile 8
[2026.01.06-13.52.54:248][ 95]LogShaderCompilers: Display: Worker (6/17): shaders left to compile 7
[2026.01.06-13.52.54:248][ 95]LogShaderCompilers: Display: Worker (7/17): shaders left to compile 6
[2026.01.06-13.52.54:248][ 95]LogShaderCompilers: Display: Worker (8/17): shaders left to compile 5
[2026.01.06-13.52.54:248][ 95]LogShaderCompilers: Display: Worker (9/17): shaders left to compile 4
[2026.01.06-13.52.54:248][ 95]LogShaderCompilers: Display: Worker (10/17): shaders left to compile 3
[2026.01.06-13.52.54:248][ 95]LogShaderCompilers: Display: Worker (11/17): shaders left to compile 2
[2026.01.06-13.52.54:248][ 95]LogShaderCompilers: Display: Worker (12/17): shaders left to compile 1
[2026.01.06-13.52.54:248][ 95]LogShaderCompilers: Display: Started 10 'Local' shader compile jobs with 'Normal' priority
[2026.01.06-13.52.54:809][144]MaterialEditorStats: Texture samplers: 2/16
[2026.01.06-13.52.55:019][169]LogMaterial: Display: Missing cached shadermap for M_RED in PCD3D_SM5, Default, SM5 (DDC key hash: ABB64A79F89D0476180AB190377FB6A4920B1CFE), compiling. 
[2026.01.06-13.52.55:021][169]MaterialEditorStats: Texture samplers: 0/16
[2026.01.06-13.52.55:035][171]MaterialEditorStats: Base pass shader: 120 instructions
[2026.01.06-13.52.55:035][171]MaterialEditorStats: Base pass shader with Surface Lightmap: 147 instructions
[2026.01.06-13.52.55:035][171]MaterialEditorStats: Base pass shader with Volumetric Lightmap: 194 instructions
[2026.01.06-13.52.55:035][171]MaterialEditorStats: Base pass vertex shader: 42 instructions
[2026.01.06-13.52.55:035][171]MaterialEditorStats: Texture samplers: 2/16
[2026.01.06-13.52.58:827][626]LogMaterialEditor: Saving and Compiling material M_RED
[2026.01.06-13.52.59:032][626]LogMaterial: Display: Missing cached shadermap for M_RED in PCD3D_SM5, Default, SM5 (DDC key hash: FFDE33A62F6E89052557E3F5227120FE1EC2B68E), compiling. 
[2026.01.06-13.52.59:055][626]LogMaterial: Display: Missing cached shadermap for M_RED in PCD3D_SM5, Default, SM5 (DDC key hash: 18DC4D64EF51F9FE0D7755016910222A8E39F640), compiling. 
[2026.01.06-13.52.59:081][626]LogUObjectHash: Compacting FUObjectHashTables data took   1.74ms
[2026.01.06-13.52.59:327][626]LogShaderCompilers: Display: Submitted 13 shader compile jobs with 'Normal' priority
[2026.01.06-13.52.59:327][626]LogShaderCompilers: Display: Worker (1/17): shaders left to compile 13
[2026.01.06-13.52.59:327][626]LogShaderCompilers: Display: Worker (2/17): shaders left to compile 12
[2026.01.06-13.52.59:327][626]LogShaderCompilers: Display: Worker (3/17): shaders left to compile 11
[2026.01.06-13.52.59:327][626]LogShaderCompilers: Display: Worker (4/17): shaders left to compile 10
[2026.01.06-13.52.59:327][626]LogShaderCompilers: Display: Worker (5/17): shaders left to compile 9
[2026.01.06-13.52.59:327][626]LogShaderCompilers: Display: Worker (6/17): shaders left to compile 8
[2026.01.06-13.52.59:327][626]LogShaderCompilers: Display: Worker (7/17): shaders left to compile 7
[2026.01.06-13.52.59:327][626]LogShaderCompilers: Display: Worker (8/17): shaders left to compile 6
[2026.01.06-13.52.59:327][626]LogShaderCompilers: Display: Worker (9/17): shaders left to compile 5
[2026.01.06-13.52.59:327][626]LogShaderCompilers: Display: Worker (10/17): shaders left to compile 4
[2026.01.06-13.52.59:327][626]LogShaderCompilers: Display: Worker (11/17): shaders left to compile 3
[2026.01.06-13.52.59:327][626]LogShaderCompilers: Display: Worker (12/17): shaders left to compile 2
[2026.01.06-13.52.59:327][626]LogShaderCompilers: Display: Worker (13/17): shaders left to compile 1
[2026.01.06-13.52.59:327][626]LogShaderCompilers: Display: Started 13 'Local' shader compile jobs with 'Normal' priority
[2026.01.06-13.52.59:327][626]LogUObjectHash: Compacting FUObjectHashTables data took   1.15ms
[2026.01.06-13.52.59:808][626]Cmd: OBJ SAVEPACKAGE PACKAGE="/Game/Maps/M_RED" FILE="D:/Artemii/Game/Game/Content/Maps/M_RED.uasset" SILENT=true
[2026.01.06-13.52.59:812][626]LogSavePackage: Moving 'D:/Artemii/Game/Game/Saved/M_RED6BD1A5124FCB5B78AE81C7AB1263EC3C.tmp' to 'D:/Artemii/Game/Game/Content/Maps/M_RED.uasset'
[2026.01.06-13.52.59:821][626]AssetCheck: New page: Asset Save: M_RED
[2026.01.06-13.52.59:821][626]LogContentValidation: Display: Validating Material /Game/Maps/M_RED.M_RED
[2026.01.06-13.52.59:822][626]MaterialEditorStats: Base pass shader: 120 instructions
[2026.01.06-13.52.59:822][626]MaterialEditorStats: Base pass shader with Surface Lightmap: 147 instructions
[2026.01.06-13.52.59:822][626]MaterialEditorStats: Base pass shader with Volumetric Lightmap: 194 instructions
[2026.01.06-13.52.59:822][626]MaterialEditorStats: Base pass vertex shader: 42 instructions
[2026.01.06-13.52.59:822][626]MaterialEditorStats: Texture samplers: 3/16
[2026.01.06-13.53.02:066][878]LogTemp: Repeating last play command: Selected Viewport
[2026.01.06-13.53.02:069][878]LogPlayLevel: PlayLevel: No blueprints needed recompiling
[2026.01.06-13.53.02:069][878]PIE: New page: PIE session: 02Boss (6 січ. 2026 р., 17:53:02)
[2026.01.06-13.53.02:093][878]LogPlayLevel: Creating play world package: /Game/Maps/UEDPIE_0_02Boss
[2026.01.06-13.53.02:098][878]LogPlayLevel: PIE: StaticDuplicateObject took: (0.004370s)
[2026.01.06-13.53.02:098][878]LogAIModule: Creating AISystem for world 02Boss
[2026.01.06-13.53.02:098][878]LogPlayLevel: PIE: World Init took: (0.000635s)
[2026.01.06-13.53.02:098][878]LogPlayLevel: PIE: Created PIE world by copying editor world from /Game/Maps/02Boss.02Boss to /Game/Maps/UEDPIE_0_02Boss.02Boss (0.005108s)
[2026.01.06-13.53.02:120][878]LogUObjectHash: Compacting FUObjectHashTables data took   1.34ms
[2026.01.06-13.53.02:121][878]LogAudio: Display: Creating Audio Device:                 Id: 8, Scope: Unique, Realtime: True
[2026.01.06-13.53.02:121][878]LogAudioMixer: Display: Audio Mixer Platform Settings:
[2026.01.06-13.53.02:121][878]LogAudioMixer: Display: 	Sample Rate:						  48000
[2026.01.06-13.53.02:121][878]LogAudioMixer: Display: 	Callback Buffer Frame Size Requested: 1024
[2026.01.06-13.53.02:121][878]LogAudioMixer: Display: 	Callback Buffer Frame Size To Use:	  1024
[2026.01.06-13.53.02:121][878]LogAudioMixer: Display: 	Number of buffers to queue:			  2
[2026.01.06-13.53.02:121][878]LogAudioMixer: Display: 	Max Channels (voices):				  32
[2026.01.06-13.53.02:121][878]LogAudioMixer: Display: 	Number of Async Source Workers:		  0
[2026.01.06-13.53.02:121][878]LogAudio: Display: AudioDevice MaxSources: 32
[2026.01.06-13.53.02:121][878]LogAudio: Display: Audio Spatialization Plugin: None (built-in).
[2026.01.06-13.53.02:121][878]LogAudio: Display: Audio Reverb Plugin: None (built-in).
[2026.01.06-13.53.02:121][878]LogAudio: Display: Audio Occlusion Plugin: None (built-in).
[2026.01.06-13.53.02:121][878]LogAudioMixer: Display: Initializing audio mixer.
[2026.01.06-13.53.02:124][878]LogAudioMixer: Display: 0: FrontLeft
[2026.01.06-13.53.02:124][878]LogAudioMixer: Display: 1: FrontRight
[2026.01.06-13.53.02:132][878]LogAudioMixer: Display: Using Audio Device Speakers (Realtek(R) Audio)
[2026.01.06-13.53.02:132][878]LogAudioMixer: Display: Initializing Sound Submixes...
[2026.01.06-13.53.02:132][878]LogAudioMixer: Display: Creating Master Submix 'MasterSubmixDefault'
[2026.01.06-13.53.02:132][878]LogAudioMixer: Display: Creating Master Submix 'MasterReverbSubmixDefault'
[2026.01.06-13.53.02:132][878]LogAudioMixer: Display: Creating Master Submix 'MasterEQSubmixDefault'
[2026.01.06-13.53.02:132][878]LogAudioMixer: FMixerPlatformXAudio2::StartAudioStream() called
[2026.01.06-13.53.02:132][878]LogAudioMixer: Display: Output buffers initialized: Frames=1024, Channels=2, Samples=2048
[2026.01.06-13.53.02:133][878]LogAudioMixer: Display: Starting AudioMixerPlatformInterface::RunInternal()
[2026.01.06-13.53.02:133][878]LogAudioMixer: Display: FMixerPlatformXAudio2::SubmitBuffer() called for the first time
[2026.01.06-13.53.02:133][878]LogInit: FAudioDevice initialized.
[2026.01.06-13.53.02:133][878]LogAudio: Display: Audio Device (ID: 8) registered with world '02Boss'.
[2026.01.06-13.53.02:140][878]LogLoad: Game class is 'BP_Gameplay_GameMode_C'
[2026.01.06-13.53.02:142][878]LogWorld: Bringing World /Game/Maps/UEDPIE_0_02Boss.02Boss up for play (max tick rate 0) at 2026.01.06-15.53.02
[2026.01.06-13.53.02:142][878]LogWorld: Bringing up level for play took: 0.001184
[2026.01.06-13.53.02:142][878]LogOnline: OSS: Creating online subsystem instance for: :Context_18
[2026.01.06-13.53.02:144][878]PIE: Server logged in
[2026.01.06-13.53.02:145][878]PIE: Play in editor total start time 0,076 seconds.
[2026.01.06-13.53.03:705][ 60]LogSlate: Updating window title bar state: overlay mode, drag disabled, window buttons hidden, title bar hidden
[2026.01.06-13.53.03:705][ 60]LogWorld: BeginTearingDown for /Game/Maps/UEDPIE_0_02Boss
[2026.01.06-13.53.03:705][ 60]LogWorld: UWorld::CleanupWorld for 02Boss, bSessionEnded=true, bCleanupResources=true
[2026.01.06-13.53.03:705][ 60]LogSlate: InvalidateAllWidgets triggered.  All widgets were invalidated
[2026.01.06-13.53.03:711][ 60]LogPlayLevel: Display: Shutting down PIE online subsystems
[2026.01.06-13.53.03:722][ 60]LogSlate: InvalidateAllWidgets triggered.  All widgets were invalidated
[2026.01.06-13.53.03:740][ 60]LogSlate: Updating window title bar state: overlay mode, drag disabled, window buttons hidden, title bar hidden
[2026.01.06-13.53.03:741][ 60]LogAudioMixer: FMixerPlatformXAudio2::StopAudioStream() called
[2026.01.06-13.53.03:742][ 60]LogAudioMixer: FMixerPlatformXAudio2::StopAudioStream() called
[2026.01.06-13.53.03:745][ 60]LogUObjectHash: Compacting FUObjectHashTables data took   1.55ms
[2026.01.06-13.53.03:790][ 64]LogPlayLevel: Display: Destroying online subsystem :Context_18
[2026.01.06-13.53.04:158][106]LogTemp: Repeating last play command: Selected Viewport
[2026.01.06-13.53.04:161][106]LogPlayLevel: PlayLevel: No blueprints needed recompiling
[2026.01.06-13.53.04:161][106]PIE: New page: PIE session: 02Boss (6 січ. 2026 р., 17:53:04)
[2026.01.06-13.53.04:161][106]LogPlayLevel: Creating play world package: /Game/Maps/UEDPIE_0_02Boss
[2026.01.06-13.53.04:165][106]LogPlayLevel: PIE: StaticDuplicateObject took: (0.004146s)
[2026.01.06-13.53.04:166][106]LogAIModule: Creating AISystem for world 02Boss
[2026.01.06-13.53.04:166][106]LogPlayLevel: PIE: World Init took: (0.000638s)
[2026.01.06-13.53.04:166][106]LogPlayLevel: PIE: Created PIE world by copying editor world from /Game/Maps/02Boss.02Boss to /Game/Maps/UEDPIE_0_02Boss.02Boss (0.004858s)
[2026.01.06-13.53.04:182][106]LogUObjectHash: Compacting FUObjectHashTables data took   1.34ms
[2026.01.06-13.53.04:182][106]LogAudio: Display: Creating Audio Device:                 Id: 9, Scope: Unique, Realtime: True
[2026.01.06-13.53.04:182][106]LogAudioMixer: Display: Audio Mixer Platform Settings:
[2026.01.06-13.53.04:182][106]LogAudioMixer: Display: 	Sample Rate:						  48000
[2026.01.06-13.53.04:182][106]LogAudioMixer: Display: 	Callback Buffer Frame Size Requested: 1024
[2026.01.06-13.53.04:182][106]LogAudioMixer: Display: 	Callback Buffer Frame Size To Use:	  1024
[2026.01.06-13.53.04:182][106]LogAudioMixer: Display: 	Number of buffers to queue:			  2
[2026.01.06-13.53.04:182][106]LogAudioMixer: Display: 	Max Channels (voices):				  32
[2026.01.06-13.53.04:182][106]LogAudioMixer: Display: 	Number of Async Source Workers:		  0
[2026.01.06-13.53.04:182][106]LogAudio: Display: AudioDevice MaxSources: 32
[2026.01.06-13.53.04:182][106]LogAudio: Display: Audio Spatialization Plugin: None (built-in).
[2026.01.06-13.53.04:182][106]LogAudio: Display: Audio Reverb Plugin: None (built-in).
[2026.01.06-13.53.04:183][106]LogAudio: Display: Audio Occlusion Plugin: None (built-in).
[2026.01.06-13.53.04:183][106]LogAudioMixer: Display: Initializing audio mixer.
[2026.01.06-13.53.04:185][106]LogAudioMixer: Display: 0: FrontLeft
[2026.01.06-13.53.04:185][106]LogAudioMixer: Display: 1: FrontRight
[2026.01.06-13.53.04:193][106]LogAudioMixer: Display: Using Audio Device Speakers (Realtek(R) Audio)
[2026.01.06-13.53.04:193][106]LogAudioMixer: Display: Initializing Sound Submixes...
[2026.01.06-13.53.04:193][106]LogAudioMixer: Display: Creating Master Submix 'MasterSubmixDefault'
[2026.01.06-13.53.04:193][106]LogAudioMixer: Display: Creating Master Submix 'MasterReverbSubmixDefault'
[2026.01.06-13.53.04:194][106]LogAudioMixer: Display: Creating Master Submix 'MasterEQSubmixDefault'
[2026.01.06-13.53.04:194][106]LogAudioMixer: FMixerPlatformXAudio2::StartAudioStream() called
[2026.01.06-13.53.04:194][106]LogAudioMixer: Display: Output buffers initialized: Frames=1024, Channels=2, Samples=2048
[2026.01.06-13.53.04:194][106]LogAudioMixer: Display: Starting AudioMixerPlatformInterface::RunInternal()
[2026.01.06-13.53.04:194][106]LogAudioMixer: Display: FMixerPlatformXAudio2::SubmitBuffer() called for the first time
[2026.01.06-13.53.04:194][106]LogInit: FAudioDevice initialized.
[2026.01.06-13.53.04:194][106]LogAudio: Display: Audio Device (ID: 9) registered with world '02Boss'.
[2026.01.06-13.53.04:200][106]LogLoad: Game class is 'BP_Gameplay_GameMode_C'
[2026.01.06-13.53.04:202][106]LogWorld: Bringing World /Game/Maps/UEDPIE_0_02Boss.02Boss up for play (max tick rate 0) at 2026.01.06-15.53.04
[2026.01.06-13.53.04:202][106]LogWorld: Bringing up level for play took: 0.001147
[2026.01.06-13.53.04:202][106]LogOnline: OSS: Creating online subsystem instance for: :Context_19
[2026.01.06-13.53.04:204][106]PIE: Server logged in
[2026.01.06-13.53.04:205][106]PIE: Play in editor total start time 0,044 seconds.
[2026.01.06-13.53.48:615][428]LogSlate: Updating window title bar state: overlay mode, drag disabled, window buttons hidden, title bar hidden
[2026.01.06-13.53.48:615][428]LogWorld: BeginTearingDown for /Game/Maps/UEDPIE_0_02Boss
[2026.01.06-13.53.48:615][428]LogWorld: UWorld::CleanupWorld for 02Boss, bSessionEnded=true, bCleanupResources=true
[2026.01.06-13.53.48:616][428]LogSlate: InvalidateAllWidgets triggered.  All widgets were invalidated
[2026.01.06-13.53.48:626][428]LogPlayLevel: Display: Shutting down PIE online subsystems
[2026.01.06-13.53.48:637][428]LogSlate: InvalidateAllWidgets triggered.  All widgets were invalidated
[2026.01.06-13.53.48:653][428]LogSlate: Updating window title bar state: overlay mode, drag disabled, window buttons hidden, title bar hidden
[2026.01.06-13.53.48:653][428]LogAudioMixer: FMixerPlatformXAudio2::StopAudioStream() called
[2026.01.06-13.53.48:654][428]LogAudioMixer: FMixerPlatformXAudio2::StopAudioStream() called
[2026.01.06-13.53.48:659][428]LogUObjectHash: Compacting FUObjectHashTables data took   1.56ms
[2026.01.06-13.53.48:689][429]LogPlayLevel: Display: Destroying online subsystem :Context_19
[2026.01.06-13.54.03:987][255]LogMaterial: Display: Missing cached shadermap for M_RED in PCD3D_SM5, Default, SM5 (DDC key hash: EBDCDCC4638F09AC817E5CB9D5A195A3BA1A12FE), compiling. 
[2026.01.06-13.54.03:989][255]LogMaterial: Display: Missing cached shadermap for M_RED in PCD3D_SM5, Default, SM5 (DDC key hash: 274D0B1D8306C6B3CD7F1D6CB99348DA1B3CE3BE), compiling. 
[2026.01.06-13.54.03:990][255]MaterialEditorStats: Texture samplers: 0/16
[2026.01.06-13.54.04:003][257]MaterialEditorStats: Texture samplers: 2/16
[2026.01.06-13.54.04:011][258]MaterialEditorStats: Base pass shader: 120 instructions
[2026.01.06-13.54.04:011][258]MaterialEditorStats: Base pass shader with Surface Lightmap: 147 instructions
[2026.01.06-13.54.04:011][258]MaterialEditorStats: Base pass shader with Volumetric Lightmap: 194 instructions
[2026.01.06-13.54.04:011][258]MaterialEditorStats: Base pass vertex shader: 42 instructions
[2026.01.06-13.54.04:011][258]MaterialEditorStats: Texture samplers: 2/16
[2026.01.06-13.54.06:936][609]LogMaterial: Display: Missing cached shadermap for M_RED in PCD3D_SM5, Default, SM5 (DDC key hash: 495957FEED1384FC1CF9A30F7C7E8431D93796A2), compiling. 
[2026.01.06-13.54.06:938][609]LogMaterial: Display: Missing cached shadermap for M_RED in PCD3D_SM5, Default, SM5 (DDC key hash: B5D5BE5718C2F8EF61A2E2DE4A61E1718B8F963D), compiling. 
[2026.01.06-13.54.06:939][609]MaterialEditorStats: Texture samplers: 0/16
[2026.01.06-13.54.06:952][611]MaterialEditorStats: Texture samplers: 2/16
[2026.01.06-13.54.06:961][612]MaterialEditorStats: Base pass shader: 120 instructions
[2026.01.06-13.54.06:961][612]MaterialEditorStats: Base pass shader with Surface Lightmap: 147 instructions
[2026.01.06-13.54.06:961][612]MaterialEditorStats: Base pass shader with Volumetric Lightmap: 194 instructions
[2026.01.06-13.54.06:961][612]MaterialEditorStats: Base pass vertex shader: 42 instructions
[2026.01.06-13.54.06:961][612]MaterialEditorStats: Texture samplers: 2/16
[2026.01.06-13.54.09:287][891]LogMaterial: Display: Missing cached shadermap for M_RED in PCD3D_SM5, Default, SM5 (DDC key hash: FF946E563C598DB38D99ECD7962817EAB77F867A), compiling. 
[2026.01.06-13.54.09:289][891]LogMaterial: Display: Missing cached shadermap for M_RED in PCD3D_SM5, Default, SM5 (DDC key hash: 2869FC6597971565504270CF8F67330E55962993), compiling. 
[2026.01.06-13.54.09:290][891]MaterialEditorStats: Texture samplers: 0/16
[2026.01.06-13.54.09:303][893]MaterialEditorStats: Texture samplers: 2/16
[2026.01.06-13.54.09:312][894]MaterialEditorStats: Base pass shader: 120 instructions
[2026.01.06-13.54.09:312][894]MaterialEditorStats: Base pass shader with Surface Lightmap: 147 instructions
[2026.01.06-13.54.09:312][894]MaterialEditorStats: Base pass shader with Volumetric Lightmap: 194 instructions
[2026.01.06-13.54.09:312][894]MaterialEditorStats: Base pass vertex shader: 42 instructions
[2026.01.06-13.54.09:312][894]MaterialEditorStats: Texture samplers: 2/16
[2026.01.06-13.54.11:212][116]LogMaterialEditor: Saving and Compiling material M_RED
[2026.01.06-13.54.11:418][116]LogMaterial: Display: Missing cached shadermap for M_RED in PCD3D_SM5, Default, SM5 (DDC key hash: 69BE0275F0F5A90C36E137CCD5AD5A822CA171D4), compiling. 
[2026.01.06-13.54.11:444][116]LogMaterial: Display: Missing cached shadermap for M_RED in PCD3D_SM5, Default, SM5 (DDC key hash: 8E71100BFF2314A4583EA96445B3482EE6CEB86D), compiling. 
[2026.01.06-13.54.11:469][116]LogUObjectHash: Compacting FUObjectHashTables data took   2.13ms
[2026.01.06-13.54.11:607][116]LogUObjectHash: Compacting FUObjectHashTables data took   0.44ms
[2026.01.06-13.54.11:625][116]Cmd: OBJ SAVEPACKAGE PACKAGE="/Game/Maps/M_RED" FILE="D:/Artemii/Game/Game/Content/Maps/M_RED.uasset" SILENT=true
[2026.01.06-13.54.11:628][116]LogSavePackage: Moving 'D:/Artemii/Game/Game/Saved/M_REDDEB8F33D49479EB326A6E4893D83FE6B.tmp' to 'D:/Artemii/Game/Game/Content/Maps/M_RED.uasset'
[2026.01.06-13.54.11:638][116]AssetCheck: New page: Asset Save: M_RED
[2026.01.06-13.54.11:638][116]LogContentValidation: Display: Validating Material /Game/Maps/M_RED.M_RED
[2026.01.06-13.54.11:638][116]MaterialEditorStats: Base pass shader: 120 instructions
[2026.01.06-13.54.11:638][116]MaterialEditorStats: Base pass shader with Surface Lightmap: 147 instructions
[2026.01.06-13.54.11:638][116]MaterialEditorStats: Base pass shader with Volumetric Lightmap: 194 instructions
[2026.01.06-13.54.11:638][116]MaterialEditorStats: Base pass vertex shader: 42 instructions
[2026.01.06-13.54.11:638][116]MaterialEditorStats: Texture samplers: 3/16
[2026.01.06-13.54.13:869][376]LogTemp: Repeating last play command: Selected Viewport
[2026.01.06-13.54.13:872][376]LogPlayLevel: PlayLevel: No blueprints needed recompiling
[2026.01.06-13.54.13:872][376]PIE: New page: PIE session: 02Boss (6 січ. 2026 р., 17:54:13)
[2026.01.06-13.54.13:904][376]LogPlayLevel: Creating play world package: /Game/Maps/UEDPIE_0_02Boss
[2026.01.06-13.54.13:909][376]LogPlayLevel: PIE: StaticDuplicateObject took: (0.004459s)
[2026.01.06-13.54.13:909][376]LogAIModule: Creating AISystem for world 02Boss
[2026.01.06-13.54.13:910][376]LogPlayLevel: PIE: World Init took: (0.000636s)
[2026.01.06-13.54.13:910][376]LogPlayLevel: PIE: Created PIE world by copying editor world from /Game/Maps/02Boss.02Boss to /Game/Maps/UEDPIE_0_02Boss.02Boss (0.005201s)
[2026.01.06-13.54.13:930][376]LogUObjectHash: Compacting FUObjectHashTables data took   1.36ms
[2026.01.06-13.54.13:931][376]LogAudio: Display: Creating Audio Device:                 Id: 10, Scope: Unique, Realtime: True
[2026.01.06-13.54.13:931][376]LogAudioMixer: Display: Audio Mixer Platform Settings:
[2026.01.06-13.54.13:931][376]LogAudioMixer: Display: 	Sample Rate:						  48000
[2026.01.06-13.54.13:931][376]LogAudioMixer: Display: 	Callback Buffer Frame Size Requested: 1024
[2026.01.06-13.54.13:931][376]LogAudioMixer: Display: 	Callback Buffer Frame Size To Use:	  1024
[2026.01.06-13.54.13:931][376]LogAudioMixer: Display: 	Number of buffers to queue:			  2
[2026.01.06-13.54.13:931][376]LogAudioMixer: Display: 	Max Channels (voices):				  32
[2026.01.06-13.54.13:931][376]LogAudioMixer: Display: 	Number of Async Source Workers:		  0
[2026.01.06-13.54.13:931][376]LogAudio: Display: AudioDevice MaxSources: 32
[2026.01.06-13.54.13:931][376]LogAudio: Display: Audio Spatialization Plugin: None (built-in).
[2026.01.06-13.54.13:931][376]LogAudio: Display: Audio Reverb Plugin: None (built-in).
[2026.01.06-13.54.13:931][376]LogAudio: Display: Audio Occlusion Plugin: None (built-in).
[2026.01.06-13.54.13:931][376]LogAudioMixer: Display: Initializing audio mixer.
[2026.01.06-13.54.13:934][376]LogAudioMixer: Display: 0: FrontLeft
[2026.01.06-13.54.13:934][376]LogAudioMixer: Display: 1: FrontRight
[2026.01.06-13.54.13:942][376]LogAudioMixer: Display: Using Audio Device Speakers (Realtek(R) Audio)
[2026.01.06-13.54.13:942][376]LogAudioMixer: Display: Initializing Sound Submixes...
[2026.01.06-13.54.13:942][376]LogAudioMixer: Display: Creating Master Submix 'MasterSubmixDefault'
[2026.01.06-13.54.13:942][376]LogAudioMixer: Display: Creating Master Submix 'MasterReverbSubmixDefault'
[2026.01.06-13.54.13:943][376]LogAudioMixer: Display: Creating Master Submix 'MasterEQSubmixDefault'
[2026.01.06-13.54.13:943][376]LogAudioMixer: FMixerPlatformXAudio2::StartAudioStream() called
[2026.01.06-13.54.13:943][376]LogAudioMixer: Display: Output buffers initialized: Frames=1024, Channels=2, Samples=2048
[2026.01.06-13.54.13:943][376]LogAudioMixer: Display: Starting AudioMixerPlatformInterface::RunInternal()
[2026.01.06-13.54.13:943][376]LogAudioMixer: Display: FMixerPlatformXAudio2::SubmitBuffer() called for the first time
[2026.01.06-13.54.13:943][376]LogInit: FAudioDevice initialized.
[2026.01.06-13.54.13:943][376]LogAudio: Display: Audio Device (ID: 10) registered with world '02Boss'.
[2026.01.06-13.54.13:949][376]LogLoad: Game class is 'BP_Gameplay_GameMode_C'
[2026.01.06-13.54.13:951][376]LogWorld: Bringing World /Game/Maps/UEDPIE_0_02Boss.02Boss up for play (max tick rate 0) at 2026.01.06-15.54.13
[2026.01.06-13.54.13:951][376]LogWorld: Bringing up level for play took: 0.001130
[2026.01.06-13.54.13:951][376]LogOnline: OSS: Creating online subsystem instance for: :Context_20
[2026.01.06-13.54.13:953][376]PIE: Server logged in
[2026.01.06-13.54.13:954][376]PIE: Play in editor total start time 0,082 seconds.
[2026.01.06-13.54.32:809][637]LogPlayerController: Error: InputMode:UIOnly - Attempting to focus Non-Focusable widget SObjectWidget [Widget.cpp(799)]!
[2026.01.06-13.54.32:809][637]LogViewport: Display: Viewport MouseLockMode Changed, LockOnCapture -> DoNotLock
[2026.01.06-13.54.32:809][637]LogViewport: Display: Viewport MouseCaptureMode Changed, CapturePermanently_IncludingInitialMouseDown -> NoCapture
[2026.01.06-13.54.34:121][792]LogViewport: Display: Viewport MouseLockMode Changed, DoNotLock -> LockOnCapture
[2026.01.06-13.54.34:121][792]LogViewport: Display: Viewport MouseCaptureMode Changed, NoCapture -> CapturePermanently
[2026.01.06-13.54.40:377][539]LogSlate: Updating window title bar state: overlay mode, drag disabled, window buttons hidden, title bar hidden
[2026.01.06-13.54.40:377][539]LogWorld: BeginTearingDown for /Game/Maps/UEDPIE_0_02Boss
[2026.01.06-13.54.40:377][539]LogWorld: UWorld::CleanupWorld for 02Boss, bSessionEnded=true, bCleanupResources=true
[2026.01.06-13.54.40:377][539]LogSlate: InvalidateAllWidgets triggered.  All widgets were invalidated
[2026.01.06-13.54.40:385][539]LogPlayLevel: Display: Shutting down PIE online subsystems
[2026.01.06-13.54.40:396][539]LogSlate: InvalidateAllWidgets triggered.  All widgets were invalidated
[2026.01.06-13.54.40:413][539]LogAudio: Display: Audio Device unregistered from world 'None'.
[2026.01.06-13.54.40:414][539]LogAudioMixer: FMixerPlatformXAudio2::StopAudioStream() called
[2026.01.06-13.54.40:415][539]LogAudioMixer: FMixerPlatformXAudio2::StopAudioStream() called
[2026.01.06-13.54.40:417][539]LogSlate: Updating window title bar state: overlay mode, drag disabled, window buttons hidden, title bar hidden
[2026.01.06-13.54.40:420][539]LogUObjectHash: Compacting FUObjectHashTables data took   1.39ms
[2026.01.06-13.54.40:449][540]LogPlayLevel: Display: Destroying online subsystem :Context_20
[2026.01.06-13.54.41:630][664]LogTemp: Repeating last play command: Selected Viewport
[2026.01.06-13.54.41:633][664]LogPlayLevel: PlayLevel: No blueprints needed recompiling
[2026.01.06-13.54.41:633][664]PIE: New page: PIE session: 02Boss (6 січ. 2026 р., 17:54:41)
[2026.01.06-13.54.41:655][664]LogPlayLevel: Creating play world package: /Game/Maps/UEDPIE_0_02Boss
[2026.01.06-13.54.41:660][664]LogPlayLevel: PIE: StaticDuplicateObject took: (0.004141s)
[2026.01.06-13.54.41:660][664]LogAIModule: Creating AISystem for world 02Boss
[2026.01.06-13.54.41:660][664]LogPlayLevel: PIE: World Init took: (0.000617s)
[2026.01.06-13.54.41:660][664]LogPlayLevel: PIE: Created PIE world by copying editor world from /Game/Maps/02Boss.02Boss to /Game/Maps/UEDPIE_0_02Boss.02Boss (0.004852s)
[2026.01.06-13.54.41:680][664]LogUObjectHash: Compacting FUObjectHashTables data took   1.36ms
[2026.01.06-13.54.41:680][664]LogAudio: Display: Creating Audio Device:                 Id: 11, Scope: Unique, Realtime: True
[2026.01.06-13.54.41:680][664]LogAudioMixer: Display: Audio Mixer Platform Settings:
[2026.01.06-13.54.41:680][664]LogAudioMixer: Display: 	Sample Rate:						  48000
[2026.01.06-13.54.41:680][664]LogAudioMixer: Display: 	Callback Buffer Frame Size Requested: 1024
[2026.01.06-13.54.41:680][664]LogAudioMixer: Display: 	Callback Buffer Frame Size To Use:	  1024
[2026.01.06-13.54.41:680][664]LogAudioMixer: Display: 	Number of buffers to queue:			  2
[2026.01.06-13.54.41:680][664]LogAudioMixer: Display: 	Max Channels (voices):				  32
[2026.01.06-13.54.41:680][664]LogAudioMixer: Display: 	Number of Async Source Workers:		  0
[2026.01.06-13.54.41:680][664]LogAudio: Display: AudioDevice MaxSources: 32
[2026.01.06-13.54.41:681][664]LogAudio: Display: Audio Spatialization Plugin: None (built-in).
[2026.01.06-13.54.41:681][664]LogAudio: Display: Audio Reverb Plugin: None (built-in).
[2026.01.06-13.54.41:681][664]LogAudio: Display: Audio Occlusion Plugin: None (built-in).
[2026.01.06-13.54.41:681][664]LogAudioMixer: Display: Initializing audio mixer.
[2026.01.06-13.54.41:684][664]LogAudioMixer: Display: 0: FrontLeft
[2026.01.06-13.54.41:684][664]LogAudioMixer: Display: 1: FrontRight
[2026.01.06-13.54.41:691][664]LogAudioMixer: Display: Using Audio Device Speakers (Realtek(R) Audio)
[2026.01.06-13.54.41:692][664]LogAudioMixer: Display: Initializing Sound Submixes...
[2026.01.06-13.54.41:692][664]LogAudioMixer: Display: Creating Master Submix 'MasterSubmixDefault'
[2026.01.06-13.54.41:692][664]LogAudioMixer: Display: Creating Master Submix 'MasterReverbSubmixDefault'
[2026.01.06-13.54.41:692][664]LogAudioMixer: Display: Creating Master Submix 'MasterEQSubmixDefault'
[2026.01.06-13.54.41:692][664]LogAudioMixer: FMixerPlatformXAudio2::StartAudioStream() called
[2026.01.06-13.54.41:692][664]LogAudioMixer: Display: Output buffers initialized: Frames=1024, Channels=2, Samples=2048
[2026.01.06-13.54.41:693][664]LogAudioMixer: Display: Starting AudioMixerPlatformInterface::RunInternal()
[2026.01.06-13.54.41:693][664]LogAudioMixer: Display: FMixerPlatformXAudio2::SubmitBuffer() called for the first time
[2026.01.06-13.54.41:693][664]LogInit: FAudioDevice initialized.
[2026.01.06-13.54.41:693][664]LogAudio: Display: Audio Device (ID: 11) registered with world '02Boss'.
[2026.01.06-13.54.41:700][664]LogLoad: Game class is 'BP_Gameplay_GameMode_C'
[2026.01.06-13.54.41:702][664]LogWorld: Bringing World /Game/Maps/UEDPIE_0_02Boss.02Boss up for play (max tick rate 0) at 2026.01.06-15.54.41
[2026.01.06-13.54.41:702][664]LogWorld: Bringing up level for play took: 0.001143
[2026.01.06-13.54.41:702][664]LogOnline: OSS: Creating online subsystem instance for: :Context_21
[2026.01.06-13.54.41:704][664]PIE: Server logged in
[2026.01.06-13.54.41:705][664]PIE: Play in editor total start time 0,072 seconds.
[2026.01.06-13.54.47:847][399]LogPlayerController: Error: InputMode:UIOnly - Attempting to focus Non-Focusable widget SObjectWidget [Widget.cpp(799)]!
[2026.01.06-13.54.47:847][399]LogViewport: Display: Viewport MouseLockMode Changed, LockOnCapture -> DoNotLock
[2026.01.06-13.54.47:847][399]LogViewport: Display: Viewport MouseCaptureMode Changed, CapturePermanently_IncludingInitialMouseDown -> NoCapture
[2026.01.06-13.54.48:871][522]LogViewport: Display: Viewport MouseLockMode Changed, DoNotLock -> LockOnCapture
[2026.01.06-13.54.48:871][522]LogViewport: Display: Viewport MouseCaptureMode Changed, NoCapture -> CapturePermanently
[2026.01.06-13.54.49:966][650]LogSlate: Updating window title bar state: overlay mode, drag disabled, window buttons hidden, title bar hidden
[2026.01.06-13.54.49:966][650]LogWorld: BeginTearingDown for /Game/Maps/UEDPIE_0_02Boss
[2026.01.06-13.54.49:966][650]LogWorld: UWorld::CleanupWorld for 02Boss, bSessionEnded=true, bCleanupResources=true
[2026.01.06-13.54.49:966][650]LogSlate: InvalidateAllWidgets triggered.  All widgets were invalidated
[2026.01.06-13.54.49:978][650]LogPlayLevel: Display: Shutting down PIE online subsystems
[2026.01.06-13.54.49:990][650]LogSlate: InvalidateAllWidgets triggered.  All widgets were invalidated
[2026.01.06-13.54.50:007][650]LogSlate: Updating window title bar state: overlay mode, drag disabled, window buttons hidden, title bar hidden
[2026.01.06-13.54.50:007][650]LogAudioMixer: FMixerPlatformXAudio2::StopAudioStream() called
[2026.01.06-13.54.50:008][650]LogAudioMixer: FMixerPlatformXAudio2::StopAudioStream() called
[2026.01.06-13.54.50:012][650]LogUObjectHash: Compacting FUObjectHashTables data took   1.39ms
[2026.01.06-13.54.50:040][651]LogPlayLevel: Display: Destroying online subsystem :Context_21
[2026.01.06-13.54.52:003][868]LogEditorViewport: Clicking on Actor (LMB): BP_Checkpoint_C (BP_Checkpoint)
[2026.01.06-13.54.52:022][868]LogTemp: Warning: SetupViewportDisplaySettings
[2026.01.06-13.55.01:206][929]LogTemp: Repeating last play command: Selected Viewport
[2026.01.06-13.55.01:209][929]LogPlayLevel: PlayLevel: No blueprints needed recompiling
[2026.01.06-13.55.01:210][929]PIE: New page: PIE session: 02Boss (6 січ. 2026 р., 17:55:01)
[2026.01.06-13.55.01:235][929]LogPlayLevel: Creating play world package: /Game/Maps/UEDPIE_0_02Boss
[2026.01.06-13.55.01:240][929]LogPlayLevel: PIE: StaticDuplicateObject took: (0.004752s)
[2026.01.06-13.55.01:241][929]LogAIModule: Creating AISystem for world 02Boss
[2026.01.06-13.55.01:241][929]LogPlayLevel: PIE: World Init took: (0.000646s)
[2026.01.06-13.55.01:241][929]LogPlayLevel: PIE: Created PIE world by copying editor world from /Game/Maps/02Boss.02Boss to /Game/Maps/UEDPIE_0_02Boss.02Boss (0.005497s)
[2026.01.06-13.55.01:260][929]LogUObjectHash: Compacting FUObjectHashTables data took   1.36ms
[2026.01.06-13.55.01:261][929]LogAudio: Display: Creating Audio Device:                 Id: 12, Scope: Unique, Realtime: True
[2026.01.06-13.55.01:261][929]LogAudioMixer: Display: Audio Mixer Platform Settings:
[2026.01.06-13.55.01:261][929]LogAudioMixer: Display: 	Sample Rate:						  48000
[2026.01.06-13.55.01:261][929]LogAudioMixer: Display: 	Callback Buffer Frame Size Requested: 1024
[2026.01.06-13.55.01:261][929]LogAudioMixer: Display: 	Callback Buffer Frame Size To Use:	  1024
[2026.01.06-13.55.01:261][929]LogAudioMixer: Display: 	Number of buffers to queue:			  2
[2026.01.06-13.55.01:261][929]LogAudioMixer: Display: 	Max Channels (voices):				  32
[2026.01.06-13.55.01:261][929]LogAudioMixer: Display: 	Number of Async Source Workers:		  0
[2026.01.06-13.55.01:261][929]LogAudio: Display: AudioDevice MaxSources: 32
[2026.01.06-13.55.01:262][929]LogAudio: Display: Audio Spatialization Plugin: None (built-in).
[2026.01.06-13.55.01:262][929]LogAudio: Display: Audio Reverb Plugin: None (built-in).
[2026.01.06-13.55.01:262][929]LogAudio: Display: Audio Occlusion Plugin: None (built-in).
[2026.01.06-13.55.01:262][929]LogAudioMixer: Display: Initializing audio mixer.
[2026.01.06-13.55.01:265][929]LogAudioMixer: Display: 0: FrontLeft
[2026.01.06-13.55.01:265][929]LogAudioMixer: Display: 1: FrontRight
[2026.01.06-13.55.01:272][929]LogAudioMixer: Display: Using Audio Device Speakers (Realtek(R) Audio)
[2026.01.06-13.55.01:272][929]LogAudioMixer: Display: Initializing Sound Submixes...
[2026.01.06-13.55.01:272][929]LogAudioMixer: Display: Creating Master Submix 'MasterSubmixDefault'
[2026.01.06-13.55.01:272][929]LogAudioMixer: Display: Creating Master Submix 'MasterReverbSubmixDefault'
[2026.01.06-13.55.01:273][929]LogAudioMixer: Display: Creating Master Submix 'MasterEQSubmixDefault'
[2026.01.06-13.55.01:273][929]LogAudioMixer: FMixerPlatformXAudio2::StartAudioStream() called
[2026.01.06-13.55.01:273][929]LogAudioMixer: Display: Output buffers initialized: Frames=1024, Channels=2, Samples=2048
[2026.01.06-13.55.01:273][929]LogAudioMixer: Display: Starting AudioMixerPlatformInterface::RunInternal()
[2026.01.06-13.55.01:273][929]LogAudioMixer: Display: FMixerPlatformXAudio2::SubmitBuffer() called for the first time
[2026.01.06-13.55.01:273][929]LogInit: FAudioDevice initialized.
[2026.01.06-13.55.01:273][929]LogAudio: Display: Audio Device (ID: 12) registered with world '02Boss'.
[2026.01.06-13.55.01:282][929]LogLoad: Game class is 'BP_Gameplay_GameMode_C'
[2026.01.06-13.55.01:284][929]LogWorld: Bringing World /Game/Maps/UEDPIE_0_02Boss.02Boss up for play (max tick rate 0) at 2026.01.06-15.55.01
[2026.01.06-13.55.01:284][929]LogWorld: Bringing up level for play took: 0.001136
[2026.01.06-13.55.01:284][929]LogOnline: OSS: Creating online subsystem instance for: :Context_22
[2026.01.06-13.55.01:286][929]PIE: Server logged in
[2026.01.06-13.55.01:287][929]PIE: Play in editor total start time 0,078 seconds.
[2026.01.06-13.55.01:306][929]LogTemp: Warning: OnLevelViewportClientListChanged
[2026.01.06-13.55.06:430][541]LogPlayerController: Error: InputMode:UIOnly - Attempting to focus Non-Focusable widget SObjectWidget [Widget.cpp(799)]!
[2026.01.06-13.55.06:430][541]LogViewport: Display: Viewport MouseLockMode Changed, LockOnCapture -> DoNotLock
[2026.01.06-13.55.06:430][541]LogViewport: Display: Viewport MouseCaptureMode Changed, CapturePermanently_IncludingInitialMouseDown -> NoCapture
[2026.01.06-13.55.08:598][790]LogViewport: Display: Viewport MouseLockMode Changed, DoNotLock -> LockOnCapture
[2026.01.06-13.55.08:598][790]LogViewport: Display: Viewport MouseCaptureMode Changed, NoCapture -> CapturePermanently
[2026.01.06-13.55.09:566][902]LogSlate: Updating window title bar state: overlay mode, drag disabled, window buttons hidden, title bar hidden
[2026.01.06-13.55.09:566][902]LogWorld: BeginTearingDown for /Game/Maps/UEDPIE_0_02Boss
[2026.01.06-13.55.09:567][902]LogWorld: UWorld::CleanupWorld for 02Boss, bSessionEnded=true, bCleanupResources=true
[2026.01.06-13.55.09:567][902]LogSlate: InvalidateAllWidgets triggered.  All widgets were invalidated
[2026.01.06-13.55.09:578][902]LogPlayLevel: Display: Shutting down PIE online subsystems
[2026.01.06-13.55.09:586][902]LogSlate: InvalidateAllWidgets triggered.  All widgets were invalidated
[2026.01.06-13.55.09:603][902]LogAudio: Display: Audio Device unregistered from world 'None'.
[2026.01.06-13.55.09:603][902]LogAudioMixer: FMixerPlatformXAudio2::StopAudioStream() called
[2026.01.06-13.55.09:604][902]LogAudioMixer: FMixerPlatformXAudio2::StopAudioStream() called
[2026.01.06-13.55.09:615][902]LogSlate: Updating window title bar state: overlay mode, drag disabled, window buttons hidden, title bar hidden
[2026.01.06-13.55.09:617][902]LogUObjectHash: Compacting FUObjectHashTables data took   1.52ms
[2026.01.06-13.55.09:632][902]LogTemp: Warning: SetupViewportDisplaySettings
[2026.01.06-13.55.09:644][903]LogPlayLevel: Display: Destroying online subsystem :Context_22
[2026.01.06-13.56.19:868][215]LogTemp: Warning: OnLevelViewportClientListChanged
[2026.01.06-13.57.11:419][671]LogContentBrowser: Deferred new asset file creation: BP_Enemy_Child
[2026.01.06-13.57.11:449][671]LogContentBrowser: Creating deferred item: BP_Enemy_Child
[2026.01.06-13.57.27:466][745]LogContentBrowser: Attempting asset rename: BP_Enemy_Child -> BP_Enemy_Boss
[2026.01.06-13.57.27:467][745]LogContentBrowser: End creating deferred item BP_Enemy_Child
[2026.01.06-13.58.00:933][891]LogAssetEditorSubsystem: Opening Asset editor for Blueprint /Game/Enemy/BP_Enemy_Boss.BP_Enemy_Boss
[2026.01.06-13.58.01:106][891]LogTemp: Warning: SetupViewportDisplaySettings
[2026.01.06-13.58.02:182][ 11]BlueprintLog: New page: Compile BP_Enemy_Boss
[2026.01.06-13.58.02:215][ 11]LogUObjectHash: Compacting FUObjectHashTables data took   1.51ms
[2026.01.06-13.58.02:755][ 71]Cmd: OBJ SAVEPACKAGE PACKAGE="/Game/Enemy/BP_Enemy_Boss" FILE="D:/Artemii/Game/Game/Content/Enemy/BP_Enemy_Boss.uasset" SILENT=true
[2026.01.06-13.58.02:761][ 71]LogSavePackage: Moving 'D:/Artemii/Game/Game/Saved/BP_Enemy_Boss682577EB44D89CB58E6BFAB2A02DE6A8.tmp' to 'D:/Artemii/Game/Game/Content/Enemy/BP_Enemy_Boss.uasset'
[2026.01.06-13.58.02:770][ 71]AssetCheck: New page: Asset Save: BP_Enemy_Boss
[2026.01.06-13.58.02:771][ 71]LogContentValidation: Display: Validating Blueprint /Game/Enemy/BP_Enemy_Boss.BP_Enemy_Boss
[2026.01.06-13.59.21:625][352]LogEditorViewport: Clicking on Actor (context menu): BP_Enemy_C (BP_Enemy21)
[2026.01.06-13.59.31:949][970]LogEditorViewport: Clicking on Actor (context menu): BP_Enemy_C (BP_Enemy28)
[2026.01.06-13.59.33:275][ 62]EditorErrors: New page: Actor Reattachment
[2026.01.06-13.59.53:007][429]LogAssetEditorSubsystem: Opening Asset editor for Blueprint /Game/GameLogic/BP_Gameplay_GameMode.BP_Gameplay_GameMode
[2026.01.06-13.59.53:149][429]LogTemp: Warning: SetupViewportDisplaySettings
[2026.01.06-14.01.01:123][902]LogUObjectHash: Compacting FUObjectHashTables data took   1.81ms
[2026.01.06-14.01.01:123][902]Cmd: OBJ SAVEPACKAGE PACKAGE="/Game/Maps/02Boss" FILE="D:/Artemii/Game/Game/Saved/Autosaves/Game/Maps/02Boss_Auto2.umap" SILENT=true AUTOSAVING=true KEEPDIRTY=false
[2026.01.06-14.01.01:137][902]LogSavePackage: Moving 'D:/Artemii/Game/Game/Saved/02Boss_Auto2CCE19D874F28E222F16CD093342EAF45.tmp' to 'D:/Artemii/Game/Game/Saved/Autosaves/Game/Maps/02Boss_Auto2.umap'
[2026.01.06-14.01.01:139][902]LogFileHelpers: Editor autosave (incl. external actors) for '/Game/Maps/02Boss' took 0.041
[2026.01.06-14.01.01:139][902]LogFileHelpers: Editor autosave (incl. sublevels & external actors) for all levels took 0.041
[2026.01.06-14.01.01:139][902]OBJ SavePackage: Generating thumbnails for [0] asset(s) in package [/Game/GameLogic/BP_Gameplay_GameMode] ([2] browsable assets)...
[2026.01.06-14.01.01:139][902]OBJ SavePackage: Finished generating thumbnails for package [/Game/GameLogic/BP_Gameplay_GameMode]
[2026.01.06-14.01.01:139][902]Cmd: OBJ SAVEPACKAGE PACKAGE="/Game/GameLogic/BP_Gameplay_GameMode" FILE="D:/Artemii/Game/Game/Saved/Autosaves/Game/GameLogic/BP_Gameplay_GameMode_Auto2.uasset" SILENT=false AUTOSAVING=true
[2026.01.06-14.01.01:177][902]LogSavePackage: Moving 'D:/Artemii/Game/Game/Saved/BP_Gameplay_GameMode_Auto235FBBC344D5341F27C6BEDAF4D11F253.tmp' to 'D:/Artemii/Game/Game/Saved/Autosaves/Game/GameLogic/BP_Gameplay_GameMode_Auto2.uasset'
[2026.01.06-14.01.01:486][902]OBJ SavePackage: Generating thumbnails for [1] asset(s) in package [/Game/Enemy/M_Glaz] ([1] browsable assets)...
[2026.01.06-14.01.01:511][902]OBJ SavePackage:     Rendered thumbnail for [Material /Game/Enemy/M_Glaz.M_Glaz]
[2026.01.06-14.01.01:511][902]OBJ SavePackage: Finished generating thumbnails for package [/Game/Enemy/M_Glaz]
[2026.01.06-14.01.01:511][902]Cmd: OBJ SAVEPACKAGE PACKAGE="/Game/Enemy/M_Glaz" FILE="D:/Artemii/Game/Game/Saved/Autosaves/Game/Enemy/M_Glaz_Auto2.uasset" SILENT=false AUTOSAVING=true
[2026.01.06-14.01.01:515][902]LogSavePackage: Moving 'D:/Artemii/Game/Game/Saved/M_Glaz_Auto2B91DFF814090DEEE3C1BBDA7113A8745.tmp' to 'D:/Artemii/Game/Game/Saved/Autosaves/Game/Enemy/M_Glaz_Auto2.uasset'
[2026.01.06-14.01.01:516][902]LogFileHelpers: Auto-saving content packages took 0.377
[2026.01.06-14.01.02:090][965]LogEditorClassViewer: Warning: Class /Engine/Tutorial/InWorldBlueprintEditing/TutorialAssets/IWBE_Blutility.IWBE_Blutility_C has parent /Script/Blutility.PlacedEditorUtilityBase, but this parent is not found. The Class will not be shown in ClassViewer.
[2026.01.06-14.07.19:516][ 39]LogSelectionDetails: Warning: NavigateToFunctionSource:  Unable to find symbols for 'UMeshComponent::SetScalarParameterValueOnMaterials' [Element not found.]
[2026.01.06-14.07.20:310][107]LogSelectionDetails: Warning: NavigateToFunctionSource:  Unable to find symbols for 'UMeshComponent::SetScalarParameterValueOnMaterials' [Element not found.]
[2026.01.06-14.10.29:272][317]BlueprintLog: New page: Compile BP_Enemy_Boss
[2026.01.06-14.10.29:399][317]LogUObjectHash: Compacting FUObjectHashTables data took   2.06ms
[2026.01.06-14.10.29:798][355]Cmd: OBJ SAVEPACKAGE PACKAGE="/Game/Enemy/BP_Enemy_Boss" FILE="D:/Artemii/Game/Game/Content/Enemy/BP_Enemy_Boss.uasset" SILENT=true
[2026.01.06-14.10.29:817][355]LogSavePackage: Moving 'D:/Artemii/Game/Game/Saved/BP_Enemy_Boss69A9F43244AB9721F2871783F056C1F1.tmp' to 'D:/Artemii/Game/Game/Content/Enemy/BP_Enemy_Boss.uasset'
[2026.01.06-14.10.29:828][355]AssetCheck: New page: Asset Save: BP_Enemy_Boss
[2026.01.06-14.10.29:828][355]LogContentValidation: Display: Validating Blueprint /Game/Enemy/BP_Enemy_Boss.BP_Enemy_Boss
[2026.01.06-14.10.32:039][608]LogTemp: Repeating last play command: Selected Viewport
[2026.01.06-14.10.32:043][608]BlueprintLog: New page: Pre-Play auto-recompile
[2026.01.06-14.10.32:046][608]LogPlayLevel: [PlayLevel] Compiling BP_Enemy before play...
[2026.01.06-14.10.32:046][608]LogPlayLevel: [PlayLevel]   Compiling BP_Enemy_Boss as a dependent...
[2026.01.06-14.10.32:182][608]LogPlayLevel: [PlayLevel] Compiling BP_Gameplay_GameMode before play...
[2026.01.06-14.10.32:211][608]LogPlayLevel: [PlayLevel] Compiling 02Boss before play...
[2026.01.06-14.10.32:248][608]LogUObjectHash: Compacting FUObjectHashTables data took   2.44ms
[2026.01.06-14.10.32:248][608]LogPlayLevel: PlayLevel: Blueprint regeneration took 204 ms (4 blueprints)
[2026.01.06-14.10.32:248][608]PIE: New page: PIE session: 02Boss (6 січ. 2026 р., 18:10:32)
[2026.01.06-14.10.32:248][608]LogPlayLevel: Creating play world package: /Game/Maps/UEDPIE_0_02Boss
[2026.01.06-14.10.32:253][608]LogPlayLevel: PIE: StaticDuplicateObject took: (0.004496s)
[2026.01.06-14.10.32:253][608]LogAIModule: Creating AISystem for world 02Boss
[2026.01.06-14.10.32:253][608]LogPlayLevel: PIE: World Init took: (0.000615s)
[2026.01.06-14.10.32:253][608]LogPlayLevel: PIE: Created PIE world by copying editor world from /Game/Maps/02Boss.02Boss to /Game/Maps/UEDPIE_0_02Boss.02Boss (0.005180s)
[2026.01.06-14.10.32:274][608]LogUObjectHash: Compacting FUObjectHashTables data took   1.64ms
[2026.01.06-14.10.32:275][608]LogAudio: Display: Creating Audio Device:                 Id: 13, Scope: Unique, Realtime: True
[2026.01.06-14.10.32:275][608]LogAudioMixer: Display: Audio Mixer Platform Settings:
[2026.01.06-14.10.32:275][608]LogAudioMixer: Display: 	Sample Rate:						  48000
[2026.01.06-14.10.32:275][608]LogAudioMixer: Display: 	Callback Buffer Frame Size Requested: 1024
[2026.01.06-14.10.32:275][608]LogAudioMixer: Display: 	Callback Buffer Frame Size To Use:	  1024
[2026.01.06-14.10.32:275][608]LogAudioMixer: Display: 	Number of buffers to queue:			  2
[2026.01.06-14.10.32:275][608]LogAudioMixer: Display: 	Max Channels (voices):				  32
[2026.01.06-14.10.32:275][608]LogAudioMixer: Display: 	Number of Async Source Workers:		  0
[2026.01.06-14.10.32:275][608]LogAudio: Display: AudioDevice MaxSources: 32
[2026.01.06-14.10.32:275][608]LogAudio: Display: Audio Spatialization Plugin: None (built-in).
[2026.01.06-14.10.32:275][608]LogAudio: Display: Audio Reverb Plugin: None (built-in).
[2026.01.06-14.10.32:275][608]LogAudio: Display: Audio Occlusion Plugin: None (built-in).
[2026.01.06-14.10.32:275][608]LogAudioMixer: Display: Initializing audio mixer.
[2026.01.06-14.10.32:278][608]LogAudioMixer: Display: 0: FrontLeft
[2026.01.06-14.10.32:279][608]LogAudioMixer: Display: 1: FrontRight
[2026.01.06-14.10.32:287][608]LogAudioMixer: Display: Using Audio Device Speakers (Realtek(R) Audio)
[2026.01.06-14.10.32:287][608]LogAudioMixer: Display: Initializing Sound Submixes...
[2026.01.06-14.10.32:287][608]LogAudioMixer: Display: Creating Master Submix 'MasterSubmixDefault'
[2026.01.06-14.10.32:287][608]LogAudioMixer: Display: Creating Master Submix 'MasterReverbSubmixDefault'
[2026.01.06-14.10.32:287][608]LogAudioMixer: Display: Creating Master Submix 'MasterEQSubmixDefault'
[2026.01.06-14.10.32:287][608]LogAudioMixer: FMixerPlatformXAudio2::StartAudioStream() called
[2026.01.06-14.10.32:287][608]LogAudioMixer: Display: Output buffers initialized: Frames=1024, Channels=2, Samples=2048
[2026.01.06-14.10.32:288][608]LogAudioMixer: Display: Starting AudioMixerPlatformInterface::RunInternal()
[2026.01.06-14.10.32:288][608]LogAudioMixer: Display: FMixerPlatformXAudio2::SubmitBuffer() called for the first time
[2026.01.06-14.10.32:288][608]LogInit: FAudioDevice initialized.
[2026.01.06-14.10.32:288][608]LogAudio: Display: Audio Device (ID: 13) registered with world '02Boss'.
[2026.01.06-14.10.32:297][608]LogLoad: Game class is 'BP_Gameplay_GameMode_C'
[2026.01.06-14.10.32:298][608]LogWorld: Bringing World /Game/Maps/UEDPIE_0_02Boss.02Boss up for play (max tick rate 0) at 2026.01.06-16.10.32
[2026.01.06-14.10.32:298][608]LogWorld: Bringing up level for play took: 0.001156
[2026.01.06-14.10.32:298][608]LogOnline: OSS: Creating online subsystem instance for: :Context_26
[2026.01.06-14.10.32:301][608]PIE: Server logged in
[2026.01.06-14.10.32:301][608]PIE: Play in editor total start time 0,259 seconds.
[2026.01.06-14.10.35:695][ 12]LogBlueprintUserMessages: [BP_Enemy29] Niga
[2026.01.06-14.10.44:488][ 67]LogBlueprintUserMessages: [BP_Enemy32] Niga
[2026.01.06-14.11.01:796][144]LogBlueprintUserMessages: [BP_Enemy27] Niga
[2026.01.06-14.11.01:971][165]LogBlueprintUserMessages: [BP_Enemy22] Niga
[2026.01.06-14.11.03:305][325]LogBlueprintUserMessages: [BP_Enemy20] Niga
[2026.01.06-14.11.05:163][548]LogBlueprintUserMessages: [BP_Enemy17] Niga
[2026.01.06-14.11.08:321][927]LogBlueprintUserMessages: [BP_Enemy23] Niga
[2026.01.06-14.11.10:313][166]LogBlueprintUserMessages: [BP_Enemy19_11] Niga
[2026.01.06-14.11.11:722][335]LogBlueprintUserMessages: [BP_Enemy28] Niga
[2026.01.06-14.11.13:913][598]LogBlueprintUserMessages: [BP_Enemy33] Niga
[2026.01.06-14.11.14:721][695]LogBlueprintUserMessages: [BP_Enemy25] Niga
[2026.01.06-14.11.16:322][887]LogBlueprintUserMessages: [BP_Enemy24] Niga
[2026.01.06-14.11.19:113][222]LogBlueprintUserMessages: [BP_Enemy15] Niga
[2026.01.06-14.11.20:721][415]LogBlueprintUserMessages: [BP_Enemy18] Niga
[2026.01.06-14.11.22:263][600]LogBlueprintUserMessages: [BP_Enemy16] Niga
[2026.01.06-14.11.23:413][738]LogBlueprintUserMessages: [BP_Enemy21] Niga
[2026.01.06-14.11.25:021][931]LogBlueprintUserMessages: [BP_Enemy26] Niga
[2026.01.06-14.11.27:322][204]LogBlueprintUserMessages: [BP_Enemy31] Niga
[2026.01.06-14.11.29:122][420]LogBlueprintUserMessages: [BP_Enemy30] Niga
[2026.01.06-14.11.30:322][564]LogBlueprintUserMessages: [BP_Enemy34] Niga
[2026.01.06-14.11.31:271][675]LogSlate: Updating window title bar state: overlay mode, drag disabled, window buttons hidden, title bar hidden
[2026.01.06-14.11.31:271][675]LogWorld: BeginTearingDown for /Game/Maps/UEDPIE_0_02Boss
[2026.01.06-14.11.31:271][675]LogWorld: UWorld::CleanupWorld for 02Boss, bSessionEnded=true, bCleanupResources=true
[2026.01.06-14.11.31:271][675]LogSlate: InvalidateAllWidgets triggered.  All widgets were invalidated
[2026.01.06-14.11.31:282][675]LogPlayLevel: Display: Shutting down PIE online subsystems
[2026.01.06-14.11.31:288][675]LogSlate: InvalidateAllWidgets triggered.  All widgets were invalidated
[2026.01.06-14.11.31:307][675]LogSlate: Updating window title bar state: overlay mode, drag disabled, window buttons hidden, title bar hidden
[2026.01.06-14.11.31:308][675]LogAudioMixer: FMixerPlatformXAudio2::StopAudioStream() called
[2026.01.06-14.11.31:308][675]LogAudioMixer: FMixerPlatformXAudio2::StopAudioStream() called
[2026.01.06-14.11.31:313][675]LogUObjectHash: Compacting FUObjectHashTables data took   1.69ms
[2026.01.06-14.11.31:365][677]LogPlayLevel: Display: Destroying online subsystem :Context_26
[2026.01.06-14.12.00:945][840]LogUObjectHash: Compacting FUObjectHashTables data took   1.42ms
[2026.01.06-14.12.00:946][840]Cmd: OBJ SAVEPACKAGE PACKAGE="/Game/Maps/02Boss" FILE="D:/Artemii/Game/Game/Saved/Autosaves/Game/Maps/02Boss_Auto3.umap" SILENT=true AUTOSAVING=true KEEPDIRTY=false
[2026.01.06-14.12.00:959][840]LogSavePackage: Moving 'D:/Artemii/Game/Game/Saved/02Boss_Auto38A68401C4095CE3965FA22B957B67195.tmp' to 'D:/Artemii/Game/Game/Saved/Autosaves/Game/Maps/02Boss_Auto3.umap'
[2026.01.06-14.12.00:960][840]LogFileHelpers: Editor autosave (incl. external actors) for '/Game/Maps/02Boss' took 0.035
[2026.01.06-14.12.00:960][840]LogFileHelpers: Editor autosave (incl. sublevels & external actors) for all levels took 0.035
[2026.01.06-14.12.00:960][840]OBJ SavePackage: Generating thumbnails for [2] asset(s) in package [/Game/Enemy/BP_Enemy] ([2] browsable assets)...
[2026.01.06-14.12.00:977][840]OBJ SavePackage:     Rendered thumbnail for [Blueprint /Game/Enemy/BP_Enemy.BP_Enemy]
[2026.01.06-14.12.00:977][840]OBJ SavePackage: Finished generating thumbnails for package [/Game/Enemy/BP_Enemy]
[2026.01.06-14.12.00:977][840]Cmd: OBJ SAVEPACKAGE PACKAGE="/Game/Enemy/BP_Enemy" FILE="D:/Artemii/Game/Game/Saved/Autosaves/Game/Enemy/BP_Enemy_Auto3.uasset" SILENT=false AUTOSAVING=true
[2026.01.06-14.12.01:000][840]LogSavePackage: Moving 'D:/Artemii/Game/Game/Saved/BP_Enemy_Auto361F4C6DE4709E04CE61052AB4BA48047.tmp' to 'D:/Artemii/Game/Game/Saved/Autosaves/Game/Enemy/BP_Enemy_Auto3.uasset'
[2026.01.06-14.12.01:015][840]OBJ SavePackage: Generating thumbnails for [0] asset(s) in package [/Game/GameLogic/BP_Gameplay_GameMode] ([2] browsable assets)...
[2026.01.06-14.12.01:015][840]OBJ SavePackage: Finished generating thumbnails for package [/Game/GameLogic/BP_Gameplay_GameMode]
[2026.01.06-14.12.01:015][840]Cmd: OBJ SAVEPACKAGE PACKAGE="/Game/GameLogic/BP_Gameplay_GameMode" FILE="D:/Artemii/Game/Game/Saved/Autosaves/Game/GameLogic/BP_Gameplay_GameMode_Auto3.uasset" SILENT=false AUTOSAVING=true
[2026.01.06-14.12.01:066][840]LogSavePackage: Moving 'D:/Artemii/Game/Game/Saved/BP_Gameplay_GameMode_Auto3BE8CF2834898BD6BDE70F098FF9EA436.tmp' to 'D:/Artemii/Game/Game/Saved/Autosaves/Game/GameLogic/BP_Gameplay_GameMode_Auto3.uasset'
[2026.01.06-14.12.01:070][840]LogFileHelpers: Auto-saving content packages took 0.111
[2026.01.06-14.13.11:335][228]LogSlate: Took 0.009959 seconds to synchronously load lazily loaded font '../../../Engine/Content/Slate/Fonts/Roboto-BoldCondensedItalic.ttf' (160K)
[2026.01.06-14.19.07:108][625]BlueprintLog: New page: Compile BP_Enemy_Boss
[2026.01.06-14.19.07:117][625]LogBlueprint: Error: [AssetLog] D:\Artemii\Game\Game\Content\Enemy\BP_Enemy_Boss.uasset: [Compiler] The property associated with  <Unnamed>  could not be found in '/Game/Enemy/BP_Enemy_Boss.BP_Enemy_Boss_C'
[2026.01.06-14.19.07:117][625]LogBlueprint: Error: [AssetLog] D:\Artemii\Game\Game\Content\Enemy\BP_Enemy_Boss.uasset: [Compiler] The property associated with  Number Of Enemy Bosses Dead  could not be found in '/Game/Enemy/BP_Enemy_Boss.BP_Enemy_Boss_C'
[2026.01.06-14.19.07:117][625]LogBlueprint: Error: [AssetLog] D:\Artemii\Game\Game\Content\Enemy\BP_Enemy_Boss.uasset: [Compiler] The property associated with  Number Of Enemy Bosses Dead  could not be found in '/Game/Enemy/BP_Enemy_Boss.BP_Enemy_Boss_C'
[2026.01.06-14.19.07:282][625]LogUObjectHash: Compacting FUObjectHashTables data took   2.05ms
[2026.01.06-14.19.07:725][671]Cmd: OBJ SAVEPACKAGE PACKAGE="/Game/Enemy/BP_Enemy_Boss" FILE="D:/Artemii/Game/Game/Content/Enemy/BP_Enemy_Boss.uasset" SILENT=true
[2026.01.06-14.19.07:733][671]LogSavePackage: Moving 'D:/Artemii/Game/Game/Saved/BP_Enemy_BossF00B4CD14D895390738FAA96EA902CFE.tmp' to 'D:/Artemii/Game/Game/Content/Enemy/BP_Enemy_Boss.uasset'
[2026.01.06-14.19.07:743][671]AssetCheck: New page: Asset Save: BP_Enemy_Boss
[2026.01.06-14.19.07:743][671]LogContentValidation: Display: Validating Blueprint /Game/Enemy/BP_Enemy_Boss.BP_Enemy_Boss
[2026.01.06-14.19.13:142][278]BlueprintLog: New page: Compile BP_Gameplay_GameMode
[2026.01.06-14.19.13:190][278]LogUObjectHash: Compacting FUObjectHashTables data took   2.06ms
[2026.01.06-14.19.14:018][369]Cmd: OBJ SAVEPACKAGE PACKAGE="/Game/GameLogic/BP_Gameplay_GameMode" FILE="D:/Artemii/Game/Game/Content/GameLogic/BP_Gameplay_GameMode.uasset" SILENT=true
[2026.01.06-14.19.14:062][369]LogSavePackage: Moving 'D:/Artemii/Game/Game/Saved/BP_Gameplay_GameMode472A40D64C8627ADDC6B2CB5FE16F866.tmp' to 'D:/Artemii/Game/Game/Content/GameLogic/BP_Gameplay_GameMode.uasset'
[2026.01.06-14.19.14:072][369]AssetCheck: New page: Asset Save: BP_Gameplay_GameMode
[2026.01.06-14.19.14:072][369]LogContentValidation: Display: Validating Blueprint /Game/GameLogic/BP_Gameplay_GameMode.BP_Gameplay_GameMode
[2026.01.06-14.19.17:033][709]BlueprintLog: New page: Compile BP_Enemy_Boss
[2026.01.06-14.19.17:154][709]LogUObjectHash: Compacting FUObjectHashTables data took   2.31ms
[2026.01.06-14.19.17:908][790]Cmd: OBJ SAVEPACKAGE PACKAGE="/Game/Enemy/BP_Enemy_Boss" FILE="D:/Artemii/Game/Game/Content/Enemy/BP_Enemy_Boss.uasset" SILENT=true
[2026.01.06-14.19.17:917][790]LogSavePackage: Moving 'D:/Artemii/Game/Game/Saved/BP_Enemy_Boss9B6B320C46BDD9DF5EB1518FE5340842.tmp' to 'D:/Artemii/Game/Game/Content/Enemy/BP_Enemy_Boss.uasset'
[2026.01.06-14.19.17:926][790]AssetCheck: New page: Asset Save: BP_Enemy_Boss
[2026.01.06-14.19.17:926][790]LogContentValidation: Display: Validating Blueprint /Game/Enemy/BP_Enemy_Boss.BP_Enemy_Boss
[2026.01.06-14.19.24:200][540]LogTemp: Repeating last play command: Selected Viewport
[2026.01.06-14.19.24:204][540]LogPlayLevel: PlayLevel: No blueprints needed recompiling
[2026.01.06-14.19.24:204][540]PIE: New page: PIE session: 02Boss (6 січ. 2026 р., 18:19:24)
[2026.01.06-14.19.24:204][540]LogPlayLevel: Creating play world package: /Game/Maps/UEDPIE_0_02Boss
[2026.01.06-14.19.24:208][540]LogPlayLevel: PIE: StaticDuplicateObject took: (0.004191s)
[2026.01.06-14.19.24:209][540]LogAIModule: Creating AISystem for world 02Boss
[2026.01.06-14.19.24:209][540]LogPlayLevel: PIE: World Init took: (0.000616s)
[2026.01.06-14.19.24:209][540]LogPlayLevel: PIE: Created PIE world by copying editor world from /Game/Maps/02Boss.02Boss to /Game/Maps/UEDPIE_0_02Boss.02Boss (0.004873s)
[2026.01.06-14.19.24:231][540]LogUObjectHash: Compacting FUObjectHashTables data took   2.03ms
[2026.01.06-14.19.24:232][540]LogAudio: Display: Creating Audio Device:                 Id: 14, Scope: Unique, Realtime: True
[2026.01.06-14.19.24:232][540]LogAudioMixer: Display: Audio Mixer Platform Settings:
[2026.01.06-14.19.24:232][540]LogAudioMixer: Display: 	Sample Rate:						  48000
[2026.01.06-14.19.24:232][540]LogAudioMixer: Display: 	Callback Buffer Frame Size Requested: 1024
[2026.01.06-14.19.24:232][540]LogAudioMixer: Display: 	Callback Buffer Frame Size To Use:	  1024
[2026.01.06-14.19.24:232][540]LogAudioMixer: Display: 	Number of buffers to queue:			  2
[2026.01.06-14.19.24:232][540]LogAudioMixer: Display: 	Max Channels (voices):				  32
[2026.01.06-14.19.24:232][540]LogAudioMixer: Display: 	Number of Async Source Workers:		  0
[2026.01.06-14.19.24:232][540]LogAudio: Display: AudioDevice MaxSources: 32
[2026.01.06-14.19.24:232][540]LogAudio: Display: Audio Spatialization Plugin: None (built-in).
[2026.01.06-14.19.24:232][540]LogAudio: Display: Audio Reverb Plugin: None (built-in).
[2026.01.06-14.19.24:232][540]LogAudio: Display: Audio Occlusion Plugin: None (built-in).
[2026.01.06-14.19.24:232][540]LogAudioMixer: Display: Initializing audio mixer.
[2026.01.06-14.19.24:235][540]LogAudioMixer: Display: 0: FrontLeft
[2026.01.06-14.19.24:235][540]LogAudioMixer: Display: 1: FrontRight
[2026.01.06-14.19.24:243][540]LogAudioMixer: Display: Using Audio Device Speakers (Realtek(R) Audio)
[2026.01.06-14.19.24:243][540]LogAudioMixer: Display: Initializing Sound Submixes...
[2026.01.06-14.19.24:243][540]LogAudioMixer: Display: Creating Master Submix 'MasterSubmixDefault'
[2026.01.06-14.19.24:243][540]LogAudioMixer: Display: Creating Master Submix 'MasterReverbSubmixDefault'
[2026.01.06-14.19.24:243][540]LogAudioMixer: Display: Creating Master Submix 'MasterEQSubmixDefault'
[2026.01.06-14.19.24:243][540]LogAudioMixer: FMixerPlatformXAudio2::StartAudioStream() called
[2026.01.06-14.19.24:243][540]LogAudioMixer: Display: Output buffers initialized: Frames=1024, Channels=2, Samples=2048
[2026.01.06-14.19.24:244][540]LogAudioMixer: Display: Starting AudioMixerPlatformInterface::RunInternal()
[2026.01.06-14.19.24:244][540]LogAudioMixer: Display: FMixerPlatformXAudio2::SubmitBuffer() called for the first time
[2026.01.06-14.19.24:244][540]LogInit: FAudioDevice initialized.
[2026.01.06-14.19.24:244][540]LogAudio: Display: Audio Device (ID: 14) registered with world '02Boss'.
[2026.01.06-14.19.24:287][540]LogSlate: Updating window title bar state: overlay mode, drag disabled, window buttons hidden, title bar hidden
[2026.01.06-14.19.24:287][540]LogLoad: Game class is 'BP_Gameplay_GameMode_C'
[2026.01.06-14.19.24:289][540]LogWorld: Bringing World /Game/Maps/UEDPIE_0_02Boss.02Boss up for play (max tick rate 0) at 2026.01.06-16.19.24
[2026.01.06-14.19.24:289][540]LogWorld: Bringing up level for play took: 0.001313
[2026.01.06-14.19.24:290][540]LogOnline: OSS: Creating online subsystem instance for: :Context_27
[2026.01.06-14.19.24:293][540]PIE: Server logged in
[2026.01.06-14.19.24:294][540]PIE: Play in editor total start time 0,091 seconds.
[2026.01.06-14.19.28:050][985]LogBlueprintUserMessages: [BP_Enemy18] 1
[2026.01.06-14.19.30:092][230]LogBlueprintUserMessages: [BP_Enemy19_11] 2
[2026.01.06-14.19.36:876][ 44]LogBlueprintUserMessages: [BP_Enemy22] 3
[2026.01.06-14.19.38:857][277]LogSlate: Updating window title bar state: overlay mode, drag disabled, window buttons hidden, title bar hidden
[2026.01.06-14.19.38:857][277]LogWorld: BeginTearingDown for /Game/Maps/UEDPIE_0_02Boss
[2026.01.06-14.19.38:857][277]LogSlate: Window 'Game Preview [NetMode: Standalone]  (64-bit/Windows) ' being destroyed
[2026.01.06-14.19.38:862][277]LogWorld: UWorld::CleanupWorld for 02Boss, bSessionEnded=true, bCleanupResources=true
[2026.01.06-14.19.38:863][277]LogSlate: InvalidateAllWidgets triggered.  All widgets were invalidated
[2026.01.06-14.19.38:873][277]LogPlayLevel: Display: Shutting down PIE online subsystems
[2026.01.06-14.19.38:878][277]LogSlate: InvalidateAllWidgets triggered.  All widgets were invalidated
[2026.01.06-14.19.38:897][277]LogAudio: Display: Audio Device unregistered from world 'None'.
[2026.01.06-14.19.38:898][277]LogAudioMixer: FMixerPlatformXAudio2::StopAudioStream() called
[2026.01.06-14.19.38:899][277]LogAudioMixer: FMixerPlatformXAudio2::StopAudioStream() called
[2026.01.06-14.19.38:903][277]LogUObjectHash: Compacting FUObjectHashTables data took   1.52ms
[2026.01.06-14.19.38:918][278]LogPlayLevel: Display: Destroying online subsystem :Context_27
[2026.01.06-14.20.43:861][830]BlueprintLog: New page: Compile BP_Enemy_Boss
[2026.01.06-14.20.43:979][830]LogUObjectHash: Compacting FUObjectHashTables data took   1.62ms
[2026.01.06-14.20.44:829][923]Cmd: OBJ SAVEPACKAGE PACKAGE="/Game/Enemy/BP_Enemy_Boss" FILE="D:/Artemii/Game/Game/Content/Enemy/BP_Enemy_Boss.uasset" SILENT=true
[2026.01.06-14.20.44:837][923]LogSavePackage: Moving 'D:/Artemii/Game/Game/Saved/BP_Enemy_Boss91CA8B734C7676843E5832A06F79A3B7.tmp' to 'D:/Artemii/Game/Game/Content/Enemy/BP_Enemy_Boss.uasset'
[2026.01.06-14.20.44:848][923]AssetCheck: New page: Asset Save: BP_Enemy_Boss
[2026.01.06-14.20.44:848][923]LogContentValidation: Display: Validating Blueprint /Game/Enemy/BP_Enemy_Boss.BP_Enemy_Boss
[2026.01.06-14.20.46:122][ 64]Cmd: OBJ SAVEPACKAGE PACKAGE="/Game/Maps/02Boss" FILE="D:/Artemii/Game/Game/Content/Maps/02Boss.umap" SILENT=true AUTOSAVING=false KEEPDIRTY=false
[2026.01.06-14.20.46:144][ 64]LogUObjectHash: Compacting FUObjectHashTables data took   2.08ms
[2026.01.06-14.20.46:158][ 64]LogSavePackage: Moving 'D:/Artemii/Game/Game/Saved/02BossB426339E4E22C151856C7DBDE4240152.tmp' to 'D:/Artemii/Game/Game/Content/Maps/02Boss.umap'
[2026.01.06-14.20.46:196][ 64]AssetCheck: New page: Asset Save: 02Boss
[2026.01.06-14.20.46:196][ 64]LogContentValidation: Display: Validating World /Game/Maps/02Boss.02Boss
[2026.01.06-14.20.53:281][901]BlueprintLog: New page: Compile BP_Enemy
[2026.01.06-14.20.53:402][901]LogUObjectHash: Compacting FUObjectHashTables data took   1.66ms
[2026.01.06-14.20.53:727][929]Cmd: OBJ SAVEPACKAGE PACKAGE="/Game/Enemy/BP_Enemy" FILE="D:/Artemii/Game/Game/Content/Enemy/BP_Enemy.uasset" SILENT=true
[2026.01.06-14.20.53:749][929]LogSavePackage: Moving 'D:/Artemii/Game/Game/Saved/BP_EnemyF2B4C28A41626DC787770896142B845B.tmp' to 'D:/Artemii/Game/Game/Content/Enemy/BP_Enemy.uasset'
[2026.01.06-14.20.53:760][929]AssetCheck: New page: Asset Save: BP_Enemy
[2026.01.06-14.20.53:760][929]LogContentValidation: Display: Validating Blueprint /Game/Enemy/BP_Enemy.BP_Enemy
[2026.01.06-14.20.56:209][212]LogUObjectHash: Compacting FUObjectHashTables data took   2.10ms
[2026.01.06-14.20.57:820][212]LogSlate: Window 'Save Content' being destroyed
[2026.01.06-14.20.57:860][212]Cmd: OBJ SAVEPACKAGE PACKAGE="/Game/Maps/02Boss" FILE="D:/Artemii/Game/Game/Content/Maps/02Boss.umap" SILENT=true AUTOSAVING=false KEEPDIRTY=false
[2026.01.06-14.20.57:895][212]LogUObjectHash: Compacting FUObjectHashTables data took   0.68ms
[2026.01.06-14.20.57:915][212]LogSavePackage: Moving 'D:/Artemii/Game/Game/Saved/02Boss9EC05E674318D84335A6E6B3582BA385.tmp' to 'D:/Artemii/Game/Game/Content/Maps/02Boss.umap'
[2026.01.06-14.20.57:924][212]LogFileHelpers: Saving map '02Boss' took 0.064
[2026.01.06-14.20.57:924][212]Cmd: OBJ SAVEPACKAGE PACKAGE="/Game/Enemy/M_Glaz" FILE="D:/Artemii/Game/Game/Content/Enemy/M_Glaz.uasset" SILENT=true
[2026.01.06-14.20.57:925][212]LogSavePackage: Moving 'D:/Artemii/Game/Game/Saved/M_Glaz04C0D6644FB263DE274E268727338BFB.tmp' to 'D:/Artemii/Game/Game/Content/Enemy/M_Glaz.uasset'
[2026.01.06-14.20.57:976][212]LogWorld: UWorld::CleanupWorld for World_1, bSessionEnded=true, bCleanupResources=true
[2026.01.06-14.20.57:976][212]LogSlate: InvalidateAllWidgets triggered.  All widgets were invalidated
[2026.01.06-14.20.57:997][212]LogTemp: Warning: OnLevelViewportClientListChanged
[2026.01.06-14.20.58:010][212]LogActorComponent: UnregisterComponent: (/Engine/Transient.EditorFloorComp) Not registered. Aborting.
[2026.01.06-14.20.58:010][212]LogWorld: UWorld::CleanupWorld for World_2, bSessionEnded=true, bCleanupResources=true
[2026.01.06-14.20.58:011][212]LogSlate: InvalidateAllWidgets triggered.  All widgets were invalidated
[2026.01.06-14.20.58:031][212]LogTemp: Warning: OnLevelViewportClientListChanged
[2026.01.06-14.20.58:046][212]LogActorComponent: UnregisterComponent: (/Engine/Transient.EditorFloorComp) Not registered. Aborting.
[2026.01.06-14.20.58:046][212]LogWorld: UWorld::CleanupWorld for World_7, bSessionEnded=true, bCleanupResources=true
[2026.01.06-14.20.58:046][212]LogSlate: InvalidateAllWidgets triggered.  All widgets were invalidated
[2026.01.06-14.20.58:065][212]LogTemp: Warning: OnLevelViewportClientListChanged
[2026.01.06-14.20.58:078][212]LogActorComponent: UnregisterComponent: (/Engine/Transient.EditorFloorComp) Not registered. Aborting.
[2026.01.06-14.20.58:078][212]LogWorld: UWorld::CleanupWorld for World_12, bSessionEnded=true, bCleanupResources=true
[2026.01.06-14.20.58:078][212]LogSlate: InvalidateAllWidgets triggered.  All widgets were invalidated
[2026.01.06-14.20.58:096][212]LogTemp: Warning: OnLevelViewportClientListChanged
[2026.01.06-14.20.58:108][212]LogActorComponent: UnregisterComponent: (/Engine/Transient.EditorFloorComp) Not registered. Aborting.
[2026.01.06-14.20.58:108][212]LogWorld: UWorld::CleanupWorld for World_13, bSessionEnded=true, bCleanupResources=true
[2026.01.06-14.20.58:109][212]LogSlate: InvalidateAllWidgets triggered.  All widgets were invalidated
[2026.01.06-14.20.58:128][212]LogTemp: Warning: OnLevelViewportClientListChanged
[2026.01.06-14.20.58:142][212]LogWorld: UWorld::CleanupWorld for World_10, bSessionEnded=true, bCleanupResources=true
[2026.01.06-14.20.58:142][212]LogSlate: InvalidateAllWidgets triggered.  All widgets were invalidated
[2026.01.06-14.20.58:146][212]LogTemp: Warning: OnLevelViewportClientListChanged
[2026.01.06-14.20.58:173][212]LogSlate: Window 'Game - Unreal Editor' being destroyed
[2026.01.06-14.20.58:233][212]LogTemp: Warning: OnLevelViewportClientListChanged
[2026.01.06-14.20.58:242][212]LogTemp: Warning: OnLevelViewportClientListChanged
[2026.01.06-14.20.58:250][212]LogTemp: Warning: OnLevelViewportClientListChanged
[2026.01.06-14.20.58:259][212]LogTemp: Warning: OnLevelViewportClientListChanged
[2026.01.06-14.20.58:285][212]AssetCheck: New page: Asset Save: multiple assets
[2026.01.06-14.20.58:285][212]LogContentValidation: Display: Validating Material /Game/Enemy/M_Glaz.M_Glaz
[2026.01.06-14.20.58:285][212]LogContentValidation: Display: Validating World /Game/Maps/02Boss.02Boss
[2026.01.06-14.20.58:286][213]Cmd: QUIT_EDITOR
[2026.01.06-14.20.58:286][213]LogCore: Engine exit requested (reason: UUnrealEdEngine::CloseEditor())
[2026.01.06-14.20.58:289][213]LogCore: Engine exit requested (reason: EngineExit() was called; note: exit was already requested)
[2026.01.06-14.20.58:383][213]LogAudio: Display: Beginning Audio Device Manager Shutdown (Module: AudioMixerXAudio2)...
[2026.01.06-14.20.58:383][213]LogAudio: Display: Destroying 1 Remaining Audio Device(s)...
[2026.01.06-14.20.58:383][213]LogAudio: Display: Audio Device unregistered from world '02Boss'.
[2026.01.06-14.20.58:383][213]LogAudioMixer: FMixerPlatformXAudio2::StopAudioStream() called
[2026.01.06-14.20.58:387][213]LogAudioMixer: FMixerPlatformXAudio2::StopAudioStream() called
[2026.01.06-14.20.58:398][213]LogAudio: Display: Audio Device Manager Shutdown
[2026.01.06-14.20.58:398][213]LogWindowsTextInputMethodSystem: Display: IME system deactivated.
[2026.01.06-14.20.58:403][213]LogExit: Preparing to exit.
[2026.01.06-14.20.58:813][213]LogUObjectHash: Compacting FUObjectHashTables data took   1.73ms
[2026.01.06-14.20.58:916][213]LogWorld: UWorld::CleanupWorld for World_0, bSessionEnded=true, bCleanupResources=true
[2026.01.06-14.20.58:918][213]LogWorld: UWorld::CleanupWorld for World_5, bSessionEnded=true, bCleanupResources=true
[2026.01.06-14.20.58:920][213]LogWorld: UWorld::CleanupWorld for World_6, bSessionEnded=true, bCleanupResources=true
[2026.01.06-14.20.58:921][213]LogWorld: UWorld::CleanupWorld for World_11, bSessionEnded=true, bCleanupResources=true
[2026.01.06-14.20.58:923][213]LogWorld: UWorld::CleanupWorld for World_3, bSessionEnded=true, bCleanupResources=true
[2026.01.06-14.20.58:924][213]LogWorld: UWorld::CleanupWorld for World_4, bSessionEnded=true, bCleanupResources=true
[2026.01.06-14.20.58:966][213]LogDemo: Cleaned up 0 splitscreen connections with owner deletion
[2026.01.06-14.20.58:969][213]LogWorld: UWorld::CleanupWorld for None, bSessionEnded=true, bCleanupResources=true
[2026.01.06-14.20.58:969][213]LogExit: Editor shut down
[2026.01.06-14.20.58:970][213]LogExit: Transaction tracking system shut down
[2026.01.06-14.20.59:165][213]LogExit: Object subsystem successfully closed.
[2026.01.06-14.20.59:183][213]LogShaderCompilers: Display: === FShaderJobCache stats ===
[2026.01.06-14.20.59:183][213]LogShaderCompilers: Display: Total job queries 1121, among them cache hits 737 (65.74%)
[2026.01.06-14.20.59:183][213]LogShaderCompilers: Display: Tracking 362 distinct input hashes that result in 193 distinct outputs (53.31%)
[2026.01.06-14.20.59:183][213]LogShaderCompilers: Display: RAM used: 1.24 MB (0.00 GB) of 1638.40 MB (1.60 GB) budget. Usage: 0.08%
[2026.01.06-14.20.59:183][213]LogShaderCompilers: Display: ================================================
[2026.01.06-14.20.59:199][213]LogShaderCompilers: Display: Shaders left to compile 0
[2026.01.06-14.20.59:213][213]LogModuleManager: Shutting down and abandoning module HierarchicalLODUtilities (882)
[2026.01.06-14.20.59:213][213]LogModuleManager: Shutting down and abandoning module MovieSceneCapture (880)
[2026.01.06-14.20.59:213][213]LogModuleManager: Shutting down and abandoning module Voice (878)
[2026.01.06-14.20.59:213][213]LogModuleManager: Shutting down and abandoning module BlueprintGraph (876)
[2026.01.06-14.20.59:213][213]LogModuleManager: Shutting down and abandoning module HierarchicalLODOutliner (874)
[2026.01.06-14.20.59:213][213]LogModuleManager: Shutting down and abandoning module SceneOutliner (872)
[2026.01.06-14.20.59:213][213]LogModuleManager: Shutting down and abandoning module AddContentDialog (870)
[2026.01.06-14.20.59:213][213]LogModuleManager: Shutting down and abandoning module WidgetCarousel (869)
[2026.01.06-14.20.59:213][213]LogModuleManager: Shutting down and abandoning module EditorWidgets (866)
[2026.01.06-14.20.59:213][213]LogModuleManager: Shutting down and abandoning module StatsViewer (864)
[2026.01.06-14.20.59:213][213]LogModuleManager: Shutting down and abandoning module PIEPreviewDeviceProfileSelector (862)
[2026.01.06-14.20.59:213][213]LogModuleManager: Shutting down and abandoning module SequenceRecorderSections (860)
[2026.01.06-14.20.59:213][213]LogModuleManager: Shutting down and abandoning module AutomationWorker (858)
[2026.01.06-14.20.59:213][213]LogModuleManager: Shutting down and abandoning module SteamVREditor (856)
[2026.01.06-14.20.59:213][213]LogModuleManager: Shutting down and abandoning module OculusMR (854)
[2026.01.06-14.20.59:213][213]LogModuleManager: Shutting down and abandoning module MagicLeapMediaCodecFactory (852)
[2026.01.06-14.20.59:213][213]LogModuleManager: Shutting down and abandoning module MagicLeapMediaFactory (850)
[2026.01.06-14.20.59:213][213]LogModuleManager: Shutting down and abandoning module MagicLeapMediaEditor (848)
[2026.01.06-14.20.59:213][213]LogModuleManager: Shutting down and abandoning module TakeRecorderSources (846)
[2026.01.06-14.20.59:213][213]LogModuleManager: Shutting down and abandoning module TakeRecorder (845)
[2026.01.06-14.20.59:213][213]LogModuleManager: Shutting down and abandoning module TakeTrackRecorders (842)
[2026.01.06-14.20.59:213][213]LogModuleManager: Shutting down and abandoning module TakesCore (840)
[2026.01.06-14.20.59:213][213]LogModuleManager: Shutting down and abandoning module OpenXRInput (838)
[2026.01.06-14.20.59:213][213]LogModuleManager: Shutting down and abandoning module GooglePADEditor (836)
[2026.01.06-14.20.59:213][213]LogModuleManager: Shutting down and abandoning module AudioCaptureEditor (834)
[2026.01.06-14.20.59:213][213]LogModuleManager: Shutting down and abandoning module TemplateSequenceEditor (832)
[2026.01.06-14.20.59:213][213]LogModuleManager: Shutting down and abandoning module LevelSequenceEditor (830)
[2026.01.06-14.20.59:213][213]LogModuleManager: Shutting down and abandoning module MatineeToLevelSequence (828)
[2026.01.06-14.20.59:213][213]LogModuleManager: Shutting down and abandoning module ActorSequenceEditor (826)
[2026.01.06-14.20.59:213][213]LogModuleManager: Shutting down and abandoning module WmfMediaFactory (824)
[2026.01.06-14.20.59:213][213]LogModuleManager: Shutting down and abandoning module WmfMediaEditor (822)
[2026.01.06-14.20.59:213][213]LogModuleManager: Shutting down and abandoning module WebMMediaFactory (820)
[2026.01.06-14.20.59:213][213]LogModuleManager: Shutting down and abandoning module WebMMediaEditor (818)
[2026.01.06-14.20.59:213][213]LogModuleManager: Shutting down and abandoning module WebMMedia (816)
[2026.01.06-14.20.59:213][213]LogModuleManager: Shutting down and abandoning module MediaPlayerEditor (814)
[2026.01.06-14.20.59:213][213]LogModuleManager: Shutting down and abandoning module MediaCompositingEditor (812)
[2026.01.06-14.20.59:213][213]LogModuleManager: Shutting down and abandoning module SequenceRecorder (811)
[2026.01.06-14.20.59:213][213]LogModuleManager: Shutting down and abandoning module OpenExrWrapper (808)
[2026.01.06-14.20.59:213][213]LogModuleManager: Shutting down and abandoning module ImgMediaFactory (806)
[2026.01.06-14.20.59:213][213]LogModuleManager: Shutting down and abandoning module ImgMediaEditor (804)
[2026.01.06-14.20.59:213][213]LogModuleManager: Shutting down and abandoning module AndroidMediaFactory (802)
[2026.01.06-14.20.59:213][213]LogModuleManager: Shutting down and abandoning module AndroidMediaEditor (800)
[2026.01.06-14.20.59:213][213]LogModuleManager: Shutting down and abandoning module AvfMediaFactory (798)
[2026.01.06-14.20.59:214][213]LogModuleManager: Shutting down and abandoning module AvfMediaEditor (796)
[2026.01.06-14.20.59:214][213]LogModuleManager: Shutting down and abandoning module PlanarCut (794)
[2026.01.06-14.20.59:214][213]LogModuleManager: Shutting down and abandoning module CharacterAI (792)
[2026.01.06-14.20.59:214][213]LogModuleManager: Shutting down and abandoning module TextureAlignMode (790)
[2026.01.06-14.20.59:214][213]LogModuleManager: Shutting down and abandoning module BspMode (788)
[2026.01.06-14.20.59:214][213]LogModuleManager: Shutting down and abandoning module GeometryMode (786)
[2026.01.06-14.20.59:214][213]LogModuleManager: Shutting down and abandoning module CameraShakePreviewer (784)
[2026.01.06-14.20.59:214][213]LogModuleManager: Shutting down and abandoning module SmartSnapping (782)
[2026.01.06-14.20.59:214][213]LogModuleManager: Shutting down and abandoning module SessionServices (780)
[2026.01.06-14.20.59:214][213]LogModuleManager: Shutting down and abandoning module MeshPaint (778)
[2026.01.06-14.20.59:214][213]LogModuleManager: Shutting down and abandoning module VirtualTexturingEditor (776)
[2026.01.06-14.20.59:214][213]LogModuleManager: Shutting down and abandoning module FoliageEdit (774)
[2026.01.06-14.20.59:214][213]LogModuleManager: Shutting down and abandoning module LandscapeEditor (772)
[2026.01.06-14.20.59:214][213]LogModuleManager: Shutting down and abandoning module MeshPaintMode (770)
[2026.01.06-14.20.59:214][213]LogModuleManager: Shutting down and abandoning module SceneDepthPickerMode (768)
[2026.01.06-14.20.59:214][213]LogModuleManager: Shutting down and abandoning module ActorPickerMode (766)
[2026.01.06-14.20.59:214][213]LogModuleManager: Shutting down and abandoning module PlacementMode (764)
[2026.01.06-14.20.59:214][213]LogModuleManager: Shutting down and abandoning module ViewportSnapping (762)
[2026.01.06-14.20.59:214][213]LogModuleManager: Shutting down and abandoning module ViewportInteraction (760)
[2026.01.06-14.20.59:214][213]LogModuleManager: Shutting down and abandoning module ClothPainter (758)
[2026.01.06-14.20.59:214][213]LogModuleManager: Shutting down and abandoning module SkeletalMeshEditor (757)
[2026.01.06-14.20.59:214][213]LogModuleManager: Shutting down and abandoning module LogVisualizer (754)
[2026.01.06-14.20.59:214][213]LogModuleManager: Shutting down and abandoning module IntroTutorials (752)
[2026.01.06-14.20.59:214][213]LogModuleManager: Shutting down and abandoning module GameProjectGeneration (751)
[2026.01.06-14.20.59:214][213]LogModuleManager: Shutting down and abandoning module LuminPlatformEditor (748)
[2026.01.06-14.20.59:214][213]LogModuleManager: Shutting down and abandoning module IOSPlatformEditor (746)
[2026.01.06-14.20.59:214][213]LogModuleManager: Shutting down and abandoning module AndroidPlatformEditor (744)
[2026.01.06-14.20.59:214][213]LogModuleManager: Shutting down and abandoning module AndroidDeviceDetection (743)
[2026.01.06-14.20.59:832][213]LogModuleManager: Shutting down and abandoning module WindowsPlatformEditor (740)
[2026.01.06-14.20.59:832][213]LogModuleManager: Shutting down and abandoning module LuminRuntimeSettings (738)
[2026.01.06-14.20.59:832][213]LogModuleManager: Shutting down and abandoning module IOSRuntimeSettings (736)
[2026.01.06-14.20.59:832][213]LogModuleManager: Shutting down and abandoning module AndroidRuntimeSettings (734)
[2026.01.06-14.20.59:832][213]LogModuleManager: Shutting down and abandoning module TraceInsights (732)
[2026.01.06-14.20.59:832][213]MemoryProfiler: Shutdown
[2026.01.06-14.20.59:832][213]NetworkingProfiler: Shutdown
[2026.01.06-14.20.59:832][213]LoadingProfiler: Shutdown
[2026.01.06-14.20.59:832][213]TimingProfiler: Shutdown
[2026.01.06-14.20.59:832][213]LogModuleManager: Shutting down and abandoning module TraceServices (731)
[2026.01.06-14.20.59:833][213]LogModuleManager: Shutting down and abandoning module EditorInteractiveToolsFramework (728)
[2026.01.06-14.20.59:833][213]LogModuleManager: Shutting down and abandoning module TimeManagementEditor (726)
[2026.01.06-14.20.59:833][213]LogModuleManager: Shutting down and abandoning module InputBindingEditor (724)
[2026.01.06-14.20.59:833][213]LogModuleManager: Shutting down and abandoning module MergeActors (722)
[2026.01.06-14.20.59:833][213]LogModuleManager: Shutting down and abandoning module LocalizationDashboard (720)
[2026.01.06-14.20.59:833][213]LogModuleManager: Shutting down and abandoning module LocalizationService (719)
[2026.01.06-14.20.59:833][213]LogModuleManager: Shutting down and abandoning module HardwareTargeting (716)
[2026.01.06-14.20.59:833][213]LogModuleManager: Shutting down and abandoning module DeviceProfileEditor (714)
[2026.01.06-14.20.59:833][213]LogModuleManager: Shutting down and abandoning module UndoHistory (712)
[2026.01.06-14.20.59:833][213]LogModuleManager: Shutting down and abandoning module XmlParser (710)
[2026.01.06-14.20.59:833][213]LogModuleManager: Shutting down and abandoning module Blutility (708)
[2026.01.06-14.20.59:833][213]LogModuleManager: Shutting down and abandoning module ProjectSettingsViewer (706)
[2026.01.06-14.20.59:833][213]LogModuleManager: Shutting down and abandoning module ProjectTargetPlatformEditor (705)
[2026.01.06-14.20.59:833][213]LogModuleManager: Shutting down and abandoning module EditorSettingsViewer (702)
[2026.01.06-14.20.59:833][213]LogModuleManager: Shutting down and abandoning module InternationalizationSettings (701)
[2026.01.06-14.20.59:833][213]LogModuleManager: Shutting down and abandoning module SettingsEditor (698)
[2026.01.06-14.20.59:833][213]LogModuleManager: Shutting down and abandoning module ProjectLauncher (696)
[2026.01.06-14.20.59:833][213]LogModuleManager: Shutting down and abandoning module SessionFrontend (694)
[2026.01.06-14.20.59:833][213]LogModuleManager: Shutting down and abandoning module ProfilerClient (692)
[2026.01.06-14.20.59:833][213]LogModuleManager: Shutting down and abandoning module DeviceManager (690)
[2026.01.06-14.20.59:833][213]LogModuleManager: Shutting down and abandoning module TargetDeviceServices (689)
[2026.01.06-14.20.59:867][213]LogModuleManager: Shutting down and abandoning module AutomationController (686)
[2026.01.06-14.20.59:867][213]LogModuleManager: Shutting down and abandoning module AutomationWindow (684)
[2026.01.06-14.20.59:867][213]LogModuleManager: Shutting down and abandoning module Layers (682)
[2026.01.06-14.20.59:867][213]LogModuleManager: Shutting down and abandoning module ComponentVisualizers (680)
[2026.01.06-14.20.59:868][213]LogModuleManager: Shutting down and abandoning module DetailCustomizations (678)
[2026.01.06-14.20.59:868][213]LogModuleManager: Shutting down and abandoning module PackagesDialog (676)
[2026.01.06-14.20.59:868][213]LogModuleManager: Shutting down and abandoning module AnimationBlueprintEditor (674)
[2026.01.06-14.20.59:869][213]LogModuleManager: Shutting down and abandoning module Persona (672)
[2026.01.06-14.20.59:869][213]LogModuleManager: Shutting down and abandoning module AdvancedPreviewScene (671)
[2026.01.06-14.20.59:869][213]LogModuleManager: Shutting down and abandoning module AnimGraph (669)
[2026.01.06-14.20.59:869][213]LogModuleManager: Shutting down and abandoning module Kismet (666)
[2026.01.06-14.20.59:886][213]LogModuleManager: Shutting down and abandoning module KismetWidgets (665)
[2026.01.06-14.20.59:886][213]LogModuleManager: Shutting down and abandoning module GraphEditor (662)
[2026.01.06-14.20.59:886][213]LogModuleManager: Shutting down and abandoning module StructViewer (660)
[2026.01.06-14.20.59:886][213]LogModuleManager: Shutting down and abandoning module ClassViewer (658)
[2026.01.06-14.20.59:887][213]LogModuleManager: Shutting down and abandoning module Toolbox (656)
[2026.01.06-14.20.59:887][213]LogModuleManager: Shutting down and abandoning module ModuleUI (654)
[2026.01.06-14.20.59:887][213]LogModuleManager: Shutting down and abandoning module OutputLog (652)
[2026.01.06-14.20.59:888][213]LogModuleManager: Shutting down and abandoning module GammaUI (650)
[2026.01.06-14.20.59:888][213]LogModuleManager: Shutting down and abandoning module Documentation (648)
[2026.01.06-14.20.59:888][213]LogModuleManager: Shutting down and abandoning module LiveCoding (646)
[2026.01.06-14.20.59:888][213]LogModuleManager: Shutting down and abandoning module LevelSequence (644)
[2026.01.06-14.20.59:888][213]LogModuleManager: Shutting down and abandoning module MovieSceneTracks (642)
[2026.01.06-14.20.59:888][213]LogModuleManager: Shutting down and abandoning module MovieScene (640)
[2026.01.06-14.20.59:888][213]LogModuleManager: Shutting down and abandoning module StreamingPauseRendering (638)
[2026.01.06-14.20.59:888][213]LogModuleManager: Shutting down and abandoning module LauncherPlatform (636)
[2026.01.06-14.20.59:888][213]LogModuleManager: Shutting down and abandoning module AnalyticsET (634)
[2026.01.06-14.20.59:888][213]LogModuleManager: Shutting down and abandoning module PortalServices (632)
[2026.01.06-14.20.59:888][213]LogModuleManager: Shutting down and abandoning module PortalRpc (630)
[2026.01.06-14.20.59:888][213]LogModuleManager: Shutting down and abandoning module MessagingRpc (628)
[2026.01.06-14.20.59:888][213]LogModuleManager: Shutting down and abandoning module AudioMixerXAudio2 (626)
[2026.01.06-14.20.59:888][213]LogModuleManager: Shutting down and abandoning module AudioMixerCore (625)
[2026.01.06-14.20.59:888][213]LogModuleManager: Shutting down and abandoning module AIModule (622)
[2026.01.06-14.20.59:888][213]LogModuleManager: Shutting down and abandoning module GameplayDebugger (621)
[2026.01.06-14.20.59:888][213]LogModuleManager: Shutting down and abandoning module AITestSuite (619)
[2026.01.06-14.20.59:888][213]LogModuleManager: Shutting down and abandoning module NavigationSystem (617)
[2026.01.06-14.20.59:888][213]LogModuleManager: Shutting down and abandoning module ImageWriteQueue (614)
[2026.01.06-14.20.59:900][213]LogModuleManager: Shutting down and abandoning module ProfilerService (612)
[2026.01.06-14.21.00:147][213]LogModuleManager: Shutting down and abandoning module TaskGraph (610)
[2026.01.06-14.21.00:147][213]LogModuleManager: Shutting down and abandoning module AudioSynesthesiaEditor (608)
[2026.01.06-14.21.00:147][213]LogModuleManager: Shutting down and abandoning module OculusEditor (606)
[2026.01.06-14.21.00:147][213]LogModuleManager: Shutting down and abandoning module OculusInput (604)
[2026.01.06-14.21.00:147][213]LogModuleManager: Shutting down and abandoning module ContentBrowserClassDataSource (602)
[2026.01.06-14.21.00:147][213]LogModuleManager: Shutting down and abandoning module ContentBrowserFileDataSource (600)
[2026.01.06-14.21.00:147][213]LogModuleManager: Shutting down and abandoning module ContentBrowserAssetDataSource (598)
[2026.01.06-14.21.00:147][213]LogModuleManager: Shutting down and abandoning module CollectionManager (597)
[2026.01.06-14.21.00:148][213]LogModuleManager: Shutting down and abandoning module MagicLeapSharedWorld (594)
[2026.01.06-14.21.00:148][213]LogModuleManager: Shutting down and abandoning module MagicLeapLightEstimation (592)
[2026.01.06-14.21.00:148][213]LogModuleManager: Shutting down and abandoning module MagicLeapHelperVulkan (590)
[2026.01.06-14.21.00:148][213]LogModuleManager: Shutting down and abandoning module MagicLeapHelperOpenGL (588)
[2026.01.06-14.21.00:148][213]LogModuleManager: Shutting down and abandoning module MagicLeapAudio (586)
[2026.01.06-14.21.00:148][213]LogModuleManager: Shutting down and abandoning module TakeSequencer (584)
[2026.01.06-14.21.00:148][213]LogModuleManager: Shutting down and abandoning module TakeMovieScene (582)
[2026.01.06-14.21.00:148][213]LogModuleManager: Shutting down and abandoning module SynthesisEditor (580)
[2026.01.06-14.21.00:148][213]LogModuleManager: Shutting down and abandoning module Synthesis (578)
[2026.01.06-14.21.00:148][213]LogModuleManager: Shutting down and abandoning module ProceduralMeshComponentEditor (576)
[2026.01.06-14.21.00:148][213]LogModuleManager: Shutting down and abandoning module ProceduralMeshComponent (574)
[2026.01.06-14.21.00:148][213]LogModuleManager: Shutting down and abandoning module OpenXREditor (572)
[2026.01.06-14.21.00:148][213]LogModuleManager: Shutting down and abandoning module MobilePatchingUtils (570)
[2026.01.06-14.21.00:148][213]LogModuleManager: Shutting down and abandoning module GooglePAD (568)
[2026.01.06-14.21.00:148][213]LogModuleManager: Shutting down and abandoning module CustomMeshComponent (566)
[2026.01.06-14.21.00:148][213]LogModuleManager: Shutting down and abandoning module EditableMesh (564)
[2026.01.06-14.21.00:148][213]LogModuleManager: Shutting down and abandoning module AppleImageUtilsBlueprintSupport (562)
[2026.01.06-14.21.00:148][213]LogModuleManager: Shutting down and abandoning module AppleImageUtils (560)
[2026.01.06-14.21.00:148][213]LogModuleManager: Shutting down and abandoning module CableComponent (558)
[2026.01.06-14.21.00:148][213]LogModuleManager: Shutting down and abandoning module AssetTags (556)
[2026.01.06-14.21.00:148][213]LogModuleManager: Shutting down and abandoning module AudioCapture (554)
[2026.01.06-14.21.00:148][213]LogModuleManager: Shutting down and abandoning module AudioCaptureRtAudio (553)
[2026.01.06-14.21.00:148][213]LogModuleManager: Shutting down and abandoning module ArchVisCharacter (550)
[2026.01.06-14.21.00:148][213]LogModuleManager: Shutting down and abandoning module AndroidPermission (548)
[2026.01.06-14.21.00:148][213]LogModuleManager: Shutting down and abandoning module ActorLayerUtilitiesEditor (546)
[2026.01.06-14.21.00:148][213]LogModuleManager: Shutting down and abandoning module ActorLayerUtilities (544)
[2026.01.06-14.21.00:148][213]LogModuleManager: Shutting down and abandoning module ScreenshotTools (542)
[2026.01.06-14.21.00:148][213]LogModuleManager: Shutting down and abandoning module TemplateSequence (540)
[2026.01.06-14.21.00:148][213]LogModuleManager: Shutting down and abandoning module VisualStudioCodeSourceCodeAccess (538)
[2026.01.06-14.21.00:148][213]LogModuleManager: Shutting down and abandoning module VisualStudioSourceCodeAccess (536)
[2026.01.06-14.21.00:148][213]LogModuleManager: Shutting down and abandoning module SubversionSourceControl (534)
[2026.01.06-14.21.00:148][213]LogModuleManager: Shutting down and abandoning module UObjectPlugin (532)
[2026.01.06-14.21.00:148][213]LogModuleManager: Shutting down and abandoning module RiderSourceCodeAccess (530)
[2026.01.06-14.21.00:148][213]LogModuleManager: Shutting down and abandoning module PluginUtils (528)
[2026.01.06-14.21.00:148][213]LogModuleManager: Shutting down and abandoning module PlasticSourceControl (526)
[2026.01.06-14.21.00:148][213]LogModuleManager: Shutting down and abandoning module MediaCompositing (524)
[2026.01.06-14.21.00:148][213]LogModuleManager: Shutting down and abandoning module PerforceSourceControl (522)
[2026.01.06-14.21.00:148][213]LogModuleManager: Shutting down and abandoning module GitSourceControl (520)
[2026.01.06-14.21.00:148][213]LogModuleManager: Shutting down and abandoning module SourceControl (519)
[2026.01.06-14.21.00:148][213]LogModuleManager: Shutting down and abandoning module NiagaraEditorWidgets (516)
[2026.01.06-14.21.00:148][213]LogModuleManager: Shutting down and abandoning module ImgMedia (514)
[2026.01.06-14.21.00:148][213]LogModuleManager: Shutting down and abandoning module CLionSourceCodeAccess (512)
[2026.01.06-14.21.00:148][213]LogModuleManager: Shutting down and abandoning module AnimationSharingEd (510)
[2026.01.06-14.21.00:148][213]LogModuleManager: Shutting down and abandoning module MagicBulletLooksEditor (508)
[2026.01.06-14.21.00:148][213]LogModuleManager: Shutting down and abandoning module MagicBulletLooks (506)
[2026.01.06-14.21.00:155][213]LogModuleManager: Shutting down and abandoning module OpenImageDenoise (504)
[2026.01.06-14.21.00:155][213]LogOpenImageDenoise: OIDN shutting down
[2026.01.06-14.21.00:155][213]LogModuleManager: Shutting down and abandoning module MotoSynthEditor (502)
[2026.01.06-14.21.00:155][213]LogModuleManager: Shutting down and abandoning module MotoSynth (500)
[2026.01.06-14.21.00:155][213]LogModuleManager: Shutting down and abandoning module GeometryCollectionTracks (498)
[2026.01.06-14.21.00:155][213]LogModuleManager: Shutting down and abandoning module GeometryCollectionSequencer (497)
[2026.01.06-14.21.00:155][213]LogModuleManager: Shutting down and abandoning module GeometryCollectionEditor (494)
[2026.01.06-14.21.00:155][213]LogModuleManager: Shutting down and abandoning module MeshConversion (492)
[2026.01.06-14.21.00:155][213]LogModuleManager: Shutting down and abandoning module DynamicMesh (490)
[2026.01.06-14.21.00:155][213]LogModuleManager: Shutting down and abandoning module GeometryAlgorithms (488)
[2026.01.06-14.21.00:155][213]LogModuleManager: Shutting down and abandoning module GeometricObjects (486)
[2026.01.06-14.21.00:155][213]LogModuleManager: Shutting down and abandoning module GeometryCacheTracks (484)
[2026.01.06-14.21.00:155][213]LogModuleManager: Shutting down and abandoning module GeometryCacheStreamer (482)
[2026.01.06-14.21.00:155][213]LogModuleManager: Shutting down and abandoning module GeometryCacheSequencer (480)
[2026.01.06-14.21.00:155][213]LogModuleManager: Shutting down and abandoning module ChaosNiagara (478)
[2026.01.06-14.21.00:155][213]LogModuleManager: Shutting down and abandoning module FractureEditor (476)
[2026.01.06-14.21.00:155][213]LogModuleManager: Shutting down and abandoning module ChaosSolverEditor (474)
[2026.01.06-14.21.00:155][213]LogModuleManager: Shutting down and abandoning module FieldSystemEngine (473)
[2026.01.06-14.21.00:155][213]LogModuleManager: Shutting down and abandoning module ChaosClothEditor (470)
[2026.01.06-14.21.00:155][213]LogModuleManager: Shutting down and abandoning module BackChannel (468)
[2026.01.06-14.21.00:155][213]LogModuleManager: Shutting down and abandoning module AutomationUtilsEditor (466)
[2026.01.06-14.21.00:155][213]LogModuleManager: Shutting down and abandoning module AutomationUtils (464)
[2026.01.06-14.21.00:155][213]LogModuleManager: Shutting down and abandoning module AlembicImporter (462)
[2026.01.06-14.21.00:155][213]LogModuleManager: Shutting down and abandoning module AlembicLibrary (461)
[2026.01.06-14.21.00:155][213]LogModuleManager: Shutting down and abandoning module GeometryCache (460)
[2026.01.06-14.21.00:155][213]LogModuleManager: Shutting down and abandoning module GeometryCacheEd (459)
[2026.01.06-14.21.00:155][213]LogModuleManager: Shutting down and abandoning module VariantManagerContentEditor (454)
[2026.01.06-14.21.00:155][213]LogModuleManager: Shutting down and abandoning module DatasmithContentEditor (452)
[2026.01.06-14.21.00:155][213]LogModuleManager: Shutting down and abandoning module SpeedTreeImporter (450)
[2026.01.06-14.21.00:155][213]LogModuleManager: Shutting down and abandoning module MobileLauncherProfileWizard (448)
[2026.01.06-14.21.00:155][213]LogModuleManager: Shutting down and abandoning module PluginBrowser (446)
[2026.01.06-14.21.00:155][213]LogModuleManager: Shutting down and abandoning module MaterialAnalyzer (444)
[2026.01.06-14.21.00:155][213]LogModuleManager: Shutting down and abandoning module CryptoKeysOpenSSL (442)
[2026.01.06-14.21.00:155][213]LogModuleManager: Shutting down and abandoning module CryptoKeys (440)
[2026.01.06-14.21.00:155][213]LogModuleManager: Shutting down and abandoning module CurveEditorTools (438)
[2026.01.06-14.21.00:155][213]LogModuleManager: Shutting down and abandoning module OodleNetworkHandlerComponent (436)
[2026.01.06-14.21.00:155][213]LogModuleManager: Shutting down and abandoning module LiveLinkSequencer (434)
[2026.01.06-14.21.00:155][213]LogModuleManager: Shutting down and abandoning module LiveLinkMovieScene (432)
[2026.01.06-14.21.00:155][213]LogModuleManager: Shutting down and abandoning module LiveLinkGraphNode (430)
[2026.01.06-14.21.00:155][213]LogModuleManager: Shutting down and abandoning module LiveLinkEditor (428)
[2026.01.06-14.21.00:155][213]LogModuleManager: Shutting down and abandoning module LiveLinkComponents (426)
[2026.01.06-14.21.00:155][213]LogModuleManager: Shutting down and abandoning module LiveLink (424)
[2026.01.06-14.21.00:963][213]LogModuleManager: Shutting down and abandoning module LightPropagationVolumeEditor (422)
[2026.01.06-14.21.00:963][213]LogModuleManager: Shutting down and abandoning module PaperTiledImporter (420)
[2026.01.06-14.21.00:963][213]LogModuleManager: Shutting down and abandoning module PaperSpriteSheetImporter (418)
[2026.01.06-14.21.00:963][213]LogModuleManager: Shutting down and abandoning module Paper2DEditor (416)
[2026.01.06-14.21.00:963][213]LogModuleManager: Shutting down and abandoning module MeshPaintingToolset (414)
[2026.01.06-14.21.00:963][213]LogModuleManager: Shutting down and abandoning module MeshPaintEditorMode (412)
[2026.01.06-14.21.00:964][213]LogModuleManager: Shutting down and abandoning module MagicLeapARPin (410)
[2026.01.06-14.21.00:964][213]LogModuleManager: Shutting down and abandoning module MagicLeapHandMeshing (408)
[2026.01.06-14.21.00:964][213]LogModuleManager: Shutting down and abandoning module MagicLeapSecureStorage (406)
[2026.01.06-14.21.00:964][213]LogModuleManager: Shutting down and abandoning module MagicLeapPrivileges (404)
[2026.01.06-14.21.00:964][213]LogModuleManager: Shutting down and abandoning module MagicLeapPlanes (402)
[2026.01.06-14.21.00:964][213]LogMagicLeapPlanes: Planes tracker already destroyed.
[2026.01.06-14.21.00:964][213]LogModuleManager: Shutting down and abandoning module MagicLeapImageTracker (400)
[2026.01.06-14.21.00:964][213]LogModuleManager: Shutting down and abandoning module MagicLeapIdentity (398)
[2026.01.06-14.21.00:964][213]LogModuleManager: Shutting down and abandoning module MagicLeapHandTracking (396)
[2026.01.06-14.21.00:964][213]LogModuleManager: Shutting down and abandoning module MagicLeapEyeTracker (394)
[2026.01.06-14.21.00:964][213]LogModuleManager: Shutting down and abandoning module MagicLeapController (392)
[2026.01.06-14.21.00:964][213]LogModuleManager: Shutting down and abandoning module MagicLeapARPinImpl (390)
[2026.01.06-14.21.00:964][213]LogModuleManager: Shutting down and abandoning module MagicLeapAR (388)
[2026.01.06-14.21.00:964][213]LogModuleManager: Shutting down and abandoning module SoundFields (386)
[2026.01.06-14.21.00:964][213]LogModuleManager: Shutting down and abandoning module SignificanceManager (384)
[2026.01.06-14.21.00:964][213]LogModuleManager: Shutting down and abandoning module RuntimePhysXCooking (382)
[2026.01.06-14.21.00:964][213]LogModuleManager: Shutting down and abandoning module PropertyAccessEditor (380)
[2026.01.06-14.21.00:964][213]LogModuleManager: Shutting down and abandoning module PhysXVehiclesEditor (378)
[2026.01.06-14.21.00:964][213]LogModuleManager: Shutting down and abandoning module LocationServicesBPLibrary (374)
[2026.01.06-14.21.00:964][213]LogModuleManager: Shutting down and abandoning module AudioSynesthesia (372)
[2026.01.06-14.21.00:964][213]LogModuleManager: Shutting down and abandoning module AudioSynesthesiaCore (370)
[2026.01.06-14.21.00:964][213]LogModuleManager: Shutting down and abandoning module TcpMessaging (368)
[2026.01.06-14.21.01:064][213]LogModuleManager: Shutting down and abandoning module ActorSequence (366)
[2026.01.06-14.21.01:064][213]LogModuleManager: Shutting down and abandoning module UdpMessaging (364)
[2026.01.06-14.21.01:165][213]LogModuleManager: Shutting down and abandoning module PropertyAccessNode (362)
[2026.01.06-14.21.01:165][213]LogModuleManager: Shutting down and abandoning module NiagaraAnimNotifies (360)
[2026.01.06-14.21.01:165][213]LogModuleManager: Shutting down and abandoning module Niagara (358)
[2026.01.06-14.21.01:165][213]LogModuleManager: Shutting down and abandoning module SignalProcessing (357)
[2026.01.06-14.21.01:165][213]LogModuleManager: Shutting down and abandoning module NiagaraEditor (355)
[2026.01.06-14.21.01:165][213]LogModuleManager: Shutting down and abandoning module NiagaraCore (352)
[2026.01.06-14.21.01:165][213]LogModuleManager: Shutting down and abandoning module ImgMediaEngine (350)
[2026.01.06-14.21.01:165][213]LogModuleManager: Shutting down and abandoning module AnimationSharing (348)
[2026.01.06-14.21.01:165][213]LogModuleManager: Shutting down and abandoning module PythonScriptPlugin (346)
[2026.01.06-14.21.01:165][213]LogModuleManager: Shutting down and abandoning module FacialAnimationEditor (344)
[2026.01.06-14.21.01:165][213]LogModuleManager: Shutting down and abandoning module FacialAnimation (342)
[2026.01.06-14.21.01:165][213]LogModuleManager: Shutting down and abandoning module GameplayTagsEditor (340)
[2026.01.06-14.21.01:165][213]LogModuleManager: Shutting down and abandoning module DataValidation (338)
[2026.01.06-14.21.01:165][213]LogModuleManager: Shutting down and abandoning module AssetManagerEditor (336)
[2026.01.06-14.21.01:165][213]LogModuleManager: Shutting down and abandoning module LevelEditor (335)
[2026.01.06-14.21.01:166][213]LogModuleManager: Shutting down and abandoning module PixelInspectorModule (334)
[2026.01.06-14.21.01:166][213]LogModuleManager: Shutting down and abandoning module CommonMenuExtensions (332)
[2026.01.06-14.21.01:166][213]LogModuleManager: Shutting down and abandoning module MainFrame (330)
[2026.01.06-14.21.01:166][213]LogModuleManager: Shutting down and abandoning module HotReload (329)
[2026.01.06-14.21.01:166][213]LogModuleManager: Shutting down and abandoning module ToolMenus (325)
[2026.01.06-14.21.01:166][213]LogModuleManager: Shutting down and abandoning module ContentBrowser (323)
[2026.01.06-14.21.01:166][213]LogModuleManager: Shutting down and abandoning module ContentBrowserData (322)
[2026.01.06-14.21.01:166][213]LogModuleManager: Shutting down and abandoning module TreeMap (319)
[2026.01.06-14.21.01:166][213]LogModuleManager: Shutting down and abandoning module GameplayCameras (316)
[2026.01.06-14.21.01:166][213]LogModuleManager: Shutting down and abandoning module EnvironmentQueryEditor (314)
[2026.01.06-14.21.01:166][213]LogModuleManager: Shutting down and abandoning module LightPropagationVolumeRuntime (312)
[2026.01.06-14.21.01:166][213]LogModuleManager: Shutting down and abandoning module Paper2D (310)
[2026.01.06-14.21.01:166][213]LogModuleManager: Shutting down and abandoning module WindowsMoviePlayer (308)
[2026.01.06-14.21.01:167][213]LogModuleManager: Shutting down and abandoning module WebMMoviePlayer (306)
[2026.01.06-14.21.01:167][213]LogModuleManager: Shutting down and abandoning module NetworkReplayStreaming (304)
[2026.01.06-14.21.01:167][213]LogModuleManager: Shutting down and abandoning module PacketHandler (302)
[2026.01.06-14.21.01:167][213]LogModuleManager: Shutting down and abandoning module ClothingSystemEditor (300)
[2026.01.06-14.21.01:167][213]LogModuleManager: Shutting down and abandoning module ClothingSystemRuntimeNv (298)
[2026.01.06-14.21.01:167][213]LogModuleManager: Shutting down and abandoning module MediaAssets (296)
[2026.01.06-14.21.01:167][213]LogModuleManager: Shutting down and abandoning module Overlay (294)
[2026.01.06-14.21.01:167][213]LogModuleManager: Shutting down and abandoning module OverlayEditor (293)
[2026.01.06-14.21.01:167][213]LogModuleManager: Shutting down and abandoning module VREditor (290)
[2026.01.06-14.21.01:167][213]LogModuleManager: Shutting down and abandoning module StringTableEditor (288)
[2026.01.06-14.21.01:167][213]LogModuleManager: Shutting down and abandoning module GameplayTasksEditor (286)
[2026.01.06-14.21.01:167][213]LogModuleManager: Shutting down and abandoning module BehaviorTreeEditor (284)
[2026.01.06-14.21.01:167][213]LogModuleManager: Shutting down and abandoning module FunctionalTesting (282)
[2026.01.06-14.21.01:167][213]LogModuleManager: Shutting down and abandoning module CollisionAnalyzer (280)
[2026.01.06-14.21.01:167][213]LogModuleManager: Shutting down and abandoning module WorkspaceMenuStructure (279)
[2026.01.06-14.21.01:167][213]LogModuleManager: Shutting down and abandoning module UMG (276)
[2026.01.06-14.21.01:167][213]LogModuleManager: Shutting down and abandoning module UMGEditor (275)
[2026.01.06-14.21.01:167][213]LogModuleManager: Shutting down and abandoning module MessageLog (273)
[2026.01.06-14.21.01:167][213]LogModuleManager: Shutting down and abandoning module SlateReflector (268)
[2026.01.06-14.21.01:167][213]LogModuleManager: Shutting down and abandoning module Slate (266)
[2026.01.06-14.21.01:167][213]LogModuleManager: Shutting down and abandoning module SlateCore (264)
[2026.01.06-14.21.01:167][213]LogModuleManager: Shutting down and abandoning module LandscapeEditorUtilities (262)
[2026.01.06-14.21.01:168][213]LogModuleManager: Shutting down and abandoning module UnrealEd (260)
[2026.01.06-14.21.01:168][213]LogModuleManager: Shutting down and abandoning module MRMesh (258)
[2026.01.06-14.21.01:168][213]LogModuleManager: Shutting down and abandoning module SourceCodeAccess (256)
[2026.01.06-14.21.01:168][213]LogModuleManager: Shutting down and abandoning module HeadMountedDisplay (254)
[2026.01.06-14.21.01:168][213]LogModuleManager: Shutting down and abandoning module XAudio2 (252)
[2026.01.06-14.21.01:168][213]LogModuleManager: Shutting down and abandoning module Networking (250)
[2026.01.06-14.21.01:168][213]LogModuleManager: Shutting down and abandoning module Core (248)
[2026.01.06-14.21.01:168][213]LogModuleManager: Shutting down and abandoning module MaterialEditor (246)
[2026.01.06-14.21.01:168][213]LogModuleManager: Shutting down and abandoning module MovieSceneTools (244)
[2026.01.06-14.21.01:168][213]LogModuleManager: Shutting down and abandoning module CurveEditor (243)
[2026.01.06-14.21.01:168][213]LogModuleManager: Shutting down and abandoning module Sequencer (241)
[2026.01.06-14.21.01:168][213]LogModuleManager: Shutting down and abandoning module EditorStyle (240)
[2026.01.06-14.21.01:168][213]LogModuleManager: Shutting down and abandoning module KismetCompiler (236)
[2026.01.06-14.21.01:168][213]LogModuleManager: Shutting down and abandoning module MeshBuilder (234)
[2026.01.06-14.21.01:168][213]LogModuleManager: Shutting down and abandoning module MeshUtilities (232)
[2026.01.06-14.21.01:168][213]LogModuleManager: Shutting down and abandoning module MeshMergeUtilities (231)
[2026.01.06-14.21.01:168][213]LogModuleManager: Shutting down and abandoning module MeshReductionInterface (230)
[2026.01.06-14.21.01:168][213]LogModuleManager: Shutting down and abandoning module MeshBoneReduction (229)
[2026.01.06-14.21.01:168][213]LogModuleManager: Shutting down and abandoning module SkeletalMeshReduction (227)
[2026.01.06-14.21.01:168][213]LogModuleManager: Shutting down and abandoning module ProxyLODMeshReduction (225)
[2026.01.06-14.21.01:168][213]LogModuleManager: Shutting down and abandoning module QuadricMeshReduction (223)
[2026.01.06-14.21.01:168][213]LogModuleManager: Shutting down and abandoning module MaterialBaking (219)
[2026.01.06-14.21.01:168][213]LogModuleManager: Shutting down and abandoning module NullInstallBundleManager (214)
[2026.01.06-14.21.01:168][213]LogModuleManager: Shutting down and abandoning module DerivedDataCache (212)
[2026.01.06-14.21.01:168][213]LogModuleManager: Shutting down and abandoning module TargetPlatform (210)
[2026.01.06-14.21.01:168][213]LogModuleManager: Shutting down and abandoning module VulkanShaderFormat (209)
[2026.01.06-14.21.01:168][213]LogModuleManager: Shutting down and abandoning module ShaderFormatVectorVM (207)
[2026.01.06-14.21.01:168][213]LogModuleManager: Shutting down and abandoning module ShaderFormatOpenGL (205)
[2026.01.06-14.21.01:168][213]LogModuleManager: Shutting down and abandoning module ShaderFormatD3D (203)
[2026.01.06-14.21.01:169][213]LogModuleManager: Shutting down and abandoning module MetalShaderFormat (201)
[2026.01.06-14.21.01:169][213]LogModuleManager: Shutting down and abandoning module TextureFormatOodle (199)
[2026.01.06-14.21.01:169][213]LogModuleManager: Shutting down and abandoning module TextureFormatUncompressed (197)
[2026.01.06-14.21.01:169][213]LogModuleManager: Shutting down and abandoning module TextureFormatPVR (195)
[2026.01.06-14.21.01:169][213]LogModuleManager: Shutting down and abandoning module TextureFormatETC2 (193)
[2026.01.06-14.21.01:169][213]LogModuleManager: Shutting down and abandoning module TextureFormatDXT (191)
[2026.01.06-14.21.01:169][213]LogModuleManager: Shutting down and abandoning module TextureFormatIntelISPCTexComp (189)
[2026.01.06-14.21.01:169][213]LogModuleManager: Shutting down and abandoning module TextureFormatASTC (187)
[2026.01.06-14.21.01:169][213]LogModuleManager: Shutting down and abandoning module ImageWrapper (186)
[2026.01.06-14.21.01:169][213]LogModuleManager: Shutting down and abandoning module AudioFormatOpus (183)
[2026.01.06-14.21.01:169][213]LogModuleManager: Shutting down and abandoning module AudioFormatOgg (181)
[2026.01.06-14.21.01:169][213]LogModuleManager: Shutting down and abandoning module AudioFormatADPCM (179)
[2026.01.06-14.21.01:169][213]LogModuleManager: Shutting down and abandoning module WindowsServerTargetPlatform (177)
[2026.01.06-14.21.01:169][213]LogModuleManager: Shutting down and abandoning module WindowsClientTargetPlatform (175)
[2026.01.06-14.21.01:169][213]LogModuleManager: Shutting down and abandoning module WindowsTargetPlatform (173)
[2026.01.06-14.21.01:169][213]LogModuleManager: Shutting down and abandoning module WindowsNoEditorTargetPlatform (171)
[2026.01.06-14.21.01:169][213]LogModuleManager: Shutting down and abandoning module TVOSTargetPlatform (169)
[2026.01.06-14.21.01:169][213]LogModuleManager: Shutting down and abandoning module MacServerTargetPlatform (167)
[2026.01.06-14.21.01:169][213]LogModuleManager: Shutting down and abandoning module MacClientTargetPlatform (165)
[2026.01.06-14.21.01:169][213]LogModuleManager: Shutting down and abandoning module MacTargetPlatform (163)
[2026.01.06-14.21.01:169][213]LogModuleManager: Shutting down and abandoning module MacNoEditorTargetPlatform (161)
[2026.01.06-14.21.01:169][213]LogModuleManager: Shutting down and abandoning module LuminTargetPlatform (159)
[2026.01.06-14.21.01:170][213]LogModuleManager: Shutting down and abandoning module LinuxAArch64ServerTargetPlatform (157)
[2026.01.06-14.21.01:170][213]LogModuleManager: Shutting down and abandoning module LinuxAArch64ClientTargetPlatform (155)
[2026.01.06-14.21.01:170][213]LogModuleManager: Shutting down and abandoning module LinuxAArch64NoEditorTargetPlatform (153)
[2026.01.06-14.21.01:170][213]LogModuleManager: Shutting down and abandoning module LinuxServerTargetPlatform (151)
[2026.01.06-14.21.01:170][213]LogModuleManager: Shutting down and abandoning module LinuxClientTargetPlatform (149)
[2026.01.06-14.21.01:170][213]LogModuleManager: Shutting down and abandoning module LinuxNoEditorTargetPlatform (147)
[2026.01.06-14.21.01:170][213]LogModuleManager: Shutting down and abandoning module LinuxTargetPlatform (145)
[2026.01.06-14.21.01:170][213]LogModuleManager: Shutting down and abandoning module Messaging (143)
[2026.01.06-14.21.01:170][213]LogModuleManager: Shutting down and abandoning module IOSTargetPlatform (141)
[2026.01.06-14.21.01:170][213]LogModuleManager: Shutting down and abandoning module AndroidTargetPlatform (139)
[2026.01.06-14.21.01:172][213]LogModuleManager: Shutting down and abandoning module AllDesktopTargetPlatform (137)
[2026.01.06-14.21.01:172][213]LogModuleManager: Shutting down and abandoning module D3D11RHI (134)
[2026.01.06-14.21.01:172][213]LogModuleManager: Shutting down and abandoning module InputCore (132)
[2026.01.06-14.21.01:172][213]LogModuleManager: Shutting down and abandoning module Settings (130)
[2026.01.06-14.21.01:172][213]LogModuleManager: Shutting down and abandoning module DirectoryWatcher (128)
[2026.01.06-14.21.01:172][213]LogModuleManager: Shutting down and abandoning module PhysXCooking (126)
[2026.01.06-14.21.01:172][213]LogModuleManager: Shutting down and abandoning module Chaos (124)
[2026.01.06-14.21.01:172][213]LogModuleManager: Shutting down and abandoning module WindowsPlatformFeatures (122)
[2026.01.06-14.21.01:172][213]LogModuleManager: Shutting down and abandoning module GameplayMediaEncoder (121)
[2026.01.06-14.21.01:172][213]LogModuleManager: Shutting down and abandoning module AVEncoder (120)
[2026.01.06-14.21.01:172][213]LogModuleManager: Shutting down and abandoning module SteamVRInputDevice (116)
[2026.01.06-14.21.01:172][213]LogModuleManager: Shutting down and abandoning module SteamVRInput (114)
[2026.01.06-14.21.01:172][213]LogModuleManager: Shutting down and abandoning module SteamVR (112)
[2026.01.06-14.21.01:172][213]LogHMD: Freeing OpenVRDLLHandle.
[2026.01.06-14.21.01:172][213]LogModuleManager: Shutting down and abandoning module OculusHMD (110)
[2026.01.06-14.21.01:172][213]LogModuleManager: Shutting down and abandoning module MLSDK (108)
[2026.01.06-14.21.01:172][213]LogModuleManager: Shutting down and abandoning module MagicLeap (106)
[2026.01.06-14.21.01:172][213]LogModuleManager: Shutting down and abandoning module OpenXRAR (104)
[2026.01.06-14.21.01:172][213]LogModuleManager: Shutting down and abandoning module AugmentedReality (103)
[2026.01.06-14.21.01:172][213]LogModuleManager: Shutting down and abandoning module OpenXRHandTracking (100)
[2026.01.06-14.21.01:172][213]LogSlate: Slate User Destroyed.  User Index 0, Is Virtual User: 0
[2026.01.06-14.21.01:172][213]LogModuleManager: Shutting down and abandoning module OpenXRHMD (99)
[2026.01.06-14.21.01:172][213]LogModuleManager: Shutting down and abandoning module OpenXREyeTracker (96)
[2026.01.06-14.21.01:172][213]LogModuleManager: Shutting down and abandoning module ExampleDeviceProfileSelector (94)
[2026.01.06-14.21.01:172][213]LogModuleManager: Shutting down and abandoning module ChunkDownloader (92)
[2026.01.06-14.21.01:173][213]LogModuleManager: Shutting down and abandoning module LauncherChunkInstaller (90)
[2026.01.06-14.21.01:173][213]LogModuleManager: Shutting down and abandoning module OnlineBlueprintSupport (88)
[2026.01.06-14.21.01:173][213]LogModuleManager: Shutting down and abandoning module OnlineSubsystem (84)
[2026.01.06-14.21.01:173][213]LogModuleManager: Shutting down and abandoning module XMPP (79)
[2026.01.06-14.21.01:173][213]LogModuleManager: Shutting down and abandoning module WebSockets (78)
[2026.01.06-14.21.01:189][213]LogModuleManager: Shutting down and abandoning module HTTP (75)
[2026.01.06-14.21.01:189][213]LogHttp: Display: Http module shutting down, but needs to wait on 2 outstanding Http requests:
[2026.01.06-14.21.01:189][213]LogHttp: Display: 	verb=[POST] url=[https://datarouter.ol.epicgames.com/datarouter/api/v1/public/data?SessionID=%7B9021EC48-44AC-10A0-271C-0C9554F1686B%7D&AppID=UEEditor.Rocket.Release&AppVersion=4.27.2-18319896%2B%2B%2BUE4%2BRelease-4.27&UserID=3dc6b55f4655f522313eee89e4ab5d74%7Cd6119bee42044f12b5b3ac1e748b47de%7Cb4fc89d3-2795-437f-be36-4b1f9918196f&AppEnvironment=datacollector-binary&UploadType=eteventstream] refs=[1] status=Processing
[2026.01.06-14.21.01:189][213]LogHttp: Display: 	verb=[POST] url=[https://datarouter.ol.epicgames.com/datarouter/api/v1/public/data?SessionID=%7B9021EC48-44AC-10A0-271C-0C9554F1686B%7D&AppID=UEEditor.Rocket.Release&AppVersion=4.27.2-18319896%2B%2B%2BUE4%2BRelease-4.27&UserID=3dc6b55f4655f522313eee89e4ab5d74%7Cd6119bee42044f12b5b3ac1e748b47de%7Cb4fc89d3-2795-437f-be36-4b1f9918196f&AppEnvironment=datacollector-binary&UploadType=eteventstream] refs=[1] status=Processing
[2026.01.06-14.21.01:189][213]LogHttp: Display: cleaning up 2 outstanding Http requests.
[2026.01.06-14.21.01:201][213]LogModuleManager: Shutting down and abandoning module SSL (74)
[2026.01.06-14.21.01:202][213]LogModuleManager: Shutting down and abandoning module WmfMedia (70)
[2026.01.06-14.21.01:203][213]LogModuleManager: Shutting down and abandoning module Media (69)
[2026.01.06-14.21.01:204][213]LogModuleManager: Shutting down and abandoning module MediaInfo (68)
[2026.01.06-14.21.01:204][213]LogModuleManager: Shutting down and abandoning module PixWinPlugin (64)
[2026.01.06-14.21.01:204][213]LogModuleManager: Shutting down and abandoning module NiagaraVertexFactories (62)
[2026.01.06-14.21.01:204][213]LogModuleManager: Shutting down and abandoning module NiagaraShader (60)
[2026.01.06-14.21.01:204][213]LogModuleManager: Shutting down and abandoning module ExrReaderGpu (58)
[2026.01.06-14.21.01:204][213]LogModuleManager: Shutting down and abandoning module ChaosCloth (56)
[2026.01.06-14.21.01:204][213]LogModuleManager: Shutting down and abandoning module VariantManagerContent (54)
[2026.01.06-14.21.01:204][213]LogModuleManager: Shutting down and abandoning module DatasmithContent (52)
[2026.01.06-14.21.01:204][213]LogModuleManager: Shutting down and abandoning module AISupportModule (50)
[2026.01.06-14.21.01:204][213]LogModuleManager: Shutting down and abandoning module DesktopPlatform (48)
[2026.01.06-14.21.01:204][213]LogModuleManager: Shutting down and abandoning module PythonScriptPluginPreload (46)
[2026.01.06-14.21.01:204][213]LogModuleManager: Shutting down and abandoning module PlatformCryptoOpenSSL (44)
[2026.01.06-14.21.01:204][213]LogModuleManager: Shutting down and abandoning module PlatformCryptoTypes (42)
[2026.01.06-14.21.01:204][213]LogModuleManager: Shutting down and abandoning module PlatformCrypto (40)
[2026.01.06-14.21.01:204][213]LogModuleManager: Shutting down and abandoning module OodleDataCompressionFormat (38)
[2026.01.06-14.21.01:204][213]LogModuleManager: Shutting down and abandoning module XGEController (36)
[2026.01.06-14.21.01:204][213]LogModuleManager: Shutting down and abandoning module AnimationModifiers (34)
[2026.01.06-14.21.01:204][213]LogModuleManager: Shutting down and abandoning module AudioEditor (32)
[2026.01.06-14.21.01:204][213]LogModuleManager: Shutting down and abandoning module PropertyEditor (31)
[2026.01.06-14.21.01:204][213]LogModuleManager: Shutting down and abandoning module TextureCompressor (28)
[2026.01.06-14.21.01:204][213]LogModuleManager: Shutting down and abandoning module RenderCore (26)
[2026.01.06-14.21.01:204][213]LogModuleManager: Shutting down and abandoning module Landscape (24)
[2026.01.06-14.21.01:204][213]LogModuleManager: Shutting down and abandoning module SlateRHIRenderer (22)
[2026.01.06-14.21.01:205][213]LogModuleManager: Shutting down and abandoning module AnimGraphRuntime (20)
[2026.01.06-14.21.01:205][213]LogModuleManager: Shutting down and abandoning module Renderer (18)
[2026.01.06-14.21.01:205][213]LogModuleManager: Shutting down and abandoning module Engine (16)
[2026.01.06-14.21.01:205][213]LogModuleManager: Shutting down and abandoning module CoreUObject (14)
[2026.01.06-14.21.01:205][213]LogModuleManager: Shutting down and abandoning module NetworkFile (12)
[2026.01.06-14.21.01:205][213]LogModuleManager: Shutting down and abandoning module CookedIterativeFile (10)
[2026.01.06-14.21.01:205][213]LogModuleManager: Shutting down and abandoning module StreamingFile (8)
[2026.01.06-14.21.01:205][213]LogModuleManager: Shutting down and abandoning module SandboxFile (6)
[2026.01.06-14.21.01:205][213]LogModuleManager: Shutting down and abandoning module PakFile (4)
[2026.01.06-14.21.01:205][213]LogModuleManager: Shutting down and abandoning module RSA (3)
[2026.01.06-14.21.01:205][213]LogContentStreaming: Display: There are 1 unreleased StreamingManagers
[2026.01.06-14.21.01:225][213]LogD3D11RHI: Shutdown
[2026.01.06-14.21.01:225][213]LogD3D11RHI: CleanupD3DDevice
[2026.01.06-14.21.01:227][213]LogExit: Exiting.
[2026.01.06-14.21.01:253][213]Log file closed, 01/06/26 16:21:01
