Log file open, 01/06/26 17:19:15
LogWindows: Failed to load 'aqProf.dll' (GetLastError=126)
LogWindows: File 'aqProf.dll' does not exist
LogWindows: Failed to load 'VtuneApi.dll' (GetLastError=126)
LogWindows: File 'VtuneApi.dll' does not exist
LogWindows: Failed to load 'VtuneApi32e.dll' (GetLastError=126)
LogWindows: File 'VtuneApi32e.dll' does not exist
LogConsoleResponse: Display: Failed to find resolution value strings in scalability ini. Falling back to default.
LogConsoleResponse: Display: Failed to find resolution value strings in scalability ini. Falling back to default.
LogInit: Display: Running engine for game: Game
LogPlatformFile: Not using cached read wrapper
LogTaskGraph: Started task graph with 5 named threads and 59 total threads with 3 sets of task threads.
LogStats: Stats thread started at 0.218399
LogICUInternationalization: ICU TimeZone Detection - Raw Offset: +2:00, Platform Override: ''
LogInit: Display: Loading text-based GConfig....
LogPluginManager: Mounting plugin MeshPainting
LogPluginManager: Mounting plugin XGEController
LogPluginManager: Mounting plugin Paper2D
LogPluginManager: Mounting plugin AISupport
LogPluginManager: Mounting plugin EnvironmentQueryEditor
LogPluginManager: Mounting plugin LightPropagationVolume
LogPluginManager: Mounting plugin GameplayCameras
LogPluginManager: Mounting plugin CameraShakePreviewer
LogPluginManager: Mounting plugin LiveLink
LogPluginManager: Mounting plugin OodleNetwork
LogPluginManager: Mounting plugin AnimationSharing
LogPluginManager: Mounting plugin CLionSourceCodeAccess
LogPluginManager: Mounting plugin CodeLiteSourceCodeAccess
LogPluginManager: Mounting plugin GitSourceControl
LogPluginManager: Mounting plugin KDevelopSourceCodeAccess
LogPluginManager: Mounting plugin NullSourceCodeAccess
LogPluginManager: Mounting plugin PixWinPlugin
LogPluginManager: Mounting plugin PlasticSourceControl
LogPluginManager: Mounting plugin PluginUtils
LogPluginManager: Mounting plugin PropertyAccessNode
LogPluginManager: Mounting plugin RiderSourceCodeAccess
LogPluginManager: Mounting plugin OodleData
LogPluginManager: Mounting plugin SubversionSourceControl
LogPluginManager: Mounting plugin TextureFormatOodle
LogPluginManager: Mounting plugin UObjectPlugin
LogPluginManager: Mounting plugin PerforceSourceControl
LogPluginManager: Mounting plugin VisualStudioSourceCodeAccess
LogPluginManager: Mounting plugin XCodeSourceCodeAccess
LogPluginManager: Mounting plugin AssetManagerEditor
LogPluginManager: Mounting plugin VisualStudioCodeSourceCodeAccess
LogPluginManager: Mounting plugin CryptoKeys
LogPluginManager: Mounting plugin CurveEditorTools
LogPluginManager: Mounting plugin DataValidation
LogPluginManager: Mounting plugin FacialAnimation
LogPluginManager: Mounting plugin GameplayTagsEditor
LogPluginManager: Mounting plugin VariantManagerContent
LogPluginManager: Mounting plugin GeometryMode
LogPluginManager: Mounting plugin DatasmithContent
LogPluginManager: Mounting plugin MaterialAnalyzer
LogPluginManager: Mounting plugin MobileLauncherProfileWizard
LogPluginManager: Mounting plugin SpeedTreeImporter
LogPluginManager: Mounting plugin AlembicImporter
LogPluginManager: Mounting plugin PluginBrowser
LogPluginManager: Mounting plugin MacGraphicsSwitching
LogPluginManager: Mounting plugin BackChannel
LogPluginManager: Mounting plugin AutomationUtils
LogPluginManager: Mounting plugin ChaosCloth
LogPluginManager: Mounting plugin ChaosClothEditor
LogPluginManager: Mounting plugin ChaosNiagara
LogPluginManager: Mounting plugin ChaosEditor
LogPluginManager: Mounting plugin GeometryCache
LogPluginManager: Mounting plugin GeometryCollectionPlugin
LogPluginManager: Mounting plugin GeometryProcessing
LogPluginManager: Mounting plugin CharacterAI
LogPluginManager: Mounting plugin ProxyLODPlugin
LogPluginManager: Mounting plugin OpenImageDenoise
LogPluginManager: Mounting plugin MotoSynth
LogPluginManager: Mounting plugin Niagara
LogPluginManager: Mounting plugin SkeletalReduction
LogPluginManager: Mounting plugin PythonScriptPlugin
LogPluginManager: Mounting plugin LuminPlatformFeatures
LogPluginManager: Mounting plugin ChaosSolverPlugin
LogPluginManager: Mounting plugin MagicLeap
LogPluginManager: Mounting plugin PlanarCut
LogPluginManager: Mounting plugin MagicLeapLightEstimation
LogPluginManager: Mounting plugin MLSDK
LogPluginManager: Mounting plugin MagicLeapPassableWorld
LogPluginManager: Mounting plugin MagicLeapMedia
LogPluginManager: Mounting plugin AvfMedia
LogPluginManager: Mounting plugin AndroidMedia
LogPluginManager: Mounting plugin ImgMedia
LogPluginManager: Mounting plugin MediaCompositing
LogPluginManager: Mounting plugin MediaPlayerEditor
LogPluginManager: Mounting plugin WebMMedia
LogPluginManager: Mounting plugin WmfMedia
LogPluginManager: Mounting plugin ActorSequence
LogPluginManager: Mounting plugin UdpMessaging
LogPluginManager: Mounting plugin TcpMessaging
LogPluginManager: Mounting plugin LevelSequenceEditor
LogPluginManager: Mounting plugin MatineeToLevelSequence
LogPluginManager: Mounting plugin MagicBulletLooks
LogPluginManager: Mounting plugin TemplateSequence
LogPluginManager: Mounting plugin OnlineSubsystem
LogPluginManager: Mounting plugin OnlineSubsystemUtils
LogPluginManager: Mounting plugin LauncherChunkInstaller
LogPluginManager: Mounting plugin AndroidMoviePlayer
LogPluginManager: Mounting plugin AndroidPermission
LogPluginManager: Mounting plugin AndroidDeviceProfileSelector
LogPluginManager: Mounting plugin ActorLayerUtilities
LogPluginManager: Mounting plugin AppleMoviePlayer
LogPluginManager: Mounting plugin ArchVisCharacter
LogPluginManager: Mounting plugin AssetTags
LogPluginManager: Mounting plugin AudioCapture
LogPluginManager: Mounting plugin AppleImageUtils
LogPluginManager: Mounting plugin CableComponent
LogPluginManager: Mounting plugin AudioSynesthesia
LogPluginManager: Mounting plugin EditableMesh
LogPluginManager: Mounting plugin ChunkDownloader
LogPluginManager: Mounting plugin CustomMeshComponent
LogPluginManager: Mounting plugin GooglePAD
LogPluginManager: Mounting plugin ExampleDeviceProfileSelector
LogPluginManager: Mounting plugin GoogleCloudMessaging
LogPluginManager: Mounting plugin IOSDeviceProfileSelector
LogPluginManager: Mounting plugin LocationServicesBPLibrary
LogPluginManager: Mounting plugin PlatformCrypto
LogPluginManager: Mounting plugin MobilePatchingUtils
LogPluginManager: Mounting plugin OpenXRHandTracking
LogPluginManager: Mounting plugin OpenXR
LogPluginManager: Mounting plugin OpenXREyeTracker
LogPluginManager: Mounting plugin LinuxDeviceProfileSelector
LogPluginManager: Mounting plugin ScreenshotTools
LogPluginManager: Mounting plugin PostSplashScreen
LogPluginManager: Mounting plugin ProceduralMeshComponent
LogPluginManager: Mounting plugin SignificanceManager
LogPluginManager: Mounting plugin PhysXVehicles
LogPluginManager: Mounting plugin PropertyAccessEditor
LogPluginManager: Mounting plugin RuntimePhysXCooking
LogPluginManager: Mounting plugin SoundFields
LogPluginManager: Mounting plugin Synthesis
LogPluginManager: Mounting plugin WebMMoviePlayer
LogPluginManager: Mounting plugin WindowsMoviePlayer
LogPluginManager: Mounting plugin OnlineSubsystemNull
LogPluginManager: Mounting plugin Takes
LogPluginManager: Mounting plugin ContentBrowserClassDataSource
LogPluginManager: Mounting plugin ContentBrowserAssetDataSource
LogPluginManager: Mounting plugin ContentBrowserFileDataSource
LogPluginManager: Mounting plugin OnlineSubsystemIOS
LogPluginManager: Mounting plugin OnlineSubsystemGooglePlay
LogPluginManager: Mounting plugin OculusVR
LogPluginManager: Mounting plugin SteamVR
PixWinPlugin: PIX capture plugin failed to initialize! Check that the process is launched from PIX.
LogInit: Using libcurl 7.55.1-DEV
LogInit:  - built for x86_64-pc-win32
LogInit:  - supports SSL with OpenSSL/1.1.1
LogInit:  - supports HTTP deflate (compression) using libz 1.2.8
LogInit:  - other features:
LogInit:      CURL_VERSION_SSL
LogInit:      CURL_VERSION_LIBZ
LogInit:      CURL_VERSION_IPV6
LogInit:      CURL_VERSION_ASYNCHDNS
LogInit:      CURL_VERSION_LARGEFILE
LogInit:      CURL_VERSION_IDN
LogInit:  CurlRequestOptions (configurable via config and command line):
LogInit:  - bVerifyPeer = true  - Libcurl will verify peer certificate
LogInit:  - bUseHttpProxy = false  - Libcurl will NOT use HTTP proxy
LogInit:  - bDontReuseConnections = false  - Libcurl will reuse connections
LogInit:  - MaxHostConnections = 16  - Libcurl will limit the number of connections to a host
LogInit:  - LocalHostAddr = Default
LogInit:  - BufferSize = 65536
LogOnline: OSS: Creating online subsystem instance for: NULL
LogInit: WinSock: version 1.1 (2.2), MaxSocks=32767, MaxUdp=65467
LogOnline: OSS: TryLoadSubsystemAndSetDefault: Loaded subsystem for module [NULL]
LogOculusPluginWrapper: OculusPlugin initialized successfully
LogHMD: Failed initializing OVRPlugin 1.59.0
LogInit: Build: ++UE4+Release-4.27-CL-18319896
LogInit: Engine Version: 4.27.2-18319896+++UE4+Release-4.27
LogInit: Compatible Engine Version: 4.27.0-17155196+++UE4+Release-4.27
LogInit: Net CL: 17155196
LogInit: OS: Windows 10 (Release 2009) (), CPU: 13th Gen Intel(R) Core(TM) i5-13500, GPU: NVIDIA GeForce RTX 3060 Ti
LogInit: Compiled (64-bit): Nov 30 2021 07:12:08
LogInit: Compiled with Visual C++: 19.24.28315.00
LogInit: Build Configuration: Development
LogInit: Branch Name: ++UE4+Release-4.27
LogInit: Command Line:  -AUTH_LOGIN=unused -AUTH_PASSWORD=6395f6ebcddd49eaa1d88f593907f945 -AUTH_TYPE=exchangecode -epicapp=UE_4.27 -epicenv=Prod -EpicPortal -epicusername=Onotole_s -epicuserid=d6119bee42044f12b5b3ac1e748b47de -epiclocale=en -epicsandboxid=ue
LogInit: Base Directory: C:/Program Files/Epic Games/UE_4.27/Engine/Binaries/Win64/
LogInit: Allocator: TBB
LogInit: Installed Engine Build: 1
LogDevObjectVersion: Number of dev versions registered: 29
LogDevObjectVersion:   Dev-Blueprints (B0D832E4-1F89-4F0D-ACCF-7EB736FD4AA2): 10
LogDevObjectVersion:   Dev-Build (E1C64328-A22C-4D53-A36C-8E866417BD8C): 0
LogDevObjectVersion:   Dev-Core (375EC13C-06E4-48FB-B500-84F0262A717E): 4
LogDevObjectVersion:   Dev-Editor (E4B068ED-F494-42E9-A231-DA0B2E46BB41): 40
LogDevObjectVersion:   Dev-Framework (CFFC743F-43B0-4480-9391-14DF171D2073): 37
LogDevObjectVersion:   Dev-Mobile (B02B49B5-BB20-44E9-A304-32B752E40360): 3
LogDevObjectVersion:   Dev-Networking (A4E4105C-59A1-49B5-A7C5-40C4547EDFEE): 0
LogDevObjectVersion:   Dev-Online (39C831C9-5AE6-47DC-9A44-9C173E1C8E7C): 0
LogDevObjectVersion:   Dev-Physics (78F01B33-EBEA-4F98-B9B4-84EACCB95AA2): 14
LogDevObjectVersion:   Dev-Platform (6631380F-2D4D-43E0-8009-CF276956A95A): 0
LogDevObjectVersion:   Dev-Rendering (12F88B9F-8875-4AFC-A67C-D90C383ABD29): 45
LogDevObjectVersion:   Dev-Sequencer (7B5AE74C-D270-4C10-A958-57980B212A5A): 13
LogDevObjectVersion:   Dev-VR (D7296918-1DD6-4BDD-9DE2-64A83CC13884): 3
LogDevObjectVersion:   Dev-LoadTimes (C2A15278-BFE7-4AFE-6C17-90FF531DF755): 1
LogDevObjectVersion:   Private-Geometry (6EACA3D4-40EC-4CC1-B786-8BED09428FC5): 3
LogDevObjectVersion:   Dev-AnimPhys (29E575DD-E0A3-4627-9D10-D276232CDCEA): 17
LogDevObjectVersion:   Dev-Anim (AF43A65D-7FD3-4947-9873-3E8ED9C1BB05): 15
LogDevObjectVersion:   Dev-ReflectionCapture (6B266CEC-1EC7-4B8F-A30B-E4D90942FC07): 1
LogDevObjectVersion:   Dev-Automation (0DF73D61-A23F-47EA-B727-89E90C41499A): 1
LogDevObjectVersion:   FortniteMain (601D1886-AC64-4F84-AA16-D3DE0DEAC7D6): 47
LogDevObjectVersion:   FortniteRelease (E7086368-6B23-4C58-8439-1B7016265E91): 1
LogDevObjectVersion:   Dev-Enterprise (9DFFBCD6-494F-0158-E221-12823C92A888): 10
LogDevObjectVersion:   Dev-Niagara (F2AED0AC-9AFE-416F-8664-AA7FFA26D6FC): 1
LogDevObjectVersion:   Dev-Destruction (174F1F0B-B4C6-45A5-B13F-2EE8D0FB917D): 10
LogDevObjectVersion:   Dev-Physics-Ext (35F94A83-E258-406C-A318-09F59610247C): 41
LogDevObjectVersion:   Dev-PhysicsMaterial-Chaos (B68FC16E-8B1B-42E2-B453-215C058844FE): 1
LogDevObjectVersion:   Dev-CineCamera (B2E18506-4273-CFC2-A54E-F4BB758BBA07): 1
LogDevObjectVersion:   Dev-VirtualProduction (64F58936-FD1B-42BA-BA96-7289D5D0FA4E): 1
LogDevObjectVersion:   Dev-MediaFramework (6F0ED827-A609-4895-9C91-998D90180EA4): 2
LogInit: Presizing for max 25165824 objects, including 0 objects not considered by GC, pre-allocating 0 bytes for permanent pool.
LogConfig: Applying CVar settings from Section [/Script/Engine.StreamingSettings] File [D:/Artemii/Game/Game/Saved/Config/Windows/Engine.ini]
LogConfig: Setting CVar [[s.MinBulkDataSizeForAsyncLoading:131072]]
LogConfig: Setting CVar [[s.AsyncLoadingThreadEnabled:0]]
LogConfig: Setting CVar [[s.EventDrivenLoaderEnabled:1]]
LogConfig: Setting CVar [[s.WarnIfTimeLimitExceeded:0]]
LogConfig: Setting CVar [[s.TimeLimitExceededMultiplier:1.5]]
LogConfig: Setting CVar [[s.TimeLimitExceededMinTime:0.005]]
LogConfig: Setting CVar [[s.UseBackgroundLevelStreaming:1]]
LogConfig: Setting CVar [[s.PriorityAsyncLoadingExtraTime:15.0]]
LogConfig: Setting CVar [[s.LevelStreamingActorsUpdateTimeLimit:5.0]]
LogConfig: Setting CVar [[s.PriorityLevelStreamingActorsUpdateExtraTime:5.0]]
LogConfig: Setting CVar [[s.LevelStreamingComponentsRegistrationGranularity:10]]
LogConfig: Setting CVar [[s.UnregisterComponentsTimeLimit:1.0]]
LogConfig: Setting CVar [[s.LevelStreamingComponentsUnregistrationGranularity:5]]
LogConfig: Setting CVar [[s.FlushStreamingOnExit:1]]
LogInit: Object subsystem initialized
LogConfig: Setting CVar [[con.DebugEarlyDefault:1]]
LogConfig: Setting CVar [[r.setres:1280x720]]
[2026.01.06-15.19.16:364][  0]LogConfig: Setting CVar [[r.VSync:0]]
[2026.01.06-15.19.16:364][  0]LogConfig: Setting CVar [[r.RHICmdBypass:0]]
[2026.01.06-15.19.16:364][  0]LogConfig: Applying CVar settings from Section [/Script/Engine.RendererSettings] File [D:/Artemii/Game/Game/Saved/Config/Windows/Engine.ini]
[2026.01.06-15.19.16:364][  0]LogConfig: Setting CVar [[r.GPUCrashDebugging:0]]
[2026.01.06-15.19.16:364][  0]LogConfig: Applying CVar settings from Section [/Script/Engine.RendererOverrideSettings] File [D:/Artemii/Game/Game/Saved/Config/Windows/Engine.ini]
[2026.01.06-15.19.16:364][  0]LogConfig: Applying CVar settings from Section [/Script/Engine.StreamingSettings] File [D:/Artemii/Game/Game/Saved/Config/Windows/Engine.ini]
[2026.01.06-15.19.16:365][  0]LogConfig: Setting CVar [[s.MinBulkDataSizeForAsyncLoading:131072]]
[2026.01.06-15.19.16:365][  0]LogConfig: Setting CVar [[s.AsyncLoadingThreadEnabled:0]]
[2026.01.06-15.19.16:365][  0]LogConfig: Setting CVar [[s.EventDrivenLoaderEnabled:1]]
[2026.01.06-15.19.16:365][  0]LogConfig: Setting CVar [[s.WarnIfTimeLimitExceeded:0]]
[2026.01.06-15.19.16:365][  0]LogConfig: Setting CVar [[s.TimeLimitExceededMultiplier:1.5]]
[2026.01.06-15.19.16:365][  0]LogConfig: Setting CVar [[s.TimeLimitExceededMinTime:0.005]]
[2026.01.06-15.19.16:365][  0]LogConfig: Setting CVar [[s.UseBackgroundLevelStreaming:1]]
[2026.01.06-15.19.16:365][  0]LogConfig: Setting CVar [[s.PriorityAsyncLoadingExtraTime:15.0]]
[2026.01.06-15.19.16:365][  0]LogConfig: Setting CVar [[s.LevelStreamingActorsUpdateTimeLimit:5.0]]
[2026.01.06-15.19.16:365][  0]LogConfig: Setting CVar [[s.PriorityLevelStreamingActorsUpdateExtraTime:5.0]]
[2026.01.06-15.19.16:365][  0]LogConfig: Setting CVar [[s.LevelStreamingComponentsRegistrationGranularity:10]]
[2026.01.06-15.19.16:365][  0]LogConfig: Setting CVar [[s.UnregisterComponentsTimeLimit:1.0]]
[2026.01.06-15.19.16:365][  0]LogConfig: Setting CVar [[s.LevelStreamingComponentsUnregistrationGranularity:5]]
[2026.01.06-15.19.16:365][  0]LogConfig: Setting CVar [[s.FlushStreamingOnExit:1]]
[2026.01.06-15.19.16:365][  0]LogConfig: Applying CVar settings from Section [/Script/Engine.GarbageCollectionSettings] File [D:/Artemii/Game/Game/Saved/Config/Windows/Engine.ini]
[2026.01.06-15.19.16:365][  0]LogConfig: Setting CVar [[gc.MaxObjectsNotConsideredByGC:1]]
[2026.01.06-15.19.16:365][  0]LogConfig: Setting CVar [[gc.SizeOfPermanentObjectPool:0]]
[2026.01.06-15.19.16:365][  0]LogConfig: Setting CVar [[gc.FlushStreamingOnGC:0]]
[2026.01.06-15.19.16:365][  0]LogConfig: Setting CVar [[gc.NumRetriesBeforeForcingGC:10]]
[2026.01.06-15.19.16:365][  0]LogConfig: Setting CVar [[gc.AllowParallelGC:1]]
[2026.01.06-15.19.16:365][  0]LogConfig: Setting CVar [[gc.TimeBetweenPurgingPendingKillObjects:61.1]]
[2026.01.06-15.19.16:365][  0]LogConfig: Setting CVar [[gc.MaxObjectsInEditor:25165824]]
[2026.01.06-15.19.16:365][  0]LogConfig: Setting CVar [[gc.IncrementalBeginDestroyEnabled:1]]
[2026.01.06-15.19.16:365][  0]LogConfig: Setting CVar [[gc.CreateGCClusters:1]]
[2026.01.06-15.19.16:365][  0]LogConfig: Setting CVar [[gc.MinGCClusterSize:5]]
[2026.01.06-15.19.16:365][  0]LogConfig: Setting CVar [[gc.ActorClusteringEnabled:0]]
[2026.01.06-15.19.16:365][  0]LogConfig: Setting CVar [[gc.BlueprintClusteringEnabled:0]]
[2026.01.06-15.19.16:365][  0]LogConfig: Setting CVar [[gc.UseDisregardForGCOnDedicatedServers:0]]
[2026.01.06-15.19.16:365][  0]LogConfig: Setting CVar [[gc.MultithreadedDestructionEnabled:1]]
[2026.01.06-15.19.16:365][  0]LogConfig: Applying CVar settings from Section [/Script/Engine.NetworkSettings] File [D:/Artemii/Game/Game/Saved/Config/Windows/Engine.ini]
[2026.01.06-15.19.16:365][  0]LogConfig: Applying CVar settings from Section [/Script/UnrealEd.CookerSettings] File [D:/Artemii/Game/Game/Saved/Config/Windows/Engine.ini]
[2026.01.06-15.19.16:374][  0]LogConfig: Applying CVar settings from Section [ViewDistanceQuality@3] File [D:/Artemii/Game/Game/Saved/Config/Windows/Scalability.ini]
[2026.01.06-15.19.16:374][  0]LogConfig: Setting CVar [[r.SkeletalMeshLODBias:0]]
[2026.01.06-15.19.16:374][  0]LogConfig: Setting CVar [[r.ViewDistanceScale:1.0]]
[2026.01.06-15.19.16:374][  0]LogConfig: Applying CVar settings from Section [AntiAliasingQuality@3] File [D:/Artemii/Game/Game/Saved/Config/Windows/Scalability.ini]
[2026.01.06-15.19.16:374][  0]LogConfig: Setting CVar [[r.PostProcessAAQuality:4]]
[2026.01.06-15.19.16:374][  0]LogConfig: Applying CVar settings from Section [ShadowQuality@3] File [D:/Artemii/Game/Game/Saved/Config/Windows/Scalability.ini]
[2026.01.06-15.19.16:374][  0]LogConfig: Setting CVar [[r.LightFunctionQuality:1]]
[2026.01.06-15.19.16:374][  0]LogConfig: Setting CVar [[r.ShadowQuality:5]]
[2026.01.06-15.19.16:374][  0]LogConfig: Setting CVar [[r.Shadow.CSM.MaxCascades:10]]
[2026.01.06-15.19.16:374][  0]LogConfig: Setting CVar [[r.Shadow.MaxResolution:2048]]
[2026.01.06-15.19.16:374][  0]LogConfig: Setting CVar [[r.Shadow.MaxCSMResolution:2048]]
[2026.01.06-15.19.16:374][  0]LogConfig: Setting CVar [[r.Shadow.RadiusThreshold:0.01]]
[2026.01.06-15.19.16:374][  0]LogConfig: Setting CVar [[r.Shadow.DistanceScale:1.0]]
[2026.01.06-15.19.16:374][  0]LogConfig: Setting CVar [[r.Shadow.CSM.TransitionScale:1.0]]
[2026.01.06-15.19.16:374][  0]LogConfig: Setting CVar [[r.Shadow.PreShadowResolutionFactor:1.0]]
[2026.01.06-15.19.16:374][  0]LogConfig: Setting CVar [[r.DistanceFieldShadowing:1]]
[2026.01.06-15.19.16:374][  0]LogConfig: Setting CVar [[r.DistanceFieldAO:1]]
[2026.01.06-15.19.16:374][  0]LogConfig: Setting CVar [[r.AOQuality:2]]
[2026.01.06-15.19.16:374][  0]LogConfig: Setting CVar [[r.VolumetricFog:1]]
[2026.01.06-15.19.16:374][  0]LogConfig: Setting CVar [[r.VolumetricFog.GridPixelSize:8]]
[2026.01.06-15.19.16:374][  0]LogConfig: Setting CVar [[r.VolumetricFog.GridSizeZ:128]]
[2026.01.06-15.19.16:374][  0]LogConfig: Setting CVar [[r.VolumetricFog.HistoryMissSupersampleCount:4]]
[2026.01.06-15.19.16:374][  0]LogConfig: Setting CVar [[r.LightMaxDrawDistanceScale:1]]
[2026.01.06-15.19.16:374][  0]LogConfig: Setting CVar [[r.CapsuleShadows:1]]
[2026.01.06-15.19.16:374][  0]LogConfig: Applying CVar settings from Section [PostProcessQuality@3] File [D:/Artemii/Game/Game/Saved/Config/Windows/Scalability.ini]
[2026.01.06-15.19.16:374][  0]LogConfig: Setting CVar [[r.MotionBlurQuality:4]]
[2026.01.06-15.19.16:374][  0]LogConfig: Setting CVar [[r.AmbientOcclusionMipLevelFactor:0.4]]
[2026.01.06-15.19.16:374][  0]LogConfig: Setting CVar [[r.AmbientOcclusionMaxQuality:100]]
[2026.01.06-15.19.16:374][  0]LogConfig: Setting CVar [[r.AmbientOcclusionLevels:-1]]
[2026.01.06-15.19.16:374][  0]LogConfig: Setting CVar [[r.AmbientOcclusionRadiusScale:1.0]]
[2026.01.06-15.19.16:374][  0]LogConfig: Setting CVar [[r.DepthOfFieldQuality:2]]
[2026.01.06-15.19.16:374][  0]LogConfig: Setting CVar [[r.RenderTargetPoolMin:400]]
[2026.01.06-15.19.16:374][  0]LogConfig: Setting CVar [[r.LensFlareQuality:2]]
[2026.01.06-15.19.16:374][  0]LogConfig: Setting CVar [[r.SceneColorFringeQuality:1]]
[2026.01.06-15.19.16:374][  0]LogConfig: Setting CVar [[r.EyeAdaptationQuality:2]]
[2026.01.06-15.19.16:374][  0]LogConfig: Setting CVar [[r.BloomQuality:5]]
[2026.01.06-15.19.16:374][  0]LogConfig: Setting CVar [[r.FastBlurThreshold:100]]
[2026.01.06-15.19.16:374][  0]LogConfig: Setting CVar [[r.Upscale.Quality:3]]
[2026.01.06-15.19.16:374][  0]LogConfig: Setting CVar [[r.Tonemapper.GrainQuantization:1]]
[2026.01.06-15.19.16:374][  0]LogConfig: Setting CVar [[r.LightShaftQuality:1]]
[2026.01.06-15.19.16:374][  0]LogConfig: Setting CVar [[r.Filter.SizeScale:1]]
[2026.01.06-15.19.16:374][  0]LogConfig: Setting CVar [[r.Tonemapper.Quality:5]]
[2026.01.06-15.19.16:374][  0]LogConfig: Setting CVar [[r.DOF.Gather.AccumulatorQuality:1        ; higher gathering accumulator quality]]
[2026.01.06-15.19.16:374][  0]LogConfig: Setting CVar [[r.DOF.Gather.PostfilterMethod:1          ; Median3x3 postfilering method]]
[2026.01.06-15.19.16:374][  0]LogConfig: Setting CVar [[r.DOF.Gather.EnableBokehSettings:0       ; no bokeh simulation when gathering]]
[2026.01.06-15.19.16:374][  0]LogConfig: Setting CVar [[r.DOF.Gather.RingCount:4                 ; medium number of samples when gathering]]
[2026.01.06-15.19.16:374][  0]LogConfig: Setting CVar [[r.DOF.Scatter.ForegroundCompositing:1    ; additive foreground scattering]]
[2026.01.06-15.19.16:374][  0]LogConfig: Setting CVar [[r.DOF.Scatter.BackgroundCompositing:2    ; additive background scattering]]
[2026.01.06-15.19.16:374][  0]LogConfig: Setting CVar [[r.DOF.Scatter.EnableBokehSettings:1      ; bokeh simulation when scattering]]
[2026.01.06-15.19.16:374][  0]LogConfig: Setting CVar [[r.DOF.Scatter.MaxSpriteRatio:0.1         ; only a maximum of 10% of scattered bokeh]]
[2026.01.06-15.19.16:374][  0]LogConfig: Setting CVar [[r.DOF.Recombine.Quality:1                ; cheap slight out of focus]]
[2026.01.06-15.19.16:374][  0]LogConfig: Setting CVar [[r.DOF.Recombine.EnableBokehSettings:0    ; no bokeh simulation on slight out of focus]]
[2026.01.06-15.19.16:374][  0]LogConfig: Setting CVar [[r.DOF.TemporalAAQuality:1                ; more stable temporal accumulation]]
[2026.01.06-15.19.16:374][  0]LogConfig: Setting CVar [[r.DOF.Kernel.MaxForegroundRadius:0.025]]
[2026.01.06-15.19.16:374][  0]LogConfig: Setting CVar [[r.DOF.Kernel.MaxBackgroundRadius:0.025]]
[2026.01.06-15.19.16:374][  0]LogConfig: Applying CVar settings from Section [TextureQuality@3] File [D:/Artemii/Game/Game/Saved/Config/Windows/Scalability.ini]
[2026.01.06-15.19.16:374][  0]LogConfig: Setting CVar [[r.Streaming.MipBias:0]]
[2026.01.06-15.19.16:374][  0]LogConfig: Setting CVar [[r.Streaming.AmortizeCPUToGPUCopy:0]]
[2026.01.06-15.19.16:374][  0]LogConfig: Setting CVar [[r.Streaming.MaxNumTexturesToStreamPerFrame:0]]
[2026.01.06-15.19.16:374][  0]LogConfig: Setting CVar [[r.Streaming.Boost:1]]
[2026.01.06-15.19.16:374][  0]LogConfig: Setting CVar [[r.MaxAnisotropy:8]]
[2026.01.06-15.19.16:374][  0]LogConfig: Setting CVar [[r.VT.MaxAnisotropy:8]]
[2026.01.06-15.19.16:374][  0]LogConfig: Setting CVar [[r.Streaming.LimitPoolSizeToVRAM:0]]
[2026.01.06-15.19.16:374][  0]LogConfig: Setting CVar [[r.Streaming.PoolSize:1000]]
[2026.01.06-15.19.16:374][  0]LogConfig: Setting CVar [[r.Streaming.MaxEffectiveScreenSize:0]]
[2026.01.06-15.19.16:374][  0]LogConfig: Applying CVar settings from Section [EffectsQuality@3] File [D:/Artemii/Game/Game/Saved/Config/Windows/Scalability.ini]
[2026.01.06-15.19.16:374][  0]LogConfig: Setting CVar [[r.TranslucencyLightingVolumeDim:64]]
[2026.01.06-15.19.16:374][  0]LogConfig: Setting CVar [[r.RefractionQuality:2]]
[2026.01.06-15.19.16:374][  0]LogConfig: Setting CVar [[r.SSR.Quality:3]]
[2026.01.06-15.19.16:374][  0]LogConfig: Setting CVar [[r.SSR.HalfResSceneColor:0]]
[2026.01.06-15.19.16:374][  0]LogConfig: Setting CVar [[r.SceneColorFormat:4]]
[2026.01.06-15.19.16:374][  0]LogConfig: Setting CVar [[r.DetailMode:2]]
[2026.01.06-15.19.16:374][  0]LogConfig: Setting CVar [[r.TranslucencyVolumeBlur:1]]
[2026.01.06-15.19.16:374][  0]LogConfig: Setting CVar [[r.MaterialQualityLevel:1 ; High quality]]
[2026.01.06-15.19.16:374][  0]LogConfig: Setting CVar [[r.AnisotropicMaterials:1]]
[2026.01.06-15.19.16:374][  0]LogConfig: Setting CVar [[r.SSS.Scale:1]]
[2026.01.06-15.19.16:374][  0]LogConfig: Setting CVar [[r.SSS.SampleSet:2]]
[2026.01.06-15.19.16:374][  0]LogConfig: Setting CVar [[r.SSS.Quality:1]]
[2026.01.06-15.19.16:374][  0]LogConfig: Setting CVar [[r.SSS.HalfRes:0]]
[2026.01.06-15.19.16:374][  0]LogConfig: Setting CVar [[r.SSGI.Quality:3]]
[2026.01.06-15.19.16:374][  0]LogConfig: Setting CVar [[r.EmitterSpawnRateScale:1.0]]
[2026.01.06-15.19.16:374][  0]LogConfig: Setting CVar [[r.ParticleLightQuality:2]]
[2026.01.06-15.19.16:374][  0]LogConfig: Setting CVar [[r.SkyAtmosphere.AerialPerspectiveLUT.FastApplyOnOpaque:1 ; Always have FastSkyLUT 1 in this case to avoid wrong sky]]
[2026.01.06-15.19.16:374][  0]LogConfig: Setting CVar [[r.SkyAtmosphere.AerialPerspectiveLUT.SampleCountMaxPerSlice:4]]
[2026.01.06-15.19.16:374][  0]LogConfig: Setting CVar [[r.SkyAtmosphere.AerialPerspectiveLUT.DepthResolution:16.0]]
[2026.01.06-15.19.16:374][  0]LogConfig: Setting CVar [[r.SkyAtmosphere.FastSkyLUT:1]]
[2026.01.06-15.19.16:374][  0]LogConfig: Setting CVar [[r.SkyAtmosphere.FastSkyLUT.SampleCountMin:4.0]]
[2026.01.06-15.19.16:374][  0]LogConfig: Setting CVar [[r.SkyAtmosphere.FastSkyLUT.SampleCountMax:128.0]]
[2026.01.06-15.19.16:374][  0]LogConfig: Setting CVar [[r.SkyAtmosphere.SampleCountMin:4.0]]
[2026.01.06-15.19.16:374][  0]LogConfig: Setting CVar [[r.SkyAtmosphere.SampleCountMax:128.0]]
[2026.01.06-15.19.16:374][  0]LogConfig: Setting CVar [[r.SkyAtmosphere.TransmittanceLUT.UseSmallFormat:0]]
[2026.01.06-15.19.16:374][  0]LogConfig: Setting CVar [[r.SkyAtmosphere.TransmittanceLUT.SampleCount:10.0]]
[2026.01.06-15.19.16:374][  0]LogConfig: Setting CVar [[r.SkyAtmosphere.MultiScatteringLUT.SampleCount:15.0]]
[2026.01.06-15.19.16:374][  0]LogConfig: Setting CVar [[r.SkyLight.RealTimeReflectionCapture:1]]
[2026.01.06-15.19.16:374][  0]LogConfig: Applying CVar settings from Section [FoliageQuality@3] File [D:/Artemii/Game/Game/Saved/Config/Windows/Scalability.ini]
[2026.01.06-15.19.16:374][  0]LogConfig: Setting CVar [[foliage.DensityScale:1.0]]
[2026.01.06-15.19.16:374][  0]LogConfig: Setting CVar [[grass.DensityScale:1.0]]
[2026.01.06-15.19.16:374][  0]LogConfig: Applying CVar settings from Section [ShadingQuality@3] File [D:/Artemii/Game/Game/Saved/Config/Windows/Scalability.ini]
[2026.01.06-15.19.16:374][  0]LogConfig: Setting CVar [[r.HairStrands.SkyLighting.IntegrationType:2]]
[2026.01.06-15.19.16:374][  0]LogConfig: Setting CVar [[r.HairStrands.SkyAO.SampleCount:4]]
[2026.01.06-15.19.16:374][  0]LogConfig: Setting CVar [[r.HairStrands.Visibility.MSAA.SamplePerPixel:4]]
[2026.01.06-15.19.16:374][  0]LogInit: Selected Device Profile: [Windows]
[2026.01.06-15.19.16:374][  0]LogInit: Applying CVar settings loaded from the selected device profile: [Windows]
[2026.01.06-15.19.16:374][  0]LogHAL: Display: Platform has ~ 32 GB [34153394176 / 34359738368 / 32], which maps to Largest [LargestMinGB=32, LargerMinGB=12, DefaultMinGB=8, SmallerMinGB=6, SmallestMinGB=0)
[2026.01.06-15.19.16:374][  0]LogInit: Going up to parent DeviceProfile []
[2026.01.06-15.19.16:374][  0]LogConfig: Applying CVar settings from Section [ViewDistanceQuality@3] File [D:/Artemii/Game/Game/Saved/Config/Windows/Scalability.ini]
[2026.01.06-15.19.16:374][  0]LogConfig: Setting CVar [[r.SkeletalMeshLODBias:0]]
[2026.01.06-15.19.16:374][  0]LogConfig: Setting CVar [[r.ViewDistanceScale:1.0]]
[2026.01.06-15.19.16:374][  0]LogConfig: Applying CVar settings from Section [AntiAliasingQuality@3] File [D:/Artemii/Game/Game/Saved/Config/Windows/Scalability.ini]
[2026.01.06-15.19.16:374][  0]LogConfig: Setting CVar [[r.PostProcessAAQuality:4]]
[2026.01.06-15.19.16:374][  0]LogConfig: Applying CVar settings from Section [ShadowQuality@3] File [D:/Artemii/Game/Game/Saved/Config/Windows/Scalability.ini]
[2026.01.06-15.19.16:374][  0]LogConfig: Setting CVar [[r.LightFunctionQuality:1]]
[2026.01.06-15.19.16:374][  0]LogConfig: Setting CVar [[r.ShadowQuality:5]]
[2026.01.06-15.19.16:374][  0]LogConfig: Setting CVar [[r.Shadow.CSM.MaxCascades:10]]
[2026.01.06-15.19.16:374][  0]LogConfig: Setting CVar [[r.Shadow.MaxResolution:2048]]
[2026.01.06-15.19.16:374][  0]LogConfig: Setting CVar [[r.Shadow.MaxCSMResolution:2048]]
[2026.01.06-15.19.16:374][  0]LogConfig: Setting CVar [[r.Shadow.RadiusThreshold:0.01]]
[2026.01.06-15.19.16:374][  0]LogConfig: Setting CVar [[r.Shadow.DistanceScale:1.0]]
[2026.01.06-15.19.16:374][  0]LogConfig: Setting CVar [[r.Shadow.CSM.TransitionScale:1.0]]
[2026.01.06-15.19.16:374][  0]LogConfig: Setting CVar [[r.Shadow.PreShadowResolutionFactor:1.0]]
[2026.01.06-15.19.16:374][  0]LogConfig: Setting CVar [[r.DistanceFieldShadowing:1]]
[2026.01.06-15.19.16:374][  0]LogConfig: Setting CVar [[r.DistanceFieldAO:1]]
[2026.01.06-15.19.16:374][  0]LogConfig: Setting CVar [[r.AOQuality:2]]
[2026.01.06-15.19.16:374][  0]LogConfig: Setting CVar [[r.VolumetricFog:1]]
[2026.01.06-15.19.16:374][  0]LogConfig: Setting CVar [[r.VolumetricFog.GridPixelSize:8]]
[2026.01.06-15.19.16:374][  0]LogConfig: Setting CVar [[r.VolumetricFog.GridSizeZ:128]]
[2026.01.06-15.19.16:374][  0]LogConfig: Setting CVar [[r.VolumetricFog.HistoryMissSupersampleCount:4]]
[2026.01.06-15.19.16:374][  0]LogConfig: Setting CVar [[r.LightMaxDrawDistanceScale:1]]
[2026.01.06-15.19.16:374][  0]LogConfig: Setting CVar [[r.CapsuleShadows:1]]
[2026.01.06-15.19.16:374][  0]LogConfig: Applying CVar settings from Section [PostProcessQuality@3] File [D:/Artemii/Game/Game/Saved/Config/Windows/Scalability.ini]
[2026.01.06-15.19.16:374][  0]LogConfig: Setting CVar [[r.MotionBlurQuality:4]]
[2026.01.06-15.19.16:374][  0]LogConfig: Setting CVar [[r.AmbientOcclusionMipLevelFactor:0.4]]
[2026.01.06-15.19.16:374][  0]LogConfig: Setting CVar [[r.AmbientOcclusionMaxQuality:100]]
[2026.01.06-15.19.16:374][  0]LogConfig: Setting CVar [[r.AmbientOcclusionLevels:-1]]
[2026.01.06-15.19.16:375][  0]LogConfig: Setting CVar [[r.AmbientOcclusionRadiusScale:1.0]]
[2026.01.06-15.19.16:375][  0]LogConfig: Setting CVar [[r.DepthOfFieldQuality:2]]
[2026.01.06-15.19.16:375][  0]LogConfig: Setting CVar [[r.RenderTargetPoolMin:400]]
[2026.01.06-15.19.16:375][  0]LogConfig: Setting CVar [[r.LensFlareQuality:2]]
[2026.01.06-15.19.16:375][  0]LogConfig: Setting CVar [[r.SceneColorFringeQuality:1]]
[2026.01.06-15.19.16:375][  0]LogConfig: Setting CVar [[r.EyeAdaptationQuality:2]]
[2026.01.06-15.19.16:375][  0]LogConfig: Setting CVar [[r.BloomQuality:5]]
[2026.01.06-15.19.16:375][  0]LogConfig: Setting CVar [[r.FastBlurThreshold:100]]
[2026.01.06-15.19.16:375][  0]LogConfig: Setting CVar [[r.Upscale.Quality:3]]
[2026.01.06-15.19.16:375][  0]LogConfig: Setting CVar [[r.Tonemapper.GrainQuantization:1]]
[2026.01.06-15.19.16:375][  0]LogConfig: Setting CVar [[r.LightShaftQuality:1]]
[2026.01.06-15.19.16:375][  0]LogConfig: Setting CVar [[r.Filter.SizeScale:1]]
[2026.01.06-15.19.16:375][  0]LogConfig: Setting CVar [[r.Tonemapper.Quality:5]]
[2026.01.06-15.19.16:375][  0]LogConfig: Setting CVar [[r.DOF.Gather.AccumulatorQuality:1        ; higher gathering accumulator quality]]
[2026.01.06-15.19.16:375][  0]LogConfig: Setting CVar [[r.DOF.Gather.PostfilterMethod:1          ; Median3x3 postfilering method]]
[2026.01.06-15.19.16:375][  0]LogConfig: Setting CVar [[r.DOF.Gather.EnableBokehSettings:0       ; no bokeh simulation when gathering]]
[2026.01.06-15.19.16:375][  0]LogConfig: Setting CVar [[r.DOF.Gather.RingCount:4                 ; medium number of samples when gathering]]
[2026.01.06-15.19.16:375][  0]LogConfig: Setting CVar [[r.DOF.Scatter.ForegroundCompositing:1    ; additive foreground scattering]]
[2026.01.06-15.19.16:375][  0]LogConfig: Setting CVar [[r.DOF.Scatter.BackgroundCompositing:2    ; additive background scattering]]
[2026.01.06-15.19.16:375][  0]LogConfig: Setting CVar [[r.DOF.Scatter.EnableBokehSettings:1      ; bokeh simulation when scattering]]
[2026.01.06-15.19.16:375][  0]LogConfig: Setting CVar [[r.DOF.Scatter.MaxSpriteRatio:0.1         ; only a maximum of 10% of scattered bokeh]]
[2026.01.06-15.19.16:375][  0]LogConfig: Setting CVar [[r.DOF.Recombine.Quality:1                ; cheap slight out of focus]]
[2026.01.06-15.19.16:375][  0]LogConfig: Setting CVar [[r.DOF.Recombine.EnableBokehSettings:0    ; no bokeh simulation on slight out of focus]]
[2026.01.06-15.19.16:375][  0]LogConfig: Setting CVar [[r.DOF.TemporalAAQuality:1                ; more stable temporal accumulation]]
[2026.01.06-15.19.16:375][  0]LogConfig: Setting CVar [[r.DOF.Kernel.MaxForegroundRadius:0.025]]
[2026.01.06-15.19.16:375][  0]LogConfig: Setting CVar [[r.DOF.Kernel.MaxBackgroundRadius:0.025]]
[2026.01.06-15.19.16:375][  0]LogConfig: Applying CVar settings from Section [TextureQuality@3] File [D:/Artemii/Game/Game/Saved/Config/Windows/Scalability.ini]
[2026.01.06-15.19.16:375][  0]LogConfig: Setting CVar [[r.Streaming.MipBias:0]]
[2026.01.06-15.19.16:375][  0]LogConfig: Setting CVar [[r.Streaming.AmortizeCPUToGPUCopy:0]]
[2026.01.06-15.19.16:375][  0]LogConfig: Setting CVar [[r.Streaming.MaxNumTexturesToStreamPerFrame:0]]
[2026.01.06-15.19.16:375][  0]LogConfig: Setting CVar [[r.Streaming.Boost:1]]
[2026.01.06-15.19.16:375][  0]LogConfig: Setting CVar [[r.MaxAnisotropy:8]]
[2026.01.06-15.19.16:375][  0]LogConfig: Setting CVar [[r.VT.MaxAnisotropy:8]]
[2026.01.06-15.19.16:375][  0]LogConfig: Setting CVar [[r.Streaming.LimitPoolSizeToVRAM:0]]
[2026.01.06-15.19.16:375][  0]LogConfig: Setting CVar [[r.Streaming.PoolSize:1000]]
[2026.01.06-15.19.16:375][  0]LogConfig: Setting CVar [[r.Streaming.MaxEffectiveScreenSize:0]]
[2026.01.06-15.19.16:375][  0]LogConfig: Applying CVar settings from Section [EffectsQuality@3] File [D:/Artemii/Game/Game/Saved/Config/Windows/Scalability.ini]
[2026.01.06-15.19.16:375][  0]LogConfig: Setting CVar [[r.TranslucencyLightingVolumeDim:64]]
[2026.01.06-15.19.16:375][  0]LogConfig: Setting CVar [[r.RefractionQuality:2]]
[2026.01.06-15.19.16:375][  0]LogConfig: Setting CVar [[r.SSR.Quality:3]]
[2026.01.06-15.19.16:375][  0]LogConfig: Setting CVar [[r.SSR.HalfResSceneColor:0]]
[2026.01.06-15.19.16:375][  0]LogConfig: Setting CVar [[r.SceneColorFormat:4]]
[2026.01.06-15.19.16:375][  0]LogConfig: Setting CVar [[r.DetailMode:2]]
[2026.01.06-15.19.16:375][  0]LogConfig: Setting CVar [[r.TranslucencyVolumeBlur:1]]
[2026.01.06-15.19.16:375][  0]LogConfig: Setting CVar [[r.MaterialQualityLevel:1 ; High quality]]
[2026.01.06-15.19.16:375][  0]LogConfig: Setting CVar [[r.AnisotropicMaterials:1]]
[2026.01.06-15.19.16:375][  0]LogConfig: Setting CVar [[r.SSS.Scale:1]]
[2026.01.06-15.19.16:375][  0]LogConfig: Setting CVar [[r.SSS.SampleSet:2]]
[2026.01.06-15.19.16:375][  0]LogConfig: Setting CVar [[r.SSS.Quality:1]]
[2026.01.06-15.19.16:375][  0]LogConfig: Setting CVar [[r.SSS.HalfRes:0]]
[2026.01.06-15.19.16:375][  0]LogConfig: Setting CVar [[r.SSGI.Quality:3]]
[2026.01.06-15.19.16:375][  0]LogConfig: Setting CVar [[r.EmitterSpawnRateScale:1.0]]
[2026.01.06-15.19.16:375][  0]LogConfig: Setting CVar [[r.ParticleLightQuality:2]]
[2026.01.06-15.19.16:375][  0]LogConfig: Setting CVar [[r.SkyAtmosphere.AerialPerspectiveLUT.FastApplyOnOpaque:1 ; Always have FastSkyLUT 1 in this case to avoid wrong sky]]
[2026.01.06-15.19.16:375][  0]LogConfig: Setting CVar [[r.SkyAtmosphere.AerialPerspectiveLUT.SampleCountMaxPerSlice:4]]
[2026.01.06-15.19.16:375][  0]LogConfig: Setting CVar [[r.SkyAtmosphere.AerialPerspectiveLUT.DepthResolution:16.0]]
[2026.01.06-15.19.16:375][  0]LogConfig: Setting CVar [[r.SkyAtmosphere.FastSkyLUT:1]]
[2026.01.06-15.19.16:375][  0]LogConfig: Setting CVar [[r.SkyAtmosphere.FastSkyLUT.SampleCountMin:4.0]]
[2026.01.06-15.19.16:375][  0]LogConfig: Setting CVar [[r.SkyAtmosphere.FastSkyLUT.SampleCountMax:128.0]]
[2026.01.06-15.19.16:375][  0]LogConfig: Setting CVar [[r.SkyAtmosphere.SampleCountMin:4.0]]
[2026.01.06-15.19.16:375][  0]LogConfig: Setting CVar [[r.SkyAtmosphere.SampleCountMax:128.0]]
[2026.01.06-15.19.16:375][  0]LogConfig: Setting CVar [[r.SkyAtmosphere.TransmittanceLUT.UseSmallFormat:0]]
[2026.01.06-15.19.16:375][  0]LogConfig: Setting CVar [[r.SkyAtmosphere.TransmittanceLUT.SampleCount:10.0]]
[2026.01.06-15.19.16:375][  0]LogConfig: Setting CVar [[r.SkyAtmosphere.MultiScatteringLUT.SampleCount:15.0]]
[2026.01.06-15.19.16:375][  0]LogConfig: Setting CVar [[r.SkyLight.RealTimeReflectionCapture:1]]
[2026.01.06-15.19.16:375][  0]LogConfig: Applying CVar settings from Section [FoliageQuality@3] File [D:/Artemii/Game/Game/Saved/Config/Windows/Scalability.ini]
[2026.01.06-15.19.16:375][  0]LogConfig: Setting CVar [[foliage.DensityScale:1.0]]
[2026.01.06-15.19.16:375][  0]LogConfig: Setting CVar [[grass.DensityScale:1.0]]
[2026.01.06-15.19.16:375][  0]LogConfig: Applying CVar settings from Section [ShadingQuality@3] File [D:/Artemii/Game/Game/Saved/Config/Windows/Scalability.ini]
[2026.01.06-15.19.16:375][  0]LogConfig: Setting CVar [[r.HairStrands.SkyLighting.IntegrationType:2]]
[2026.01.06-15.19.16:375][  0]LogConfig: Setting CVar [[r.HairStrands.SkyAO.SampleCount:4]]
[2026.01.06-15.19.16:375][  0]LogConfig: Setting CVar [[r.HairStrands.Visibility.MSAA.SamplePerPixel:4]]
[2026.01.06-15.19.16:375][  0]LogConfig: Applying CVar settings from Section [Startup] File [../../../Engine/Config/ConsoleVariables.ini]
[2026.01.06-15.19.16:375][  0]LogConfig: Setting CVar [[net.UseAdaptiveNetUpdateFrequency:0]]
[2026.01.06-15.19.16:375][  0]LogConfig: Setting CVar [[p.chaos.AllowCreatePhysxBodies:1]]
[2026.01.06-15.19.16:375][  0]LogConfig: Setting CVar [[fx.SkipVectorVMBackendOptimizations:1]]
[2026.01.06-15.19.16:375][  0]LogConfig: Applying CVar settings from Section [ConsoleVariables] File [D:/Artemii/Game/Game/Saved/Config/Windows/Engine.ini]
[2026.01.06-15.19.16:375][  0]LogConfig: Applying CVar settings from Section [ConsoleVariables] File [D:/Artemii/Game/Game/Saved/Config/Windows/Editor.ini]
[2026.01.06-15.19.16:375][  0]LogInit: Computer: ANATOLII
[2026.01.06-15.19.16:375][  0]LogInit: User: LVI
[2026.01.06-15.19.16:375][  0]LogInit: CPU Page size=4096, Cores=14
[2026.01.06-15.19.16:375][  0]LogInit: High frequency timer resolution =10.000000 MHz
[2026.01.06-15.19.16:375][  0]LogMemory: Memory total: Physical=31.8GB (32GB approx)
[2026.01.06-15.19.16:375][  0]LogMemory: Platform Memory Stats for Windows
[2026.01.06-15.19.16:375][  0]LogMemory: Process Physical Memory: 147.25 MB used, 147.26 MB peak
[2026.01.06-15.19.16:375][  0]LogMemory: Process Virtual Memory: 130.75 MB used, 130.75 MB peak
[2026.01.06-15.19.16:375][  0]LogMemory: Physical Memory: 8993.85 MB used,  23577.36 MB free, 32571.21 MB total
[2026.01.06-15.19.16:375][  0]LogMemory: Virtual Memory: 134191536.00 MB used,  26192.66 MB free, 134217728.00 MB total
[2026.01.06-15.19.16:378][  0]LogWindows: WindowsPlatformFeatures enabled
[2026.01.06-15.19.16:399][  0]LogInit: Physics initialised using underlying interface: PhysX
[2026.01.06-15.19.16:399][  0]LogInit: Using OS detected language (en-US).
[2026.01.06-15.19.16:399][  0]LogInit: Using OS detected locale (uk-UA).
[2026.01.06-15.19.16:401][  0]LogTextLocalizationManager: No specific localization for 'en-US' exists, so the 'en' localization will be used.
[2026.01.06-15.19.16:504][  0]LogInit: Setting process to per monitor DPI aware
[2026.01.06-15.19.16:514][  0]LogWindowsTextInputMethodSystem: Display: IME system deactivated.
[2026.01.06-15.19.16:532][  0]LogSlate: New Slate User Created.  User Index 0, Is Virtual User: 0
[2026.01.06-15.19.16:532][  0]LogSlate: Slate User Registered.  User Index 0, Is Virtual User: 0
[2026.01.06-15.19.16:591][  0]LogD3D11RHI: Loaded GFSDK_Aftermath_Lib.x64.dll
[2026.01.06-15.19.16:593][  0]LogHMD: Failed to initialize OpenVR with code 110
[2026.01.06-15.19.16:593][  0]LogD3D11RHI: D3D11 min allowed feature level: 11_0
[2026.01.06-15.19.16:593][  0]LogD3D11RHI: D3D11 max allowed feature level: 11_0
[2026.01.06-15.19.16:593][  0]LogD3D11RHI: D3D11 adapters:
[2026.01.06-15.19.16:715][  0]LogD3D11RHI:    0. 'NVIDIA GeForce RTX 3060 Ti' (Feature Level 11_0)
[2026.01.06-15.19.16:715][  0]LogD3D11RHI:       8024/0/16285 MB DedicatedVideo/DedicatedSystem/SharedSystem, Outputs:2, VendorId:0x10de
[2026.01.06-15.19.16:759][  0]LogD3D11RHI:    1. 'Intel(R) UHD Graphics 770' (Feature Level 11_0)
[2026.01.06-15.19.16:759][  0]LogD3D11RHI:       128/0/16285 MB DedicatedVideo/DedicatedSystem/SharedSystem, Outputs:0, VendorId:0x8086
[2026.01.06-15.19.16:761][  0]LogD3D11RHI:    2. 'Microsoft Basic Render Driver' (Feature Level 11_0)
[2026.01.06-15.19.16:761][  0]LogD3D11RHI:       0/0/16285 MB DedicatedVideo/DedicatedSystem/SharedSystem, Outputs:0, VendorId:0x1414
[2026.01.06-15.19.16:859][  0]LogD3D11RHI:    3. 'NVIDIA GeForce RTX 3060 Ti' (Feature Level 11_0)
[2026.01.06-15.19.16:859][  0]LogD3D11RHI:       8024/0/16285 MB DedicatedVideo/DedicatedSystem/SharedSystem, Outputs:0, VendorId:0x10de
[2026.01.06-15.19.16:859][  0]LogD3D11RHI: Chosen D3D11 Adapter:
[2026.01.06-15.19.16:859][  0]LogD3D11RHI:     Description : NVIDIA GeForce RTX 3060 Ti
[2026.01.06-15.19.16:859][  0]LogD3D11RHI:     VendorId    : 10de
[2026.01.06-15.19.16:859][  0]LogD3D11RHI:     DeviceId    : 2489
[2026.01.06-15.19.16:859][  0]LogD3D11RHI:     SubSysId    : 405b1458
[2026.01.06-15.19.16:859][  0]LogD3D11RHI:     Revision    : 00a1
[2026.01.06-15.19.16:859][  0]LogD3D11RHI:     DedicatedVideoMemory : 8413773824 bytes
[2026.01.06-15.19.16:859][  0]LogD3D11RHI:     DedicatedSystemMemory : 0 bytes
[2026.01.06-15.19.16:859][  0]LogD3D11RHI:     SharedSystemMemory : 17076697088 bytes
[2026.01.06-15.19.16:859][  0]LogD3D11RHI:     AdapterLuid : 0 56547
[2026.01.06-15.19.16:863][  0]LogD3D11RHI: Creating new Direct3DDevice
[2026.01.06-15.19.16:863][  0]LogD3D11RHI:     GPU DeviceId: 0x2489 (for the marketing name, search the web for "GPU Device Id")
[2026.01.06-15.19.16:863][  0]LogWindows: EnumDisplayDevices:
[2026.01.06-15.19.16:863][  0]LogWindows:    0. 'NVIDIA GeForce RTX 3060 Ti' (P:0 D:1)
[2026.01.06-15.19.16:863][  0]LogWindows:    1. 'NVIDIA GeForce RTX 3060 Ti' (P:1 D:1)
[2026.01.06-15.19.16:863][  0]LogWindows:    2. 'NVIDIA GeForce RTX 3060 Ti' (P:0 D:0)
[2026.01.06-15.19.16:864][  0]LogWindows:    3. 'NVIDIA GeForce RTX 3060 Ti' (P:0 D:0)
[2026.01.06-15.19.16:864][  0]LogWindows:    4. 'Intel(R) UHD Graphics 770' (P:0 D:0)
[2026.01.06-15.19.16:864][  0]LogWindows:    5. 'Intel(R) UHD Graphics 770' (P:0 D:0)
[2026.01.06-15.19.16:864][  0]LogWindows:    6. 'Intel(R) UHD Graphics 770' (P:0 D:0)
[2026.01.06-15.19.16:864][  0]LogWindows:    7. 'Intel(R) UHD Graphics 770' (P:0 D:0)
[2026.01.06-15.19.16:864][  0]LogWindows:    8. 'Parsec Virtual Display Adapter' (P:0 D:0)
[2026.01.06-15.19.16:864][  0]LogWindows:    9. 'Parsec Virtual Display Adapter' (P:0 D:0)
[2026.01.06-15.19.16:864][  0]LogWindows:    10. 'Parsec Virtual Display Adapter' (P:0 D:0)
[2026.01.06-15.19.16:864][  0]LogWindows:    11. 'Parsec Virtual Display Adapter' (P:0 D:0)
[2026.01.06-15.19.16:864][  0]LogWindows:    12. 'Parsec Virtual Display Adapter' (P:0 D:0)
[2026.01.06-15.19.16:864][  0]LogWindows:    13. 'Parsec Virtual Display Adapter' (P:0 D:0)
[2026.01.06-15.19.16:865][  0]LogWindows:    14. 'Parsec Virtual Display Adapter' (P:0 D:0)
[2026.01.06-15.19.16:865][  0]LogWindows:    15. 'Parsec Virtual Display Adapter' (P:0 D:0)
[2026.01.06-15.19.16:865][  0]LogWindows:    16. 'Parsec Virtual Display Adapter' (P:0 D:0)
[2026.01.06-15.19.16:865][  0]LogWindows:    17. 'Parsec Virtual Display Adapter' (P:0 D:0)
[2026.01.06-15.19.16:865][  0]LogWindows:    18. 'Parsec Virtual Display Adapter' (P:0 D:0)
[2026.01.06-15.19.16:865][  0]LogWindows:    19. 'Parsec Virtual Display Adapter' (P:0 D:0)
[2026.01.06-15.19.16:865][  0]LogWindows:    20. 'Parsec Virtual Display Adapter' (P:0 D:0)
[2026.01.06-15.19.16:865][  0]LogWindows:    21. 'Parsec Virtual Display Adapter' (P:0 D:0)
[2026.01.06-15.19.16:865][  0]LogWindows:    22. 'Parsec Virtual Display Adapter' (P:0 D:0)
[2026.01.06-15.19.16:865][  0]LogWindows:    23. 'Parsec Virtual Display Adapter' (P:0 D:0)
[2026.01.06-15.19.16:865][  0]LogWindows: DebugString: PrimaryIsNotTheChoosenAdapter PrimaryIsNotTheChoosenAdapter PrimaryIsNotTheChoosenAdapter PrimaryIsNotTheChoosenAdapter GetVideoDriverDetailsInvalid PrimaryIsNotTheChoosenAdapter GetVideoDriverDetailsInvalid PrimaryIsNotTheChoosenAdapter GetVideoDriverDetailsInvalid PrimaryIsNotTheChoosenAdapter GetVideoDriverDetailsInvalid PrimaryIsNotTheChoosenAdapter GetVideoDriverDetailsInvalid PrimaryIsNotTheChoosenAdapter GetVideoDriverDetailsInvalid PrimaryIsNotTheChoosenAdapter GetVideoDriverDetailsInvalid PrimaryIsNotTheChoosenAdapter GetVideoDriverDetailsInvalid PrimaryIsNotTheChoosenAdapter GetVideoDriverDetailsInvalid PrimaryIsNotTheChoosenAdapter GetVideoDriverDetailsInvalid PrimaryIsNotTheChoosenAdapter GetVideoDriverDetailsInvalid PrimaryIsNotTheChoosenAdapter GetVideoDriverDetailsInvalid PrimaryIsNotTheChoosenAdapter GetVideoDriverDetailsInvalid PrimaryIsNotTheChoosenAdapter GetVideoDriverDetailsInvalid PrimaryIsNotTheChoosenAdapter GetVideoDriverDetailsInvalid PrimaryIsNotTheChoosenAdapter GetVideoDriverDetailsInvalid PrimaryIsNotTheChoosenAdapter FoundDriverCount:4 
[2026.01.06-15.19.16:865][  0]LogD3D11RHI:     Adapter Name: NVIDIA GeForce RTX 3060 Ti
[2026.01.06-15.19.16:865][  0]LogD3D11RHI:   Driver Version: 576.28 (internal:32.0.15.7628, unified:576.28)
[2026.01.06-15.19.16:865][  0]LogD3D11RHI:      Driver Date: 4-27-2025
[2026.01.06-15.19.16:865][  0]LogRHI: Texture pool is 5616 MB (70% of 8024 MB)
[2026.01.06-15.19.16:865][  0]LogD3D11RHI: Creating D3DDevice using adapter:
[2026.01.06-15.19.16:865][  0]LogD3D11RHI:     Description : NVIDIA GeForce RTX 3060 Ti
[2026.01.06-15.19.16:865][  0]LogD3D11RHI:     VendorId    : 10de
[2026.01.06-15.19.16:865][  0]LogD3D11RHI:     DeviceId    : 2489
[2026.01.06-15.19.16:865][  0]LogD3D11RHI:     SubSysId    : 405b1458
[2026.01.06-15.19.16:865][  0]LogD3D11RHI:     Revision    : 00a1
[2026.01.06-15.19.16:865][  0]LogD3D11RHI:     DedicatedVideoMemory : 8413773824 bytes
[2026.01.06-15.19.16:865][  0]LogD3D11RHI:     DedicatedSystemMemory : 0 bytes
[2026.01.06-15.19.16:865][  0]LogD3D11RHI:     SharedSystemMemory : 17076697088 bytes
[2026.01.06-15.19.16:865][  0]LogD3D11RHI:     AdapterLuid : 0 56547
[2026.01.06-15.19.16:958][  0]LogD3D11RHI: RHI has support for 64 bit atomics
[2026.01.06-15.19.16:958][  0]LogD3D11RHI: Async texture creation enabled
[2026.01.06-15.19.16:958][  0]LogD3D11RHI: Array index from any shader is supported
[2026.01.06-15.19.16:979][  0]LogD3D11RHI: GPU Timing Frequency: 1000.000000 (Debug: 2 1)
[2026.01.06-15.19.16:994][  0]LogRHI: GeForceNow SDK initialized: 1
[2026.01.06-15.19.17:176][  0]LogTargetPlatformManager: Display: Loaded TargetPlatform 'AllDesktop'
[2026.01.06-15.19.17:188][  0]LogTargetPlatformManager: Display: Loaded TargetPlatform 'Android'
[2026.01.06-15.19.17:188][  0]LogTargetPlatformManager: Display: Loaded TargetPlatform 'Android_ASTC'
[2026.01.06-15.19.17:188][  0]LogTargetPlatformManager: Display: Loaded TargetPlatform 'Android_DXT'
[2026.01.06-15.19.17:188][  0]LogTargetPlatformManager: Display: Loaded TargetPlatform 'Android_ETC2'
[2026.01.06-15.19.17:188][  0]LogTargetPlatformManager: Display: Loaded TargetPlatform 'AndroidClient'
[2026.01.06-15.19.17:188][  0]LogTargetPlatformManager: Display: Loaded TargetPlatform 'Android_ASTCClient'
[2026.01.06-15.19.17:188][  0]LogTargetPlatformManager: Display: Loaded TargetPlatform 'Android_DXTClient'
[2026.01.06-15.19.17:188][  0]LogTargetPlatformManager: Display: Loaded TargetPlatform 'Android_ETC2Client'
[2026.01.06-15.19.17:188][  0]LogTargetPlatformManager: Display: Loaded TargetPlatform 'Android_Multi'
[2026.01.06-15.19.17:188][  0]LogTargetPlatformManager: Display: Loaded TargetPlatform 'Android_MultiClient'
[2026.01.06-15.19.17:197][  0]LogTargetPlatformManager: Display: Loaded TargetPlatform 'IOSClient'
[2026.01.06-15.19.17:197][  0]LogTargetPlatformManager: Display: Loaded TargetPlatform 'IOS'
[2026.01.06-15.19.17:202][  0]LogTargetPlatformManager: Display: Loaded TargetPlatform 'Linux'
[2026.01.06-15.19.17:204][  0]LogTargetPlatformManager: Display: Loaded TargetPlatform 'LinuxNoEditor'
[2026.01.06-15.19.17:206][  0]LogTargetPlatformManager: Display: Loaded TargetPlatform 'LinuxClient'
[2026.01.06-15.19.17:208][  0]LogTargetPlatformManager: Display: Loaded TargetPlatform 'LinuxServer'
[2026.01.06-15.19.17:213][  0]LogTargetPlatformManager: Display: Loaded TargetPlatform 'LinuxAArch64NoEditor'
[2026.01.06-15.19.17:215][  0]LogTargetPlatformManager: Display: Loaded TargetPlatform 'LinuxAArch64Client'
[2026.01.06-15.19.17:217][  0]LogTargetPlatformManager: Display: Loaded TargetPlatform 'LinuxAArch64Server'
[2026.01.06-15.19.17:229][  0]LogTargetPlatformManager: Display: Loaded TargetPlatform 'Lumin'
[2026.01.06-15.19.17:229][  0]LogTargetPlatformManager: Display: Loaded TargetPlatform 'LuminClient'
[2026.01.06-15.19.17:232][  0]LogTargetPlatformManager: Display: Loaded TargetPlatform 'MacNoEditor'
[2026.01.06-15.19.17:235][  0]LogTargetPlatformManager: Display: Loaded TargetPlatform 'Mac'
[2026.01.06-15.19.17:237][  0]LogTargetPlatformManager: Display: Loaded TargetPlatform 'MacClient'
[2026.01.06-15.19.17:239][  0]LogTargetPlatformManager: Display: Loaded TargetPlatform 'MacServer'
[2026.01.06-15.19.17:246][  0]LogTargetPlatformManager: Display: Loaded TargetPlatform 'TVOSClient'
[2026.01.06-15.19.17:246][  0]LogTargetPlatformManager: Display: Loaded TargetPlatform 'TVOS'
[2026.01.06-15.19.17:250][  0]LogTargetPlatformManager: Display: Loaded TargetPlatform 'WindowsNoEditor'
[2026.01.06-15.19.17:253][  0]LogTargetPlatformManager: Display: Loaded TargetPlatform 'Windows'
[2026.01.06-15.19.17:255][  0]LogTargetPlatformManager: Display: Loaded TargetPlatform 'WindowsClient'
[2026.01.06-15.19.17:258][  0]LogTargetPlatformManager: Display: Loaded TargetPlatform 'WindowsServer'
[2026.01.06-15.19.17:258][  0]LogTargetPlatformManager: Display: Building Assets For Windows
[2026.01.06-15.19.17:262][  0]LogAudioDebug: Display: Lib vorbis DLL was dynamically loaded.
[2026.01.06-15.19.17:279][  0]LogTextureFormatOodle: Display: Oodle Texture 2.9.0 init RDO Off
[2026.01.06-15.19.17:294][  0]LogRendererCore: Ray tracing is disabled. Reason: r.RayTracing=0.
[2026.01.06-15.19.17:294][  0]LogShaderCompilers: Guid format shader working directory is 23 characters bigger than the processId version (D:/Artemii/Game/Game/Intermediate/Shaders/WorkingDirectory/19028/).
[2026.01.06-15.19.17:294][  0]LogShaderCompilers: Cleaned the shader compiler working directory 'C:/Users/LVI/AppData/Local/Temp/UnrealShaderWorkingDir/EF7E1BFF4ACB85461F63F985E181776F/'.
[2026.01.06-15.19.17:294][  0]LogXGEController: Cannot use XGE Controller as Incredibuild is not installed on this machine.
[2026.01.06-15.19.17:294][  0]LogShaderCompilers: Cannot use XGE Shader Compiler as Incredibuild is not installed on this machine.
[2026.01.06-15.19.17:294][  0]LogShaderCompilers: Display: Using Local Shader Compiler.
[2026.01.06-15.19.17:772][  0]LogDerivedDataCache: Display: Max Cache Size: 512 MB
[2026.01.06-15.19.17:809][  0]LogDerivedDataCache: Loaded boot cache 0.04s 94MB C:/Users/LVI/AppData/Local/UnrealEngine/4.27/DerivedDataCache/Boot.ddc.
[2026.01.06-15.19.17:809][  0]LogDerivedDataCache: Display: Loaded Boot cache: C:/Users/LVI/AppData/Local/UnrealEngine/4.27/DerivedDataCache/Boot.ddc
[2026.01.06-15.19.17:809][  0]LogDerivedDataCache: FDerivedDataBackendGraph:  Pak pak cache file D:/Artemii/Game/Game/DerivedDataCache/DDC.ddp not found, will not use a pak cache.
[2026.01.06-15.19.17:809][  0]LogDerivedDataCache: Unable to find inner node Pak for hierarchical cache Hierarchy.
[2026.01.06-15.19.17:809][  0]LogDerivedDataCache: FDerivedDataBackendGraph:  CompressedPak pak cache file D:/Artemii/Game/Game/DerivedDataCache/Compressed.ddp not found, will not use a pak cache.
[2026.01.06-15.19.17:809][  0]LogDerivedDataCache: Unable to find inner node CompressedPak for hierarchical cache Hierarchy.
[2026.01.06-15.19.17:820][  0]LogDerivedDataCache: Display: Pak cache opened for reading ../../../Engine/DerivedDataCache/Compressed.ddp.
[2026.01.06-15.19.17:820][  0]LogDerivedDataCache: FDerivedDataBackendGraph:  EnterprisePak pak cache file ../../../Enterprise/DerivedDataCache/Compressed.ddp not found, will not use a pak cache.
[2026.01.06-15.19.17:820][  0]LogDerivedDataCache: Unable to find inner node EnterprisePak for hierarchical cache Hierarchy.
[2026.01.06-15.19.17:825][  0]LogDerivedDataCache: Speed tests for C:/Users/LVI/AppData/Local/UnrealEngine/Common/DerivedDataCache took 0.00 seconds
[2026.01.06-15.19.17:825][  0]LogDerivedDataCache: Display: Performance to C:/Users/LVI/AppData/Local/UnrealEngine/Common/DerivedDataCache: Latency=0.01ms. RandomReadSpeed=2080.77MBs, RandomWriteSpeed=227.94MBs. Assigned SpeedClass 'Local'
[2026.01.06-15.19.17:826][  0]LogDerivedDataCache: Using Local data cache path C:/Users/LVI/AppData/Local/UnrealEngine/Common/DerivedDataCache: Writable
[2026.01.06-15.19.17:826][  0]LogDerivedDataCache: Shared data cache path not found in *engine.ini, will not use an Shared cache.
[2026.01.06-15.19.17:826][  0]LogDerivedDataCache: Unable to find inner node Shared for hierarchical cache Hierarchy.
[2026.01.06-15.19.17:853][  0]LogSlate: Using FreeType 2.10.0
[2026.01.06-15.19.17:853][  0]LogSlate: SlateFontServices - WITH_FREETYPE: 1, WITH_HARFBUZZ: 1
[2026.01.06-15.19.17:868][  0]LogAssetRegistry: FAssetRegistry took 0.0016 seconds to start up
[2026.01.06-15.19.17:994][  0]LogInit: Selected Device Profile: [Windows]
[2026.01.06-15.19.17:994][  0]LogInit: Active device profile: [000002354D8A7100][0000023542B71280 49] Windows
[2026.01.06-15.19.17:994][  0]LogInit: Profiles: [000002354D8A7100][0000023542B71280 49] Windows, [000002354D85D400][0000023542B79400 49] WindowsNoEditor, [000002354D8A5400][000002354C56B580 49] WindowsServer, [000002354D85EE00][000002354C56F700 49] WindowsClient, [000002354D8A6E00][000002354C573880 49] IOS, [000002354D85D500][000002354C577A00 49] iPadAir, [000002354D8A4400][000002354C57BB80 49] iPadAir2, [000002354D81C400][000002354C5822C0 49] IPadPro, [000002354D81C500][000002354C57E300 49] iPadAir3, [000002354D8A6B00][000002354C586480 49] iPadAir4, [000002354D81F000][0000023542B745C0 49] iPadMini2, [000002354D8A5600][000002354C58A700 49] iPadMini3, [000002354D81D800][000002354C58E840 49] iPadMini4, [000002354D8A6900][000002354C592980 49] iPadMini5, [000002354D81BC00][000002354C59EC40 49] iPhone6, [000002354D81BD00][000002354C59AC80 49] iPodTouch6, [000002354D81FE00][000002354C5A6F40 49] iPhone7, [000002354D81FF00][000002354C5A2F80 49] iPodTouch7, [000002354D819500][000002354C5AB100 49] iPhone5S, [000002354D81DB00][000002354C5AF280 49] iPhone6Plus, [000002354D81AC00][000002354C5B3400 49] iPhone6S, [000002354D81C200][000002354C5B7580 49] iPhone6SPlus, [000002354D819800][000002354C5BB700 49] iPhone7Plus, [000002354D81F400][000002354C5BF880 49] iPhoneSE, [000002354D81A900][000002354C5C3A00 49] iPhone8, [000002354D81D600][000002354C5C7B80 49] iPhone8Plus, [000002354D81B800][000002354C5CA180 49] iPhoneX, [000002354D81C600][000002354C5CE300 49] iPhoneXS, [000002354D81A800][000002354C5D2480 49] iPhoneXSMax, [000002354D81E500][000002354C5D6600 49] iPhoneXR, [000002354D819D00][000002354C596740 49] iPhone11, [000002354D81C800][000002354C5DA880 49] iPhone11Pro, [000002354D81A500][000002354C5DE9C0 49] iPhone11ProMax, [000002354D81DD00][000002354C5E2B00 49] iPhoneSE2, [000002354D81A000][000002354C5EAC80 49] iPhone12Mini, [000002354D81CA00][000002354C5EEE00 49] iPhone12, [000002354D81A200][000002354C5F2F80 49] iPhone12Pro, [000002354D81CE00][000002354C5F7100 49] iPhone12ProMax, [000002354D81A700][000002354C5FB280 49] iPadPro105, [000002354D81CD00][000002354C5FF400 49] iPadPro129, [000002354D819900][000002354C603580 49] iPadPro97, [000002354D81FD00][000002354C607700 49] iPadPro2_129, [000002354D81AD00][000002354C60B880 49] iPad5, [000002354D81E100][000002354C60FA00 49] iPad6, [000002354D818700][000002354C613B80 49] iPad7, [000002354D81E900][000002354C616180 49] iPad8, [000002354D81B500][000002354C61A300 49] iPadPro11, [000002354D81F800][000002354DD9E480 49] iPadPro2_11, [000002354D81B000][000002354DDA2600 49] iPadPro3_129, [000002354D81E800][000002354DDA6780 49] iPadPro4_129, [000002354D818900][000002354DDAA900 49] AppleTV, [000002354D81D900][000002354C5E6A40 49] AppleTV4K, [000002354D81B100][000002354DDAEB80 49] TVOS, [000002354D81F200][000002354DDB2CC0 49] Mac, [000002354D818300][000002354DDBAE40 49] MacClient, [000002354D81CB00][000002354DDBEFC0 49] MacNoEditor, [000002354D818600][000002354DDC3140 49] MacServer, [000002354D81F900][000002354DDC72C0 49] Linux, [000002354D81AA00][000002354DDCB440 49] LinuxAArch64, [000002354D81C900][000002354DDCF5C0 49] LinuxNoEditor, [000002354D819A00][000002354DDD3740 49] LinuxAArch64NoEditor, [000002354D85FC00][000002354DDD78C0 49] LinuxClient, [000002354D8F1500][000002354DDDBA40 49] LinuxAArch64Client, [000002354D85C200][000002354DDDFBC0 49] LinuxServer, [000002354D8F0B00][000002354DDE21C0 49] LinuxAArch64Server, [000002354D85D200][000002354DDE6340 49] Android, [000002354D8F1100][000002354DDEA4C0 49] Android_Low, [000002354D85DC00][000002354DDEE640 49] Android_Mid, [000002354D8F1700][000002354DDF27C0 49] Android_High, [000002354D85E800][000002354DDF6940 49] Android_Default, [000002354D8F0A00][000002354DDFAAC0 49] Android_Adreno4xx, [000002354D85F000][000002354DDB6C00 49] Android_Adreno5xx_Low, [000002354D8F0300][000002354DDFED40 49] Android_Adreno5xx, [000002354D85F800][000002354DE02E80 49] Android_Adreno6xx, [000002354D8F0D00][000002354DE06FC0 49] Android_Adreno6xx_Vulkan, [000002354D85CE00][000002354DE0F140 49] Android_Mali_T6xx, [000002354D8F0100][000002354DE132C0 49] Android_Mali_T7xx, [000002354D85C500][000002354DE17440 49] Android_Mali_T8xx, [000002354D8F1C00][000002354DE1B5C0 49] Android_Mali_G71, [000002354D85CA00][000002354DE1F740 49] Android_Mali_G72, [000002354D8F1300][000002354DE238C0 49] Android_Mali_G72_Vulkan, [000002354D85C900][000002354DE27A40 49] Android_Mali_G76, [000002354D819F00][000002354DE2BBC0 49] Android_Mali_G76_Vulkan, [000002354D85F900][000002354DE2E1C0 49] Android_Mali_G77, [000002354D81BE00][000002354DE32340 49] Android_Mali_G77_Vulkan, [000002354D85CD00][000002354DE364C0 49] Android_Mali_G78, [000002354D819600][000002354DE3A640 49] Android_Mali_G78_Vulkan, [000002354D85FF00][000002354DE3E7C0 49] Android_Mali_G710, [000002354D81BB00][000002354DE42940 49] Android_Mali_G710_Vulkan, [000002354D85E200][000002354DE46AC0 49] Android_Vulkan_SM5, [000002354D81AF00][000002354DE4AC40 49] Android_PowerVR_G6xxx, [000002354D85EC00][000002354DE0AD80 49] Android_PowerVR_GT7xxx, [000002354D81B700][000002354DE4EEC0 49] Android_PowerVR_GE8xxx, [000002354D85DD00][000002354DE53000 49] Android_PowerVR_GM9xxx, [000002354D81A100][000002354DE57140 49] Android_PowerVR_GM9xxx_Vulkan, [000002354D85D000][000002354DE5F2C0 49] Android_TegraK1, [000002354D819300][000002354DE63440 49] Android_Unknown_Vulkan, [000002354D85E100][000002354DE675C0 49] Lumin, [000002354D81A400][000002354DE6B740 49] Lumin_Desktop, [000002354D85EF00][000002354DE6F8C0 49] HoloLens, 
[2026.01.06-15.19.18:065][  0]LogMeshReduction: Using QuadricMeshReduction for automatic static mesh reduction
[2026.01.06-15.19.18:065][  0]LogMeshReduction: Using SimplygonMeshReduction for automatic skeletal mesh reduction
[2026.01.06-15.19.18:065][  0]LogMeshReduction: Using ProxyLODMeshReduction for automatic mesh merging
[2026.01.06-15.19.18:065][  0]LogMeshReduction: No distributed automatic mesh merging module available
[2026.01.06-15.19.18:065][  0]LogMeshMerging: No distributed automatic mesh merging module available
[2026.01.06-15.19.18:077][  0]LogNetVersion: Game 1.0.0, NetCL: 17155196, EngineNetVer: 17, GameNetVer: 0 (Checksum: 132826216)
[2026.01.06-15.19.18:293][  0]LogTexture: Default maximum texture size for cubemaps generated from long-lat sources has been changed from 512 to unlimited. In order to preserve old behaiour for '/Engine/MapTemplates/Sky/DaylightAmbientCubemap.DaylightAmbientCubemap', its maximum texture size has been explicitly set to 512.
[2026.01.06-15.19.18:327][  0]LogHMD: PokeAHoleMaterial loaded successfully
[2026.01.06-15.19.18:330][  0]LogUObjectArray: 17178 objects as part of root set at end of initial load.
[2026.01.06-15.19.18:330][  0]LogUObjectAllocator: 4302048 out of 0 bytes used by permanent object pool.
[2026.01.06-15.19.18:330][  0]LogUObjectArray: CloseDisregardForGC: 0/0 objects in disregard for GC pool
[2026.01.06-15.19.18:584][  0]LogNiagaraDebuggerClient: Niagara Debugger Client Initialized | Session: 86356A434DBD1AB27D99BC95BA8B1E56 | Instance: F5B74B804B018713750CE7A39799390A (ANATOLII-19028).
[2026.01.06-15.19.18:603][  0]LogPython: Using Python 3.7.7
[2026.01.06-15.19.18:933][  0]LogUdpMessaging: Initializing bridge on interface 0.0.0.0:0 to multicast group 230.0.0.1:6666.
[2026.01.06-15.19.18:936][  0]LogTcpMessaging: Initializing TcpMessaging bridge
[2026.01.06-15.19.19:007][  0]SourceControl: Source control is disabled
[2026.01.06-15.19.19:007][  0]SourceControl: Source control is disabled
[2026.01.06-15.19.19:008][  0]SourceControl: Source control is disabled
[2026.01.06-15.19.19:013][  0]SourceControl: Source control is disabled
[2026.01.06-15.19.19:017][  0]SourceControl: Source control is disabled
[2026.01.06-15.19.19:018][  0]LogUProjectInfo: Found projects:
[2026.01.06-15.19.19:128][  0]LogOpenImageDenoise: OIDN starting up
[2026.01.06-15.19.19:216][  0]LogAndroidPermission: UAndroidPermissionCallbackProxy::GetInstance
[2026.01.06-15.19.19:228][  0]LogAudioCaptureCore: Display: No Audio Capture implementations found. Audio input will be silent.
[2026.01.06-15.19.19:228][  0]LogAudioCaptureCore: Display: No Audio Capture implementations found. Audio input will be silent.
[2026.01.06-15.19.19:302][  0]LogCollectionManager: Loaded 0 collections in 0.000948 seconds
[2026.01.06-15.19.19:316][  0]LogFileCache: Scanning file cache for directory 'D:/Artemii/Game/Game/Saved/Collections/' took 0.00s
[2026.01.06-15.19.19:316][  0]LogFileCache: Scanning file cache for directory 'D:/Artemii/Game/Game/Content/Developers/LVI/Collections/' took 0.00s
[2026.01.06-15.19.19:316][  0]LogFileCache: Scanning file cache for directory 'D:/Artemii/Game/Game/Content/Collections/' took 0.00s
[2026.01.06-15.19.19:316][  0]LogOcInput: OculusInput pre-init called
[2026.01.06-15.19.19:459][  0]LogEngine: Initializing Engine...
[2026.01.06-15.19.19:543][  0]LogHMD: Failed to enumerate extensions. Please check that you have a valid OpenXR runtime installed.
[2026.01.06-15.19.19:543][  0]LogHMD: Failed to initialize OpenVR with code 110
[2026.01.06-15.19.19:543][  0]LogMagicLeap: Warning: VR disabled because ZI is not enabled.  To enable, in the editor, Edit -> Project Settings -> Plugins -> Magic Leap Plugin -> Enable Zero Iteration
[2026.01.06-15.19.19:544][  0]LogStats: UGameplayTagsManager::InitializeManager -  0.000 s
[2026.01.06-15.19.19:610][  0]LogInit: Initializing FReadOnlyCVARCache
[2026.01.06-15.19.19:616][  0]LogAIModule: Creating AISystem for world Untitled
[2026.01.06-15.19.19:620][  0]LogAudio: Display: Initializing Audio Device Manager...
[2026.01.06-15.19.19:622][  0]LogAudio: Display: Loading Default Audio Settings Objects...
[2026.01.06-15.19.19:622][  0]LogAudio: Display: No default SoundConcurrencyObject specified (or failed to load).
[2026.01.06-15.19.19:623][  0]LogAudio: Display: Audio Device Manager Initialized
[2026.01.06-15.19.19:623][  0]LogAudio: Display: Creating Audio Device:                 Id: 1, Scope: Shared, Realtime: True
[2026.01.06-15.19.19:623][  0]LogAudioMixer: Display: Audio Mixer Platform Settings:
[2026.01.06-15.19.19:623][  0]LogAudioMixer: Display: 	Sample Rate:						  48000
[2026.01.06-15.19.19:623][  0]LogAudioMixer: Display: 	Callback Buffer Frame Size Requested: 1024
[2026.01.06-15.19.19:623][  0]LogAudioMixer: Display: 	Callback Buffer Frame Size To Use:	  1024
[2026.01.06-15.19.19:623][  0]LogAudioMixer: Display: 	Number of buffers to queue:			  2
[2026.01.06-15.19.19:623][  0]LogAudioMixer: Display: 	Max Channels (voices):				  32
[2026.01.06-15.19.19:623][  0]LogAudioMixer: Display: 	Number of Async Source Workers:		  0
[2026.01.06-15.19.19:623][  0]LogAudio: Display: AudioDevice MaxSources: 32
[2026.01.06-15.19.19:623][  0]LogAudio: Display: Audio Spatialization Plugin: None (built-in).
[2026.01.06-15.19.19:623][  0]LogAudio: Display: Audio Reverb Plugin: None (built-in).
[2026.01.06-15.19.19:623][  0]LogAudio: Display: Audio Occlusion Plugin: None (built-in).
[2026.01.06-15.19.19:623][  0]LogAudioMixer: Display: Initializing audio mixer.
[2026.01.06-15.19.19:629][  0]LogAudioMixer: Display: 0: FrontLeft
[2026.01.06-15.19.19:629][  0]LogAudioMixer: Display: 1: FrontRight
[2026.01.06-15.19.19:641][  0]LogAudioMixer: Display: Using Audio Device Speakers (Realtek(R) Audio)
[2026.01.06-15.19.19:642][  0]LogAudioMixer: Display: Initializing Sound Submixes...
[2026.01.06-15.19.19:643][  0]LogAudioMixer: Display: Creating Master Submix 'MasterSubmixDefault'
[2026.01.06-15.19.19:643][  0]LogAudioMixer: Display: Creating Master Submix 'MasterReverbSubmixDefault'
[2026.01.06-15.19.19:644][  0]LogAudioMixer: Display: Creating Master Submix 'MasterEQSubmixDefault'
[2026.01.06-15.19.19:644][  0]LogAudioMixer: FMixerPlatformXAudio2::StartAudioStream() called
[2026.01.06-15.19.19:644][  0]LogAudioMixer: Display: Output buffers initialized: Frames=1024, Channels=2, Samples=2048
[2026.01.06-15.19.19:645][  0]LogAudioMixer: Display: Starting AudioMixerPlatformInterface::RunInternal()
[2026.01.06-15.19.19:645][  0]LogAudioMixer: Display: FMixerPlatformXAudio2::SubmitBuffer() called for the first time
[2026.01.06-15.19.19:645][  0]LogInit: FAudioDevice initialized.
[2026.01.06-15.19.19:645][  0]LogAudio: Display: Audio Device (ID: 1) registered with world 'Untitled'.
[2026.01.06-15.19.19:645][  0]LogNetVersion: Set ProjectVersion to 1.0.0.0. Version Checksum will be recalculated on next use.
[2026.01.06-15.19.19:713][  0]LogDerivedDataCache: Saved boot cache 0.07s 94MB C:/Users/LVI/AppData/Local/UnrealEngine/4.27/DerivedDataCache/Boot.ddc.
[2026.01.06-15.19.19:713][  0]LogInit: Texture streaming: Enabled
[2026.01.06-15.19.19:720][  0]LogAnalytics: Display: [UEEditor.Rocket.Release] APIServer = https://datarouter.ol.epicgames.com/. AppVersion = 4.27.2-18319896+++UE4+Release-4.27
[2026.01.06-15.19.19:722][  0]LogEngineSessionManager: EngineSessionManager initialized
[2026.01.06-15.19.19:722][  0]LogEditorSessionSummary: Verbose: Initializing EditorSessionSummaryWriter for editor session tracking
[2026.01.06-15.19.19:723][  0]LogEditorSessionSummary: EditorSessionSummaryWriter initialized
[2026.01.06-15.19.19:737][  0]LogInit: Transaction tracking system initialized
[2026.01.06-15.19.19:749][  0]BlueprintLog: New page: Editor Load
[2026.01.06-15.19.19:778][  0]LocalizationService: Localization service is disabled
[2026.01.06-15.19.19:789][  0]TimingProfiler: Initialize
[2026.01.06-15.19.19:789][  0]TimingProfiler: OnSessionChanged
[2026.01.06-15.19.19:789][  0]LoadingProfiler: Initialize
[2026.01.06-15.19.19:789][  0]LoadingProfiler: OnSessionChanged
[2026.01.06-15.19.19:789][  0]NetworkingProfiler: Initialize
[2026.01.06-15.19.19:789][  0]NetworkingProfiler: OnSessionChanged
[2026.01.06-15.19.19:789][  0]MemoryProfiler: Initialize
[2026.01.06-15.19.19:789][  0]MemoryProfiler: OnSessionChanged
[2026.01.06-15.19.19:870][  0]LogCook: Display: CookSettings for Memory: MemoryMaxUsedVirtual 0MiB, MemoryMaxUsedPhysical 16384MiB, MemoryMinFreeVirtual 0MiB, MemoryMinFreePhysical 1024MiB
[2026.01.06-15.19.19:870][  0]LogCook: Display: Mobile HDR setting 1
[2026.01.06-15.19.19:945][  0]LogFileCache: Scanning file cache for directory 'D:/Artemii/Game/Game/Content/' took 0.01s
[2026.01.06-15.19.20:074][  0]LogInit: Display: Engine is initialized. Leaving FEngineLoop::Init()
[2026.01.06-15.19.20:076][  0]SourceControl: Source control is disabled
[2026.01.06-15.19.20:076][  0]LogUnrealEdMisc: Loading editor; pre map load, took 4.574
[2026.01.06-15.19.20:076][  0]Cmd: MAP LOAD FILE="../../../Engine/Content/Maps/Templates/Template_Default.umap" TEMPLATE=1 SHOWPROGRESS=1 FEATURELEVEL=3
[2026.01.06-15.19.20:076][  0]LightingResults: New page: Lighting Build
[2026.01.06-15.19.20:077][  0]LogWorld: UWorld::CleanupWorld for Untitled, bSessionEnded=true, bCleanupResources=true
[2026.01.06-15.19.20:080][  0]LogSlate: InvalidateAllWidgets triggered.  All widgets were invalidated
[2026.01.06-15.19.20:080][  0]MapCheck: New page: Map Check
[2026.01.06-15.19.20:080][  0]LightingResults: New page: Lighting Build
[2026.01.06-15.19.20:083][  0]LogAudio: Display: Audio Device unregistered from world 'None'.
[2026.01.06-15.19.20:085][  0]LogUObjectHash: Compacting FUObjectHashTables data took   0.47ms
[2026.01.06-15.19.20:114][  0]LogTexture: Display: Building textures: DeprecatedTextureEB9CBE3C423008B5E8E130901E171C89 (BGRA8, 128X128)
[2026.01.06-15.19.20:116][  0]LogAudio: Display: Audio Device (ID: 1) registered with world 'Untitled_1'.
[2026.01.06-15.19.20:116][  0]LogAIModule: Creating AISystem for world Untitled_1
[2026.01.06-15.19.20:119][  0]LogEditorServer: Finished looking for orphan Actors (0.000 secs)
[2026.01.06-15.19.20:125][  0]LogUObjectHash: Compacting FUObjectHashTables data took   0.91ms
[2026.01.06-15.19.20:127][  0]Cmd: MAP CHECKDEP NOCLEARLOG
[2026.01.06-15.19.20:128][  0]MapCheck: Map check complete: 0 Error(s), 0 Warning(s), took 0,1ms to complete.
[2026.01.06-15.19.20:128][  0]LogFileHelpers: Loading map 'Template_Default' took 0.052
[2026.01.06-15.19.20:129][  0]LogUnrealEdMisc: Total Editor Startup Time, took 4.628
[2026.01.06-15.19.20:335][  0]LogTemp: Warning: SetupViewportDisplaySettings
[2026.01.06-15.19.20:382][  0]LogSlate: Updating window title bar state: overlay mode, drag disabled, window buttons hidden, title bar hidden
[2026.01.06-15.19.20:383][  0]LogTemp: Warning: SetupViewportDisplaySettings
[2026.01.06-15.19.20:386][  0]LogSlate: Updating window title bar state: overlay mode, drag disabled, window buttons hidden, title bar hidden
[2026.01.06-15.19.20:387][  0]LogTemp: Warning: SetupViewportDisplaySettings
[2026.01.06-15.19.20:390][  0]LogSlate: Updating window title bar state: overlay mode, drag disabled, window buttons hidden, title bar hidden
[2026.01.06-15.19.20:390][  0]LogTemp: Warning: SetupViewportDisplaySettings
[2026.01.06-15.19.20:393][  0]LogSlate: Updating window title bar state: overlay mode, drag disabled, window buttons hidden, title bar hidden
[2026.01.06-15.19.20:472][  0]LogNativeClassHierarchy: Verbose: Native class hierarchy populated in 0.0058 seconds. Added 3827 classes and 934 folders.
[2026.01.06-15.19.20:502][  0]LogNativeClassHierarchy: Verbose: Native class hierarchy updated for 'WidgetCarousel' in 0.0002 seconds. Added 0 classes and 0 folders.
[2026.01.06-15.19.20:529][  0]LogPakFile: PakFile PrimaryIndexSize=187
[2026.01.06-15.19.20:529][  0]LogPakFile: PakFile PathHashIndexSize=101
[2026.01.06-15.19.20:529][  0]LogPakFile: PakFile FullDirectoryIndexSize=148
[2026.01.06-15.19.20:529][  0]LogShaderLibrary: Display: ShaderCodeLibraryPakFileMountedCallback: PakFile 'C:/Program Files/Epic Games/UE_4.27/FeaturePacks/FP_FirstPerson.upack' (chunk index -1, root 'root:/') mounted
[2026.01.06-15.19.20:529][  0]LogShaderLibrary: Display: ShaderCodeLibraryPakFileMountedCallback: pending pak file info (ChunkID:-1 Root:root:/ File:C:/Program Files/Epic Games/UE_4.27/FeaturePacks/FP_FirstPerson.upack)
[2026.01.06-15.19.20:529][  0]LogPakFile: OnPakFileMounted2Time == 0.000042
[2026.01.06-15.19.20:545][  0]LogPakFile: PakFile PrimaryIndexSize=189
[2026.01.06-15.19.20:545][  0]LogPakFile: PakFile PathHashIndexSize=101
[2026.01.06-15.19.20:545][  0]LogPakFile: PakFile FullDirectoryIndexSize=152
[2026.01.06-15.19.20:545][  0]LogShaderLibrary: Display: ShaderCodeLibraryPakFileMountedCallback: PakFile 'C:/Program Files/Epic Games/UE_4.27/FeaturePacks/FP_FirstPersonBP.upack' (chunk index -1, root 'root:/') mounted
[2026.01.06-15.19.20:545][  0]LogShaderLibrary: Display: ShaderCodeLibraryPakFileMountedCallback: pending pak file info (ChunkID:-1 Root:root:/ File:C:/Program Files/Epic Games/UE_4.27/FeaturePacks/FP_FirstPersonBP.upack)
[2026.01.06-15.19.20:545][  0]LogPakFile: OnPakFileMounted2Time == 0.000032
[2026.01.06-15.19.20:564][  0]LogPakFile: PakFile PrimaryIndexSize=191
[2026.01.06-15.19.20:564][  0]LogPakFile: PakFile PathHashIndexSize=101
[2026.01.06-15.19.20:564][  0]LogPakFile: PakFile FullDirectoryIndexSize=160
[2026.01.06-15.19.20:564][  0]LogShaderLibrary: Display: ShaderCodeLibraryPakFileMountedCallback: PakFile 'C:/Program Files/Epic Games/UE_4.27/FeaturePacks/MobileStarterContent.upack' (chunk index -1, root 'root:/') mounted
[2026.01.06-15.19.20:564][  0]LogShaderLibrary: Display: ShaderCodeLibraryPakFileMountedCallback: pending pak file info (ChunkID:-1 Root:root:/ File:C:/Program Files/Epic Games/UE_4.27/FeaturePacks/MobileStarterContent.upack)
[2026.01.06-15.19.20:564][  0]LogPakFile: OnPakFileMounted2Time == 0.000028
[2026.01.06-15.19.20:578][  0]LogPakFile: PakFile PrimaryIndexSize=185
[2026.01.06-15.19.20:578][  0]LogPakFile: PakFile PathHashIndexSize=101
[2026.01.06-15.19.20:578][  0]LogPakFile: PakFile FullDirectoryIndexSize=148
[2026.01.06-15.19.20:578][  0]LogShaderLibrary: Display: ShaderCodeLibraryPakFileMountedCallback: PakFile 'C:/Program Files/Epic Games/UE_4.27/FeaturePacks/StarterContent.upack' (chunk index -1, root 'root:/') mounted
[2026.01.06-15.19.20:578][  0]LogShaderLibrary: Display: ShaderCodeLibraryPakFileMountedCallback: pending pak file info (ChunkID:-1 Root:root:/ File:C:/Program Files/Epic Games/UE_4.27/FeaturePacks/StarterContent.upack)
[2026.01.06-15.19.20:578][  0]LogPakFile: OnPakFileMounted2Time == 0.000028
[2026.01.06-15.19.20:586][  0]LogPakFile: PakFile PrimaryIndexSize=190
[2026.01.06-15.19.20:586][  0]LogPakFile: PakFile PathHashIndexSize=101
[2026.01.06-15.19.20:586][  0]LogPakFile: PakFile FullDirectoryIndexSize=154
[2026.01.06-15.19.20:586][  0]LogShaderLibrary: Display: ShaderCodeLibraryPakFileMountedCallback: PakFile 'C:/Program Files/Epic Games/UE_4.27/FeaturePacks/TP_2DSideScroller.upack' (chunk index -1, root 'root:/') mounted
[2026.01.06-15.19.20:586][  0]LogShaderLibrary: Display: ShaderCodeLibraryPakFileMountedCallback: pending pak file info (ChunkID:-1 Root:root:/ File:C:/Program Files/Epic Games/UE_4.27/FeaturePacks/TP_2DSideScroller.upack)
[2026.01.06-15.19.20:586][  0]LogPakFile: OnPakFileMounted2Time == 0.000026
[2026.01.06-15.19.20:602][  0]LogPakFile: PakFile PrimaryIndexSize=192
[2026.01.06-15.19.20:602][  0]LogPakFile: PakFile PathHashIndexSize=101
[2026.01.06-15.19.20:602][  0]LogPakFile: PakFile FullDirectoryIndexSize=158
[2026.01.06-15.19.20:602][  0]LogShaderLibrary: Display: ShaderCodeLibraryPakFileMountedCallback: PakFile 'C:/Program Files/Epic Games/UE_4.27/FeaturePacks/TP_2DSideScrollerBP.upack' (chunk index -1, root 'root:/') mounted
[2026.01.06-15.19.20:602][  0]LogShaderLibrary: Display: ShaderCodeLibraryPakFileMountedCallback: pending pak file info (ChunkID:-1 Root:root:/ File:C:/Program Files/Epic Games/UE_4.27/FeaturePacks/TP_2DSideScrollerBP.upack)
[2026.01.06-15.19.20:602][  0]LogPakFile: OnPakFileMounted2Time == 0.000030
[2026.01.06-15.19.20:620][  0]LogPakFile: PakFile PrimaryIndexSize=182
[2026.01.06-15.19.20:620][  0]LogPakFile: PakFile PathHashIndexSize=101
[2026.01.06-15.19.20:620][  0]LogPakFile: PakFile FullDirectoryIndexSize=138
[2026.01.06-15.19.20:620][  0]LogShaderLibrary: Display: ShaderCodeLibraryPakFileMountedCallback: PakFile 'C:/Program Files/Epic Games/UE_4.27/FeaturePacks/TP_Flying.upack' (chunk index -1, root 'root:/') mounted
[2026.01.06-15.19.20:620][  0]LogShaderLibrary: Display: ShaderCodeLibraryPakFileMountedCallback: pending pak file info (ChunkID:-1 Root:root:/ File:C:/Program Files/Epic Games/UE_4.27/FeaturePacks/TP_Flying.upack)
[2026.01.06-15.19.20:620][  0]LogPakFile: OnPakFileMounted2Time == 0.000029
[2026.01.06-15.19.20:639][  0]LogPakFile: PakFile PrimaryIndexSize=184
[2026.01.06-15.19.20:639][  0]LogPakFile: PakFile PathHashIndexSize=101
[2026.01.06-15.19.20:639][  0]LogPakFile: PakFile FullDirectoryIndexSize=142
[2026.01.06-15.19.20:639][  0]LogShaderLibrary: Display: ShaderCodeLibraryPakFileMountedCallback: PakFile 'C:/Program Files/Epic Games/UE_4.27/FeaturePacks/TP_FlyingBP.upack' (chunk index -1, root 'root:/') mounted
[2026.01.06-15.19.20:639][  0]LogShaderLibrary: Display: ShaderCodeLibraryPakFileMountedCallback: pending pak file info (ChunkID:-1 Root:root:/ File:C:/Program Files/Epic Games/UE_4.27/FeaturePacks/TP_FlyingBP.upack)
[2026.01.06-15.19.20:639][  0]LogPakFile: OnPakFileMounted2Time == 0.000027
[2026.01.06-15.19.20:646][  0]LogPakFile: PakFile PrimaryIndexSize=188
[2026.01.06-15.19.20:646][  0]LogPakFile: PakFile PathHashIndexSize=101
[2026.01.06-15.19.20:646][  0]LogPakFile: PakFile FullDirectoryIndexSize=150
[2026.01.06-15.19.20:646][  0]LogShaderLibrary: Display: ShaderCodeLibraryPakFileMountedCallback: PakFile 'C:/Program Files/Epic Games/UE_4.27/FeaturePacks/TP_HandheldARBP.upack' (chunk index -1, root 'root:/') mounted
[2026.01.06-15.19.20:646][  0]LogShaderLibrary: Display: ShaderCodeLibraryPakFileMountedCallback: pending pak file info (ChunkID:-1 Root:root:/ File:C:/Program Files/Epic Games/UE_4.27/FeaturePacks/TP_HandheldARBP.upack)
[2026.01.06-15.19.20:646][  0]LogPakFile: OnPakFileMounted2Time == 0.000026
[2026.01.06-15.19.20:671][  0]LogPakFile: PakFile PrimaryIndexSize=182
[2026.01.06-15.19.20:671][  0]LogPakFile: PakFile PathHashIndexSize=101
[2026.01.06-15.19.20:671][  0]LogPakFile: PakFile FullDirectoryIndexSize=138
[2026.01.06-15.19.20:671][  0]LogShaderLibrary: Display: ShaderCodeLibraryPakFileMountedCallback: PakFile 'C:/Program Files/Epic Games/UE_4.27/FeaturePacks/TP_Puzzle.upack' (chunk index -1, root 'root:/') mounted
[2026.01.06-15.19.20:671][  0]LogShaderLibrary: Display: ShaderCodeLibraryPakFileMountedCallback: pending pak file info (ChunkID:-1 Root:root:/ File:C:/Program Files/Epic Games/UE_4.27/FeaturePacks/TP_Puzzle.upack)
[2026.01.06-15.19.20:671][  0]LogPakFile: OnPakFileMounted2Time == 0.000030
[2026.01.06-15.19.20:677][  0]LogPakFile: PakFile PrimaryIndexSize=184
[2026.01.06-15.19.20:677][  0]LogPakFile: PakFile PathHashIndexSize=101
[2026.01.06-15.19.20:677][  0]LogPakFile: PakFile FullDirectoryIndexSize=142
[2026.01.06-15.19.20:677][  0]LogShaderLibrary: Display: ShaderCodeLibraryPakFileMountedCallback: PakFile 'C:/Program Files/Epic Games/UE_4.27/FeaturePacks/TP_PuzzleBP.upack' (chunk index -1, root 'root:/') mounted
[2026.01.06-15.19.20:677][  0]LogShaderLibrary: Display: ShaderCodeLibraryPakFileMountedCallback: pending pak file info (ChunkID:-1 Root:root:/ File:C:/Program Files/Epic Games/UE_4.27/FeaturePacks/TP_PuzzleBP.upack)
[2026.01.06-15.19.20:677][  0]LogPakFile: OnPakFileMounted2Time == 0.000029
[2026.01.06-15.19.20:683][  0]LogPakFile: PakFile PrimaryIndexSize=183
[2026.01.06-15.19.20:683][  0]LogPakFile: PakFile PathHashIndexSize=101
[2026.01.06-15.19.20:683][  0]LogPakFile: PakFile FullDirectoryIndexSize=140
[2026.01.06-15.19.20:683][  0]LogShaderLibrary: Display: ShaderCodeLibraryPakFileMountedCallback: PakFile 'C:/Program Files/Epic Games/UE_4.27/FeaturePacks/TP_Rolling.upack' (chunk index -1, root 'root:/') mounted
[2026.01.06-15.19.20:683][  0]LogShaderLibrary: Display: ShaderCodeLibraryPakFileMountedCallback: pending pak file info (ChunkID:-1 Root:root:/ File:C:/Program Files/Epic Games/UE_4.27/FeaturePacks/TP_Rolling.upack)
[2026.01.06-15.19.20:683][  0]LogPakFile: OnPakFileMounted2Time == 0.000027
[2026.01.06-15.19.20:690][  0]LogPakFile: PakFile PrimaryIndexSize=185
[2026.01.06-15.19.20:690][  0]LogPakFile: PakFile PathHashIndexSize=101
[2026.01.06-15.19.20:690][  0]LogPakFile: PakFile FullDirectoryIndexSize=144
[2026.01.06-15.19.20:690][  0]LogShaderLibrary: Display: ShaderCodeLibraryPakFileMountedCallback: PakFile 'C:/Program Files/Epic Games/UE_4.27/FeaturePacks/TP_RollingBP.upack' (chunk index -1, root 'root:/') mounted
[2026.01.06-15.19.20:690][  0]LogShaderLibrary: Display: ShaderCodeLibraryPakFileMountedCallback: pending pak file info (ChunkID:-1 Root:root:/ File:C:/Program Files/Epic Games/UE_4.27/FeaturePacks/TP_RollingBP.upack)
[2026.01.06-15.19.20:690][  0]LogPakFile: OnPakFileMounted2Time == 0.000024
[2026.01.06-15.19.20:697][  0]LogPakFile: PakFile PrimaryIndexSize=188
[2026.01.06-15.19.20:697][  0]LogPakFile: PakFile PathHashIndexSize=101
[2026.01.06-15.19.20:697][  0]LogPakFile: PakFile FullDirectoryIndexSize=150
[2026.01.06-15.19.20:697][  0]LogShaderLibrary: Display: ShaderCodeLibraryPakFileMountedCallback: PakFile 'C:/Program Files/Epic Games/UE_4.27/FeaturePacks/TP_SideScroller.upack' (chunk index -1, root 'root:/') mounted
[2026.01.06-15.19.20:697][  0]LogShaderLibrary: Display: ShaderCodeLibraryPakFileMountedCallback: pending pak file info (ChunkID:-1 Root:root:/ File:C:/Program Files/Epic Games/UE_4.27/FeaturePacks/TP_SideScroller.upack)
[2026.01.06-15.19.20:697][  0]LogPakFile: OnPakFileMounted2Time == 0.000029
[2026.01.06-15.19.20:708][  0]LogPakFile: PakFile PrimaryIndexSize=190
[2026.01.06-15.19.20:708][  0]LogPakFile: PakFile PathHashIndexSize=101
[2026.01.06-15.19.20:708][  0]LogPakFile: PakFile FullDirectoryIndexSize=154
[2026.01.06-15.19.20:708][  0]LogShaderLibrary: Display: ShaderCodeLibraryPakFileMountedCallback: PakFile 'C:/Program Files/Epic Games/UE_4.27/FeaturePacks/TP_SideScrollerBP.upack' (chunk index -1, root 'root:/') mounted
[2026.01.06-15.19.20:708][  0]LogShaderLibrary: Display: ShaderCodeLibraryPakFileMountedCallback: pending pak file info (ChunkID:-1 Root:root:/ File:C:/Program Files/Epic Games/UE_4.27/FeaturePacks/TP_SideScrollerBP.upack)
[2026.01.06-15.19.20:708][  0]LogPakFile: OnPakFileMounted2Time == 0.000032
[2026.01.06-15.19.20:725][  0]LogPakFile: PakFile PrimaryIndexSize=187
[2026.01.06-15.19.20:725][  0]LogPakFile: PakFile PathHashIndexSize=101
[2026.01.06-15.19.20:725][  0]LogPakFile: PakFile FullDirectoryIndexSize=148
[2026.01.06-15.19.20:725][  0]LogShaderLibrary: Display: ShaderCodeLibraryPakFileMountedCallback: PakFile 'C:/Program Files/Epic Games/UE_4.27/FeaturePacks/TP_ThirdPerson.upack' (chunk index -1, root 'root:/') mounted
[2026.01.06-15.19.20:725][  0]LogShaderLibrary: Display: ShaderCodeLibraryPakFileMountedCallback: pending pak file info (ChunkID:-1 Root:root:/ File:C:/Program Files/Epic Games/UE_4.27/FeaturePacks/TP_ThirdPerson.upack)
[2026.01.06-15.19.20:725][  0]LogPakFile: OnPakFileMounted2Time == 0.000032
[2026.01.06-15.19.20:731][  0]LogPakFile: PakFile PrimaryIndexSize=189
[2026.01.06-15.19.20:731][  0]LogPakFile: PakFile PathHashIndexSize=101
[2026.01.06-15.19.20:731][  0]LogPakFile: PakFile FullDirectoryIndexSize=152
[2026.01.06-15.19.20:731][  0]LogShaderLibrary: Display: ShaderCodeLibraryPakFileMountedCallback: PakFile 'C:/Program Files/Epic Games/UE_4.27/FeaturePacks/TP_ThirdPersonBP.upack' (chunk index -1, root 'root:/') mounted
[2026.01.06-15.19.20:731][  0]LogShaderLibrary: Display: ShaderCodeLibraryPakFileMountedCallback: pending pak file info (ChunkID:-1 Root:root:/ File:C:/Program Files/Epic Games/UE_4.27/FeaturePacks/TP_ThirdPersonBP.upack)
[2026.01.06-15.19.20:731][  0]LogPakFile: OnPakFileMounted2Time == 0.000026
[2026.01.06-15.19.20:742][  0]LogPakFile: PakFile PrimaryIndexSize=183
[2026.01.06-15.19.20:742][  0]LogPakFile: PakFile PathHashIndexSize=101
[2026.01.06-15.19.20:742][  0]LogPakFile: PakFile FullDirectoryIndexSize=140
[2026.01.06-15.19.20:742][  0]LogShaderLibrary: Display: ShaderCodeLibraryPakFileMountedCallback: PakFile 'C:/Program Files/Epic Games/UE_4.27/FeaturePacks/TP_TopDown.upack' (chunk index -1, root 'root:/') mounted
[2026.01.06-15.19.20:742][  0]LogShaderLibrary: Display: ShaderCodeLibraryPakFileMountedCallback: pending pak file info (ChunkID:-1 Root:root:/ File:C:/Program Files/Epic Games/UE_4.27/FeaturePacks/TP_TopDown.upack)
[2026.01.06-15.19.20:742][  0]LogPakFile: OnPakFileMounted2Time == 0.000031
[2026.01.06-15.19.20:756][  0]LogPakFile: PakFile PrimaryIndexSize=185
[2026.01.06-15.19.20:756][  0]LogPakFile: PakFile PathHashIndexSize=101
[2026.01.06-15.19.20:756][  0]LogPakFile: PakFile FullDirectoryIndexSize=144
[2026.01.06-15.19.20:756][  0]LogShaderLibrary: Display: ShaderCodeLibraryPakFileMountedCallback: PakFile 'C:/Program Files/Epic Games/UE_4.27/FeaturePacks/TP_TopDownBP.upack' (chunk index -1, root 'root:/') mounted
[2026.01.06-15.19.20:756][  0]LogShaderLibrary: Display: ShaderCodeLibraryPakFileMountedCallback: pending pak file info (ChunkID:-1 Root:root:/ File:C:/Program Files/Epic Games/UE_4.27/FeaturePacks/TP_TopDownBP.upack)
[2026.01.06-15.19.20:756][  0]LogPakFile: OnPakFileMounted2Time == 0.000031
[2026.01.06-15.19.20:764][  0]LogPakFile: PakFile PrimaryIndexSize=185
[2026.01.06-15.19.20:764][  0]LogPakFile: PakFile PathHashIndexSize=101
[2026.01.06-15.19.20:764][  0]LogPakFile: PakFile FullDirectoryIndexSize=144
[2026.01.06-15.19.20:764][  0]LogShaderLibrary: Display: ShaderCodeLibraryPakFileMountedCallback: PakFile 'C:/Program Files/Epic Games/UE_4.27/FeaturePacks/TP_TwinStick.upack' (chunk index -1, root 'root:/') mounted
[2026.01.06-15.19.20:764][  0]LogShaderLibrary: Display: ShaderCodeLibraryPakFileMountedCallback: pending pak file info (ChunkID:-1 Root:root:/ File:C:/Program Files/Epic Games/UE_4.27/FeaturePacks/TP_TwinStick.upack)
[2026.01.06-15.19.20:764][  0]LogPakFile: OnPakFileMounted2Time == 0.000026
[2026.01.06-15.19.20:777][  0]LogPakFile: PakFile PrimaryIndexSize=187
[2026.01.06-15.19.20:777][  0]LogPakFile: PakFile PathHashIndexSize=101
[2026.01.06-15.19.20:777][  0]LogPakFile: PakFile FullDirectoryIndexSize=148
[2026.01.06-15.19.20:777][  0]LogShaderLibrary: Display: ShaderCodeLibraryPakFileMountedCallback: PakFile 'C:/Program Files/Epic Games/UE_4.27/FeaturePacks/TP_TwinStickBP.upack' (chunk index -1, root 'root:/') mounted
[2026.01.06-15.19.20:778][  0]LogShaderLibrary: Display: ShaderCodeLibraryPakFileMountedCallback: pending pak file info (ChunkID:-1 Root:root:/ File:C:/Program Files/Epic Games/UE_4.27/FeaturePacks/TP_TwinStickBP.upack)
[2026.01.06-15.19.20:778][  0]LogPakFile: OnPakFileMounted2Time == 0.000027
[2026.01.06-15.19.20:797][  0]LogPakFile: PakFile PrimaryIndexSize=183
[2026.01.06-15.19.20:797][  0]LogPakFile: PakFile PathHashIndexSize=101
[2026.01.06-15.19.20:797][  0]LogPakFile: PakFile FullDirectoryIndexSize=140
[2026.01.06-15.19.20:797][  0]LogShaderLibrary: Display: ShaderCodeLibraryPakFileMountedCallback: PakFile 'C:/Program Files/Epic Games/UE_4.27/FeaturePacks/TP_Vehicle.upack' (chunk index -1, root 'root:/') mounted
[2026.01.06-15.19.20:797][  0]LogShaderLibrary: Display: ShaderCodeLibraryPakFileMountedCallback: pending pak file info (ChunkID:-1 Root:root:/ File:C:/Program Files/Epic Games/UE_4.27/FeaturePacks/TP_Vehicle.upack)
[2026.01.06-15.19.20:797][  0]LogPakFile: OnPakFileMounted2Time == 0.000026
[2026.01.06-15.19.20:807][  0]LogPakFile: PakFile PrimaryIndexSize=186
[2026.01.06-15.19.20:807][  0]LogPakFile: PakFile PathHashIndexSize=101
[2026.01.06-15.19.20:807][  0]LogPakFile: PakFile FullDirectoryIndexSize=146
[2026.01.06-15.19.20:807][  0]LogShaderLibrary: Display: ShaderCodeLibraryPakFileMountedCallback: PakFile 'C:/Program Files/Epic Games/UE_4.27/FeaturePacks/TP_VehicleAdv.upack' (chunk index -1, root 'root:/') mounted
[2026.01.06-15.19.20:807][  0]LogShaderLibrary: Display: ShaderCodeLibraryPakFileMountedCallback: pending pak file info (ChunkID:-1 Root:root:/ File:C:/Program Files/Epic Games/UE_4.27/FeaturePacks/TP_VehicleAdv.upack)
[2026.01.06-15.19.20:807][  0]LogPakFile: OnPakFileMounted2Time == 0.000031
[2026.01.06-15.19.20:823][  0]LogPakFile: PakFile PrimaryIndexSize=188
[2026.01.06-15.19.20:823][  0]LogPakFile: PakFile PathHashIndexSize=101
[2026.01.06-15.19.20:823][  0]LogPakFile: PakFile FullDirectoryIndexSize=150
[2026.01.06-15.19.20:823][  0]LogShaderLibrary: Display: ShaderCodeLibraryPakFileMountedCallback: PakFile 'C:/Program Files/Epic Games/UE_4.27/FeaturePacks/TP_VehicleAdvBP.upack' (chunk index -1, root 'root:/') mounted
[2026.01.06-15.19.20:823][  0]LogShaderLibrary: Display: ShaderCodeLibraryPakFileMountedCallback: pending pak file info (ChunkID:-1 Root:root:/ File:C:/Program Files/Epic Games/UE_4.27/FeaturePacks/TP_VehicleAdvBP.upack)
[2026.01.06-15.19.20:823][  0]LogPakFile: OnPakFileMounted2Time == 0.000028
[2026.01.06-15.19.20:840][  0]LogPakFile: PakFile PrimaryIndexSize=185
[2026.01.06-15.19.20:840][  0]LogPakFile: PakFile PathHashIndexSize=101
[2026.01.06-15.19.20:840][  0]LogPakFile: PakFile FullDirectoryIndexSize=144
[2026.01.06-15.19.20:840][  0]LogShaderLibrary: Display: ShaderCodeLibraryPakFileMountedCallback: PakFile 'C:/Program Files/Epic Games/UE_4.27/FeaturePacks/TP_VehicleBP.upack' (chunk index -1, root 'root:/') mounted
[2026.01.06-15.19.20:840][  0]LogShaderLibrary: Display: ShaderCodeLibraryPakFileMountedCallback: pending pak file info (ChunkID:-1 Root:root:/ File:C:/Program Files/Epic Games/UE_4.27/FeaturePacks/TP_VehicleBP.upack)
[2026.01.06-15.19.20:840][  0]LogPakFile: OnPakFileMounted2Time == 0.000029
[2026.01.06-15.19.20:850][  0]LogPakFile: PakFile PrimaryIndexSize=192
[2026.01.06-15.19.20:850][  0]LogPakFile: PakFile PathHashIndexSize=101
[2026.01.06-15.19.20:850][  0]LogPakFile: PakFile FullDirectoryIndexSize=158
[2026.01.06-15.19.20:850][  0]LogShaderLibrary: Display: ShaderCodeLibraryPakFileMountedCallback: PakFile 'C:/Program Files/Epic Games/UE_4.27/FeaturePacks/TP_VirtualRealityBP.upack' (chunk index -1, root 'root:/') mounted
[2026.01.06-15.19.20:850][  0]LogShaderLibrary: Display: ShaderCodeLibraryPakFileMountedCallback: pending pak file info (ChunkID:-1 Root:root:/ File:C:/Program Files/Epic Games/UE_4.27/FeaturePacks/TP_VirtualRealityBP.upack)
[2026.01.06-15.19.20:850][  0]LogPakFile: OnPakFileMounted2Time == 0.000030
[2026.01.06-15.19.21:266][  0]LogNativeClassHierarchy: Verbose: Native class hierarchy updated for 'AddContentDialog' in 0.0002 seconds. Added 0 classes and 0 folders.
[2026.01.06-15.19.21:297][  0]LogNativeClassHierarchy: Verbose: Native class hierarchy updated for 'SceneOutliner' in 0.0002 seconds. Added 2 classes and 0 folders.
[2026.01.06-15.19.21:486][  0]LogSlate: Took 0.000107 seconds to synchronously load lazily loaded font '../../../Engine/Content/Slate/Fonts/Roboto-Regular.ttf' (155K)
[2026.01.06-15.19.21:492][  0]LogSlate: Took 0.005073 seconds to synchronously load lazily loaded font '../../../Engine/Content/Editor/Slate/Fonts/FontAwesome.ttf' (139K)
[2026.01.06-15.19.21:492][  0]LogSlate: Took 0.000096 seconds to synchronously load lazily loaded font '../../../Engine/Content/Slate/Fonts/Roboto-Bold.ttf' (160K)
[2026.01.06-15.19.21:624][  0]LogRenderer: Reallocating scene render targets to support 1616x792 Format 10 NumSamples 1 (Frame:1).
[2026.01.06-15.19.22:030][  0]LogNativeClassHierarchy: Verbose: Native class hierarchy updated for 'HierarchicalLODOutliner' in 0.0002 seconds. Added 0 classes and 0 folders.
[2026.01.06-15.19.22:030][  0]LogLoad: (Engine Initialization) Total time: 6.53 seconds
[2026.01.06-15.19.22:030][  0]LogLoad: (Engine Initialization) Total Blueprint compile time: 0.00 seconds
[2026.01.06-15.19.22:060][  0]LogAssetRegistry: Asset discovery search completed in 4.1919 seconds
[2026.01.06-15.19.22:063][  0]LogCollectionManager: Fixed up redirectors for 0 collections in 0.000002 seconds (updated 0 objects)
[2026.01.06-15.19.22:067][  0]LogContentStreaming: Texture pool size now 1000 MB
[2026.01.06-15.19.23:526][ 46]LogSlate: Took 0.022951 seconds to synchronously load lazily loaded font '../../../Engine/Content/Slate/Fonts/Roboto-Light.ttf' (167K)
[2026.01.06-15.19.29:272][512]LogUObjectHash: Compacting FUObjectHashTables data took   0.35ms
[2026.01.06-15.19.29:273][512]Cmd: MAP LOAD FILE="D:/Artemii/Game/Game/Content/Maps/02Boss.umap" TEMPLATE=0 SHOWPROGRESS=1 FEATURELEVEL=3
[2026.01.06-15.19.29:292][512]LightingResults: New page: Lighting Build
[2026.01.06-15.19.29:292][512]LoadErrors: New page: Loading map: 02Boss.umap
[2026.01.06-15.19.29:330][512]LogWorld: UWorld::CleanupWorld for Untitled_1, bSessionEnded=true, bCleanupResources=true
[2026.01.06-15.19.29:330][512]LogSlate: InvalidateAllWidgets triggered.  All widgets were invalidated
[2026.01.06-15.19.29:330][512]MapCheck: New page: Map Check
[2026.01.06-15.19.29:330][512]LightingResults: New page: Lighting Build
[2026.01.06-15.19.29:338][512]LogAudio: Display: Audio Device unregistered from world 'None'.
[2026.01.06-15.19.29:339][512]LogUObjectHash: Compacting FUObjectHashTables data took   0.48ms
[2026.01.06-15.19.30:724][512]LogLinker: Warning: [AssetLog] D:\Artemii\Game\Game\Content\HeroChar\Materials\MaterialLayers\ML_Plastic_Shiny_Beige_LOGO.uasset: Failed to load '/Game/FirstPerson/Character/Textures/UE4_LOGO_CARD': Can't find file.
[2026.01.06-15.19.30:724][512]LoadErrors: Failed to load /Game/HeroChar/Mesh/SK_Mannequin_Arms.SK_Mannequin_Arms Referenced by Arms_GEN_VARIABLE
[2026.01.06-15.19.30:724][512]LogLinker: Warning: [AssetLog] D:\Artemii\Game\Game\Content\HeroChar\Materials\MaterialLayers\ML_Plastic_Shiny_Beige_LOGO.uasset: Failed to load '/Game/FirstPerson/Character/Textures/UE4_LOGO_CARD': Can't find file.
[2026.01.06-15.19.30:724][512]LogLinker: Warning: [AssetLog] D:\Artemii\Game\Game\Content\HeroChar\Materials\MaterialLayers\ML_Plastic_Shiny_Beige_LOGO.uasset: Failed to load '/Game/FirstPerson/Character/Textures/UE4_LOGO_CARD': Can't find file.
[2026.01.06-15.19.30:961][512]LogLinker: Warning: [AssetLog] D:\Artemii\Game\Game\Content\HeroChar\Materials\MaterialLayers\ML_Plastic_Shiny_Beige_LOGO.uasset: Failed to load '/Game/FirstPerson/Character/Textures/UE4_LOGO_CARD': Can't find file.
[2026.01.06-15.19.30:961][512]LoadErrors: Failed to load /Game/FirstPerson/Character/Textures/UE4_LOGO_CARD.UE4_LOGO_CARD Referenced by MaterialExpressionTextureSample_6
[2026.01.06-15.19.31:299][512]LogAudio: Display: Audio Device (ID: 1) registered with world '02Boss'.
[2026.01.06-15.19.31:300][512]LogAIModule: Creating AISystem for world 02Boss
[2026.01.06-15.19.31:335][512]LogEditorServer: Finished looking for orphan Actors (0.000 secs)
[2026.01.06-15.19.31:369][512]LogUObjectHash: Compacting FUObjectHashTables data took   0.66ms
[2026.01.06-15.19.31:384][512]Cmd: MAP CHECKDEP NOCLEARLOG
[2026.01.06-15.19.31:384][512]MapCheck: Map check complete: 0 Error(s), 0 Warning(s), took 0,06ms to complete.
[2026.01.06-15.19.31:384][512]LogFileHelpers: Loading map '02Boss' took 2.111
[2026.01.06-15.19.31:384][512]LogSlate: Window 'Open Level' being destroyed
[2026.01.06-15.19.31:421][512]LogSlate: Took 0.009406 seconds to synchronously load lazily loaded font '../../../Engine/Content/Slate/Fonts/DroidSansMono.ttf' (77K)
[2026.01.06-15.19.32:606][634]LogAssetEditorSubsystem: Opening Asset editor for Blueprint /Game/Objects/LevelPortal/BP_PortalLevel.BP_PortalLevel
[2026.01.06-15.19.33:451][634]LogNativeClassHierarchy: Verbose: Native class hierarchy updated for 'BlueprintGraph' in 0.0006 seconds. Added 126 classes and 0 folders.
[2026.01.06-15.19.33:872][634]LogTemp: Warning: SetupViewportDisplaySettings
[2026.01.06-15.19.34:006][634]LogAssetEditorSubsystem: Opening Asset editor for Blueprint /Game/HeroChar/Gun/BP_Projectil.BP_Projectil
[2026.01.06-15.19.34:149][634]LogTemp: Warning: SetupViewportDisplaySettings
[2026.01.06-15.19.34:174][634]LogAssetEditorSubsystem: Opening Asset editor for Blueprint /Game/Enemy/BP_Enemy.BP_Enemy
[2026.01.06-15.19.34:319][634]LogTemp: Warning: SetupViewportDisplaySettings
[2026.01.06-15.19.34:357][634]LogAssetEditorSubsystem: Opening Asset editor for Blueprint /Game/Enemy/BP_Enemy_Boss.BP_Enemy_Boss
[2026.01.06-15.19.34:500][634]LogTemp: Warning: SetupViewportDisplaySettings
[2026.01.06-15.19.34:539][634]LogAssetEditorSubsystem: Opening Asset editor for Blueprint /Game/GameLogic/BP_Gameplay_GameMode.BP_Gameplay_GameMode
[2026.01.06-15.19.34:684][634]LogTemp: Warning: SetupViewportDisplaySettings
[2026.01.06-15.19.34:723][634]LogAssetEditorSubsystem: Opening Asset editor for Material /Game/Maps/M_RED.M_RED
[2026.01.06-15.19.34:731][634]LogMaterial: Display: Missing cached shadermap for M_RED in PCD3D_SM5, Default, SM5 (DDC key hash: 7D9FDD67F6CB77664CEBDBDA0224542970248D1D), compiling. 
[2026.01.06-15.19.34:752][634]LogShaderCompilers: Display: Submitted 12 shader compile jobs with 'Normal' priority
[2026.01.06-15.19.34:848][634]LogTexture: Default maximum texture size for cubemaps generated from long-lat sources has been changed from 512 to unlimited. In order to preserve old behaiour for '/Engine/EditorMaterials/AssetViewer/EpicQuadPanorama_CC+EV1.EpicQuadPanorama_CC+EV1', its maximum texture size has been explicitly set to 512.
[2026.01.06-15.19.35:226][634]LogTexture: Default maximum texture size for cubemaps generated from long-lat sources has been changed from 512 to unlimited. In order to preserve old behaiour for '/Engine/MapTemplates/Sky/SunsetAmbientCubemap.SunsetAmbientCubemap', its maximum texture size has been explicitly set to 512.
[2026.01.06-15.19.35:591][634]LogMaterial: Display: Missing cached shadermap for M_RED in PCD3D_SM5, Default, SM5 (DDC key hash: CE4E85AC62C187B9028D6D75B0369DCD05BA9C09), compiling. 
[2026.01.06-15.19.35:597][634]LogMaterial: Display: Missing cached shadermap for M_RED in PCD3D_SM5, Default, SM5 (DDC key hash: E36F8B75B24CE4E165C454AE13DE5FD0E546D3DA), compiling. 
[2026.01.06-15.19.35:598][634]LogMaterial: Display: Missing cached shadermap for FMatExpressionPreview MaterialExpressionVectorParameter_1 in PCD3D_SM5, Default, SM5 (DDC key hash: 4529A54F382C1BE7F167A82918FEFD33E60CA000), compiling. 
[2026.01.06-15.19.35:625][634]MaterialEditorStats: Texture samplers: 0/16
[2026.01.06-15.19.35:631][634]LogSlate: Took 0.000154 seconds to synchronously load lazily loaded font '../../../Engine/Content/Slate/Fonts/Roboto-BoldCondensed.ttf' (158K)
[2026.01.06-15.19.35:858][635]LogShaderCompilers: Display: Submitted 2 shader compile jobs with 'ForceLocal' priority
[2026.01.06-15.19.35:858][635]LogShaderCompilers: Display: Worker (1/17): shaders left to compile 2
[2026.01.06-15.19.35:858][635]LogShaderCompilers: Display: Worker (2/17): shaders left to compile 1
[2026.01.06-15.19.35:858][635]LogShaderCompilers: Display: Started 2 'Local' shader compile jobs with 'ForceLocal' priority
[2026.01.06-15.19.35:858][635]LogShaderCompilers: Display: Submitted 10 shader compile jobs with 'Normal' priority
[2026.01.06-15.19.35:858][635]LogShaderCompilers: Display: Worker (3/17): shaders left to compile 10
[2026.01.06-15.19.35:858][635]LogShaderCompilers: Display: Worker (4/17): shaders left to compile 9
[2026.01.06-15.19.35:858][635]LogShaderCompilers: Display: Worker (5/17): shaders left to compile 8
[2026.01.06-15.19.35:858][635]LogShaderCompilers: Display: Worker (6/17): shaders left to compile 7
[2026.01.06-15.19.35:858][635]LogShaderCompilers: Display: Worker (7/17): shaders left to compile 6
[2026.01.06-15.19.35:858][635]LogShaderCompilers: Display: Worker (8/17): shaders left to compile 5
[2026.01.06-15.19.35:858][635]LogShaderCompilers: Display: Worker (9/17): shaders left to compile 4
[2026.01.06-15.19.35:858][635]LogShaderCompilers: Display: Worker (10/17): shaders left to compile 3
[2026.01.06-15.19.35:858][635]LogShaderCompilers: Display: Worker (11/17): shaders left to compile 2
[2026.01.06-15.19.35:858][635]LogShaderCompilers: Display: Worker (12/17): shaders left to compile 1
[2026.01.06-15.19.35:858][635]LogShaderCompilers: Display: Started 10 'Local' shader compile jobs with 'Normal' priority
[2026.01.06-15.19.35:898][635]LogSlate: Took 0.027469 seconds to synchronously load lazily loaded font '../../../Engine/Content/Slate/Fonts/Roboto-Italic.ttf' (157K)
[2026.01.06-15.19.35:988][639]LogShaderCompilers: Display: Submitted 2 shader compile jobs with 'ForceLocal' priority
[2026.01.06-15.19.35:988][639]LogShaderCompilers: Display: Worker (13/17): shaders left to compile 2
[2026.01.06-15.19.35:988][639]LogShaderCompilers: Display: Worker (14/17): shaders left to compile 1
[2026.01.06-15.19.35:988][639]LogShaderCompilers: Display: Started 2 'Local' shader compile jobs with 'ForceLocal' priority
[2026.01.06-15.19.37:276][735]MaterialEditorStats: Texture samplers: 2/16
[2026.01.06-15.19.37:452][751]MaterialEditorStats: Base pass shader: 120 instructions
[2026.01.06-15.19.37:452][751]MaterialEditorStats: Base pass shader with Surface Lightmap: 147 instructions
[2026.01.06-15.19.37:452][751]MaterialEditorStats: Base pass shader with Volumetric Lightmap: 194 instructions
[2026.01.06-15.19.37:452][751]MaterialEditorStats: Base pass vertex shader: 42 instructions
[2026.01.06-15.19.37:452][751]MaterialEditorStats: Texture samplers: 2/16
[2026.01.06-15.19.41:461][190]LogSlate: Window 'M_RED' being destroyed
[2026.01.06-15.19.43:499][430]LogSlate: Window 'Message Log' being destroyed
[2026.01.06-15.19.43:502][430]LogSlate: Window 'Message Log' being destroyed
[2026.01.06-15.24.34:458][663]LogEditorTransaction: Undo Add Node
[2026.01.06-15.24.34:466][663]LogMaterial: Display: Missing cached shadermap for M_RED in PCD3D_SM5, Default, SM5 (DDC key hash: 5F5CCA092822C67954FF06452D2719688509199A), compiling. 
[2026.01.06-15.24.34:471][663]MaterialEditorStats: Texture samplers: 0/16
[2026.01.06-15.24.34:538][665]LogShaderCompilers: Display: === FShaderJobCache stats ===
[2026.01.06-15.24.34:538][665]LogShaderCompilers: Display: Total job queries 39, among them cache hits 13 (33.33%)
[2026.01.06-15.24.34:538][665]LogShaderCompilers: Display: Tracking 14 distinct input hashes that result in 11 distinct outputs (78.57%)
[2026.01.06-15.24.34:538][665]LogShaderCompilers: Display: RAM used: 0.06 MB (0.00 GB) of 1638.40 MB (1.60 GB) budget. Usage: 0.00%
[2026.01.06-15.24.34:538][665]LogShaderCompilers: Display: ================================================
[2026.01.06-15.24.34:567][666]MaterialEditorStats: Base pass shader: 120 instructions
[2026.01.06-15.24.34:567][666]MaterialEditorStats: Base pass shader with Surface Lightmap: 147 instructions
[2026.01.06-15.24.34:567][666]MaterialEditorStats: Base pass shader with Volumetric Lightmap: 194 instructions
[2026.01.06-15.24.34:567][666]MaterialEditorStats: Base pass vertex shader: 42 instructions
[2026.01.06-15.24.34:567][666]MaterialEditorStats: Texture samplers: 2/16
[2026.01.06-15.25.24:143][ 36]BlueprintLog: New page: Compile BP_Gameplay_GameMode
[2026.01.06-15.25.24:190][ 36]LogUObjectHash: Compacting FUObjectHashTables data took   1.50ms
[2026.01.06-15.25.24:591][ 76]Cmd: OBJ SAVEPACKAGE PACKAGE="/Game/GameLogic/BP_Gameplay_GameMode" FILE="D:/Artemii/Game/Game/Content/GameLogic/BP_Gameplay_GameMode.uasset" SILENT=true
[2026.01.06-15.25.24:653][ 76]LogSavePackage: Moving 'D:/Artemii/Game/Game/Saved/BP_Gameplay_GameMode2BB7AD804529FB1BBEAF5BBC00546468.tmp' to 'D:/Artemii/Game/Game/Content/GameLogic/BP_Gameplay_GameMode.uasset'
[2026.01.06-15.25.24:671][ 76]AssetCheck: New page: Asset Save: BP_Gameplay_GameMode
[2026.01.06-15.25.24:671][ 76]LogContentValidation: Display: Validating Blueprint /Game/GameLogic/BP_Gameplay_GameMode.BP_Gameplay_GameMode
[2026.01.06-15.25.26:021][234]LogTemp: Repeating last play command: Selected Viewport
[2026.01.06-15.25.26:026][234]LogPlayLevel: PlayLevel: No blueprints needed recompiling
[2026.01.06-15.25.26:028][234]PIE: New page: PIE session: 02Boss (6 січ. 2026 р., 19:25:26)
[2026.01.06-15.25.26:030][234]LogOnline: OSS: Creating online subsystem instance for: NULL
[2026.01.06-15.25.26:034][234]LogOnline: OSS: TryLoadSubsystemAndSetDefault: Loaded subsystem for module [NULL]
[2026.01.06-15.25.26:034][234]LogPlayLevel: Creating play world package: /Game/Maps/UEDPIE_0_02Boss
[2026.01.06-15.25.26:039][234]LogPlayLevel: PIE: StaticDuplicateObject took: (0.004219s)
[2026.01.06-15.25.26:039][234]LogAIModule: Creating AISystem for world 02Boss
[2026.01.06-15.25.26:039][234]LogPlayLevel: PIE: World Init took: (0.000628s)
[2026.01.06-15.25.26:039][234]LogPlayLevel: PIE: Created PIE world by copying editor world from /Game/Maps/02Boss.02Boss to /Game/Maps/UEDPIE_0_02Boss.02Boss (0.004927s)
[2026.01.06-15.25.26:058][234]LogUObjectHash: Compacting FUObjectHashTables data took   1.35ms
[2026.01.06-15.25.26:059][234]LogAudio: Display: Creating Audio Device:                 Id: 2, Scope: Unique, Realtime: True
[2026.01.06-15.25.26:059][234]LogAudioMixer: Display: Audio Mixer Platform Settings:
[2026.01.06-15.25.26:059][234]LogAudioMixer: Display: 	Sample Rate:						  48000
[2026.01.06-15.25.26:059][234]LogAudioMixer: Display: 	Callback Buffer Frame Size Requested: 1024
[2026.01.06-15.25.26:059][234]LogAudioMixer: Display: 	Callback Buffer Frame Size To Use:	  1024
[2026.01.06-15.25.26:059][234]LogAudioMixer: Display: 	Number of buffers to queue:			  2
[2026.01.06-15.25.26:059][234]LogAudioMixer: Display: 	Max Channels (voices):				  32
[2026.01.06-15.25.26:059][234]LogAudioMixer: Display: 	Number of Async Source Workers:		  0
[2026.01.06-15.25.26:059][234]LogAudio: Display: AudioDevice MaxSources: 32
[2026.01.06-15.25.26:059][234]LogAudio: Display: Audio Spatialization Plugin: None (built-in).
[2026.01.06-15.25.26:059][234]LogAudio: Display: Audio Reverb Plugin: None (built-in).
[2026.01.06-15.25.26:059][234]LogAudio: Display: Audio Occlusion Plugin: None (built-in).
[2026.01.06-15.25.26:059][234]LogAudioMixer: Display: Initializing audio mixer.
[2026.01.06-15.25.26:062][234]LogAudioMixer: Display: 0: FrontLeft
[2026.01.06-15.25.26:063][234]LogAudioMixer: Display: 1: FrontRight
[2026.01.06-15.25.26:071][234]LogAudioMixer: Display: Using Audio Device Speakers (Realtek(R) Audio)
[2026.01.06-15.25.26:071][234]LogAudioMixer: Display: Initializing Sound Submixes...
[2026.01.06-15.25.26:071][234]LogAudioMixer: Display: Creating Master Submix 'MasterSubmixDefault'
[2026.01.06-15.25.26:071][234]LogAudioMixer: Display: Creating Master Submix 'MasterReverbSubmixDefault'
[2026.01.06-15.25.26:071][234]LogAudioMixer: Display: Creating Master Submix 'MasterEQSubmixDefault'
[2026.01.06-15.25.26:071][234]LogAudioMixer: FMixerPlatformXAudio2::StartAudioStream() called
[2026.01.06-15.25.26:071][234]LogAudioMixer: Display: Output buffers initialized: Frames=1024, Channels=2, Samples=2048
[2026.01.06-15.25.26:072][234]LogAudioMixer: Display: Starting AudioMixerPlatformInterface::RunInternal()
[2026.01.06-15.25.26:072][234]LogAudioMixer: Display: FMixerPlatformXAudio2::SubmitBuffer() called for the first time
[2026.01.06-15.25.26:072][234]LogInit: FAudioDevice initialized.
[2026.01.06-15.25.26:072][234]LogAudio: Display: Audio Device (ID: 2) registered with world '02Boss'.
[2026.01.06-15.25.26:081][234]LogLoad: Game class is 'BP_Gameplay_GameMode_C'
[2026.01.06-15.25.26:086][234]LogWorld: Bringing World /Game/Maps/UEDPIE_0_02Boss.02Boss up for play (max tick rate 0) at 2026.01.06-17.25.26
[2026.01.06-15.25.26:087][234]LogWorld: Bringing up level for play took: 0.001148
[2026.01.06-15.25.26:087][234]LogOnline: OSS: Creating online subsystem instance for: :Context_12
[2026.01.06-15.25.26:106][234]LogNativeClassHierarchy: Verbose: Native class hierarchy updated for 'MovieSceneCapture' in 0.0002 seconds. Added 20 classes and 0 folders.
[2026.01.06-15.25.26:144][234]PIE: Server logged in
[2026.01.06-15.25.26:145][234]PIE: Play in editor total start time 0,121 seconds.
[2026.01.06-15.25.29:137][571]LogBlueprintUserMessages: [BP_Enemy25] 1
[2026.01.06-15.25.33:321][ 73]LogBlueprintUserMessages: [BP_Enemy30] 2
[2026.01.06-15.25.34:920][265]LogBlueprintUserMessages: [BP_Enemy28] 3
[2026.01.06-15.25.36:530][458]LogBlueprintUserMessages: [BP_Enemy33] 4
[2026.01.06-15.25.38:729][722]LogBlueprintUserMessages: [BP_Enemy31] 5
[2026.01.06-15.25.40:129][890]LogBlueprintUserMessages: [BP_Enemy21] 6
[2026.01.06-15.25.41:529][ 58]LogBlueprintUserMessages: [BP_Enemy26] 7
[2026.01.06-15.25.43:520][297]LogBlueprintUserMessages: [BP_Enemy23] 8
[2026.01.06-15.25.45:320][513]LogBlueprintUserMessages: [BP_Enemy16] 9
[2026.01.06-15.25.47:112][728]LogBlueprintUserMessages: [BP_Enemy18] 10
[2026.01.06-15.25.49:120][969]LogBlueprintUserMessages: [BP_Enemy19_11] 11
[2026.01.06-15.25.51:511][256]LogBlueprintUserMessages: [BP_Enemy15] 12
[2026.01.06-15.25.53:520][497]LogBlueprintUserMessages: [BP_Enemy24] 13
[2026.01.06-15.25.55:720][761]LogBlueprintUserMessages: [BP_Enemy29] 14
[2026.01.06-15.25.57:729][  2]LogBlueprintUserMessages: [BP_Enemy32] 15
[2026.01.06-15.25.59:729][242]LogBlueprintUserMessages: [BP_Enemy27] 16
[2026.01.06-15.26.01:929][506]LogBlueprintUserMessages: [BP_Enemy22] 17
[2026.01.06-15.26.04:128][770]LogBlueprintUserMessages: [BP_Enemy17] 18
[2026.01.06-15.26.05:920][985]LogBlueprintUserMessages: [BP_Enemy20] 19
[2026.01.06-15.26.10:312][512]LogBlueprintUserMessages: [BP_Enemy34] 20
[2026.01.06-15.26.12:972][825]LogSlate: Updating window title bar state: overlay mode, drag disabled, window buttons hidden, title bar hidden
[2026.01.06-15.26.12:972][825]LogWorld: BeginTearingDown for /Game/Maps/UEDPIE_0_02Boss
[2026.01.06-15.26.12:973][825]LogWorld: UWorld::CleanupWorld for 02Boss, bSessionEnded=true, bCleanupResources=true
[2026.01.06-15.26.12:973][825]LogSlate: InvalidateAllWidgets triggered.  All widgets were invalidated
[2026.01.06-15.26.12:981][825]LogPlayLevel: Display: Shutting down PIE online subsystems
[2026.01.06-15.26.12:985][825]LogSlate: InvalidateAllWidgets triggered.  All widgets were invalidated
[2026.01.06-15.26.13:010][825]LogAudio: Display: Audio Device unregistered from world 'None'.
[2026.01.06-15.26.13:011][825]LogAudioMixer: FMixerPlatformXAudio2::StopAudioStream() called
[2026.01.06-15.26.13:012][825]LogAudioMixer: FMixerPlatformXAudio2::StopAudioStream() called
[2026.01.06-15.26.13:013][825]LogSlate: Updating window title bar state: overlay mode, drag disabled, window buttons hidden, title bar hidden
[2026.01.06-15.26.13:025][825]LogUObjectHash: Compacting FUObjectHashTables data took   2.07ms
[2026.01.06-15.26.13:058][826]LogPlayLevel: Display: Destroying online subsystem :Context_12
[2026.01.06-15.26.56:239][616]BlueprintLog: New page: Compile BP_Gameplay_GameMode
[2026.01.06-15.26.56:291][616]LogUObjectHash: Compacting FUObjectHashTables data took   1.76ms
[2026.01.06-15.26.56:657][645]Cmd: OBJ SAVEPACKAGE PACKAGE="/Game/GameLogic/BP_Gameplay_GameMode" FILE="D:/Artemii/Game/Game/Content/GameLogic/BP_Gameplay_GameMode.uasset" SILENT=true
[2026.01.06-15.26.56:705][645]LogSavePackage: Moving 'D:/Artemii/Game/Game/Saved/BP_Gameplay_GameMode83C71132458435D733E31694E2BABDD2.tmp' to 'D:/Artemii/Game/Game/Content/GameLogic/BP_Gameplay_GameMode.uasset'
[2026.01.06-15.26.56:716][645]AssetCheck: New page: Asset Save: BP_Gameplay_GameMode
[2026.01.06-15.26.56:716][645]LogContentValidation: Display: Validating Blueprint /Game/GameLogic/BP_Gameplay_GameMode.BP_Gameplay_GameMode
[2026.01.06-15.26.58:209][815]Cmd: OBJ SAVEPACKAGE PACKAGE="/Game/Maps/02Boss" FILE="D:/Artemii/Game/Game/Content/Maps/02Boss.umap" SILENT=true AUTOSAVING=false KEEPDIRTY=false
[2026.01.06-15.26.58:230][815]LogUObjectHash: Compacting FUObjectHashTables data took   1.92ms
[2026.01.06-15.26.58:247][815]LogSavePackage: Moving 'D:/Artemii/Game/Game/Saved/02Boss017C62F344317D763D6A6AAF087D98EF.tmp' to 'D:/Artemii/Game/Game/Content/Maps/02Boss.umap'
[2026.01.06-15.26.58:312][815]AssetCheck: New page: Asset Save: 02Boss
[2026.01.06-15.26.58:312][815]LogContentValidation: Display: Validating World /Game/Maps/02Boss.02Boss
[2026.01.06-15.28.46:981][329]LogAssetEditorSubsystem: Opening Asset editor for Blueprint /Game/HeroChar/BP_HaroChar.BP_HaroChar
[2026.01.06-15.28.49:631][329]LogWindows: Error: === Critical error: ===
[2026.01.06-15.28.49:631][329]LogWindows: Error: 
[2026.01.06-15.28.49:631][329]LogWindows: Error: Fatal error!
[2026.01.06-15.28.49:631][329]LogWindows: Error: 
[2026.01.06-15.28.49:631][329]LogWindows: Error: Unhandled Exception: EXCEPTION_ACCESS_VIOLATION reading address 0x000000000000019c
[2026.01.06-15.28.49:631][329]LogWindows: Error: 
[2026.01.06-15.28.49:631][329]LogWindows: Error: [Callstack] 0x00007ffd308e68b7 UE4Editor-Core.dll!UnknownFunction []
[2026.01.06-15.28.49:631][329]LogWindows: Error: [Callstack] 0x00007ffd308e66de UE4Editor-Core.dll!UnknownFunction []
[2026.01.06-15.28.49:631][329]LogWindows: Error: [Callstack] 0x00007ffd2fe9d48f UE4Editor-CoreUObject.dll!UnknownFunction []
[2026.01.06-15.28.49:631][329]LogWindows: Error: [Callstack] 0x00007ffd2fe9e31a UE4Editor-CoreUObject.dll!UnknownFunction []
[2026.01.06-15.28.49:631][329]LogWindows: Error: [Callstack] 0x00007ffd2fc6f341 UE4Editor-CoreUObject.dll!UnknownFunction []
[2026.01.06-15.28.49:631][329]LogWindows: Error: [Callstack] 0x00007ffd2feee2a4 UE4Editor-CoreUObject.dll!UnknownFunction []
[2026.01.06-15.28.49:631][329]LogWindows: Error: [Callstack] 0x00007ffd2fe60fe6 UE4Editor-CoreUObject.dll!UnknownFunction []
[2026.01.06-15.28.49:631][329]LogWindows: Error: [Callstack] 0x00007ffd121d6d47 UE4Editor-MagicBulletLooksEditor.dll!UnknownFunction []
[2026.01.06-15.28.49:631][329]LogWindows: Error: [Callstack] 0x00007ffd121d401b UE4Editor-MagicBulletLooksEditor.dll!UnknownFunction []
[2026.01.06-15.28.49:631][329]LogWindows: Error: [Callstack] 0x00007ffd121d2636 UE4Editor-MagicBulletLooksEditor.dll!UnknownFunction []
[2026.01.06-15.28.49:631][329]LogWindows: Error: [Callstack] 0x00007ffd24eab13d UE4Editor-UnrealEd.dll!UnknownFunction []
[2026.01.06-15.28.49:631][329]LogWindows: Error: [Callstack] 0x00007ffd2527a88b UE4Editor-UnrealEd.dll!UnknownFunction []
[2026.01.06-15.28.49:631][329]LogWindows: Error: [Callstack] 0x00007ffd25352d13 UE4Editor-UnrealEd.dll!UnknownFunction []
[2026.01.06-15.28.49:631][329]LogWindows: Error: [Callstack] 0x00007ffd247ec168 UE4Editor-Kismet.dll!UnknownFunction []
[2026.01.06-15.28.49:631][329]LogWindows: Error: [Callstack] 0x00007ffd24a6335b UE4Editor-Kismet.dll!UnknownFunction []
[2026.01.06-15.28.49:631][329]LogWindows: Error: [Callstack] 0x00007ffd258ec85d UE4Editor-UnrealEd.dll!UnknownFunction []
[2026.01.06-15.28.49:631][329]LogWindows: Error: [Callstack] 0x00007ffd24a1981b UE4Editor-Kismet.dll!UnknownFunction []
[2026.01.06-15.28.49:631][329]LogWindows: Error: [Callstack] 0x00007ffd24630991 UE4Editor-Kismet.dll!UnknownFunction []
[2026.01.06-15.28.49:631][329]LogWindows: Error: [Callstack] 0x00007ffd2462b111 UE4Editor-Kismet.dll!UnknownFunction []
[2026.01.06-15.28.49:631][329]LogWindows: Error: [Callstack] 0x00007ffd2461eab0 UE4Editor-Kismet.dll!UnknownFunction []
[2026.01.06-15.28.49:631][329]LogWindows: Error: [Callstack] 0x00007ffd2464ca17 UE4Editor-Kismet.dll!UnknownFunction []
[2026.01.06-15.28.49:631][329]LogWindows: Error: [Callstack] 0x00007ffd247026af UE4Editor-Kismet.dll!UnknownFunction []
[2026.01.06-15.28.49:631][329]LogWindows: Error: [Callstack] 0x00007ffd24702c88 UE4Editor-Kismet.dll!UnknownFunction []
[2026.01.06-15.28.49:631][329]LogWindows: Error: [Callstack] 0x00007ffd1f01ffd6 UE4Editor-AssetTools.dll!UnknownFunction []
[2026.01.06-15.28.49:631][329]LogWindows: Error: [Callstack] 0x00007ffd25afb901 UE4Editor-UnrealEd.dll!UnknownFunction []
[2026.01.06-15.28.49:631][329]LogWindows: Error: [Callstack] 0x00007ffd25afc1bd UE4Editor-UnrealEd.dll!UnknownFunction []
[2026.01.06-15.28.49:631][329]LogWindows: Error: [Callstack] 0x00007ffd25afbeea UE4Editor-UnrealEd.dll!UnknownFunction []
[2026.01.06-15.28.49:631][329]LogWindows: Error: [Callstack] 0x00007ffd0c6d60cd UE4Editor-ContentBrowserAssetDataSource.dll!UnknownFunction []
[2026.01.06-15.28.49:631][329]LogWindows: Error: [Callstack] 0x00007ffd0c6d62f0 UE4Editor-ContentBrowserAssetDataSource.dll!UnknownFunction []
[2026.01.06-15.28.49:631][329]LogWindows: Error: [Callstack] 0x00007ffd0c6c2632 UE4Editor-ContentBrowserAssetDataSource.dll!UnknownFunction []
[2026.01.06-15.28.49:631][329]LogWindows: Error: [Callstack] 0x00007ffd1fc2d63d UE4Editor-ContentBrowser.dll!UnknownFunction []
[2026.01.06-15.28.49:631][329]LogWindows: Error: [Callstack] 0x00007ffd1fbeae40 UE4Editor-ContentBrowser.dll!UnknownFunction []
[2026.01.06-15.28.49:631][329]LogWindows: Error: [Callstack] 0x00007ffd1fb4dd7c UE4Editor-ContentBrowser.dll!UnknownFunction []
[2026.01.06-15.28.49:631][329]LogWindows: Error: [Callstack] 0x00007ffd1fb0ad97 UE4Editor-ContentBrowser.dll!UnknownFunction []
[2026.01.06-15.28.49:631][329]LogWindows: Error: [Callstack] 0x00007ffd1fa78944 UE4Editor-ContentBrowser.dll!UnknownFunction []
[2026.01.06-15.28.49:631][329]LogWindows: Error: [Callstack] 0x00007ffd1fb58ca7 UE4Editor-ContentBrowser.dll!UnknownFunction []
[2026.01.06-15.28.49:631][329]LogWindows: Error: [Callstack] 0x00007ffd1fb4df6b UE4Editor-ContentBrowser.dll!UnknownFunction []
[2026.01.06-15.28.49:631][329]LogWindows: Error: [Callstack] 0x00007ffd33652758 UE4Editor-Slate.dll!UnknownFunction []
[2026.01.06-15.28.49:631][329]LogWindows: Error: [Callstack] 0x00007ffd336ccad7 UE4Editor-Slate.dll!UnknownFunction []
[2026.01.06-15.28.49:631][329]LogWindows: Error: [Callstack] 0x00007ffd336b6203 UE4Editor-Slate.dll!UnknownFunction []
[2026.01.06-15.28.49:631][329]LogWindows: Error: [Callstack] 0x00007ffd336a9319 UE4Editor-Slate.dll!UnknownFunction []
[2026.01.06-15.28.49:631][329]LogWindows: Error: [Callstack] 0x00007ffd4432bfff UE4Editor-ApplicationCore.dll!UnknownFunction []
[2026.01.06-15.28.49:631][329]LogWindows: Error: [Callstack] 0x00007ffd443192b7 UE4Editor-ApplicationCore.dll!UnknownFunction []
[2026.01.06-15.28.49:631][329]LogWindows: Error: [Callstack] 0x00007ffd4432e465 UE4Editor-ApplicationCore.dll!UnknownFunction []
[2026.01.06-15.28.49:631][329]LogWindows: Error: [Callstack] 0x00007ffd44314410 UE4Editor-ApplicationCore.dll!UnknownFunction []
[2026.01.06-15.28.49:631][329]LogWindows: Error: [Callstack] 0x00007ffd8833ef5c USER32.dll!UnknownFunction []
[2026.01.06-15.28.49:631][329]LogWindows: Error: [Callstack] 0x00007ffd8833e684 USER32.dll!UnknownFunction []
[2026.01.06-15.28.49:631][329]LogWindows: Error: [Callstack] 0x00007ffd4432fcd4 UE4Editor-ApplicationCore.dll!UnknownFunction []
[2026.01.06-15.28.49:631][329]LogWindows: Error: [Callstack] 0x00007ff666b57621 UE4Editor.exe!UnknownFunction []
[2026.01.06-15.28.49:631][329]LogWindows: Error: [Callstack] 0x00007ff666b70fcc UE4Editor.exe!UnknownFunction []
[2026.01.06-15.28.49:631][329]LogWindows: Error: [Callstack] 0x00007ff666b710ba UE4Editor.exe!UnknownFunction []
[2026.01.06-15.28.49:631][329]LogWindows: Error: [Callstack] 0x00007ff666b740dd UE4Editor.exe!UnknownFunction []
[2026.01.06-15.28.49:631][329]LogWindows: Error: [Callstack] 0x00007ff666b85984 UE4Editor.exe!UnknownFunction []
[2026.01.06-15.28.49:631][329]LogWindows: Error: [Callstack] 0x00007ff666b8853a UE4Editor.exe!UnknownFunction []
[2026.01.06-15.28.49:631][329]LogWindows: Error: [Callstack] 0x00007ffd87f17374 KERNEL32.DLL!UnknownFunction []
[2026.01.06-15.28.49:631][329]LogWindows: Error: [Callstack] 0x00007ffd89bbcc91 ntdll.dll!UnknownFunction []
[2026.01.06-15.28.49:631][329]LogWindows: Error: 
[2026.01.06-15.28.49:633][329]LogExit: Executing StaticShutdownAfterError
[2026.01.06-15.28.49:636][329]LogWindows: FPlatformMisc::RequestExit(1)
[2026.01.06-15.28.49:636][329]LogWindows: FPlatformMisc::RequestExitWithStatus(1, 3)
[2026.01.06-15.28.49:636][329]LogCore: Engine exit requested (reason: Win RequestExit)
[2026.01.06-15.28.49:673][329]Log file closed, 01/06/26 17:28:49
