Log file open, 01/02/26 13:12:54
LogWindows: Failed to load 'aqProf.dll' (GetLastError=126)
LogWindows: File 'aqProf.dll' does not exist
LogWindows: Failed to load 'VtuneApi.dll' (GetLastError=126)
LogWindows: File 'VtuneApi.dll' does not exist
LogWindows: Failed to load 'VtuneApi32e.dll' (GetLastError=126)
LogWindows: File 'VtuneApi32e.dll' does not exist
LogConsoleResponse: Display: Failed to find resolution value strings in scalability ini. Falling back to default.
LogConsoleResponse: Display: Failed to find resolution value strings in scalability ini. Falling back to default.
LogInit: Display: Running engine for game: Game
LogPlatformFile: Not using cached read wrapper
LogTaskGraph: Started task graph with 5 named threads and 59 total threads with 3 sets of task threads.
LogStats: Stats thread started at 0.225599
LogICUInternationalization: ICU TimeZone Detection - Raw Offset: +2:00, Platform Override: ''
LogInit: Display: Loading text-based GConfig....
LogPluginManager: Mounting plugin MeshPainting
LogPluginManager: Mounting plugin XGEController
LogPluginManager: Mounting plugin AISupport
LogPluginManager: Mounting plugin EnvironmentQueryEditor
LogPluginManager: Mounting plugin Paper2D
LogPluginManager: Mounting plugin LightPropagationVolume
LogPluginManager: Mounting plugin AnimationSharing
LogPluginManager: Mounting plugin OodleNetwork
LogPluginManager: Mounting plugin OodleData
LogPluginManager: Mounting plugin CLionSourceCodeAccess
LogPluginManager: Mounting plugin CodeLiteSourceCodeAccess
LogPluginManager: Mounting plugin KDevelopSourceCodeAccess
LogPluginManager: Mounting plugin GitSourceControl
LogPluginManager: Mounting plugin NullSourceCodeAccess
LogPluginManager: Mounting plugin PixWinPlugin
LogPluginManager: Mounting plugin PerforceSourceControl
LogPluginManager: Mounting plugin PluginUtils
LogPluginManager: Mounting plugin PropertyAccessNode
LogPluginManager: Mounting plugin RiderSourceCodeAccess
LogPluginManager: Mounting plugin CameraShakePreviewer
LogPluginManager: Mounting plugin PlasticSourceControl
LogPluginManager: Mounting plugin SubversionSourceControl
LogPluginManager: Mounting plugin TextureFormatOodle
LogPluginManager: Mounting plugin VisualStudioCodeSourceCodeAccess
LogPluginManager: Mounting plugin VisualStudioSourceCodeAccess
LogPluginManager: Mounting plugin XCodeSourceCodeAccess
LogPluginManager: Mounting plugin UObjectPlugin
LogPluginManager: Mounting plugin GameplayCameras
LogPluginManager: Mounting plugin AssetManagerEditor
LogPluginManager: Mounting plugin CurveEditorTools
LogPluginManager: Mounting plugin CryptoKeys
LogPluginManager: Mounting plugin DataValidation
LogPluginManager: Mounting plugin FacialAnimation
LogPluginManager: Mounting plugin GameplayTagsEditor
LogPluginManager: Mounting plugin GeometryMode
LogPluginManager: Mounting plugin MacGraphicsSwitching
LogPluginManager: Mounting plugin MaterialAnalyzer
LogPluginManager: Mounting plugin MobileLauncherProfileWizard
LogPluginManager: Mounting plugin PluginBrowser
LogPluginManager: Mounting plugin SpeedTreeImporter
LogPluginManager: Mounting plugin AlembicImporter
LogPluginManager: Mounting plugin BackChannel
LogPluginManager: Mounting plugin AutomationUtils
LogPluginManager: Mounting plugin ChaosCloth
LogPluginManager: Mounting plugin ChaosClothEditor
LogPluginManager: Mounting plugin ChaosEditor
LogPluginManager: Mounting plugin ChaosNiagara
LogPluginManager: Mounting plugin ChaosSolverPlugin
LogPluginManager: Mounting plugin CharacterAI
LogPluginManager: Mounting plugin GeometryCollectionPlugin
LogPluginManager: Mounting plugin DatasmithContent
LogPluginManager: Mounting plugin VariantManagerContent
LogPluginManager: Mounting plugin GeometryProcessing
LogPluginManager: Mounting plugin MotoSynth
LogPluginManager: Mounting plugin OpenImageDenoise
LogPluginManager: Mounting plugin ProxyLODPlugin
LogPluginManager: Mounting plugin PlanarCut
LogPluginManager: Mounting plugin PlatformCrypto
LogPluginManager: Mounting plugin PythonScriptPlugin
LogPluginManager: Mounting plugin GeometryCache
LogPluginManager: Mounting plugin SkeletalReduction
LogPluginManager: Mounting plugin Niagara
LogPluginManager: Mounting plugin LuminPlatformFeatures
LogPluginManager: Mounting plugin MagicLeap
LogPluginManager: Mounting plugin MagicLeapLightEstimation
LogPluginManager: Mounting plugin MagicLeapMedia
LogPluginManager: Mounting plugin MagicLeapPassableWorld
LogPluginManager: Mounting plugin AndroidMedia
LogPluginManager: Mounting plugin AvfMedia
LogPluginManager: Mounting plugin ImgMedia
LogPluginManager: Mounting plugin MediaCompositing
LogPluginManager: Mounting plugin MediaPlayerEditor
LogPluginManager: Mounting plugin MagicBulletLooks
LogPluginManager: Mounting plugin WebMMedia
LogPluginManager: Mounting plugin WmfMedia
LogPluginManager: Mounting plugin TcpMessaging
LogPluginManager: Mounting plugin UdpMessaging
LogPluginManager: Mounting plugin MatineeToLevelSequence
LogPluginManager: Mounting plugin ActorSequence
LogPluginManager: Mounting plugin LevelSequenceEditor
LogPluginManager: Mounting plugin TemplateSequence
LogPluginManager: Mounting plugin OnlineSubsystem
LogPluginManager: Mounting plugin OnlineSubsystemNull
LogPluginManager: Mounting plugin OnlineSubsystemUtils
LogPluginManager: Mounting plugin LauncherChunkInstaller
LogPluginManager: Mounting plugin MLSDK
LogPluginManager: Mounting plugin ActorLayerUtilities
LogPluginManager: Mounting plugin AndroidDeviceProfileSelector
LogPluginManager: Mounting plugin AndroidPermission
LogPluginManager: Mounting plugin AndroidMoviePlayer
LogPluginManager: Mounting plugin AppleImageUtils
LogPluginManager: Mounting plugin AppleMoviePlayer
LogPluginManager: Mounting plugin ArchVisCharacter
LogPluginManager: Mounting plugin AudioSynesthesia
LogPluginManager: Mounting plugin AudioCapture
LogPluginManager: Mounting plugin AssetTags
LogPluginManager: Mounting plugin CableComponent
LogPluginManager: Mounting plugin EditableMesh
LogPluginManager: Mounting plugin ChunkDownloader
LogPluginManager: Mounting plugin CustomMeshComponent
LogPluginManager: Mounting plugin GoogleCloudMessaging
LogPluginManager: Mounting plugin ExampleDeviceProfileSelector
LogPluginManager: Mounting plugin GooglePAD
LogPluginManager: Mounting plugin IOSDeviceProfileSelector
LogPluginManager: Mounting plugin LinuxDeviceProfileSelector
LogPluginManager: Mounting plugin LocationServicesBPLibrary
LogPluginManager: Mounting plugin OpenXR
LogPluginManager: Mounting plugin OpenXRHandTracking
LogPluginManager: Mounting plugin OpenXREyeTracker
LogPluginManager: Mounting plugin PostSplashScreen
LogPluginManager: Mounting plugin ProceduralMeshComponent
LogPluginManager: Mounting plugin PhysXVehicles
LogPluginManager: Mounting plugin PropertyAccessEditor
LogPluginManager: Mounting plugin RuntimePhysXCooking
LogPluginManager: Mounting plugin SignificanceManager
LogPluginManager: Mounting plugin SoundFields
LogPluginManager: Mounting plugin MobilePatchingUtils
LogPluginManager: Mounting plugin Synthesis
LogPluginManager: Mounting plugin WebMMoviePlayer
LogPluginManager: Mounting plugin WindowsMoviePlayer
LogPluginManager: Mounting plugin ScreenshotTools
LogPluginManager: Mounting plugin Takes
LogPluginManager: Mounting plugin LiveLink
LogPluginManager: Mounting plugin ContentBrowserClassDataSource
LogPluginManager: Mounting plugin ContentBrowserFileDataSource
LogPluginManager: Mounting plugin ContentBrowserAssetDataSource
LogPluginManager: Mounting plugin OnlineSubsystemGooglePlay
LogPluginManager: Mounting plugin OnlineSubsystemIOS
LogPluginManager: Mounting plugin OculusVR
LogPluginManager: Mounting plugin SteamVR
PixWinPlugin: PIX capture plugin failed to initialize! Check that the process is launched from PIX.
LogInit: Using libcurl 7.55.1-DEV
LogInit:  - built for x86_64-pc-win32
LogInit:  - supports SSL with OpenSSL/1.1.1
LogInit:  - supports HTTP deflate (compression) using libz 1.2.8
LogInit:  - other features:
LogInit:      CURL_VERSION_SSL
LogInit:      CURL_VERSION_LIBZ
LogInit:      CURL_VERSION_IPV6
LogInit:      CURL_VERSION_ASYNCHDNS
LogInit:      CURL_VERSION_LARGEFILE
LogInit:      CURL_VERSION_IDN
LogInit:  CurlRequestOptions (configurable via config and command line):
LogInit:  - bVerifyPeer = true  - Libcurl will verify peer certificate
LogInit:  - bUseHttpProxy = false  - Libcurl will NOT use HTTP proxy
LogInit:  - bDontReuseConnections = false  - Libcurl will reuse connections
LogInit:  - MaxHostConnections = 16  - Libcurl will limit the number of connections to a host
LogInit:  - LocalHostAddr = Default
LogInit:  - BufferSize = 65536
LogOnline: OSS: Creating online subsystem instance for: NULL
LogInit: WinSock: version 1.1 (2.2), MaxSocks=32767, MaxUdp=65467
LogOnline: OSS: TryLoadSubsystemAndSetDefault: Loaded subsystem for module [NULL]
LogOculusPluginWrapper: OculusPlugin initialized successfully
LogHMD: Failed initializing OVRPlugin 1.59.0
LogInit: Build: ++UE4+Release-4.27-CL-18319896
LogInit: Engine Version: 4.27.2-18319896+++UE4+Release-4.27
LogInit: Compatible Engine Version: 4.27.0-17155196+++UE4+Release-4.27
LogInit: Net CL: 17155196
LogInit: OS: Windows 10 (Release 2009) (), CPU: 13th Gen Intel(R) Core(TM) i5-13500, GPU: NVIDIA GeForce RTX 3060 Ti
LogInit: Compiled (64-bit): Nov 30 2021 07:12:08
LogInit: Compiled with Visual C++: 19.24.28315.00
LogInit: Build Configuration: Development
LogInit: Branch Name: ++UE4+Release-4.27
LogInit: Command Line:  -AUTH_LOGIN=unused -AUTH_PASSWORD=ced82f6e6dd645a181f3a520c1269e38 -AUTH_TYPE=exchangecode -epicapp=UE_4.27 -epicenv=Prod -EpicPortal -epicusername=Onotole_s -epicuserid=d6119bee42044f12b5b3ac1e748b47de -epiclocale=en -epicsandboxid=ue
LogInit: Base Directory: C:/Program Files/Epic Games/UE_4.27/Engine/Binaries/Win64/
LogInit: Allocator: TBB
LogInit: Installed Engine Build: 1
LogDevObjectVersion: Number of dev versions registered: 29
LogDevObjectVersion:   Dev-Blueprints (B0D832E4-1F89-4F0D-ACCF-7EB736FD4AA2): 10
LogDevObjectVersion:   Dev-Build (E1C64328-A22C-4D53-A36C-8E866417BD8C): 0
LogDevObjectVersion:   Dev-Core (375EC13C-06E4-48FB-B500-84F0262A717E): 4
LogDevObjectVersion:   Dev-Editor (E4B068ED-F494-42E9-A231-DA0B2E46BB41): 40
LogDevObjectVersion:   Dev-Framework (CFFC743F-43B0-4480-9391-14DF171D2073): 37
LogDevObjectVersion:   Dev-Mobile (B02B49B5-BB20-44E9-A304-32B752E40360): 3
LogDevObjectVersion:   Dev-Networking (A4E4105C-59A1-49B5-A7C5-40C4547EDFEE): 0
LogDevObjectVersion:   Dev-Online (39C831C9-5AE6-47DC-9A44-9C173E1C8E7C): 0
LogDevObjectVersion:   Dev-Physics (78F01B33-EBEA-4F98-B9B4-84EACCB95AA2): 14
LogDevObjectVersion:   Dev-Platform (6631380F-2D4D-43E0-8009-CF276956A95A): 0
LogDevObjectVersion:   Dev-Rendering (12F88B9F-8875-4AFC-A67C-D90C383ABD29): 45
LogDevObjectVersion:   Dev-Sequencer (7B5AE74C-D270-4C10-A958-57980B212A5A): 13
LogDevObjectVersion:   Dev-VR (D7296918-1DD6-4BDD-9DE2-64A83CC13884): 3
LogDevObjectVersion:   Dev-LoadTimes (C2A15278-BFE7-4AFE-6C17-90FF531DF755): 1
LogDevObjectVersion:   Private-Geometry (6EACA3D4-40EC-4CC1-B786-8BED09428FC5): 3
LogDevObjectVersion:   Dev-AnimPhys (29E575DD-E0A3-4627-9D10-D276232CDCEA): 17
LogDevObjectVersion:   Dev-Anim (AF43A65D-7FD3-4947-9873-3E8ED9C1BB05): 15
LogDevObjectVersion:   Dev-ReflectionCapture (6B266CEC-1EC7-4B8F-A30B-E4D90942FC07): 1
LogDevObjectVersion:   Dev-Automation (0DF73D61-A23F-47EA-B727-89E90C41499A): 1
LogDevObjectVersion:   FortniteMain (601D1886-AC64-4F84-AA16-D3DE0DEAC7D6): 47
LogDevObjectVersion:   FortniteRelease (E7086368-6B23-4C58-8439-1B7016265E91): 1
LogDevObjectVersion:   Dev-Enterprise (9DFFBCD6-494F-0158-E221-12823C92A888): 10
LogDevObjectVersion:   Dev-Niagara (F2AED0AC-9AFE-416F-8664-AA7FFA26D6FC): 1
LogDevObjectVersion:   Dev-Destruction (174F1F0B-B4C6-45A5-B13F-2EE8D0FB917D): 10
LogDevObjectVersion:   Dev-Physics-Ext (35F94A83-E258-406C-A318-09F59610247C): 41
LogDevObjectVersion:   Dev-PhysicsMaterial-Chaos (B68FC16E-8B1B-42E2-B453-215C058844FE): 1
LogDevObjectVersion:   Dev-CineCamera (B2E18506-4273-CFC2-A54E-F4BB758BBA07): 1
LogDevObjectVersion:   Dev-VirtualProduction (64F58936-FD1B-42BA-BA96-7289D5D0FA4E): 1
LogDevObjectVersion:   Dev-MediaFramework (6F0ED827-A609-4895-9C91-998D90180EA4): 2
LogInit: Presizing for max 25165824 objects, including 0 objects not considered by GC, pre-allocating 0 bytes for permanent pool.
LogConfig: Applying CVar settings from Section [/Script/Engine.StreamingSettings] File [D:/Artemii/Game/Game/Saved/Config/Windows/Engine.ini]
LogConfig: Setting CVar [[s.MinBulkDataSizeForAsyncLoading:131072]]
LogConfig: Setting CVar [[s.AsyncLoadingThreadEnabled:0]]
LogConfig: Setting CVar [[s.EventDrivenLoaderEnabled:1]]
LogConfig: Setting CVar [[s.WarnIfTimeLimitExceeded:0]]
LogConfig: Setting CVar [[s.TimeLimitExceededMultiplier:1.5]]
LogConfig: Setting CVar [[s.TimeLimitExceededMinTime:0.005]]
LogConfig: Setting CVar [[s.UseBackgroundLevelStreaming:1]]
LogConfig: Setting CVar [[s.PriorityAsyncLoadingExtraTime:15.0]]
LogConfig: Setting CVar [[s.LevelStreamingActorsUpdateTimeLimit:5.0]]
LogConfig: Setting CVar [[s.PriorityLevelStreamingActorsUpdateExtraTime:5.0]]
LogConfig: Setting CVar [[s.LevelStreamingComponentsRegistrationGranularity:10]]
LogConfig: Setting CVar [[s.UnregisterComponentsTimeLimit:1.0]]
LogConfig: Setting CVar [[s.LevelStreamingComponentsUnregistrationGranularity:5]]
LogConfig: Setting CVar [[s.FlushStreamingOnExit:1]]
LogInit: Object subsystem initialized
LogConfig: Setting CVar [[con.DebugEarlyDefault:1]]
LogConfig: Setting CVar [[r.setres:1280x720]]
[2026.01.02-11.12.55:233][  0]LogConfig: Setting CVar [[r.VSync:0]]
[2026.01.02-11.12.55:233][  0]LogConfig: Setting CVar [[r.RHICmdBypass:0]]
[2026.01.02-11.12.55:233][  0]LogConfig: Applying CVar settings from Section [/Script/Engine.RendererSettings] File [D:/Artemii/Game/Game/Saved/Config/Windows/Engine.ini]
[2026.01.02-11.12.55:233][  0]LogConfig: Setting CVar [[r.GPUCrashDebugging:0]]
[2026.01.02-11.12.55:233][  0]LogConfig: Applying CVar settings from Section [/Script/Engine.RendererOverrideSettings] File [D:/Artemii/Game/Game/Saved/Config/Windows/Engine.ini]
[2026.01.02-11.12.55:233][  0]LogConfig: Applying CVar settings from Section [/Script/Engine.StreamingSettings] File [D:/Artemii/Game/Game/Saved/Config/Windows/Engine.ini]
[2026.01.02-11.12.55:233][  0]LogConfig: Setting CVar [[s.MinBulkDataSizeForAsyncLoading:131072]]
[2026.01.02-11.12.55:233][  0]LogConfig: Setting CVar [[s.AsyncLoadingThreadEnabled:0]]
[2026.01.02-11.12.55:233][  0]LogConfig: Setting CVar [[s.EventDrivenLoaderEnabled:1]]
[2026.01.02-11.12.55:233][  0]LogConfig: Setting CVar [[s.WarnIfTimeLimitExceeded:0]]
[2026.01.02-11.12.55:233][  0]LogConfig: Setting CVar [[s.TimeLimitExceededMultiplier:1.5]]
[2026.01.02-11.12.55:233][  0]LogConfig: Setting CVar [[s.TimeLimitExceededMinTime:0.005]]
[2026.01.02-11.12.55:233][  0]LogConfig: Setting CVar [[s.UseBackgroundLevelStreaming:1]]
[2026.01.02-11.12.55:233][  0]LogConfig: Setting CVar [[s.PriorityAsyncLoadingExtraTime:15.0]]
[2026.01.02-11.12.55:233][  0]LogConfig: Setting CVar [[s.LevelStreamingActorsUpdateTimeLimit:5.0]]
[2026.01.02-11.12.55:233][  0]LogConfig: Setting CVar [[s.PriorityLevelStreamingActorsUpdateExtraTime:5.0]]
[2026.01.02-11.12.55:233][  0]LogConfig: Setting CVar [[s.LevelStreamingComponentsRegistrationGranularity:10]]
[2026.01.02-11.12.55:233][  0]LogConfig: Setting CVar [[s.UnregisterComponentsTimeLimit:1.0]]
[2026.01.02-11.12.55:233][  0]LogConfig: Setting CVar [[s.LevelStreamingComponentsUnregistrationGranularity:5]]
[2026.01.02-11.12.55:233][  0]LogConfig: Setting CVar [[s.FlushStreamingOnExit:1]]
[2026.01.02-11.12.55:233][  0]LogConfig: Applying CVar settings from Section [/Script/Engine.GarbageCollectionSettings] File [D:/Artemii/Game/Game/Saved/Config/Windows/Engine.ini]
[2026.01.02-11.12.55:233][  0]LogConfig: Setting CVar [[gc.MaxObjectsNotConsideredByGC:1]]
[2026.01.02-11.12.55:233][  0]LogConfig: Setting CVar [[gc.SizeOfPermanentObjectPool:0]]
[2026.01.02-11.12.55:233][  0]LogConfig: Setting CVar [[gc.FlushStreamingOnGC:0]]
[2026.01.02-11.12.55:233][  0]LogConfig: Setting CVar [[gc.NumRetriesBeforeForcingGC:10]]
[2026.01.02-11.12.55:233][  0]LogConfig: Setting CVar [[gc.AllowParallelGC:1]]
[2026.01.02-11.12.55:233][  0]LogConfig: Setting CVar [[gc.TimeBetweenPurgingPendingKillObjects:61.1]]
[2026.01.02-11.12.55:233][  0]LogConfig: Setting CVar [[gc.MaxObjectsInEditor:25165824]]
[2026.01.02-11.12.55:233][  0]LogConfig: Setting CVar [[gc.IncrementalBeginDestroyEnabled:1]]
[2026.01.02-11.12.55:233][  0]LogConfig: Setting CVar [[gc.CreateGCClusters:1]]
[2026.01.02-11.12.55:233][  0]LogConfig: Setting CVar [[gc.MinGCClusterSize:5]]
[2026.01.02-11.12.55:233][  0]LogConfig: Setting CVar [[gc.ActorClusteringEnabled:0]]
[2026.01.02-11.12.55:233][  0]LogConfig: Setting CVar [[gc.BlueprintClusteringEnabled:0]]
[2026.01.02-11.12.55:233][  0]LogConfig: Setting CVar [[gc.UseDisregardForGCOnDedicatedServers:0]]
[2026.01.02-11.12.55:233][  0]LogConfig: Setting CVar [[gc.MultithreadedDestructionEnabled:1]]
[2026.01.02-11.12.55:233][  0]LogConfig: Applying CVar settings from Section [/Script/Engine.NetworkSettings] File [D:/Artemii/Game/Game/Saved/Config/Windows/Engine.ini]
[2026.01.02-11.12.55:233][  0]LogConfig: Applying CVar settings from Section [/Script/UnrealEd.CookerSettings] File [D:/Artemii/Game/Game/Saved/Config/Windows/Engine.ini]
[2026.01.02-11.12.55:242][  0]LogConfig: Applying CVar settings from Section [ViewDistanceQuality@3] File [D:/Artemii/Game/Game/Saved/Config/Windows/Scalability.ini]
[2026.01.02-11.12.55:242][  0]LogConfig: Setting CVar [[r.SkeletalMeshLODBias:0]]
[2026.01.02-11.12.55:242][  0]LogConfig: Setting CVar [[r.ViewDistanceScale:1.0]]
[2026.01.02-11.12.55:242][  0]LogConfig: Applying CVar settings from Section [AntiAliasingQuality@3] File [D:/Artemii/Game/Game/Saved/Config/Windows/Scalability.ini]
[2026.01.02-11.12.55:242][  0]LogConfig: Setting CVar [[r.PostProcessAAQuality:4]]
[2026.01.02-11.12.55:242][  0]LogConfig: Applying CVar settings from Section [ShadowQuality@3] File [D:/Artemii/Game/Game/Saved/Config/Windows/Scalability.ini]
[2026.01.02-11.12.55:242][  0]LogConfig: Setting CVar [[r.LightFunctionQuality:1]]
[2026.01.02-11.12.55:242][  0]LogConfig: Setting CVar [[r.ShadowQuality:5]]
[2026.01.02-11.12.55:242][  0]LogConfig: Setting CVar [[r.Shadow.CSM.MaxCascades:10]]
[2026.01.02-11.12.55:242][  0]LogConfig: Setting CVar [[r.Shadow.MaxResolution:2048]]
[2026.01.02-11.12.55:242][  0]LogConfig: Setting CVar [[r.Shadow.MaxCSMResolution:2048]]
[2026.01.02-11.12.55:242][  0]LogConfig: Setting CVar [[r.Shadow.RadiusThreshold:0.01]]
[2026.01.02-11.12.55:242][  0]LogConfig: Setting CVar [[r.Shadow.DistanceScale:1.0]]
[2026.01.02-11.12.55:242][  0]LogConfig: Setting CVar [[r.Shadow.CSM.TransitionScale:1.0]]
[2026.01.02-11.12.55:242][  0]LogConfig: Setting CVar [[r.Shadow.PreShadowResolutionFactor:1.0]]
[2026.01.02-11.12.55:242][  0]LogConfig: Setting CVar [[r.DistanceFieldShadowing:1]]
[2026.01.02-11.12.55:242][  0]LogConfig: Setting CVar [[r.DistanceFieldAO:1]]
[2026.01.02-11.12.55:242][  0]LogConfig: Setting CVar [[r.AOQuality:2]]
[2026.01.02-11.12.55:242][  0]LogConfig: Setting CVar [[r.VolumetricFog:1]]
[2026.01.02-11.12.55:242][  0]LogConfig: Setting CVar [[r.VolumetricFog.GridPixelSize:8]]
[2026.01.02-11.12.55:242][  0]LogConfig: Setting CVar [[r.VolumetricFog.GridSizeZ:128]]
[2026.01.02-11.12.55:242][  0]LogConfig: Setting CVar [[r.VolumetricFog.HistoryMissSupersampleCount:4]]
[2026.01.02-11.12.55:242][  0]LogConfig: Setting CVar [[r.LightMaxDrawDistanceScale:1]]
[2026.01.02-11.12.55:242][  0]LogConfig: Setting CVar [[r.CapsuleShadows:1]]
[2026.01.02-11.12.55:242][  0]LogConfig: Applying CVar settings from Section [PostProcessQuality@3] File [D:/Artemii/Game/Game/Saved/Config/Windows/Scalability.ini]
[2026.01.02-11.12.55:242][  0]LogConfig: Setting CVar [[r.MotionBlurQuality:4]]
[2026.01.02-11.12.55:242][  0]LogConfig: Setting CVar [[r.AmbientOcclusionMipLevelFactor:0.4]]
[2026.01.02-11.12.55:242][  0]LogConfig: Setting CVar [[r.AmbientOcclusionMaxQuality:100]]
[2026.01.02-11.12.55:242][  0]LogConfig: Setting CVar [[r.AmbientOcclusionLevels:-1]]
[2026.01.02-11.12.55:242][  0]LogConfig: Setting CVar [[r.AmbientOcclusionRadiusScale:1.0]]
[2026.01.02-11.12.55:242][  0]LogConfig: Setting CVar [[r.DepthOfFieldQuality:2]]
[2026.01.02-11.12.55:242][  0]LogConfig: Setting CVar [[r.RenderTargetPoolMin:400]]
[2026.01.02-11.12.55:242][  0]LogConfig: Setting CVar [[r.LensFlareQuality:2]]
[2026.01.02-11.12.55:242][  0]LogConfig: Setting CVar [[r.SceneColorFringeQuality:1]]
[2026.01.02-11.12.55:242][  0]LogConfig: Setting CVar [[r.EyeAdaptationQuality:2]]
[2026.01.02-11.12.55:242][  0]LogConfig: Setting CVar [[r.BloomQuality:5]]
[2026.01.02-11.12.55:242][  0]LogConfig: Setting CVar [[r.FastBlurThreshold:100]]
[2026.01.02-11.12.55:242][  0]LogConfig: Setting CVar [[r.Upscale.Quality:3]]
[2026.01.02-11.12.55:242][  0]LogConfig: Setting CVar [[r.Tonemapper.GrainQuantization:1]]
[2026.01.02-11.12.55:242][  0]LogConfig: Setting CVar [[r.LightShaftQuality:1]]
[2026.01.02-11.12.55:242][  0]LogConfig: Setting CVar [[r.Filter.SizeScale:1]]
[2026.01.02-11.12.55:242][  0]LogConfig: Setting CVar [[r.Tonemapper.Quality:5]]
[2026.01.02-11.12.55:242][  0]LogConfig: Setting CVar [[r.DOF.Gather.AccumulatorQuality:1        ; higher gathering accumulator quality]]
[2026.01.02-11.12.55:242][  0]LogConfig: Setting CVar [[r.DOF.Gather.PostfilterMethod:1          ; Median3x3 postfilering method]]
[2026.01.02-11.12.55:242][  0]LogConfig: Setting CVar [[r.DOF.Gather.EnableBokehSettings:0       ; no bokeh simulation when gathering]]
[2026.01.02-11.12.55:242][  0]LogConfig: Setting CVar [[r.DOF.Gather.RingCount:4                 ; medium number of samples when gathering]]
[2026.01.02-11.12.55:242][  0]LogConfig: Setting CVar [[r.DOF.Scatter.ForegroundCompositing:1    ; additive foreground scattering]]
[2026.01.02-11.12.55:242][  0]LogConfig: Setting CVar [[r.DOF.Scatter.BackgroundCompositing:2    ; additive background scattering]]
[2026.01.02-11.12.55:242][  0]LogConfig: Setting CVar [[r.DOF.Scatter.EnableBokehSettings:1      ; bokeh simulation when scattering]]
[2026.01.02-11.12.55:242][  0]LogConfig: Setting CVar [[r.DOF.Scatter.MaxSpriteRatio:0.1         ; only a maximum of 10% of scattered bokeh]]
[2026.01.02-11.12.55:242][  0]LogConfig: Setting CVar [[r.DOF.Recombine.Quality:1                ; cheap slight out of focus]]
[2026.01.02-11.12.55:242][  0]LogConfig: Setting CVar [[r.DOF.Recombine.EnableBokehSettings:0    ; no bokeh simulation on slight out of focus]]
[2026.01.02-11.12.55:242][  0]LogConfig: Setting CVar [[r.DOF.TemporalAAQuality:1                ; more stable temporal accumulation]]
[2026.01.02-11.12.55:242][  0]LogConfig: Setting CVar [[r.DOF.Kernel.MaxForegroundRadius:0.025]]
[2026.01.02-11.12.55:242][  0]LogConfig: Setting CVar [[r.DOF.Kernel.MaxBackgroundRadius:0.025]]
[2026.01.02-11.12.55:242][  0]LogConfig: Applying CVar settings from Section [TextureQuality@3] File [D:/Artemii/Game/Game/Saved/Config/Windows/Scalability.ini]
[2026.01.02-11.12.55:242][  0]LogConfig: Setting CVar [[r.Streaming.MipBias:0]]
[2026.01.02-11.12.55:242][  0]LogConfig: Setting CVar [[r.Streaming.AmortizeCPUToGPUCopy:0]]
[2026.01.02-11.12.55:243][  0]LogConfig: Setting CVar [[r.Streaming.MaxNumTexturesToStreamPerFrame:0]]
[2026.01.02-11.12.55:243][  0]LogConfig: Setting CVar [[r.Streaming.Boost:1]]
[2026.01.02-11.12.55:243][  0]LogConfig: Setting CVar [[r.MaxAnisotropy:8]]
[2026.01.02-11.12.55:243][  0]LogConfig: Setting CVar [[r.VT.MaxAnisotropy:8]]
[2026.01.02-11.12.55:243][  0]LogConfig: Setting CVar [[r.Streaming.LimitPoolSizeToVRAM:0]]
[2026.01.02-11.12.55:243][  0]LogConfig: Setting CVar [[r.Streaming.PoolSize:1000]]
[2026.01.02-11.12.55:243][  0]LogConfig: Setting CVar [[r.Streaming.MaxEffectiveScreenSize:0]]
[2026.01.02-11.12.55:243][  0]LogConfig: Applying CVar settings from Section [EffectsQuality@3] File [D:/Artemii/Game/Game/Saved/Config/Windows/Scalability.ini]
[2026.01.02-11.12.55:243][  0]LogConfig: Setting CVar [[r.TranslucencyLightingVolumeDim:64]]
[2026.01.02-11.12.55:243][  0]LogConfig: Setting CVar [[r.RefractionQuality:2]]
[2026.01.02-11.12.55:243][  0]LogConfig: Setting CVar [[r.SSR.Quality:3]]
[2026.01.02-11.12.55:243][  0]LogConfig: Setting CVar [[r.SSR.HalfResSceneColor:0]]
[2026.01.02-11.12.55:243][  0]LogConfig: Setting CVar [[r.SceneColorFormat:4]]
[2026.01.02-11.12.55:243][  0]LogConfig: Setting CVar [[r.DetailMode:2]]
[2026.01.02-11.12.55:243][  0]LogConfig: Setting CVar [[r.TranslucencyVolumeBlur:1]]
[2026.01.02-11.12.55:243][  0]LogConfig: Setting CVar [[r.MaterialQualityLevel:1 ; High quality]]
[2026.01.02-11.12.55:243][  0]LogConfig: Setting CVar [[r.AnisotropicMaterials:1]]
[2026.01.02-11.12.55:243][  0]LogConfig: Setting CVar [[r.SSS.Scale:1]]
[2026.01.02-11.12.55:243][  0]LogConfig: Setting CVar [[r.SSS.SampleSet:2]]
[2026.01.02-11.12.55:243][  0]LogConfig: Setting CVar [[r.SSS.Quality:1]]
[2026.01.02-11.12.55:243][  0]LogConfig: Setting CVar [[r.SSS.HalfRes:0]]
[2026.01.02-11.12.55:243][  0]LogConfig: Setting CVar [[r.SSGI.Quality:3]]
[2026.01.02-11.12.55:243][  0]LogConfig: Setting CVar [[r.EmitterSpawnRateScale:1.0]]
[2026.01.02-11.12.55:243][  0]LogConfig: Setting CVar [[r.ParticleLightQuality:2]]
[2026.01.02-11.12.55:243][  0]LogConfig: Setting CVar [[r.SkyAtmosphere.AerialPerspectiveLUT.FastApplyOnOpaque:1 ; Always have FastSkyLUT 1 in this case to avoid wrong sky]]
[2026.01.02-11.12.55:243][  0]LogConfig: Setting CVar [[r.SkyAtmosphere.AerialPerspectiveLUT.SampleCountMaxPerSlice:4]]
[2026.01.02-11.12.55:243][  0]LogConfig: Setting CVar [[r.SkyAtmosphere.AerialPerspectiveLUT.DepthResolution:16.0]]
[2026.01.02-11.12.55:243][  0]LogConfig: Setting CVar [[r.SkyAtmosphere.FastSkyLUT:1]]
[2026.01.02-11.12.55:243][  0]LogConfig: Setting CVar [[r.SkyAtmosphere.FastSkyLUT.SampleCountMin:4.0]]
[2026.01.02-11.12.55:243][  0]LogConfig: Setting CVar [[r.SkyAtmosphere.FastSkyLUT.SampleCountMax:128.0]]
[2026.01.02-11.12.55:243][  0]LogConfig: Setting CVar [[r.SkyAtmosphere.SampleCountMin:4.0]]
[2026.01.02-11.12.55:243][  0]LogConfig: Setting CVar [[r.SkyAtmosphere.SampleCountMax:128.0]]
[2026.01.02-11.12.55:243][  0]LogConfig: Setting CVar [[r.SkyAtmosphere.TransmittanceLUT.UseSmallFormat:0]]
[2026.01.02-11.12.55:243][  0]LogConfig: Setting CVar [[r.SkyAtmosphere.TransmittanceLUT.SampleCount:10.0]]
[2026.01.02-11.12.55:243][  0]LogConfig: Setting CVar [[r.SkyAtmosphere.MultiScatteringLUT.SampleCount:15.0]]
[2026.01.02-11.12.55:243][  0]LogConfig: Setting CVar [[r.SkyLight.RealTimeReflectionCapture:1]]
[2026.01.02-11.12.55:243][  0]LogConfig: Applying CVar settings from Section [FoliageQuality@3] File [D:/Artemii/Game/Game/Saved/Config/Windows/Scalability.ini]
[2026.01.02-11.12.55:243][  0]LogConfig: Setting CVar [[foliage.DensityScale:1.0]]
[2026.01.02-11.12.55:243][  0]LogConfig: Setting CVar [[grass.DensityScale:1.0]]
[2026.01.02-11.12.55:243][  0]LogConfig: Applying CVar settings from Section [ShadingQuality@3] File [D:/Artemii/Game/Game/Saved/Config/Windows/Scalability.ini]
[2026.01.02-11.12.55:243][  0]LogConfig: Setting CVar [[r.HairStrands.SkyLighting.IntegrationType:2]]
[2026.01.02-11.12.55:243][  0]LogConfig: Setting CVar [[r.HairStrands.SkyAO.SampleCount:4]]
[2026.01.02-11.12.55:243][  0]LogConfig: Setting CVar [[r.HairStrands.Visibility.MSAA.SamplePerPixel:4]]
[2026.01.02-11.12.55:243][  0]LogInit: Selected Device Profile: [Windows]
[2026.01.02-11.12.55:243][  0]LogInit: Applying CVar settings loaded from the selected device profile: [Windows]
[2026.01.02-11.12.55:243][  0]LogHAL: Display: Platform has ~ 32 GB [34153394176 / 34359738368 / 32], which maps to Largest [LargestMinGB=32, LargerMinGB=12, DefaultMinGB=8, SmallerMinGB=6, SmallestMinGB=0)
[2026.01.02-11.12.55:243][  0]LogInit: Going up to parent DeviceProfile []
[2026.01.02-11.12.55:243][  0]LogConfig: Applying CVar settings from Section [ViewDistanceQuality@3] File [D:/Artemii/Game/Game/Saved/Config/Windows/Scalability.ini]
[2026.01.02-11.12.55:243][  0]LogConfig: Setting CVar [[r.SkeletalMeshLODBias:0]]
[2026.01.02-11.12.55:243][  0]LogConfig: Setting CVar [[r.ViewDistanceScale:1.0]]
[2026.01.02-11.12.55:243][  0]LogConfig: Applying CVar settings from Section [AntiAliasingQuality@3] File [D:/Artemii/Game/Game/Saved/Config/Windows/Scalability.ini]
[2026.01.02-11.12.55:243][  0]LogConfig: Setting CVar [[r.PostProcessAAQuality:4]]
[2026.01.02-11.12.55:243][  0]LogConfig: Applying CVar settings from Section [ShadowQuality@3] File [D:/Artemii/Game/Game/Saved/Config/Windows/Scalability.ini]
[2026.01.02-11.12.55:243][  0]LogConfig: Setting CVar [[r.LightFunctionQuality:1]]
[2026.01.02-11.12.55:243][  0]LogConfig: Setting CVar [[r.ShadowQuality:5]]
[2026.01.02-11.12.55:243][  0]LogConfig: Setting CVar [[r.Shadow.CSM.MaxCascades:10]]
[2026.01.02-11.12.55:243][  0]LogConfig: Setting CVar [[r.Shadow.MaxResolution:2048]]
[2026.01.02-11.12.55:243][  0]LogConfig: Setting CVar [[r.Shadow.MaxCSMResolution:2048]]
[2026.01.02-11.12.55:243][  0]LogConfig: Setting CVar [[r.Shadow.RadiusThreshold:0.01]]
[2026.01.02-11.12.55:243][  0]LogConfig: Setting CVar [[r.Shadow.DistanceScale:1.0]]
[2026.01.02-11.12.55:243][  0]LogConfig: Setting CVar [[r.Shadow.CSM.TransitionScale:1.0]]
[2026.01.02-11.12.55:243][  0]LogConfig: Setting CVar [[r.Shadow.PreShadowResolutionFactor:1.0]]
[2026.01.02-11.12.55:243][  0]LogConfig: Setting CVar [[r.DistanceFieldShadowing:1]]
[2026.01.02-11.12.55:243][  0]LogConfig: Setting CVar [[r.DistanceFieldAO:1]]
[2026.01.02-11.12.55:243][  0]LogConfig: Setting CVar [[r.AOQuality:2]]
[2026.01.02-11.12.55:243][  0]LogConfig: Setting CVar [[r.VolumetricFog:1]]
[2026.01.02-11.12.55:243][  0]LogConfig: Setting CVar [[r.VolumetricFog.GridPixelSize:8]]
[2026.01.02-11.12.55:243][  0]LogConfig: Setting CVar [[r.VolumetricFog.GridSizeZ:128]]
[2026.01.02-11.12.55:243][  0]LogConfig: Setting CVar [[r.VolumetricFog.HistoryMissSupersampleCount:4]]
[2026.01.02-11.12.55:243][  0]LogConfig: Setting CVar [[r.LightMaxDrawDistanceScale:1]]
[2026.01.02-11.12.55:243][  0]LogConfig: Setting CVar [[r.CapsuleShadows:1]]
[2026.01.02-11.12.55:243][  0]LogConfig: Applying CVar settings from Section [PostProcessQuality@3] File [D:/Artemii/Game/Game/Saved/Config/Windows/Scalability.ini]
[2026.01.02-11.12.55:243][  0]LogConfig: Setting CVar [[r.MotionBlurQuality:4]]
[2026.01.02-11.12.55:243][  0]LogConfig: Setting CVar [[r.AmbientOcclusionMipLevelFactor:0.4]]
[2026.01.02-11.12.55:243][  0]LogConfig: Setting CVar [[r.AmbientOcclusionMaxQuality:100]]
[2026.01.02-11.12.55:243][  0]LogConfig: Setting CVar [[r.AmbientOcclusionLevels:-1]]
[2026.01.02-11.12.55:243][  0]LogConfig: Setting CVar [[r.AmbientOcclusionRadiusScale:1.0]]
[2026.01.02-11.12.55:243][  0]LogConfig: Setting CVar [[r.DepthOfFieldQuality:2]]
[2026.01.02-11.12.55:243][  0]LogConfig: Setting CVar [[r.RenderTargetPoolMin:400]]
[2026.01.02-11.12.55:243][  0]LogConfig: Setting CVar [[r.LensFlareQuality:2]]
[2026.01.02-11.12.55:243][  0]LogConfig: Setting CVar [[r.SceneColorFringeQuality:1]]
[2026.01.02-11.12.55:243][  0]LogConfig: Setting CVar [[r.EyeAdaptationQuality:2]]
[2026.01.02-11.12.55:243][  0]LogConfig: Setting CVar [[r.BloomQuality:5]]
[2026.01.02-11.12.55:243][  0]LogConfig: Setting CVar [[r.FastBlurThreshold:100]]
[2026.01.02-11.12.55:243][  0]LogConfig: Setting CVar [[r.Upscale.Quality:3]]
[2026.01.02-11.12.55:243][  0]LogConfig: Setting CVar [[r.Tonemapper.GrainQuantization:1]]
[2026.01.02-11.12.55:243][  0]LogConfig: Setting CVar [[r.LightShaftQuality:1]]
[2026.01.02-11.12.55:243][  0]LogConfig: Setting CVar [[r.Filter.SizeScale:1]]
[2026.01.02-11.12.55:243][  0]LogConfig: Setting CVar [[r.Tonemapper.Quality:5]]
[2026.01.02-11.12.55:243][  0]LogConfig: Setting CVar [[r.DOF.Gather.AccumulatorQuality:1        ; higher gathering accumulator quality]]
[2026.01.02-11.12.55:243][  0]LogConfig: Setting CVar [[r.DOF.Gather.PostfilterMethod:1          ; Median3x3 postfilering method]]
[2026.01.02-11.12.55:243][  0]LogConfig: Setting CVar [[r.DOF.Gather.EnableBokehSettings:0       ; no bokeh simulation when gathering]]
[2026.01.02-11.12.55:243][  0]LogConfig: Setting CVar [[r.DOF.Gather.RingCount:4                 ; medium number of samples when gathering]]
[2026.01.02-11.12.55:243][  0]LogConfig: Setting CVar [[r.DOF.Scatter.ForegroundCompositing:1    ; additive foreground scattering]]
[2026.01.02-11.12.55:243][  0]LogConfig: Setting CVar [[r.DOF.Scatter.BackgroundCompositing:2    ; additive background scattering]]
[2026.01.02-11.12.55:243][  0]LogConfig: Setting CVar [[r.DOF.Scatter.EnableBokehSettings:1      ; bokeh simulation when scattering]]
[2026.01.02-11.12.55:243][  0]LogConfig: Setting CVar [[r.DOF.Scatter.MaxSpriteRatio:0.1         ; only a maximum of 10% of scattered bokeh]]
[2026.01.02-11.12.55:243][  0]LogConfig: Setting CVar [[r.DOF.Recombine.Quality:1                ; cheap slight out of focus]]
[2026.01.02-11.12.55:243][  0]LogConfig: Setting CVar [[r.DOF.Recombine.EnableBokehSettings:0    ; no bokeh simulation on slight out of focus]]
[2026.01.02-11.12.55:243][  0]LogConfig: Setting CVar [[r.DOF.TemporalAAQuality:1                ; more stable temporal accumulation]]
[2026.01.02-11.12.55:243][  0]LogConfig: Setting CVar [[r.DOF.Kernel.MaxForegroundRadius:0.025]]
[2026.01.02-11.12.55:243][  0]LogConfig: Setting CVar [[r.DOF.Kernel.MaxBackgroundRadius:0.025]]
[2026.01.02-11.12.55:243][  0]LogConfig: Applying CVar settings from Section [TextureQuality@3] File [D:/Artemii/Game/Game/Saved/Config/Windows/Scalability.ini]
[2026.01.02-11.12.55:243][  0]LogConfig: Setting CVar [[r.Streaming.MipBias:0]]
[2026.01.02-11.12.55:243][  0]LogConfig: Setting CVar [[r.Streaming.AmortizeCPUToGPUCopy:0]]
[2026.01.02-11.12.55:243][  0]LogConfig: Setting CVar [[r.Streaming.MaxNumTexturesToStreamPerFrame:0]]
[2026.01.02-11.12.55:243][  0]LogConfig: Setting CVar [[r.Streaming.Boost:1]]
[2026.01.02-11.12.55:243][  0]LogConfig: Setting CVar [[r.MaxAnisotropy:8]]
[2026.01.02-11.12.55:243][  0]LogConfig: Setting CVar [[r.VT.MaxAnisotropy:8]]
[2026.01.02-11.12.55:243][  0]LogConfig: Setting CVar [[r.Streaming.LimitPoolSizeToVRAM:0]]
[2026.01.02-11.12.55:243][  0]LogConfig: Setting CVar [[r.Streaming.PoolSize:1000]]
[2026.01.02-11.12.55:243][  0]LogConfig: Setting CVar [[r.Streaming.MaxEffectiveScreenSize:0]]
[2026.01.02-11.12.55:243][  0]LogConfig: Applying CVar settings from Section [EffectsQuality@3] File [D:/Artemii/Game/Game/Saved/Config/Windows/Scalability.ini]
[2026.01.02-11.12.55:243][  0]LogConfig: Setting CVar [[r.TranslucencyLightingVolumeDim:64]]
[2026.01.02-11.12.55:243][  0]LogConfig: Setting CVar [[r.RefractionQuality:2]]
[2026.01.02-11.12.55:243][  0]LogConfig: Setting CVar [[r.SSR.Quality:3]]
[2026.01.02-11.12.55:243][  0]LogConfig: Setting CVar [[r.SSR.HalfResSceneColor:0]]
[2026.01.02-11.12.55:243][  0]LogConfig: Setting CVar [[r.SceneColorFormat:4]]
[2026.01.02-11.12.55:243][  0]LogConfig: Setting CVar [[r.DetailMode:2]]
[2026.01.02-11.12.55:243][  0]LogConfig: Setting CVar [[r.TranslucencyVolumeBlur:1]]
[2026.01.02-11.12.55:243][  0]LogConfig: Setting CVar [[r.MaterialQualityLevel:1 ; High quality]]
[2026.01.02-11.12.55:243][  0]LogConfig: Setting CVar [[r.AnisotropicMaterials:1]]
[2026.01.02-11.12.55:243][  0]LogConfig: Setting CVar [[r.SSS.Scale:1]]
[2026.01.02-11.12.55:243][  0]LogConfig: Setting CVar [[r.SSS.SampleSet:2]]
[2026.01.02-11.12.55:243][  0]LogConfig: Setting CVar [[r.SSS.Quality:1]]
[2026.01.02-11.12.55:243][  0]LogConfig: Setting CVar [[r.SSS.HalfRes:0]]
[2026.01.02-11.12.55:243][  0]LogConfig: Setting CVar [[r.SSGI.Quality:3]]
[2026.01.02-11.12.55:243][  0]LogConfig: Setting CVar [[r.EmitterSpawnRateScale:1.0]]
[2026.01.02-11.12.55:243][  0]LogConfig: Setting CVar [[r.ParticleLightQuality:2]]
[2026.01.02-11.12.55:243][  0]LogConfig: Setting CVar [[r.SkyAtmosphere.AerialPerspectiveLUT.FastApplyOnOpaque:1 ; Always have FastSkyLUT 1 in this case to avoid wrong sky]]
[2026.01.02-11.12.55:243][  0]LogConfig: Setting CVar [[r.SkyAtmosphere.AerialPerspectiveLUT.SampleCountMaxPerSlice:4]]
[2026.01.02-11.12.55:243][  0]LogConfig: Setting CVar [[r.SkyAtmosphere.AerialPerspectiveLUT.DepthResolution:16.0]]
[2026.01.02-11.12.55:243][  0]LogConfig: Setting CVar [[r.SkyAtmosphere.FastSkyLUT:1]]
[2026.01.02-11.12.55:243][  0]LogConfig: Setting CVar [[r.SkyAtmosphere.FastSkyLUT.SampleCountMin:4.0]]
[2026.01.02-11.12.55:243][  0]LogConfig: Setting CVar [[r.SkyAtmosphere.FastSkyLUT.SampleCountMax:128.0]]
[2026.01.02-11.12.55:243][  0]LogConfig: Setting CVar [[r.SkyAtmosphere.SampleCountMin:4.0]]
[2026.01.02-11.12.55:243][  0]LogConfig: Setting CVar [[r.SkyAtmosphere.SampleCountMax:128.0]]
[2026.01.02-11.12.55:243][  0]LogConfig: Setting CVar [[r.SkyAtmosphere.TransmittanceLUT.UseSmallFormat:0]]
[2026.01.02-11.12.55:243][  0]LogConfig: Setting CVar [[r.SkyAtmosphere.TransmittanceLUT.SampleCount:10.0]]
[2026.01.02-11.12.55:243][  0]LogConfig: Setting CVar [[r.SkyAtmosphere.MultiScatteringLUT.SampleCount:15.0]]
[2026.01.02-11.12.55:243][  0]LogConfig: Setting CVar [[r.SkyLight.RealTimeReflectionCapture:1]]
[2026.01.02-11.12.55:243][  0]LogConfig: Applying CVar settings from Section [FoliageQuality@3] File [D:/Artemii/Game/Game/Saved/Config/Windows/Scalability.ini]
[2026.01.02-11.12.55:243][  0]LogConfig: Setting CVar [[foliage.DensityScale:1.0]]
[2026.01.02-11.12.55:243][  0]LogConfig: Setting CVar [[grass.DensityScale:1.0]]
[2026.01.02-11.12.55:243][  0]LogConfig: Applying CVar settings from Section [ShadingQuality@3] File [D:/Artemii/Game/Game/Saved/Config/Windows/Scalability.ini]
[2026.01.02-11.12.55:243][  0]LogConfig: Setting CVar [[r.HairStrands.SkyLighting.IntegrationType:2]]
[2026.01.02-11.12.55:243][  0]LogConfig: Setting CVar [[r.HairStrands.SkyAO.SampleCount:4]]
[2026.01.02-11.12.55:243][  0]LogConfig: Setting CVar [[r.HairStrands.Visibility.MSAA.SamplePerPixel:4]]
[2026.01.02-11.12.55:243][  0]LogConfig: Applying CVar settings from Section [Startup] File [../../../Engine/Config/ConsoleVariables.ini]
[2026.01.02-11.12.55:244][  0]LogConfig: Setting CVar [[net.UseAdaptiveNetUpdateFrequency:0]]
[2026.01.02-11.12.55:244][  0]LogConfig: Setting CVar [[p.chaos.AllowCreatePhysxBodies:1]]
[2026.01.02-11.12.55:244][  0]LogConfig: Setting CVar [[fx.SkipVectorVMBackendOptimizations:1]]
[2026.01.02-11.12.55:244][  0]LogConfig: Applying CVar settings from Section [ConsoleVariables] File [D:/Artemii/Game/Game/Saved/Config/Windows/Engine.ini]
[2026.01.02-11.12.55:244][  0]LogConfig: Applying CVar settings from Section [ConsoleVariables] File [D:/Artemii/Game/Game/Saved/Config/Windows/Editor.ini]
[2026.01.02-11.12.55:244][  0]LogInit: Computer: ANATOLII
[2026.01.02-11.12.55:244][  0]LogInit: User: LVI
[2026.01.02-11.12.55:244][  0]LogInit: CPU Page size=4096, Cores=14
[2026.01.02-11.12.55:244][  0]LogInit: High frequency timer resolution =10.000000 MHz
[2026.01.02-11.12.55:244][  0]LogMemory: Memory total: Physical=31.8GB (32GB approx)
[2026.01.02-11.12.55:244][  0]LogMemory: Platform Memory Stats for Windows
[2026.01.02-11.12.55:244][  0]LogMemory: Process Physical Memory: 149.58 MB used, 149.59 MB peak
[2026.01.02-11.12.55:244][  0]LogMemory: Process Virtual Memory: 134.58 MB used, 134.58 MB peak
[2026.01.02-11.12.55:244][  0]LogMemory: Physical Memory: 12528.35 MB used,  20042.86 MB free, 32571.21 MB total
[2026.01.02-11.12.55:244][  0]LogMemory: Virtual Memory: 134195696.00 MB used,  22027.88 MB free, 134217728.00 MB total
[2026.01.02-11.12.55:246][  0]LogWindows: WindowsPlatformFeatures enabled
[2026.01.02-11.12.55:269][  0]LogInit: Physics initialised using underlying interface: PhysX
[2026.01.02-11.12.55:269][  0]LogInit: Using OS detected language (en-US).
[2026.01.02-11.12.55:269][  0]LogInit: Using OS detected locale (uk-UA).
[2026.01.02-11.12.55:272][  0]LogTextLocalizationManager: No specific localization for 'en-US' exists, so the 'en' localization will be used.
[2026.01.02-11.12.55:377][  0]LogInit: Setting process to per monitor DPI aware
[2026.01.02-11.12.55:386][  0]LogWindowsTextInputMethodSystem: Display: IME system deactivated.
[2026.01.02-11.12.55:395][  0]LogSlate: New Slate User Created.  User Index 0, Is Virtual User: 0
[2026.01.02-11.12.55:395][  0]LogSlate: Slate User Registered.  User Index 0, Is Virtual User: 0
[2026.01.02-11.12.55:458][  0]LogD3D11RHI: Loaded GFSDK_Aftermath_Lib.x64.dll
[2026.01.02-11.12.55:460][  0]LogHMD: Failed to initialize OpenVR with code 110
[2026.01.02-11.12.55:460][  0]LogD3D11RHI: D3D11 min allowed feature level: 11_0
[2026.01.02-11.12.55:460][  0]LogD3D11RHI: D3D11 max allowed feature level: 11_0
[2026.01.02-11.12.55:460][  0]LogD3D11RHI: D3D11 adapters:
[2026.01.02-11.12.55:593][  0]LogD3D11RHI:    0. 'NVIDIA GeForce RTX 3060 Ti' (Feature Level 11_0)
[2026.01.02-11.12.55:593][  0]LogD3D11RHI:       8024/0/16285 MB DedicatedVideo/DedicatedSystem/SharedSystem, Outputs:2, VendorId:0x10de
[2026.01.02-11.12.55:638][  0]LogD3D11RHI:    1. 'Intel(R) UHD Graphics 770' (Feature Level 11_0)
[2026.01.02-11.12.55:638][  0]LogD3D11RHI:       128/0/16285 MB DedicatedVideo/DedicatedSystem/SharedSystem, Outputs:0, VendorId:0x8086
[2026.01.02-11.12.55:639][  0]LogD3D11RHI:    2. 'Microsoft Basic Render Driver' (Feature Level 11_0)
[2026.01.02-11.12.55:639][  0]LogD3D11RHI:       0/0/16285 MB DedicatedVideo/DedicatedSystem/SharedSystem, Outputs:0, VendorId:0x1414
[2026.01.02-11.12.55:742][  0]LogD3D11RHI:    3. 'NVIDIA GeForce RTX 3060 Ti' (Feature Level 11_0)
[2026.01.02-11.12.55:742][  0]LogD3D11RHI:       8024/0/16285 MB DedicatedVideo/DedicatedSystem/SharedSystem, Outputs:0, VendorId:0x10de
[2026.01.02-11.12.55:742][  0]LogD3D11RHI: Chosen D3D11 Adapter:
[2026.01.02-11.12.55:742][  0]LogD3D11RHI:     Description : NVIDIA GeForce RTX 3060 Ti
[2026.01.02-11.12.55:742][  0]LogD3D11RHI:     VendorId    : 10de
[2026.01.02-11.12.55:742][  0]LogD3D11RHI:     DeviceId    : 2489
[2026.01.02-11.12.55:742][  0]LogD3D11RHI:     SubSysId    : 405b1458
[2026.01.02-11.12.55:742][  0]LogD3D11RHI:     Revision    : 00a1
[2026.01.02-11.12.55:742][  0]LogD3D11RHI:     DedicatedVideoMemory : 8413773824 bytes
[2026.01.02-11.12.55:742][  0]LogD3D11RHI:     DedicatedSystemMemory : 0 bytes
[2026.01.02-11.12.55:742][  0]LogD3D11RHI:     SharedSystemMemory : 17076697088 bytes
[2026.01.02-11.12.55:742][  0]LogD3D11RHI:     AdapterLuid : 0 56547
[2026.01.02-11.12.55:746][  0]LogD3D11RHI: Creating new Direct3DDevice
[2026.01.02-11.12.55:746][  0]LogD3D11RHI:     GPU DeviceId: 0x2489 (for the marketing name, search the web for "GPU Device Id")
[2026.01.02-11.12.55:746][  0]LogWindows: EnumDisplayDevices:
[2026.01.02-11.12.55:746][  0]LogWindows:    0. 'NVIDIA GeForce RTX 3060 Ti' (P:0 D:1)
[2026.01.02-11.12.55:746][  0]LogWindows:    1. 'NVIDIA GeForce RTX 3060 Ti' (P:1 D:1)
[2026.01.02-11.12.55:746][  0]LogWindows:    2. 'NVIDIA GeForce RTX 3060 Ti' (P:0 D:0)
[2026.01.02-11.12.55:746][  0]LogWindows:    3. 'NVIDIA GeForce RTX 3060 Ti' (P:0 D:0)
[2026.01.02-11.12.55:746][  0]LogWindows:    4. 'Intel(R) UHD Graphics 770' (P:0 D:0)
[2026.01.02-11.12.55:747][  0]LogWindows:    5. 'Intel(R) UHD Graphics 770' (P:0 D:0)
[2026.01.02-11.12.55:747][  0]LogWindows:    6. 'Intel(R) UHD Graphics 770' (P:0 D:0)
[2026.01.02-11.12.55:747][  0]LogWindows:    7. 'Intel(R) UHD Graphics 770' (P:0 D:0)
[2026.01.02-11.12.55:747][  0]LogWindows:    8. 'Parsec Virtual Display Adapter' (P:0 D:0)
[2026.01.02-11.12.55:747][  0]LogWindows:    9. 'Parsec Virtual Display Adapter' (P:0 D:0)
[2026.01.02-11.12.55:747][  0]LogWindows:    10. 'Parsec Virtual Display Adapter' (P:0 D:0)
[2026.01.02-11.12.55:747][  0]LogWindows:    11. 'Parsec Virtual Display Adapter' (P:0 D:0)
[2026.01.02-11.12.55:747][  0]LogWindows:    12. 'Parsec Virtual Display Adapter' (P:0 D:0)
[2026.01.02-11.12.55:747][  0]LogWindows:    13. 'Parsec Virtual Display Adapter' (P:0 D:0)
[2026.01.02-11.12.55:747][  0]LogWindows:    14. 'Parsec Virtual Display Adapter' (P:0 D:0)
[2026.01.02-11.12.55:747][  0]LogWindows:    15. 'Parsec Virtual Display Adapter' (P:0 D:0)
[2026.01.02-11.12.55:748][  0]LogWindows:    16. 'Parsec Virtual Display Adapter' (P:0 D:0)
[2026.01.02-11.12.55:748][  0]LogWindows:    17. 'Parsec Virtual Display Adapter' (P:0 D:0)
[2026.01.02-11.12.55:748][  0]LogWindows:    18. 'Parsec Virtual Display Adapter' (P:0 D:0)
[2026.01.02-11.12.55:748][  0]LogWindows:    19. 'Parsec Virtual Display Adapter' (P:0 D:0)
[2026.01.02-11.12.55:748][  0]LogWindows:    20. 'Parsec Virtual Display Adapter' (P:0 D:0)
[2026.01.02-11.12.55:748][  0]LogWindows:    21. 'Parsec Virtual Display Adapter' (P:0 D:0)
[2026.01.02-11.12.55:748][  0]LogWindows:    22. 'Parsec Virtual Display Adapter' (P:0 D:0)
[2026.01.02-11.12.55:748][  0]LogWindows:    23. 'Parsec Virtual Display Adapter' (P:0 D:0)
[2026.01.02-11.12.55:748][  0]LogWindows: DebugString: PrimaryIsNotTheChoosenAdapter PrimaryIsNotTheChoosenAdapter PrimaryIsNotTheChoosenAdapter PrimaryIsNotTheChoosenAdapter GetVideoDriverDetailsInvalid PrimaryIsNotTheChoosenAdapter GetVideoDriverDetailsInvalid PrimaryIsNotTheChoosenAdapter GetVideoDriverDetailsInvalid PrimaryIsNotTheChoosenAdapter GetVideoDriverDetailsInvalid PrimaryIsNotTheChoosenAdapter GetVideoDriverDetailsInvalid PrimaryIsNotTheChoosenAdapter GetVideoDriverDetailsInvalid PrimaryIsNotTheChoosenAdapter GetVideoDriverDetailsInvalid PrimaryIsNotTheChoosenAdapter GetVideoDriverDetailsInvalid PrimaryIsNotTheChoosenAdapter GetVideoDriverDetailsInvalid PrimaryIsNotTheChoosenAdapter GetVideoDriverDetailsInvalid PrimaryIsNotTheChoosenAdapter GetVideoDriverDetailsInvalid PrimaryIsNotTheChoosenAdapter GetVideoDriverDetailsInvalid PrimaryIsNotTheChoosenAdapter GetVideoDriverDetailsInvalid PrimaryIsNotTheChoosenAdapter GetVideoDriverDetailsInvalid PrimaryIsNotTheChoosenAdapter GetVideoDriverDetailsInvalid PrimaryIsNotTheChoosenAdapter GetVideoDriverDetailsInvalid PrimaryIsNotTheChoosenAdapter FoundDriverCount:4 
[2026.01.02-11.12.55:748][  0]LogD3D11RHI:     Adapter Name: NVIDIA GeForce RTX 3060 Ti
[2026.01.02-11.12.55:748][  0]LogD3D11RHI:   Driver Version: 576.28 (internal:32.0.15.7628, unified:576.28)
[2026.01.02-11.12.55:748][  0]LogD3D11RHI:      Driver Date: 4-27-2025
[2026.01.02-11.12.55:748][  0]LogRHI: Texture pool is 5616 MB (70% of 8024 MB)
[2026.01.02-11.12.55:748][  0]LogD3D11RHI: Creating D3DDevice using adapter:
[2026.01.02-11.12.55:748][  0]LogD3D11RHI:     Description : NVIDIA GeForce RTX 3060 Ti
[2026.01.02-11.12.55:748][  0]LogD3D11RHI:     VendorId    : 10de
[2026.01.02-11.12.55:748][  0]LogD3D11RHI:     DeviceId    : 2489
[2026.01.02-11.12.55:748][  0]LogD3D11RHI:     SubSysId    : 405b1458
[2026.01.02-11.12.55:748][  0]LogD3D11RHI:     Revision    : 00a1
[2026.01.02-11.12.55:748][  0]LogD3D11RHI:     DedicatedVideoMemory : 8413773824 bytes
[2026.01.02-11.12.55:748][  0]LogD3D11RHI:     DedicatedSystemMemory : 0 bytes
[2026.01.02-11.12.55:748][  0]LogD3D11RHI:     SharedSystemMemory : 17076697088 bytes
[2026.01.02-11.12.55:748][  0]LogD3D11RHI:     AdapterLuid : 0 56547
[2026.01.02-11.12.55:851][  0]LogD3D11RHI: RHI has support for 64 bit atomics
[2026.01.02-11.12.55:852][  0]LogD3D11RHI: Async texture creation enabled
[2026.01.02-11.12.55:852][  0]LogD3D11RHI: Array index from any shader is supported
[2026.01.02-11.12.55:867][  0]LogD3D11RHI: GPU Timing Frequency: 1000.000000 (Debug: 2 1)
[2026.01.02-11.12.55:883][  0]LogRHI: GeForceNow SDK initialized: 1
[2026.01.02-11.12.56:087][  0]LogTargetPlatformManager: Display: Loaded TargetPlatform 'AllDesktop'
[2026.01.02-11.12.56:100][  0]LogTargetPlatformManager: Display: Loaded TargetPlatform 'Android'
[2026.01.02-11.12.56:100][  0]LogTargetPlatformManager: Display: Loaded TargetPlatform 'Android_ASTC'
[2026.01.02-11.12.56:100][  0]LogTargetPlatformManager: Display: Loaded TargetPlatform 'Android_DXT'
[2026.01.02-11.12.56:100][  0]LogTargetPlatformManager: Display: Loaded TargetPlatform 'Android_ETC2'
[2026.01.02-11.12.56:100][  0]LogTargetPlatformManager: Display: Loaded TargetPlatform 'AndroidClient'
[2026.01.02-11.12.56:100][  0]LogTargetPlatformManager: Display: Loaded TargetPlatform 'Android_ASTCClient'
[2026.01.02-11.12.56:100][  0]LogTargetPlatformManager: Display: Loaded TargetPlatform 'Android_DXTClient'
[2026.01.02-11.12.56:100][  0]LogTargetPlatformManager: Display: Loaded TargetPlatform 'Android_ETC2Client'
[2026.01.02-11.12.56:100][  0]LogTargetPlatformManager: Display: Loaded TargetPlatform 'Android_Multi'
[2026.01.02-11.12.56:100][  0]LogTargetPlatformManager: Display: Loaded TargetPlatform 'Android_MultiClient'
[2026.01.02-11.12.56:110][  0]LogTargetPlatformManager: Display: Loaded TargetPlatform 'IOSClient'
[2026.01.02-11.12.56:110][  0]LogTargetPlatformManager: Display: Loaded TargetPlatform 'IOS'
[2026.01.02-11.12.56:115][  0]LogTargetPlatformManager: Display: Loaded TargetPlatform 'Linux'
[2026.01.02-11.12.56:117][  0]LogTargetPlatformManager: Display: Loaded TargetPlatform 'LinuxNoEditor'
[2026.01.02-11.12.56:120][  0]LogTargetPlatformManager: Display: Loaded TargetPlatform 'LinuxClient'
[2026.01.02-11.12.56:122][  0]LogTargetPlatformManager: Display: Loaded TargetPlatform 'LinuxServer'
[2026.01.02-11.12.56:127][  0]LogTargetPlatformManager: Display: Loaded TargetPlatform 'LinuxAArch64NoEditor'
[2026.01.02-11.12.56:129][  0]LogTargetPlatformManager: Display: Loaded TargetPlatform 'LinuxAArch64Client'
[2026.01.02-11.12.56:132][  0]LogTargetPlatformManager: Display: Loaded TargetPlatform 'LinuxAArch64Server'
[2026.01.02-11.12.56:144][  0]LogTargetPlatformManager: Display: Loaded TargetPlatform 'Lumin'
[2026.01.02-11.12.56:144][  0]LogTargetPlatformManager: Display: Loaded TargetPlatform 'LuminClient'
[2026.01.02-11.12.56:148][  0]LogTargetPlatformManager: Display: Loaded TargetPlatform 'MacNoEditor'
[2026.01.02-11.12.56:151][  0]LogTargetPlatformManager: Display: Loaded TargetPlatform 'Mac'
[2026.01.02-11.12.56:153][  0]LogTargetPlatformManager: Display: Loaded TargetPlatform 'MacClient'
[2026.01.02-11.12.56:155][  0]LogTargetPlatformManager: Display: Loaded TargetPlatform 'MacServer'
[2026.01.02-11.12.56:160][  0]LogTargetPlatformManager: Display: Loaded TargetPlatform 'TVOSClient'
[2026.01.02-11.12.56:160][  0]LogTargetPlatformManager: Display: Loaded TargetPlatform 'TVOS'
[2026.01.02-11.12.56:165][  0]LogTargetPlatformManager: Display: Loaded TargetPlatform 'WindowsNoEditor'
[2026.01.02-11.12.56:167][  0]LogTargetPlatformManager: Display: Loaded TargetPlatform 'Windows'
[2026.01.02-11.12.56:169][  0]LogTargetPlatformManager: Display: Loaded TargetPlatform 'WindowsClient'
[2026.01.02-11.12.56:172][  0]LogTargetPlatformManager: Display: Loaded TargetPlatform 'WindowsServer'
[2026.01.02-11.12.56:172][  0]LogTargetPlatformManager: Display: Building Assets For Windows
[2026.01.02-11.12.56:175][  0]LogAudioDebug: Display: Lib vorbis DLL was dynamically loaded.
[2026.01.02-11.12.56:191][  0]LogTextureFormatOodle: Display: Oodle Texture 2.9.0 init RDO Off
[2026.01.02-11.12.56:205][  0]LogRendererCore: Ray tracing is disabled. Reason: r.RayTracing=0.
[2026.01.02-11.12.56:205][  0]LogShaderCompilers: Guid format shader working directory is 23 characters bigger than the processId version (D:/Artemii/Game/Game/Intermediate/Shaders/WorkingDirectory/10824/).
[2026.01.02-11.12.56:205][  0]LogShaderCompilers: Cleaned the shader compiler working directory 'C:/Users/LVI/AppData/Local/Temp/UnrealShaderWorkingDir/07FC3F034CF2235ACC664487368E0168/'.
[2026.01.02-11.12.56:206][  0]LogXGEController: Cannot use XGE Controller as Incredibuild is not installed on this machine.
[2026.01.02-11.12.56:206][  0]LogShaderCompilers: Cannot use XGE Shader Compiler as Incredibuild is not installed on this machine.
[2026.01.02-11.12.56:206][  0]LogShaderCompilers: Display: Using Local Shader Compiler.
[2026.01.02-11.12.56:686][  0]LogDerivedDataCache: Display: Max Cache Size: 512 MB
[2026.01.02-11.12.56:723][  0]LogDerivedDataCache: Loaded boot cache 0.04s 94MB C:/Users/LVI/AppData/Local/UnrealEngine/4.27/DerivedDataCache/Boot.ddc.
[2026.01.02-11.12.56:723][  0]LogDerivedDataCache: Display: Loaded Boot cache: C:/Users/LVI/AppData/Local/UnrealEngine/4.27/DerivedDataCache/Boot.ddc
[2026.01.02-11.12.56:727][  0]LogDerivedDataCache: FDerivedDataBackendGraph:  Pak pak cache file D:/Artemii/Game/Game/DerivedDataCache/DDC.ddp not found, will not use a pak cache.
[2026.01.02-11.12.56:727][  0]LogDerivedDataCache: Unable to find inner node Pak for hierarchical cache Hierarchy.
[2026.01.02-11.12.56:727][  0]LogDerivedDataCache: FDerivedDataBackendGraph:  CompressedPak pak cache file D:/Artemii/Game/Game/DerivedDataCache/Compressed.ddp not found, will not use a pak cache.
[2026.01.02-11.12.56:727][  0]LogDerivedDataCache: Unable to find inner node CompressedPak for hierarchical cache Hierarchy.
[2026.01.02-11.12.56:739][  0]LogDerivedDataCache: Display: Pak cache opened for reading ../../../Engine/DerivedDataCache/Compressed.ddp.
[2026.01.02-11.12.56:739][  0]LogDerivedDataCache: FDerivedDataBackendGraph:  EnterprisePak pak cache file ../../../Enterprise/DerivedDataCache/Compressed.ddp not found, will not use a pak cache.
[2026.01.02-11.12.56:739][  0]LogDerivedDataCache: Unable to find inner node EnterprisePak for hierarchical cache Hierarchy.
[2026.01.02-11.12.56:742][  0]LogDerivedDataCache: Speed tests for C:/Users/LVI/AppData/Local/UnrealEngine/Common/DerivedDataCache took 0.00 seconds
[2026.01.02-11.12.56:742][  0]LogDerivedDataCache: Display: Performance to C:/Users/LVI/AppData/Local/UnrealEngine/Common/DerivedDataCache: Latency=0.01ms. RandomReadSpeed=1978.90MBs, RandomWriteSpeed=336.14MBs. Assigned SpeedClass 'Local'
[2026.01.02-11.12.56:743][  0]LogDerivedDataCache: Using Local data cache path C:/Users/LVI/AppData/Local/UnrealEngine/Common/DerivedDataCache: Writable
[2026.01.02-11.12.56:743][  0]LogDerivedDataCache: Shared data cache path not found in *engine.ini, will not use an Shared cache.
[2026.01.02-11.12.56:743][  0]LogDerivedDataCache: Unable to find inner node Shared for hierarchical cache Hierarchy.
[2026.01.02-11.12.56:771][  0]LogSlate: Using FreeType 2.10.0
[2026.01.02-11.12.56:771][  0]LogSlate: SlateFontServices - WITH_FREETYPE: 1, WITH_HARFBUZZ: 1
[2026.01.02-11.12.56:786][  0]LogAssetRegistry: FAssetRegistry took 0.0016 seconds to start up
[2026.01.02-11.12.56:907][  0]LogInit: Selected Device Profile: [Windows]
[2026.01.02-11.12.56:907][  0]LogInit: Active device profile: [0000026FF07DF100][0000026FE91E2740 49] Windows
[2026.01.02-11.12.56:907][  0]LogInit: Profiles: [0000026FF07DF100][0000026FE91E2740 49] Windows, [0000026FF076D400][0000026FE95A08C0 49] WindowsNoEditor, [0000026FF07DD400][0000026FE95ACA40 49] WindowsServer, [0000026FF076EE00][0000026FF0F7CBC0 49] WindowsClient, [0000026FF07DEE00][0000026FF0F88D40 49] IOS, [0000026FF076D500][0000026FF0F8CEC0 49] iPadAir, [0000026FF07DC400][0000026FF0F9D040 49] iPadAir2, [0000026FF05A4400][0000026FF0FED300 49] IPadPro, [0000026FF05A4500][0000026FF0FC5340 49] iPadAir3, [0000026FF07DEB00][0000026FF0FF14C0 49] iPadAir4, [0000026FF05A7000][0000026FF0FF5640 49] iPadMini2, [0000026FF07DD600][0000026FF0FF97C0 49] iPadMini3, [0000026FF05A5800][0000026FF0FFD940 49] iPadMini4, [0000026FF07DE900][0000026FF1001AC0 49] iPadMini5, [0000026FF042FC00][0000026FF1008200 49] iPhone6, [0000026FF042FD00][0000026FF1004240 49] iPodTouch6, [0000026FF05A7E00][0000026FF1024500 49] iPhone7, [0000026FF05A7F00][0000026FF1020540 49] iPodTouch7, [0000026FF042D500][0000026FE959C680 49] iPhone5S, [0000026FF05A5B00][0000026FF10307C0 49] iPhone6Plus, [0000026FF042EC00][0000026FF1040900 49] iPhone6S, [0000026FF05A4200][0000026FF1066A80 49] iPhone6SPlus, [0000026FF042D800][0000026FF1080C00 49] iPhone7Plus, [0000026FF05A7400][0000026FF1084D80 49] iPhoneSE, [0000026FF042E900][0000026FF1088F00 49] iPhone8, [0000026FF05A5600][0000026FF108D080 49] iPhone8Plus, [0000026FF042F800][0000026FF1091200 49] iPhoneX, [0000026FF05A4600][0000026FF1095380 49] iPhoneXS, [0000026FF042E800][0000026FF10ED500 49] iPhoneXSMax, [0000026FF05A6500][0000026FF1155680 49] iPhoneXR, [0000026FF042DD00][0000026FF1159800 49] iPhone11, [0000026FF05A4800][0000026FF115D980 49] iPhone11Pro, [0000026FF042E500][0000026FF1161B00 49] iPhone11ProMax, [0000026FF05A5D00][0000026FF1164100 49] iPhoneSE2, [0000026FF042E000][0000026FF1168280 49] iPhone12Mini, [0000026FF05A4A00][0000026FF116C400 49] iPhone12, [0000026FF042E200][0000026FF1170580 49] iPhone12Pro, [0000026FF05A4E00][0000026FF1174700 49] iPhone12ProMax, [0000026FF042E700][0000026FF1062840 49] iPadPro105, [0000026FF05A4D00][0000026FF1178980 49] iPadPro129, [0000026FF042D900][0000026FF117CAC0 49] iPadPro97, [0000026FF05A7D00][0000026FF1184C40 49] iPadPro2_129, [0000026FF042ED00][0000026FF1188DC0 49] iPad5, [0000026FF05A6100][0000026FF118CF40 49] iPad6, [0000026FF042C700][0000026FF11910C0 49] iPad7, [0000026FF05A6900][0000026FF1195240 49] iPad8, [0000026FF042F500][0000026FF11993C0 49] iPadPro11, [0000026FF05A7800][0000026FF119D540 49] iPadPro2_11, [0000026FF042F000][0000026FF11A16C0 49] iPadPro3_129, [0000026FF05A6800][0000026FF11A5840 49] iPadPro4_129, [0000026FF042C900][0000026FF11A99C0 49] AppleTV, [0000026FF05A5900][0000026FF11ADB40 49] AppleTV4K, [0000026FF042F100][0000026FF11B0140 49] TVOS, [0000026FF05A7200][0000026FF11B42C0 49] Mac, [0000026FF042C300][0000026FF11B8440 49] MacClient, [0000026FF05A4B00][0000026FF11BC5C0 49] MacNoEditor, [0000026FF042C600][0000026FF11C0740 49] MacServer, [0000026FF05A7900][0000026FF11C48C0 49] Linux, [0000026FF042EA00][0000026FF1180A00 49] LinuxAArch64, [0000026FF05A4900][0000026FF11C8B40 49] LinuxNoEditor, [0000026FF042DA00][0000026FF11CCC80 49] LinuxAArch64NoEditor, [0000026FF076FC00][0000026FF11D0DC0 49] LinuxClient, [0000026FF096D500][0000026FF11D8F40 49] LinuxAArch64Client, [0000026FF076C200][0000026FF11DD0C0 49] LinuxServer, [0000026FF096CB00][0000026FF11E1240 49] LinuxAArch64Server, [0000026FF076D200][0000026FF11E53C0 49] Android, [0000026FF096D100][0000026FF11E9540 49] Android_Low, [0000026FF076DC00][0000026FF11ED6C0 49] Android_Mid, [0000026FF096D700][0000026FF11F1840 49] Android_High, [0000026FF076E800][0000026FF11F59C0 49] Android_Default, [0000026FF096CA00][0000026FF11F9B40 49] Android_Adreno4xx, [0000026FF076F000][0000026FF11FC140 49] Android_Adreno5xx_Low, [0000026FF096C300][0000026FF12002C0 49] Android_Adreno5xx, [0000026FF076F800][0000026FF1204440 49] Android_Adreno6xx, [0000026FF096CD00][0000026FF12085C0 49] Android_Adreno6xx_Vulkan, [0000026FF076CE00][0000026FF120C740 49] Android_Mali_T6xx, [0000026FF096C100][0000026FF12108C0 49] Android_Mali_T7xx, [0000026FF076C500][0000026FF1214A40 49] Android_Mali_T8xx, [0000026FF096DC00][0000026FF11D4B80 49] Android_Mali_G71, [0000026FF076CA00][0000026FF1218CC0 49] Android_Mali_G72, [0000026FF096D300][0000026FF121CE00 49] Android_Mali_G72_Vulkan, [0000026FF076C900][0000026FF1220F40 49] Android_Mali_G76, [0000026FF042DF00][0000026FF12290C0 49] Android_Mali_G76_Vulkan, [0000026FF076F900][0000026FF122D240 49] Android_Mali_G77, [0000026FF042FE00][0000026FF12313C0 49] Android_Mali_G77_Vulkan, [0000026FF076CD00][0000026FF1235540 49] Android_Mali_G78, [0000026FF042D600][0000026FF12396C0 49] Android_Mali_G78_Vulkan, [0000026FF076FF00][0000026FF123D840 49] Android_Mali_G710, [0000026FF042FB00][0000026FF12419C0 49] Android_Mali_G710_Vulkan, [0000026FF076E200][0000026FF1245B40 49] Android_Vulkan_SM5, [0000026FF042EF00][0000026FF1248140 49] Android_PowerVR_G6xxx, [0000026FF076EC00][0000026FF124C2C0 49] Android_PowerVR_GT7xxx, [0000026FF042F700][0000026FF1250440 49] Android_PowerVR_GE8xxx, [0000026FF076DD00][0000026FF12545C0 49] Android_PowerVR_GM9xxx, [0000026FF042E100][0000026FF1258740 49] Android_PowerVR_GM9xxx_Vulkan, [0000026FF076D000][0000026FF125C8C0 49] Android_TegraK1, [0000026FF042D300][0000026FF1260A40 49] Android_Unknown_Vulkan, [0000026FF076E100][0000026FF1264BC0 49] Lumin, [0000026FF042E400][0000026FF1268D40 49] Lumin_Desktop, [0000026FF076EF00][0000026FF1224E80 49] HoloLens, 
[2026.01.02-11.12.56:979][  0]LogMeshReduction: Using QuadricMeshReduction for automatic static mesh reduction
[2026.01.02-11.12.56:979][  0]LogMeshReduction: Using SimplygonMeshReduction for automatic skeletal mesh reduction
[2026.01.02-11.12.56:979][  0]LogMeshReduction: Using ProxyLODMeshReduction for automatic mesh merging
[2026.01.02-11.12.56:979][  0]LogMeshReduction: No distributed automatic mesh merging module available
[2026.01.02-11.12.56:979][  0]LogMeshMerging: No distributed automatic mesh merging module available
[2026.01.02-11.12.56:989][  0]LogNetVersion: Game 1.0.0, NetCL: 17155196, EngineNetVer: 17, GameNetVer: 0 (Checksum: 132826216)
[2026.01.02-11.12.57:222][  0]LogTexture: Default maximum texture size for cubemaps generated from long-lat sources has been changed from 512 to unlimited. In order to preserve old behaiour for '/Engine/MapTemplates/Sky/DaylightAmbientCubemap.DaylightAmbientCubemap', its maximum texture size has been explicitly set to 512.
[2026.01.02-11.12.57:259][  0]LogHMD: PokeAHoleMaterial loaded successfully
[2026.01.02-11.12.57:263][  0]LogUObjectArray: 17178 objects as part of root set at end of initial load.
[2026.01.02-11.12.57:263][  0]LogUObjectAllocator: 4302048 out of 0 bytes used by permanent object pool.
[2026.01.02-11.12.57:263][  0]LogUObjectArray: CloseDisregardForGC: 0/0 objects in disregard for GC pool
[2026.01.02-11.12.57:407][  0]LogPython: Using Python 3.7.7
[2026.01.02-11.12.57:701][  0]LogNiagaraDebuggerClient: Niagara Debugger Client Initialized | Session: 18832548442DCBDB11DB49B68A955269 | Instance: 728CB2214A43453F57DF698B44B66D21 (ANATOLII-10824).
[2026.01.02-11.12.57:781][  0]LogTcpMessaging: Initializing TcpMessaging bridge
[2026.01.02-11.12.57:783][  0]LogUdpMessaging: Initializing bridge on interface 0.0.0.0:0 to multicast group 230.0.0.1:6666.
[2026.01.02-11.12.57:827][  0]SourceControl: Source control is disabled
[2026.01.02-11.12.57:827][  0]SourceControl: Source control is disabled
[2026.01.02-11.12.57:829][  0]SourceControl: Source control is disabled
[2026.01.02-11.12.57:834][  0]SourceControl: Source control is disabled
[2026.01.02-11.12.57:835][  0]SourceControl: Source control is disabled
[2026.01.02-11.12.57:836][  0]LogUProjectInfo: Found projects:
[2026.01.02-11.12.57:938][  0]LogOpenImageDenoise: OIDN starting up
[2026.01.02-11.12.58:028][  0]LogAndroidPermission: UAndroidPermissionCallbackProxy::GetInstance
[2026.01.02-11.12.58:037][  0]LogAudioCaptureCore: Display: No Audio Capture implementations found. Audio input will be silent.
[2026.01.02-11.12.58:037][  0]LogAudioCaptureCore: Display: No Audio Capture implementations found. Audio input will be silent.
[2026.01.02-11.12.58:133][  0]LogCollectionManager: Loaded 0 collections in 0.000949 seconds
[2026.01.02-11.12.58:147][  0]LogFileCache: Scanning file cache for directory 'D:/Artemii/Game/Game/Saved/Collections/' took 0.00s
[2026.01.02-11.12.58:147][  0]LogFileCache: Scanning file cache for directory 'D:/Artemii/Game/Game/Content/Developers/LVI/Collections/' took 0.00s
[2026.01.02-11.12.58:147][  0]LogFileCache: Scanning file cache for directory 'D:/Artemii/Game/Game/Content/Collections/' took 0.00s
[2026.01.02-11.12.58:147][  0]LogOcInput: OculusInput pre-init called
[2026.01.02-11.12.58:292][  0]LogEngine: Initializing Engine...
[2026.01.02-11.12.58:378][  0]LogHMD: Failed to enumerate extensions. Please check that you have a valid OpenXR runtime installed.
[2026.01.02-11.12.58:378][  0]LogHMD: Failed to initialize OpenVR with code 110
[2026.01.02-11.12.58:378][  0]LogMagicLeap: Warning: VR disabled because ZI is not enabled.  To enable, in the editor, Edit -> Project Settings -> Plugins -> Magic Leap Plugin -> Enable Zero Iteration
[2026.01.02-11.12.58:379][  0]LogStats: UGameplayTagsManager::InitializeManager -  0.000 s
[2026.01.02-11.12.58:448][  0]LogInit: Initializing FReadOnlyCVARCache
[2026.01.02-11.12.58:453][  0]LogAIModule: Creating AISystem for world Untitled
[2026.01.02-11.12.58:459][  0]LogAudio: Display: Initializing Audio Device Manager...
[2026.01.02-11.12.58:461][  0]LogAudio: Display: Loading Default Audio Settings Objects...
[2026.01.02-11.12.58:461][  0]LogAudio: Display: No default SoundConcurrencyObject specified (or failed to load).
[2026.01.02-11.12.58:461][  0]LogAudio: Display: Audio Device Manager Initialized
[2026.01.02-11.12.58:461][  0]LogAudio: Display: Creating Audio Device:                 Id: 1, Scope: Shared, Realtime: True
[2026.01.02-11.12.58:461][  0]LogAudioMixer: Display: Audio Mixer Platform Settings:
[2026.01.02-11.12.58:461][  0]LogAudioMixer: Display: 	Sample Rate:						  48000
[2026.01.02-11.12.58:461][  0]LogAudioMixer: Display: 	Callback Buffer Frame Size Requested: 1024
[2026.01.02-11.12.58:461][  0]LogAudioMixer: Display: 	Callback Buffer Frame Size To Use:	  1024
[2026.01.02-11.12.58:461][  0]LogAudioMixer: Display: 	Number of buffers to queue:			  2
[2026.01.02-11.12.58:461][  0]LogAudioMixer: Display: 	Max Channels (voices):				  32
[2026.01.02-11.12.58:461][  0]LogAudioMixer: Display: 	Number of Async Source Workers:		  0
[2026.01.02-11.12.58:461][  0]LogAudio: Display: AudioDevice MaxSources: 32
[2026.01.02-11.12.58:461][  0]LogAudio: Display: Audio Spatialization Plugin: None (built-in).
[2026.01.02-11.12.58:461][  0]LogAudio: Display: Audio Reverb Plugin: None (built-in).
[2026.01.02-11.12.58:461][  0]LogAudio: Display: Audio Occlusion Plugin: None (built-in).
[2026.01.02-11.12.58:461][  0]LogAudioMixer: Display: Initializing audio mixer.
[2026.01.02-11.12.58:468][  0]LogAudioMixer: Display: 0: FrontLeft
[2026.01.02-11.12.58:468][  0]LogAudioMixer: Display: 1: FrontRight
[2026.01.02-11.12.58:481][  0]LogAudioMixer: Display: Using Audio Device Speakers (Realtek(R) Audio)
[2026.01.02-11.12.58:482][  0]LogAudioMixer: Display: Initializing Sound Submixes...
[2026.01.02-11.12.58:483][  0]LogAudioMixer: Display: Creating Master Submix 'MasterSubmixDefault'
[2026.01.02-11.12.58:483][  0]LogAudioMixer: Display: Creating Master Submix 'MasterReverbSubmixDefault'
[2026.01.02-11.12.58:484][  0]LogAudioMixer: Display: Creating Master Submix 'MasterEQSubmixDefault'
[2026.01.02-11.12.58:484][  0]LogAudioMixer: FMixerPlatformXAudio2::StartAudioStream() called
[2026.01.02-11.12.58:484][  0]LogAudioMixer: Display: Output buffers initialized: Frames=1024, Channels=2, Samples=2048
[2026.01.02-11.12.58:485][  0]LogAudioMixer: Display: Starting AudioMixerPlatformInterface::RunInternal()
[2026.01.02-11.12.58:485][  0]LogAudioMixer: Display: FMixerPlatformXAudio2::SubmitBuffer() called for the first time
[2026.01.02-11.12.58:485][  0]LogInit: FAudioDevice initialized.
[2026.01.02-11.12.58:485][  0]LogAudio: Display: Audio Device (ID: 1) registered with world 'Untitled'.
[2026.01.02-11.12.58:485][  0]LogNetVersion: Set ProjectVersion to 1.0.0.0. Version Checksum will be recalculated on next use.
[2026.01.02-11.12.58:555][  0]LogDerivedDataCache: Saved boot cache 0.07s 94MB C:/Users/LVI/AppData/Local/UnrealEngine/4.27/DerivedDataCache/Boot.ddc.
[2026.01.02-11.12.58:555][  0]LogInit: Texture streaming: Enabled
[2026.01.02-11.12.58:562][  0]LogAnalytics: Display: [UEEditor.Rocket.Release] APIServer = https://datarouter.ol.epicgames.com/. AppVersion = 4.27.2-18319896+++UE4+Release-4.27
[2026.01.02-11.12.58:564][  0]LogEngineSessionManager: EngineSessionManager initialized
[2026.01.02-11.12.58:564][  0]LogEditorSessionSummary: Verbose: Initializing EditorSessionSummaryWriter for editor session tracking
[2026.01.02-11.12.58:565][  0]LogEditorSessionSummary: EditorSessionSummaryWriter initialized
[2026.01.02-11.12.58:597][  0]LogInit: Transaction tracking system initialized
[2026.01.02-11.12.58:608][  0]BlueprintLog: New page: Editor Load
[2026.01.02-11.12.58:636][  0]LocalizationService: Localization service is disabled
[2026.01.02-11.12.58:648][  0]TimingProfiler: Initialize
[2026.01.02-11.12.58:648][  0]TimingProfiler: OnSessionChanged
[2026.01.02-11.12.58:648][  0]LoadingProfiler: Initialize
[2026.01.02-11.12.58:648][  0]LoadingProfiler: OnSessionChanged
[2026.01.02-11.12.58:648][  0]NetworkingProfiler: Initialize
[2026.01.02-11.12.58:648][  0]NetworkingProfiler: OnSessionChanged
[2026.01.02-11.12.58:648][  0]MemoryProfiler: Initialize
[2026.01.02-11.12.58:648][  0]MemoryProfiler: OnSessionChanged
[2026.01.02-11.12.58:743][  0]LogCook: Display: CookSettings for Memory: MemoryMaxUsedVirtual 0MiB, MemoryMaxUsedPhysical 16384MiB, MemoryMinFreeVirtual 0MiB, MemoryMinFreePhysical 1024MiB
[2026.01.02-11.12.58:743][  0]LogCook: Display: Mobile HDR setting 1
[2026.01.02-11.12.58:800][  0]LogFileCache: Scanning file cache for directory 'D:/Artemii/Game/Game/Content/' took 0.01s
[2026.01.02-11.12.58:940][  0]LogInit: Display: Engine is initialized. Leaving FEngineLoop::Init()
[2026.01.02-11.12.58:942][  0]SourceControl: Source control is disabled
[2026.01.02-11.12.58:942][  0]LogUnrealEdMisc: Loading editor; pre map load, took 4.558
[2026.01.02-11.12.58:942][  0]Cmd: MAP LOAD FILE="../../../Engine/Content/Maps/Templates/Template_Default.umap" TEMPLATE=1 SHOWPROGRESS=1 FEATURELEVEL=3
[2026.01.02-11.12.58:942][  0]LightingResults: New page: Lighting Build
[2026.01.02-11.12.58:943][  0]LogWorld: UWorld::CleanupWorld for Untitled, bSessionEnded=true, bCleanupResources=true
[2026.01.02-11.12.58:943][  0]LogSlate: InvalidateAllWidgets triggered.  All widgets were invalidated
[2026.01.02-11.12.58:943][  0]MapCheck: New page: Map Check
[2026.01.02-11.12.58:943][  0]LightingResults: New page: Lighting Build
[2026.01.02-11.12.58:947][  0]LogAudio: Display: Audio Device unregistered from world 'None'.
[2026.01.02-11.12.58:949][  0]LogUObjectHash: Compacting FUObjectHashTables data took   0.48ms
[2026.01.02-11.12.58:978][  0]LogTexture: Display: Building textures: DeprecatedTextureEB9CBE3C423008B5E8E130901E171C89 (BGRA8, 128X128)
[2026.01.02-11.12.58:980][  0]LogAudio: Display: Audio Device (ID: 1) registered with world 'Untitled_1'.
[2026.01.02-11.12.58:980][  0]LogAIModule: Creating AISystem for world Untitled_1
[2026.01.02-11.12.58:982][  0]LogEditorServer: Finished looking for orphan Actors (0.000 secs)
[2026.01.02-11.12.58:986][  0]LogUObjectHash: Compacting FUObjectHashTables data took   0.50ms
[2026.01.02-11.12.58:986][  0]Cmd: MAP CHECKDEP NOCLEARLOG
[2026.01.02-11.12.58:987][  0]MapCheck: Map check complete: 0 Error(s), 0 Warning(s), took 0,092ms to complete.
[2026.01.02-11.12.58:987][  0]LogFileHelpers: Loading map 'Template_Default' took 0.044
[2026.01.02-11.12.58:988][  0]LogUnrealEdMisc: Total Editor Startup Time, took 4.603
[2026.01.02-11.12.59:204][  0]LogTemp: Warning: SetupViewportDisplaySettings
[2026.01.02-11.12.59:255][  0]LogSlate: Updating window title bar state: overlay mode, drag disabled, window buttons hidden, title bar hidden
[2026.01.02-11.12.59:256][  0]LogTemp: Warning: SetupViewportDisplaySettings
[2026.01.02-11.12.59:259][  0]LogSlate: Updating window title bar state: overlay mode, drag disabled, window buttons hidden, title bar hidden
[2026.01.02-11.12.59:260][  0]LogTemp: Warning: SetupViewportDisplaySettings
[2026.01.02-11.12.59:263][  0]LogSlate: Updating window title bar state: overlay mode, drag disabled, window buttons hidden, title bar hidden
[2026.01.02-11.12.59:264][  0]LogTemp: Warning: SetupViewportDisplaySettings
[2026.01.02-11.12.59:267][  0]LogSlate: Updating window title bar state: overlay mode, drag disabled, window buttons hidden, title bar hidden
[2026.01.02-11.12.59:353][  0]LogNativeClassHierarchy: Verbose: Native class hierarchy populated in 0.0070 seconds. Added 3827 classes and 934 folders.
[2026.01.02-11.12.59:383][  0]LogNativeClassHierarchy: Verbose: Native class hierarchy updated for 'WidgetCarousel' in 0.0004 seconds. Added 0 classes and 0 folders.
[2026.01.02-11.12.59:423][  0]LogPakFile: PakFile PrimaryIndexSize=187
[2026.01.02-11.12.59:423][  0]LogPakFile: PakFile PathHashIndexSize=101
[2026.01.02-11.12.59:423][  0]LogPakFile: PakFile FullDirectoryIndexSize=148
[2026.01.02-11.12.59:423][  0]LogShaderLibrary: Display: ShaderCodeLibraryPakFileMountedCallback: PakFile 'C:/Program Files/Epic Games/UE_4.27/FeaturePacks/FP_FirstPerson.upack' (chunk index -1, root 'root:/') mounted
[2026.01.02-11.12.59:423][  0]LogShaderLibrary: Display: ShaderCodeLibraryPakFileMountedCallback: pending pak file info (ChunkID:-1 Root:root:/ File:C:/Program Files/Epic Games/UE_4.27/FeaturePacks/FP_FirstPerson.upack)
[2026.01.02-11.12.59:423][  0]LogPakFile: OnPakFileMounted2Time == 0.000061
[2026.01.02-11.12.59:447][  0]LogPakFile: PakFile PrimaryIndexSize=189
[2026.01.02-11.12.59:447][  0]LogPakFile: PakFile PathHashIndexSize=101
[2026.01.02-11.12.59:447][  0]LogPakFile: PakFile FullDirectoryIndexSize=152
[2026.01.02-11.12.59:447][  0]LogShaderLibrary: Display: ShaderCodeLibraryPakFileMountedCallback: PakFile 'C:/Program Files/Epic Games/UE_4.27/FeaturePacks/FP_FirstPersonBP.upack' (chunk index -1, root 'root:/') mounted
[2026.01.02-11.12.59:447][  0]LogShaderLibrary: Display: ShaderCodeLibraryPakFileMountedCallback: pending pak file info (ChunkID:-1 Root:root:/ File:C:/Program Files/Epic Games/UE_4.27/FeaturePacks/FP_FirstPersonBP.upack)
[2026.01.02-11.12.59:447][  0]LogPakFile: OnPakFileMounted2Time == 0.000050
[2026.01.02-11.12.59:468][  0]LogPakFile: PakFile PrimaryIndexSize=191
[2026.01.02-11.12.59:468][  0]LogPakFile: PakFile PathHashIndexSize=101
[2026.01.02-11.12.59:468][  0]LogPakFile: PakFile FullDirectoryIndexSize=160
[2026.01.02-11.12.59:468][  0]LogShaderLibrary: Display: ShaderCodeLibraryPakFileMountedCallback: PakFile 'C:/Program Files/Epic Games/UE_4.27/FeaturePacks/MobileStarterContent.upack' (chunk index -1, root 'root:/') mounted
[2026.01.02-11.12.59:468][  0]LogShaderLibrary: Display: ShaderCodeLibraryPakFileMountedCallback: pending pak file info (ChunkID:-1 Root:root:/ File:C:/Program Files/Epic Games/UE_4.27/FeaturePacks/MobileStarterContent.upack)
[2026.01.02-11.12.59:468][  0]LogPakFile: OnPakFileMounted2Time == 0.000029
[2026.01.02-11.12.59:481][  0]LogPakFile: PakFile PrimaryIndexSize=185
[2026.01.02-11.12.59:481][  0]LogPakFile: PakFile PathHashIndexSize=101
[2026.01.02-11.12.59:481][  0]LogPakFile: PakFile FullDirectoryIndexSize=148
[2026.01.02-11.12.59:481][  0]LogShaderLibrary: Display: ShaderCodeLibraryPakFileMountedCallback: PakFile 'C:/Program Files/Epic Games/UE_4.27/FeaturePacks/StarterContent.upack' (chunk index -1, root 'root:/') mounted
[2026.01.02-11.12.59:481][  0]LogShaderLibrary: Display: ShaderCodeLibraryPakFileMountedCallback: pending pak file info (ChunkID:-1 Root:root:/ File:C:/Program Files/Epic Games/UE_4.27/FeaturePacks/StarterContent.upack)
[2026.01.02-11.12.59:481][  0]LogPakFile: OnPakFileMounted2Time == 0.000026
[2026.01.02-11.12.59:489][  0]LogPakFile: PakFile PrimaryIndexSize=190
[2026.01.02-11.12.59:489][  0]LogPakFile: PakFile PathHashIndexSize=101
[2026.01.02-11.12.59:489][  0]LogPakFile: PakFile FullDirectoryIndexSize=154
[2026.01.02-11.12.59:489][  0]LogShaderLibrary: Display: ShaderCodeLibraryPakFileMountedCallback: PakFile 'C:/Program Files/Epic Games/UE_4.27/FeaturePacks/TP_2DSideScroller.upack' (chunk index -1, root 'root:/') mounted
[2026.01.02-11.12.59:489][  0]LogShaderLibrary: Display: ShaderCodeLibraryPakFileMountedCallback: pending pak file info (ChunkID:-1 Root:root:/ File:C:/Program Files/Epic Games/UE_4.27/FeaturePacks/TP_2DSideScroller.upack)
[2026.01.02-11.12.59:489][  0]LogPakFile: OnPakFileMounted2Time == 0.000025
[2026.01.02-11.12.59:500][  0]LogPakFile: PakFile PrimaryIndexSize=192
[2026.01.02-11.12.59:500][  0]LogPakFile: PakFile PathHashIndexSize=101
[2026.01.02-11.12.59:500][  0]LogPakFile: PakFile FullDirectoryIndexSize=158
[2026.01.02-11.12.59:500][  0]LogShaderLibrary: Display: ShaderCodeLibraryPakFileMountedCallback: PakFile 'C:/Program Files/Epic Games/UE_4.27/FeaturePacks/TP_2DSideScrollerBP.upack' (chunk index -1, root 'root:/') mounted
[2026.01.02-11.12.59:500][  0]LogShaderLibrary: Display: ShaderCodeLibraryPakFileMountedCallback: pending pak file info (ChunkID:-1 Root:root:/ File:C:/Program Files/Epic Games/UE_4.27/FeaturePacks/TP_2DSideScrollerBP.upack)
[2026.01.02-11.12.59:500][  0]LogPakFile: OnPakFileMounted2Time == 0.000044
[2026.01.02-11.12.59:513][  0]LogPakFile: PakFile PrimaryIndexSize=182
[2026.01.02-11.12.59:513][  0]LogPakFile: PakFile PathHashIndexSize=101
[2026.01.02-11.12.59:513][  0]LogPakFile: PakFile FullDirectoryIndexSize=138
[2026.01.02-11.12.59:513][  0]LogShaderLibrary: Display: ShaderCodeLibraryPakFileMountedCallback: PakFile 'C:/Program Files/Epic Games/UE_4.27/FeaturePacks/TP_Flying.upack' (chunk index -1, root 'root:/') mounted
[2026.01.02-11.12.59:513][  0]LogShaderLibrary: Display: ShaderCodeLibraryPakFileMountedCallback: pending pak file info (ChunkID:-1 Root:root:/ File:C:/Program Files/Epic Games/UE_4.27/FeaturePacks/TP_Flying.upack)
[2026.01.02-11.12.59:513][  0]LogPakFile: OnPakFileMounted2Time == 0.000024
[2026.01.02-11.12.59:531][  0]LogPakFile: PakFile PrimaryIndexSize=184
[2026.01.02-11.12.59:531][  0]LogPakFile: PakFile PathHashIndexSize=101
[2026.01.02-11.12.59:531][  0]LogPakFile: PakFile FullDirectoryIndexSize=142
[2026.01.02-11.12.59:531][  0]LogShaderLibrary: Display: ShaderCodeLibraryPakFileMountedCallback: PakFile 'C:/Program Files/Epic Games/UE_4.27/FeaturePacks/TP_FlyingBP.upack' (chunk index -1, root 'root:/') mounted
[2026.01.02-11.12.59:531][  0]LogShaderLibrary: Display: ShaderCodeLibraryPakFileMountedCallback: pending pak file info (ChunkID:-1 Root:root:/ File:C:/Program Files/Epic Games/UE_4.27/FeaturePacks/TP_FlyingBP.upack)
[2026.01.02-11.12.59:531][  0]LogPakFile: OnPakFileMounted2Time == 0.000040
[2026.01.02-11.12.59:540][  0]LogPakFile: PakFile PrimaryIndexSize=188
[2026.01.02-11.12.59:540][  0]LogPakFile: PakFile PathHashIndexSize=101
[2026.01.02-11.12.59:540][  0]LogPakFile: PakFile FullDirectoryIndexSize=150
[2026.01.02-11.12.59:540][  0]LogShaderLibrary: Display: ShaderCodeLibraryPakFileMountedCallback: PakFile 'C:/Program Files/Epic Games/UE_4.27/FeaturePacks/TP_HandheldARBP.upack' (chunk index -1, root 'root:/') mounted
[2026.01.02-11.12.59:540][  0]LogShaderLibrary: Display: ShaderCodeLibraryPakFileMountedCallback: pending pak file info (ChunkID:-1 Root:root:/ File:C:/Program Files/Epic Games/UE_4.27/FeaturePacks/TP_HandheldARBP.upack)
[2026.01.02-11.12.59:540][  0]LogPakFile: OnPakFileMounted2Time == 0.000026
[2026.01.02-11.12.59:555][  0]LogPakFile: PakFile PrimaryIndexSize=182
[2026.01.02-11.12.59:555][  0]LogPakFile: PakFile PathHashIndexSize=101
[2026.01.02-11.12.59:555][  0]LogPakFile: PakFile FullDirectoryIndexSize=138
[2026.01.02-11.12.59:555][  0]LogShaderLibrary: Display: ShaderCodeLibraryPakFileMountedCallback: PakFile 'C:/Program Files/Epic Games/UE_4.27/FeaturePacks/TP_Puzzle.upack' (chunk index -1, root 'root:/') mounted
[2026.01.02-11.12.59:555][  0]LogShaderLibrary: Display: ShaderCodeLibraryPakFileMountedCallback: pending pak file info (ChunkID:-1 Root:root:/ File:C:/Program Files/Epic Games/UE_4.27/FeaturePacks/TP_Puzzle.upack)
[2026.01.02-11.12.59:555][  0]LogPakFile: OnPakFileMounted2Time == 0.000026
[2026.01.02-11.12.59:562][  0]LogPakFile: PakFile PrimaryIndexSize=184
[2026.01.02-11.12.59:562][  0]LogPakFile: PakFile PathHashIndexSize=101
[2026.01.02-11.12.59:562][  0]LogPakFile: PakFile FullDirectoryIndexSize=142
[2026.01.02-11.12.59:562][  0]LogShaderLibrary: Display: ShaderCodeLibraryPakFileMountedCallback: PakFile 'C:/Program Files/Epic Games/UE_4.27/FeaturePacks/TP_PuzzleBP.upack' (chunk index -1, root 'root:/') mounted
[2026.01.02-11.12.59:562][  0]LogShaderLibrary: Display: ShaderCodeLibraryPakFileMountedCallback: pending pak file info (ChunkID:-1 Root:root:/ File:C:/Program Files/Epic Games/UE_4.27/FeaturePacks/TP_PuzzleBP.upack)
[2026.01.02-11.12.59:562][  0]LogPakFile: OnPakFileMounted2Time == 0.000024
[2026.01.02-11.12.59:570][  0]LogPakFile: PakFile PrimaryIndexSize=183
[2026.01.02-11.12.59:570][  0]LogPakFile: PakFile PathHashIndexSize=101
[2026.01.02-11.12.59:570][  0]LogPakFile: PakFile FullDirectoryIndexSize=140
[2026.01.02-11.12.59:570][  0]LogShaderLibrary: Display: ShaderCodeLibraryPakFileMountedCallback: PakFile 'C:/Program Files/Epic Games/UE_4.27/FeaturePacks/TP_Rolling.upack' (chunk index -1, root 'root:/') mounted
[2026.01.02-11.12.59:570][  0]LogShaderLibrary: Display: ShaderCodeLibraryPakFileMountedCallback: pending pak file info (ChunkID:-1 Root:root:/ File:C:/Program Files/Epic Games/UE_4.27/FeaturePacks/TP_Rolling.upack)
[2026.01.02-11.12.59:570][  0]LogPakFile: OnPakFileMounted2Time == 0.000043
[2026.01.02-11.12.59:579][  0]LogPakFile: PakFile PrimaryIndexSize=185
[2026.01.02-11.12.59:579][  0]LogPakFile: PakFile PathHashIndexSize=101
[2026.01.02-11.12.59:579][  0]LogPakFile: PakFile FullDirectoryIndexSize=144
[2026.01.02-11.12.59:579][  0]LogShaderLibrary: Display: ShaderCodeLibraryPakFileMountedCallback: PakFile 'C:/Program Files/Epic Games/UE_4.27/FeaturePacks/TP_RollingBP.upack' (chunk index -1, root 'root:/') mounted
[2026.01.02-11.12.59:579][  0]LogShaderLibrary: Display: ShaderCodeLibraryPakFileMountedCallback: pending pak file info (ChunkID:-1 Root:root:/ File:C:/Program Files/Epic Games/UE_4.27/FeaturePacks/TP_RollingBP.upack)
[2026.01.02-11.12.59:579][  0]LogPakFile: OnPakFileMounted2Time == 0.000042
[2026.01.02-11.12.59:587][  0]LogPakFile: PakFile PrimaryIndexSize=188
[2026.01.02-11.12.59:587][  0]LogPakFile: PakFile PathHashIndexSize=101
[2026.01.02-11.12.59:587][  0]LogPakFile: PakFile FullDirectoryIndexSize=150
[2026.01.02-11.12.59:587][  0]LogShaderLibrary: Display: ShaderCodeLibraryPakFileMountedCallback: PakFile 'C:/Program Files/Epic Games/UE_4.27/FeaturePacks/TP_SideScroller.upack' (chunk index -1, root 'root:/') mounted
[2026.01.02-11.12.59:587][  0]LogShaderLibrary: Display: ShaderCodeLibraryPakFileMountedCallback: pending pak file info (ChunkID:-1 Root:root:/ File:C:/Program Files/Epic Games/UE_4.27/FeaturePacks/TP_SideScroller.upack)
[2026.01.02-11.12.59:587][  0]LogPakFile: OnPakFileMounted2Time == 0.000025
[2026.01.02-11.12.59:598][  0]LogPakFile: PakFile PrimaryIndexSize=190
[2026.01.02-11.12.59:598][  0]LogPakFile: PakFile PathHashIndexSize=101
[2026.01.02-11.12.59:598][  0]LogPakFile: PakFile FullDirectoryIndexSize=154
[2026.01.02-11.12.59:598][  0]LogShaderLibrary: Display: ShaderCodeLibraryPakFileMountedCallback: PakFile 'C:/Program Files/Epic Games/UE_4.27/FeaturePacks/TP_SideScrollerBP.upack' (chunk index -1, root 'root:/') mounted
[2026.01.02-11.12.59:598][  0]LogShaderLibrary: Display: ShaderCodeLibraryPakFileMountedCallback: pending pak file info (ChunkID:-1 Root:root:/ File:C:/Program Files/Epic Games/UE_4.27/FeaturePacks/TP_SideScrollerBP.upack)
[2026.01.02-11.12.59:598][  0]LogPakFile: OnPakFileMounted2Time == 0.000034
[2026.01.02-11.12.59:614][  0]LogPakFile: PakFile PrimaryIndexSize=187
[2026.01.02-11.12.59:614][  0]LogPakFile: PakFile PathHashIndexSize=101
[2026.01.02-11.12.59:614][  0]LogPakFile: PakFile FullDirectoryIndexSize=148
[2026.01.02-11.12.59:614][  0]LogShaderLibrary: Display: ShaderCodeLibraryPakFileMountedCallback: PakFile 'C:/Program Files/Epic Games/UE_4.27/FeaturePacks/TP_ThirdPerson.upack' (chunk index -1, root 'root:/') mounted
[2026.01.02-11.12.59:614][  0]LogShaderLibrary: Display: ShaderCodeLibraryPakFileMountedCallback: pending pak file info (ChunkID:-1 Root:root:/ File:C:/Program Files/Epic Games/UE_4.27/FeaturePacks/TP_ThirdPerson.upack)
[2026.01.02-11.12.59:614][  0]LogPakFile: OnPakFileMounted2Time == 0.000028
[2026.01.02-11.12.59:621][  0]LogPakFile: PakFile PrimaryIndexSize=189
[2026.01.02-11.12.59:621][  0]LogPakFile: PakFile PathHashIndexSize=101
[2026.01.02-11.12.59:621][  0]LogPakFile: PakFile FullDirectoryIndexSize=152
[2026.01.02-11.12.59:621][  0]LogShaderLibrary: Display: ShaderCodeLibraryPakFileMountedCallback: PakFile 'C:/Program Files/Epic Games/UE_4.27/FeaturePacks/TP_ThirdPersonBP.upack' (chunk index -1, root 'root:/') mounted
[2026.01.02-11.12.59:621][  0]LogShaderLibrary: Display: ShaderCodeLibraryPakFileMountedCallback: pending pak file info (ChunkID:-1 Root:root:/ File:C:/Program Files/Epic Games/UE_4.27/FeaturePacks/TP_ThirdPersonBP.upack)
[2026.01.02-11.12.59:621][  0]LogPakFile: OnPakFileMounted2Time == 0.000024
[2026.01.02-11.12.59:632][  0]LogPakFile: PakFile PrimaryIndexSize=183
[2026.01.02-11.12.59:632][  0]LogPakFile: PakFile PathHashIndexSize=101
[2026.01.02-11.12.59:632][  0]LogPakFile: PakFile FullDirectoryIndexSize=140
[2026.01.02-11.12.59:632][  0]LogShaderLibrary: Display: ShaderCodeLibraryPakFileMountedCallback: PakFile 'C:/Program Files/Epic Games/UE_4.27/FeaturePacks/TP_TopDown.upack' (chunk index -1, root 'root:/') mounted
[2026.01.02-11.12.59:632][  0]LogShaderLibrary: Display: ShaderCodeLibraryPakFileMountedCallback: pending pak file info (ChunkID:-1 Root:root:/ File:C:/Program Files/Epic Games/UE_4.27/FeaturePacks/TP_TopDown.upack)
[2026.01.02-11.12.59:632][  0]LogPakFile: OnPakFileMounted2Time == 0.000031
[2026.01.02-11.12.59:643][  0]LogPakFile: PakFile PrimaryIndexSize=185
[2026.01.02-11.12.59:643][  0]LogPakFile: PakFile PathHashIndexSize=101
[2026.01.02-11.12.59:643][  0]LogPakFile: PakFile FullDirectoryIndexSize=144
[2026.01.02-11.12.59:643][  0]LogShaderLibrary: Display: ShaderCodeLibraryPakFileMountedCallback: PakFile 'C:/Program Files/Epic Games/UE_4.27/FeaturePacks/TP_TopDownBP.upack' (chunk index -1, root 'root:/') mounted
[2026.01.02-11.12.59:643][  0]LogShaderLibrary: Display: ShaderCodeLibraryPakFileMountedCallback: pending pak file info (ChunkID:-1 Root:root:/ File:C:/Program Files/Epic Games/UE_4.27/FeaturePacks/TP_TopDownBP.upack)
[2026.01.02-11.12.59:643][  0]LogPakFile: OnPakFileMounted2Time == 0.000028
[2026.01.02-11.12.59:654][  0]LogPakFile: PakFile PrimaryIndexSize=185
[2026.01.02-11.12.59:654][  0]LogPakFile: PakFile PathHashIndexSize=101
[2026.01.02-11.12.59:654][  0]LogPakFile: PakFile FullDirectoryIndexSize=144
[2026.01.02-11.12.59:654][  0]LogShaderLibrary: Display: ShaderCodeLibraryPakFileMountedCallback: PakFile 'C:/Program Files/Epic Games/UE_4.27/FeaturePacks/TP_TwinStick.upack' (chunk index -1, root 'root:/') mounted
[2026.01.02-11.12.59:654][  0]LogShaderLibrary: Display: ShaderCodeLibraryPakFileMountedCallback: pending pak file info (ChunkID:-1 Root:root:/ File:C:/Program Files/Epic Games/UE_4.27/FeaturePacks/TP_TwinStick.upack)
[2026.01.02-11.12.59:654][  0]LogPakFile: OnPakFileMounted2Time == 0.000027
[2026.01.02-11.12.59:668][  0]LogPakFile: PakFile PrimaryIndexSize=187
[2026.01.02-11.12.59:668][  0]LogPakFile: PakFile PathHashIndexSize=101
[2026.01.02-11.12.59:668][  0]LogPakFile: PakFile FullDirectoryIndexSize=148
[2026.01.02-11.12.59:668][  0]LogShaderLibrary: Display: ShaderCodeLibraryPakFileMountedCallback: PakFile 'C:/Program Files/Epic Games/UE_4.27/FeaturePacks/TP_TwinStickBP.upack' (chunk index -1, root 'root:/') mounted
[2026.01.02-11.12.59:668][  0]LogShaderLibrary: Display: ShaderCodeLibraryPakFileMountedCallback: pending pak file info (ChunkID:-1 Root:root:/ File:C:/Program Files/Epic Games/UE_4.27/FeaturePacks/TP_TwinStickBP.upack)
[2026.01.02-11.12.59:668][  0]LogPakFile: OnPakFileMounted2Time == 0.000024
[2026.01.02-11.12.59:689][  0]LogPakFile: PakFile PrimaryIndexSize=183
[2026.01.02-11.12.59:689][  0]LogPakFile: PakFile PathHashIndexSize=101
[2026.01.02-11.12.59:689][  0]LogPakFile: PakFile FullDirectoryIndexSize=140
[2026.01.02-11.12.59:689][  0]LogShaderLibrary: Display: ShaderCodeLibraryPakFileMountedCallback: PakFile 'C:/Program Files/Epic Games/UE_4.27/FeaturePacks/TP_Vehicle.upack' (chunk index -1, root 'root:/') mounted
[2026.01.02-11.12.59:689][  0]LogShaderLibrary: Display: ShaderCodeLibraryPakFileMountedCallback: pending pak file info (ChunkID:-1 Root:root:/ File:C:/Program Files/Epic Games/UE_4.27/FeaturePacks/TP_Vehicle.upack)
[2026.01.02-11.12.59:689][  0]LogPakFile: OnPakFileMounted2Time == 0.000024
[2026.01.02-11.12.59:699][  0]LogPakFile: PakFile PrimaryIndexSize=186
[2026.01.02-11.12.59:699][  0]LogPakFile: PakFile PathHashIndexSize=101
[2026.01.02-11.12.59:699][  0]LogPakFile: PakFile FullDirectoryIndexSize=146
[2026.01.02-11.12.59:699][  0]LogShaderLibrary: Display: ShaderCodeLibraryPakFileMountedCallback: PakFile 'C:/Program Files/Epic Games/UE_4.27/FeaturePacks/TP_VehicleAdv.upack' (chunk index -1, root 'root:/') mounted
[2026.01.02-11.12.59:699][  0]LogShaderLibrary: Display: ShaderCodeLibraryPakFileMountedCallback: pending pak file info (ChunkID:-1 Root:root:/ File:C:/Program Files/Epic Games/UE_4.27/FeaturePacks/TP_VehicleAdv.upack)
[2026.01.02-11.12.59:699][  0]LogPakFile: OnPakFileMounted2Time == 0.000062
[2026.01.02-11.12.59:715][  0]LogPakFile: PakFile PrimaryIndexSize=188
[2026.01.02-11.12.59:715][  0]LogPakFile: PakFile PathHashIndexSize=101
[2026.01.02-11.12.59:715][  0]LogPakFile: PakFile FullDirectoryIndexSize=150
[2026.01.02-11.12.59:715][  0]LogShaderLibrary: Display: ShaderCodeLibraryPakFileMountedCallback: PakFile 'C:/Program Files/Epic Games/UE_4.27/FeaturePacks/TP_VehicleAdvBP.upack' (chunk index -1, root 'root:/') mounted
[2026.01.02-11.12.59:715][  0]LogShaderLibrary: Display: ShaderCodeLibraryPakFileMountedCallback: pending pak file info (ChunkID:-1 Root:root:/ File:C:/Program Files/Epic Games/UE_4.27/FeaturePacks/TP_VehicleAdvBP.upack)
[2026.01.02-11.12.59:715][  0]LogPakFile: OnPakFileMounted2Time == 0.000026
[2026.01.02-11.12.59:766][  0]LogPakFile: PakFile PrimaryIndexSize=185
[2026.01.02-11.12.59:766][  0]LogPakFile: PakFile PathHashIndexSize=101
[2026.01.02-11.12.59:766][  0]LogPakFile: PakFile FullDirectoryIndexSize=144
[2026.01.02-11.12.59:766][  0]LogShaderLibrary: Display: ShaderCodeLibraryPakFileMountedCallback: PakFile 'C:/Program Files/Epic Games/UE_4.27/FeaturePacks/TP_VehicleBP.upack' (chunk index -1, root 'root:/') mounted
[2026.01.02-11.12.59:766][  0]LogShaderLibrary: Display: ShaderCodeLibraryPakFileMountedCallback: pending pak file info (ChunkID:-1 Root:root:/ File:C:/Program Files/Epic Games/UE_4.27/FeaturePacks/TP_VehicleBP.upack)
[2026.01.02-11.12.59:766][  0]LogPakFile: OnPakFileMounted2Time == 0.000026
[2026.01.02-11.12.59:786][  0]LogPakFile: PakFile PrimaryIndexSize=192
[2026.01.02-11.12.59:786][  0]LogPakFile: PakFile PathHashIndexSize=101
[2026.01.02-11.12.59:786][  0]LogPakFile: PakFile FullDirectoryIndexSize=158
[2026.01.02-11.12.59:786][  0]LogShaderLibrary: Display: ShaderCodeLibraryPakFileMountedCallback: PakFile 'C:/Program Files/Epic Games/UE_4.27/FeaturePacks/TP_VirtualRealityBP.upack' (chunk index -1, root 'root:/') mounted
[2026.01.02-11.12.59:786][  0]LogShaderLibrary: Display: ShaderCodeLibraryPakFileMountedCallback: pending pak file info (ChunkID:-1 Root:root:/ File:C:/Program Files/Epic Games/UE_4.27/FeaturePacks/TP_VirtualRealityBP.upack)
[2026.01.02-11.12.59:786][  0]LogPakFile: OnPakFileMounted2Time == 0.000025
[2026.01.02-11.13.00:224][  0]LogNativeClassHierarchy: Verbose: Native class hierarchy updated for 'AddContentDialog' in 0.0003 seconds. Added 0 classes and 0 folders.
[2026.01.02-11.13.00:256][  0]LogNativeClassHierarchy: Verbose: Native class hierarchy updated for 'SceneOutliner' in 0.0002 seconds. Added 2 classes and 0 folders.
[2026.01.02-11.13.00:428][  0]LogSlate: Took 0.000137 seconds to synchronously load lazily loaded font '../../../Engine/Content/Slate/Fonts/Roboto-Regular.ttf' (155K)
[2026.01.02-11.13.00:435][  0]LogSlate: Took 0.006351 seconds to synchronously load lazily loaded font '../../../Engine/Content/Editor/Slate/Fonts/FontAwesome.ttf' (139K)
[2026.01.02-11.13.00:436][  0]LogSlate: Took 0.000221 seconds to synchronously load lazily loaded font '../../../Engine/Content/Slate/Fonts/Roboto-Bold.ttf' (160K)
[2026.01.02-11.13.00:583][  0]LogRenderer: Reallocating scene render targets to support 1616x792 Format 10 NumSamples 1 (Frame:1).
[2026.01.02-11.13.01:048][  0]LogNativeClassHierarchy: Verbose: Native class hierarchy updated for 'HierarchicalLODOutliner' in 0.0002 seconds. Added 0 classes and 0 folders.
[2026.01.02-11.13.01:048][  0]LogLoad: (Engine Initialization) Total time: 6.66 seconds
[2026.01.02-11.13.01:048][  0]LogLoad: (Engine Initialization) Total Blueprint compile time: 0.00 seconds
[2026.01.02-11.13.01:077][  0]LogAssetRegistry: Asset discovery search completed in 4.2929 seconds
[2026.01.02-11.13.01:081][  0]LogCollectionManager: Fixed up redirectors for 0 collections in 0.000002 seconds (updated 0 objects)
[2026.01.02-11.13.01:085][  0]LogContentStreaming: Texture pool size now 1000 MB
[2026.01.02-11.13.02:091][ 85]LogSlate: Took 0.020859 seconds to synchronously load lazily loaded font '../../../Engine/Content/Slate/Fonts/Roboto-Light.ttf' (167K)
[2026.01.02-11.13.11:257][ 91]LogUObjectHash: Compacting FUObjectHashTables data took   0.36ms
[2026.01.02-11.13.11:257][ 91]Cmd: MAP LOAD FILE="D:/Artemii/Game/Game/Content/01Gameplay.umap" TEMPLATE=0 SHOWPROGRESS=1 FEATURELEVEL=3
[2026.01.02-11.13.11:284][ 91]LightingResults: New page: Lighting Build
[2026.01.02-11.13.11:284][ 91]LoadErrors: New page: Loading map: 01Gameplay.umap
[2026.01.02-11.13.11:284][ 91]LogWorld: UWorld::CleanupWorld for Untitled_1, bSessionEnded=true, bCleanupResources=true
[2026.01.02-11.13.11:284][ 91]LogSlate: InvalidateAllWidgets triggered.  All widgets were invalidated
[2026.01.02-11.13.11:284][ 91]MapCheck: New page: Map Check
[2026.01.02-11.13.11:284][ 91]LightingResults: New page: Lighting Build
[2026.01.02-11.13.11:289][ 91]LogAudio: Display: Audio Device unregistered from world 'None'.
[2026.01.02-11.13.11:290][ 91]LogUObjectHash: Compacting FUObjectHashTables data took   0.39ms
[2026.01.02-11.13.12:249][ 91]LogLinker: Warning: [AssetLog] D:\Artemii\Game\Game\Content\HeroChar\Materials\MaterialLayers\ML_Plastic_Shiny_Beige_LOGO.uasset: Failed to load '/Game/FirstPerson/Character/Textures/UE4_LOGO_CARD': Can't find file.
[2026.01.02-11.13.12:250][ 91]LoadErrors: Failed to load /Game/HeroChar/Mesh/SK_Mannequin_Arms.SK_Mannequin_Arms Referenced by Arms_GEN_VARIABLE
[2026.01.02-11.13.12:250][ 91]LogLinker: Warning: [AssetLog] D:\Artemii\Game\Game\Content\HeroChar\Materials\MaterialLayers\ML_Plastic_Shiny_Beige_LOGO.uasset: Failed to load '/Game/FirstPerson/Character/Textures/UE4_LOGO_CARD': Can't find file.
[2026.01.02-11.13.12:250][ 91]LogLinker: Warning: [AssetLog] D:\Artemii\Game\Game\Content\HeroChar\Materials\MaterialLayers\ML_Plastic_Shiny_Beige_LOGO.uasset: Failed to load '/Game/FirstPerson/Character/Textures/UE4_LOGO_CARD': Can't find file.
[2026.01.02-11.13.12:703][ 91]LogLinker: Warning: [AssetLog] D:\Artemii\Game\Game\Content\HeroChar\Materials\MaterialLayers\ML_Plastic_Shiny_Beige_LOGO.uasset: Failed to load '/Game/FirstPerson/Character/Textures/UE4_LOGO_CARD': Can't find file.
[2026.01.02-11.13.12:703][ 91]LoadErrors: Failed to load /Game/FirstPerson/Character/Textures/UE4_LOGO_CARD.UE4_LOGO_CARD Referenced by MaterialExpressionTextureSample_6
[2026.01.02-11.13.13:128][ 91]LogAudio: Display: Audio Device (ID: 1) registered with world '01Gameplay'.
[2026.01.02-11.13.13:128][ 91]LogAIModule: Creating AISystem for world 01Gameplay
[2026.01.02-11.13.13:207][ 91]LogEditorServer: Finished looking for orphan Actors (0.000 secs)
[2026.01.02-11.13.13:241][ 91]LogUObjectHash: Compacting FUObjectHashTables data took   0.64ms
[2026.01.02-11.13.13:256][ 91]Cmd: MAP CHECKDEP NOCLEARLOG
[2026.01.02-11.13.13:256][ 91]MapCheck: Map check complete: 0 Error(s), 0 Warning(s), took 0,056ms to complete.
[2026.01.02-11.13.13:256][ 91]LogFileHelpers: Loading map '01Gameplay' took 1.998
[2026.01.02-11.13.13:256][ 91]LogSlate: Window 'Open Level' being destroyed
[2026.01.02-11.13.13:300][ 91]LogSlate: Took 0.008917 seconds to synchronously load lazily loaded font '../../../Engine/Content/Slate/Fonts/DroidSansMono.ttf' (77K)
[2026.01.02-11.13.14:231][183]LogAssetEditorSubsystem: Opening Asset editor for Blueprint /Game/HeroChar/BP_HaroChar.BP_HaroChar
[2026.01.02-11.13.15:123][183]LogNativeClassHierarchy: Verbose: Native class hierarchy updated for 'BlueprintGraph' in 0.0004 seconds. Added 126 classes and 0 folders.
[2026.01.02-11.13.15:560][183]LogTemp: Warning: SetupViewportDisplaySettings
[2026.01.02-11.13.15:697][183]LogAssetEditorSubsystem: Opening Asset editor for Blueprint /Game/GameLogic/BP_Gameplay_GameMode.BP_Gameplay_GameMode
[2026.01.02-11.13.15:853][183]LogTemp: Warning: SetupViewportDisplaySettings
[2026.01.02-11.13.16:064][183]LogAssetEditorSubsystem: Opening Asset editor for Blueprint /Game/Objects/LevelPortal/BP_PortalLevel.BP_PortalLevel
[2026.01.02-11.13.16:290][183]LogTemp: Warning: SetupViewportDisplaySettings
[2026.01.02-11.13.16:343][183]LogSlate: Took 0.000139 seconds to synchronously load lazily loaded font '../../../Engine/Content/Slate/Fonts/Roboto-BoldCondensed.ttf' (158K)
[2026.01.02-11.13.16:549][184]LogSlate: Took 0.016818 seconds to synchronously load lazily loaded font '../../../Engine/Content/Slate/Fonts/Roboto-Italic.ttf' (157K)
[2026.01.02-11.13.18:623][408]LogSlate: Window 'BP_PortalLevel' being destroyed
[2026.01.02-11.13.20:730][656]LogSlate: Window 'Message Log' being destroyed
[2026.01.02-11.26.14:484][380]LogRenderer: Reallocating scene render targets to support 2428x1248 Format 10 NumSamples 1 (Frame:1255).
[2026.01.02-11.35.00:860][602]Cmd: TRANSACTION UNDO
[2026.01.02-11.35.00:860][602]LogEditorTransaction: Undo Clicking on Actors
[2026.01.02-11.35.51:711][330]LogSlate: Window 'Color Picker' being destroyed
[2026.01.02-11.36.08:979][627]LogSlate: Window 'Color Picker' being destroyed
[2026.01.02-11.36.16:271][472]LogSlate: Window 'Color Picker' being destroyed
[2026.01.02-11.36.42:476][780]LogUObjectHash: Compacting FUObjectHashTables data took   2.09ms
[2026.01.02-11.36.42:494][780]Cmd: OBJ SAVEPACKAGE PACKAGE="/Game/01Gameplay" FILE="D:/Artemii/Game/Game/Saved/Autosaves/Game/01Gameplay_Auto1.umap" SILENT=true AUTOSAVING=true KEEPDIRTY=false
[2026.01.02-11.36.42:529][780]LogSavePackage: Moving 'D:/Artemii/Game/Game/Saved/01Gameplay_Auto1A890780D47AF1C05D9DF2EB55C8BAFF7.tmp' to 'D:/Artemii/Game/Game/Saved/Autosaves/Game/01Gameplay_Auto1.umap'
[2026.01.02-11.36.42:569][780]LogFileHelpers: Editor autosave (incl. external actors) for '/Game/01Gameplay' took 0.128
[2026.01.02-11.36.42:569][780]LogFileHelpers: Editor autosave (incl. sublevels & external actors) for all levels took 0.128
[2026.01.02-11.37.10:310][961]LogEditorViewport: Clicking on Actor (LMB): BP_Sky_Sphere_C (BP_Sky_Sphere)
[2026.01.02-11.37.14:214][405]LogEditorViewport: Clicking on Actor (LMB): BP_Sky_Sphere_C (BP_Sky_Sphere)
[2026.01.02-11.37.14:798][474]LogEditorViewport: Clicking on Actor (LMB): PostProcessVolume (PostProcessVolume)
[2026.01.02-11.37.22:558][392]LogEditorViewport: Clicking on Actor (LMB): PostProcessVolume (PostProcessVolume)
[2026.01.02-11.42.54:830][287]LogTemp: Repeating last play command: Selected Viewport
[2026.01.02-11.42.54:835][287]LogPlayLevel: PlayLevel: No blueprints needed recompiling
[2026.01.02-11.42.54:837][287]PIE: New page: PIE session: 01Gameplay (2 січ. 2026 р., 15:42:54)
[2026.01.02-11.42.54:838][287]LogOnline: OSS: Creating online subsystem instance for: NULL
[2026.01.02-11.42.54:842][287]LogOnline: OSS: TryLoadSubsystemAndSetDefault: Loaded subsystem for module [NULL]
[2026.01.02-11.42.54:843][287]LogPlayLevel: Creating play world package: /Game/UEDPIE_0_01Gameplay
[2026.01.02-11.42.54:850][287]LogPlayLevel: PIE: StaticDuplicateObject took: (0.006982s)
[2026.01.02-11.42.54:850][287]LogAIModule: Creating AISystem for world 01Gameplay
[2026.01.02-11.42.54:850][287]LogPlayLevel: PIE: World Init took: (0.000653s)
[2026.01.02-11.42.54:851][287]LogPlayLevel: PIE: Created PIE world by copying editor world from /Game/01Gameplay.01Gameplay to /Game/UEDPIE_0_01Gameplay.01Gameplay (0.007725s)
[2026.01.02-11.42.54:864][287]LogUObjectHash: Compacting FUObjectHashTables data took   1.03ms
[2026.01.02-11.42.54:865][287]LogAudio: Display: Creating Audio Device:                 Id: 2, Scope: Unique, Realtime: True
[2026.01.02-11.42.54:865][287]LogAudioMixer: Display: Audio Mixer Platform Settings:
[2026.01.02-11.42.54:865][287]LogAudioMixer: Display: 	Sample Rate:						  48000
[2026.01.02-11.42.54:865][287]LogAudioMixer: Display: 	Callback Buffer Frame Size Requested: 1024
[2026.01.02-11.42.54:865][287]LogAudioMixer: Display: 	Callback Buffer Frame Size To Use:	  1024
[2026.01.02-11.42.54:865][287]LogAudioMixer: Display: 	Number of buffers to queue:			  2
[2026.01.02-11.42.54:865][287]LogAudioMixer: Display: 	Max Channels (voices):				  32
[2026.01.02-11.42.54:865][287]LogAudioMixer: Display: 	Number of Async Source Workers:		  0
[2026.01.02-11.42.54:865][287]LogAudio: Display: AudioDevice MaxSources: 32
[2026.01.02-11.42.54:865][287]LogAudio: Display: Audio Spatialization Plugin: None (built-in).
[2026.01.02-11.42.54:865][287]LogAudio: Display: Audio Reverb Plugin: None (built-in).
[2026.01.02-11.42.54:865][287]LogAudio: Display: Audio Occlusion Plugin: None (built-in).
[2026.01.02-11.42.54:865][287]LogAudioMixer: Display: Initializing audio mixer.
[2026.01.02-11.42.54:868][287]LogAudioMixer: Display: 0: FrontLeft
[2026.01.02-11.42.54:868][287]LogAudioMixer: Display: 1: FrontRight
[2026.01.02-11.42.54:877][287]LogAudioMixer: Display: Using Audio Device Speakers (Realtek(R) Audio)
[2026.01.02-11.42.54:877][287]LogAudioMixer: Display: Initializing Sound Submixes...
[2026.01.02-11.42.54:877][287]LogAudioMixer: Display: Creating Master Submix 'MasterSubmixDefault'
[2026.01.02-11.42.54:877][287]LogAudioMixer: Display: Creating Master Submix 'MasterReverbSubmixDefault'
[2026.01.02-11.42.54:877][287]LogAudioMixer: Display: Creating Master Submix 'MasterEQSubmixDefault'
[2026.01.02-11.42.54:877][287]LogAudioMixer: FMixerPlatformXAudio2::StartAudioStream() called
[2026.01.02-11.42.54:877][287]LogAudioMixer: Display: Output buffers initialized: Frames=1024, Channels=2, Samples=2048
[2026.01.02-11.42.54:878][287]LogAudioMixer: Display: Starting AudioMixerPlatformInterface::RunInternal()
[2026.01.02-11.42.54:878][287]LogAudioMixer: Display: FMixerPlatformXAudio2::SubmitBuffer() called for the first time
[2026.01.02-11.42.54:878][287]LogInit: FAudioDevice initialized.
[2026.01.02-11.42.54:878][287]LogAudio: Display: Audio Device (ID: 2) registered with world '01Gameplay'.
[2026.01.02-11.42.54:887][287]LogLoad: Game class is 'BP_Gameplay_GameMode_C'
[2026.01.02-11.42.54:892][287]LogWorld: Bringing World /Game/UEDPIE_0_01Gameplay.01Gameplay up for play (max tick rate 0) at 2026.01.02-13.42.54
[2026.01.02-11.42.54:892][287]LogWorld: Bringing up level for play took: 0.001712
[2026.01.02-11.42.54:893][287]LogOnline: OSS: Creating online subsystem instance for: :Context_13
[2026.01.02-11.42.54:908][287]LogNativeClassHierarchy: Verbose: Native class hierarchy updated for 'MovieSceneCapture' in 0.0002 seconds. Added 20 classes and 0 folders.
[2026.01.02-11.42.54:929][287]PIE: Server logged in
[2026.01.02-11.42.54:931][287]PIE: Play in editor total start time 0,097 seconds.
[2026.01.02-11.43.03:661][312]LogBlueprintUserMessages: [BP_Gameplay_GameMode_C_0] Мы собрали все ключи
[2026.01.02-11.43.13:981][550]LogBlueprintUserMessages: [BP_PortalLevel_C_0] Nigga
[2026.01.02-11.43.14:920][663]LogBlueprintUserMessages: [BP_PortalLevel_C_0] Nigga
[2026.01.02-11.43.16:767][880]LogSlate: Updating window title bar state: overlay mode, drag disabled, window buttons hidden, title bar hidden
[2026.01.02-11.43.16:767][880]LogWorld: BeginTearingDown for /Game/UEDPIE_0_01Gameplay
[2026.01.02-11.43.16:767][880]LogWorld: UWorld::CleanupWorld for 01Gameplay, bSessionEnded=true, bCleanupResources=true
[2026.01.02-11.43.16:768][880]LogSlate: InvalidateAllWidgets triggered.  All widgets were invalidated
[2026.01.02-11.43.16:772][880]LogPlayLevel: Display: Shutting down PIE online subsystems
[2026.01.02-11.43.16:796][880]LogSlate: InvalidateAllWidgets triggered.  All widgets were invalidated
[2026.01.02-11.43.16:816][880]LogAudio: Display: Audio Device unregistered from world 'None'.
[2026.01.02-11.43.16:816][880]LogAudioMixer: FMixerPlatformXAudio2::StopAudioStream() called
[2026.01.02-11.43.16:817][880]LogAudioMixer: FMixerPlatformXAudio2::StopAudioStream() called
[2026.01.02-11.43.16:818][880]LogSlate: Updating window title bar state: overlay mode, drag disabled, window buttons hidden, title bar hidden
[2026.01.02-11.43.16:830][880]LogUObjectHash: Compacting FUObjectHashTables data took   2.09ms
[2026.01.02-11.43.16:857][881]LogPlayLevel: Display: Destroying online subsystem :Context_13
[2026.01.02-11.45.02:215][638]LogAssetEditorSubsystem: Opening Asset editor for Material /Game/Maps/M_Flour.M_Flour
[2026.01.02-11.45.02:223][638]LogMaterial: Display: Missing cached shadermap for M_Flour in PCD3D_SM5, Default, SM5 (DDC key hash: 204DB79D994D64A364682DBA3EC455A39B7C745C), compiling. 
[2026.01.02-11.45.02:243][638]LogShaderCompilers: Display: Submitted 12 shader compile jobs with 'Normal' priority
[2026.01.02-11.45.02:364][638]LogTexture: Default maximum texture size for cubemaps generated from long-lat sources has been changed from 512 to unlimited. In order to preserve old behaiour for '/Engine/EditorMaterials/AssetViewer/EpicQuadPanorama_CC+EV1.EpicQuadPanorama_CC+EV1', its maximum texture size has been explicitly set to 512.
[2026.01.02-11.45.02:776][638]LogTexture: Default maximum texture size for cubemaps generated from long-lat sources has been changed from 512 to unlimited. In order to preserve old behaiour for '/Engine/MapTemplates/Sky/SunsetAmbientCubemap.SunsetAmbientCubemap', its maximum texture size has been explicitly set to 512.
[2026.01.02-11.45.03:092][638]LogTemp: Warning: SetupViewportDisplaySettings
[2026.01.02-11.45.03:142][638]LogMaterial: Display: Missing cached shadermap for M_Flour in PCD3D_SM5, Default, SM5 (DDC key hash: 0EEAC8449AC58CF960FA76D21788AADABA42F3FC), compiling. 
[2026.01.02-11.45.03:149][638]LogMaterial: Display: Missing cached shadermap for M_Flour in PCD3D_SM5, Default, SM5 (DDC key hash: 31FA3E33CDE009BE9F83C1B59321626D1FCF8A92), compiling. 
[2026.01.02-11.45.03:150][638]LogMaterial: Display: Missing cached shadermap for FMatExpressionPreview MaterialExpressionConstant3Vector_0 in PCD3D_SM5, Default, SM5 (DDC key hash: 01BD702632AF1861F50BB9E942165BD70AB86019), compiling. 
[2026.01.02-11.45.03:156][638]MaterialEditorStats: Texture samplers: 0/16
[2026.01.02-11.45.03:227][639]LogShaderCompilers: Display: Submitted 2 shader compile jobs with 'ForceLocal' priority
[2026.01.02-11.45.03:227][639]LogShaderCompilers: Display: Submitted 10 shader compile jobs with 'Normal' priority
[2026.01.02-11.45.03:227][639]LogShaderCompilers: Display: Worker (1/17): shaders left to compile 2
[2026.01.02-11.45.03:227][639]LogShaderCompilers: Display: Worker (2/17): shaders left to compile 1
[2026.01.02-11.45.03:227][639]LogShaderCompilers: Display: Worker (3/17): shaders left to compile 10
[2026.01.02-11.45.03:227][639]LogShaderCompilers: Display: Worker (4/17): shaders left to compile 9
[2026.01.02-11.45.03:227][639]LogShaderCompilers: Display: Worker (5/17): shaders left to compile 8
[2026.01.02-11.45.03:227][639]LogShaderCompilers: Display: Worker (6/17): shaders left to compile 7
[2026.01.02-11.45.03:227][639]LogShaderCompilers: Display: Worker (7/17): shaders left to compile 6
[2026.01.02-11.45.03:227][639]LogShaderCompilers: Display: Worker (8/17): shaders left to compile 5
[2026.01.02-11.45.03:227][639]LogShaderCompilers: Display: Worker (9/17): shaders left to compile 4
[2026.01.02-11.45.03:227][639]LogShaderCompilers: Display: Worker (10/17): shaders left to compile 3
[2026.01.02-11.45.03:227][639]LogShaderCompilers: Display: Worker (11/17): shaders left to compile 2
[2026.01.02-11.45.03:227][639]LogShaderCompilers: Display: Worker (12/17): shaders left to compile 1
[2026.01.02-11.45.03:227][639]LogShaderCompilers: Display: Started 10 'Local' shader compile jobs with 'Normal' priority
[2026.01.02-11.45.03:227][639]LogShaderCompilers: Display: Started 2 'Local' shader compile jobs with 'ForceLocal' priority
[2026.01.02-11.45.03:301][647]LogShaderCompilers: Display: Submitted 2 shader compile jobs with 'ForceLocal' priority
[2026.01.02-11.45.03:301][647]LogShaderCompilers: Display: Worker (13/17): shaders left to compile 2
[2026.01.02-11.45.03:301][647]LogShaderCompilers: Display: Worker (14/17): shaders left to compile 1
[2026.01.02-11.45.03:301][647]LogShaderCompilers: Display: Started 2 'Local' shader compile jobs with 'ForceLocal' priority
[2026.01.02-11.45.04:367][759]LogShaderCompilers: Display: === FShaderJobCache stats ===
[2026.01.02-11.45.04:367][759]LogShaderCompilers: Display: Total job queries 26, among them cache hits 0 (0.00%)
[2026.01.02-11.45.04:367][759]LogShaderCompilers: Display: Tracking 1 distinct input hashes that result in 1 distinct outputs (100.00%)
[2026.01.02-11.45.04:367][759]LogShaderCompilers: Display: RAM used: 0.00 MB (0.00 GB) of 1638.40 MB (1.60 GB) budget. Usage: 0.00%
[2026.01.02-11.45.04:367][759]LogShaderCompilers: Display: ================================================
[2026.01.02-11.45.04:651][788]MaterialEditorStats: Texture samplers: 2/16
[2026.01.02-11.45.04:759][801]MaterialEditorStats: Base pass shader: 118 instructions
[2026.01.02-11.45.04:759][801]MaterialEditorStats: Base pass shader with Surface Lightmap: 145 instructions
[2026.01.02-11.45.04:759][801]MaterialEditorStats: Base pass shader with Volumetric Lightmap: 192 instructions
[2026.01.02-11.45.04:759][801]MaterialEditorStats: Base pass vertex shader: 42 instructions
[2026.01.02-11.45.04:759][801]MaterialEditorStats: Texture samplers: 2/16
[2026.01.02-11.45.09:566][366]LogMaterial: Display: Missing cached shadermap for M_Flour in PCD3D_SM5, Default, SM5 (DDC key hash: 436416865D31EB77F8CE0A8AFED933927F97D64A), compiling. 
[2026.01.02-11.45.09:567][366]LogMaterial: Display: Missing cached shadermap for FMatExpressionPreview MaterialExpressionConstant3Vector_0 in PCD3D_SM5, Default, SM5 (DDC key hash: 35819699624B3A959CC5CDD002028C814634A2E3), compiling. 
[2026.01.02-11.45.09:568][366]MaterialEditorStats: Texture samplers: 0/16
[2026.01.02-11.45.09:572][367]LogShaderCompilers: Display: Submitted 2 shader compile jobs with 'ForceLocal' priority
[2026.01.02-11.45.09:577][368]LogShaderCompilers: Display: Submitted 10 shader compile jobs with 'Normal' priority
[2026.01.02-11.45.09:579][368]LogShaderCompilers: Display: Submitted 2 shader compile jobs with 'ForceLocal' priority
[2026.01.02-11.45.09:587][369]LogShaderCompilers: Display: Worker (1/17): shaders left to compile 4
[2026.01.02-11.45.09:587][369]LogShaderCompilers: Display: Worker (2/17): shaders left to compile 3
[2026.01.02-11.45.09:587][369]LogShaderCompilers: Display: Worker (3/17): shaders left to compile 2
[2026.01.02-11.45.09:587][369]LogShaderCompilers: Display: Worker (4/17): shaders left to compile 1
[2026.01.02-11.45.09:587][369]LogShaderCompilers: Display: Worker (5/17): shaders left to compile 10
[2026.01.02-11.45.09:587][369]LogShaderCompilers: Display: Worker (6/17): shaders left to compile 9
[2026.01.02-11.45.09:587][369]LogShaderCompilers: Display: Worker (7/17): shaders left to compile 8
[2026.01.02-11.45.09:587][369]LogShaderCompilers: Display: Worker (8/17): shaders left to compile 7
[2026.01.02-11.45.09:587][369]LogShaderCompilers: Display: Worker (9/17): shaders left to compile 6
[2026.01.02-11.45.09:587][369]LogShaderCompilers: Display: Worker (10/17): shaders left to compile 5
[2026.01.02-11.45.09:587][369]LogShaderCompilers: Display: Worker (11/17): shaders left to compile 4
[2026.01.02-11.45.09:587][369]LogShaderCompilers: Display: Worker (12/17): shaders left to compile 3
[2026.01.02-11.45.09:587][369]LogShaderCompilers: Display: Worker (13/17): shaders left to compile 2
[2026.01.02-11.45.09:587][369]LogShaderCompilers: Display: Worker (14/17): shaders left to compile 1
[2026.01.02-11.45.09:587][369]LogShaderCompilers: Display: Started 10 'Local' shader compile jobs with 'Normal' priority
[2026.01.02-11.45.09:587][369]LogShaderCompilers: Display: Started 4 'Local' shader compile jobs with 'ForceLocal' priority
[2026.01.02-11.45.10:220][426]MaterialEditorStats: Texture samplers: 2/16
[2026.01.02-11.45.10:463][455]MaterialEditorStats: Base pass shader: 117 instructions
[2026.01.02-11.45.10:463][455]MaterialEditorStats: Base pass shader with Surface Lightmap: 144 instructions
[2026.01.02-11.45.10:463][455]MaterialEditorStats: Base pass shader with Volumetric Lightmap: 191 instructions
[2026.01.02-11.45.10:463][455]MaterialEditorStats: Base pass vertex shader: 42 instructions
[2026.01.02-11.45.10:463][455]MaterialEditorStats: Texture samplers: 2/16
[2026.01.02-11.45.10:856][502]LogMaterial: Display: Missing cached shadermap for M_Flour in PCD3D_SM5, Default, SM5 (DDC key hash: 2E39757A106E61256F710D0FEAD358E186629061), compiling. 
[2026.01.02-11.45.10:857][502]LogMaterial: Display: Missing cached shadermap for FMatExpressionPreview MaterialExpressionConstant3Vector_0 in PCD3D_SM5, Default, SM5 (DDC key hash: D8A6F49FDE5F8649257A74482BA990000BF80F21), compiling. 
[2026.01.02-11.45.10:857][502]LogSlate: Window 'Color Picker' being destroyed
[2026.01.02-11.45.10:861][502]MaterialEditorStats: Texture samplers: 0/16
[2026.01.02-11.45.10:874][504]MaterialEditorStats: Texture samplers: 2/16
[2026.01.02-11.45.10:882][505]MaterialEditorStats: Base pass shader: 117 instructions
[2026.01.02-11.45.10:882][505]MaterialEditorStats: Base pass shader with Surface Lightmap: 144 instructions
[2026.01.02-11.45.10:882][505]MaterialEditorStats: Base pass shader with Volumetric Lightmap: 191 instructions
[2026.01.02-11.45.10:882][505]MaterialEditorStats: Base pass vertex shader: 42 instructions
[2026.01.02-11.45.10:882][505]MaterialEditorStats: Texture samplers: 2/16
[2026.01.02-11.45.13:406][801]LogMaterialEditor: Applying material M_Flour
[2026.01.02-11.45.13:609][801]LogMaterial: Display: Missing cached shadermap for M_Flour in PCD3D_SM5, Default, SM5 (DDC key hash: B3095FE27CDA7538AC7F554F0D6034D2CC0F5C43), compiling. 
[2026.01.02-11.45.13:638][801]LogMaterial: Display: Missing cached shadermap for M_Flour in PCD3D_SM5, Default, SM5 (DDC key hash: 9A63C7C63199FC36F43470E5A8F9EA28B239C691), compiling. 
[2026.01.02-11.45.13:664][801]LogShaderCompilers: Display: Submitted 7 shader compile jobs with 'Normal' priority
[2026.01.02-11.45.13:665][801]LogShaderCompilers: Display: Submitted 6 shader compile jobs with 'Normal' priority
[2026.01.02-11.45.13:673][801]LogShaderCompilers: Display: Worker (1/17): shaders left to compile 13
[2026.01.02-11.45.13:673][801]LogShaderCompilers: Display: Worker (2/17): shaders left to compile 12
[2026.01.02-11.45.13:673][801]LogShaderCompilers: Display: Worker (3/17): shaders left to compile 11
[2026.01.02-11.45.13:673][801]LogShaderCompilers: Display: Worker (4/17): shaders left to compile 10
[2026.01.02-11.45.13:673][801]LogShaderCompilers: Display: Worker (5/17): shaders left to compile 9
[2026.01.02-11.45.13:673][801]LogShaderCompilers: Display: Worker (6/17): shaders left to compile 8
[2026.01.02-11.45.13:673][801]LogShaderCompilers: Display: Worker (7/17): shaders left to compile 7
[2026.01.02-11.45.13:673][801]LogShaderCompilers: Display: Worker (8/17): shaders left to compile 6
[2026.01.02-11.45.13:673][801]LogShaderCompilers: Display: Worker (9/17): shaders left to compile 5
[2026.01.02-11.45.13:673][801]LogShaderCompilers: Display: Worker (10/17): shaders left to compile 4
[2026.01.02-11.45.13:673][801]LogShaderCompilers: Display: Worker (11/17): shaders left to compile 3
[2026.01.02-11.45.13:673][801]LogShaderCompilers: Display: Worker (12/17): shaders left to compile 2
[2026.01.02-11.45.13:673][801]LogShaderCompilers: Display: Worker (13/17): shaders left to compile 1
[2026.01.02-11.45.13:673][801]LogShaderCompilers: Display: Started 13 'Local' shader compile jobs with 'Normal' priority
[2026.01.02-11.45.13:679][801]LogUObjectHash: Compacting FUObjectHashTables data took   2.91ms
[2026.01.02-11.45.14:127][801]LogUObjectHash: Compacting FUObjectHashTables data took   0.67ms
[2026.01.02-11.45.14:142][801]MaterialEditorStats: Texture samplers: 2/16
[2026.01.02-11.45.14:337][824]MaterialEditorStats: Texture samplers: 3/16
[2026.01.02-11.45.14:354][826]MaterialEditorStats: Base pass shader: 117 instructions
[2026.01.02-11.45.14:354][826]MaterialEditorStats: Base pass shader with Surface Lightmap: 144 instructions
[2026.01.02-11.45.14:354][826]MaterialEditorStats: Base pass shader with Volumetric Lightmap: 191 instructions
[2026.01.02-11.45.14:354][826]MaterialEditorStats: Base pass vertex shader: 42 instructions
[2026.01.02-11.45.14:354][826]MaterialEditorStats: Texture samplers: 3/16
[2026.01.02-11.45.16:740][ 99]LogTemp: Repeating last play command: Selected Viewport
[2026.01.02-11.45.16:743][ 99]LogPlayLevel: PlayLevel: No blueprints needed recompiling
[2026.01.02-11.45.16:743][ 99]PIE: New page: PIE session: 01Gameplay (2 січ. 2026 р., 15:45:16)
[2026.01.02-11.45.16:782][ 99]LogPlayLevel: Creating play world package: /Game/UEDPIE_0_01Gameplay
[2026.01.02-11.45.16:790][ 99]LogPlayLevel: PIE: StaticDuplicateObject took: (0.007767s)
[2026.01.02-11.45.16:791][ 99]LogAIModule: Creating AISystem for world 01Gameplay
[2026.01.02-11.45.16:791][ 99]LogPlayLevel: PIE: World Init took: (0.000627s)
[2026.01.02-11.45.16:791][ 99]LogPlayLevel: PIE: Created PIE world by copying editor world from /Game/01Gameplay.01Gameplay to /Game/UEDPIE_0_01Gameplay.01Gameplay (0.008521s)
[2026.01.02-11.45.16:809][ 99]LogUObjectHash: Compacting FUObjectHashTables data took   1.39ms
[2026.01.02-11.45.16:810][ 99]LogAudio: Display: Creating Audio Device:                 Id: 3, Scope: Unique, Realtime: True
[2026.01.02-11.45.16:810][ 99]LogAudioMixer: Display: Audio Mixer Platform Settings:
[2026.01.02-11.45.16:810][ 99]LogAudioMixer: Display: 	Sample Rate:						  48000
[2026.01.02-11.45.16:810][ 99]LogAudioMixer: Display: 	Callback Buffer Frame Size Requested: 1024
[2026.01.02-11.45.16:810][ 99]LogAudioMixer: Display: 	Callback Buffer Frame Size To Use:	  1024
[2026.01.02-11.45.16:810][ 99]LogAudioMixer: Display: 	Number of buffers to queue:			  2
[2026.01.02-11.45.16:810][ 99]LogAudioMixer: Display: 	Max Channels (voices):				  32
[2026.01.02-11.45.16:810][ 99]LogAudioMixer: Display: 	Number of Async Source Workers:		  0
[2026.01.02-11.45.16:810][ 99]LogAudio: Display: AudioDevice MaxSources: 32
[2026.01.02-11.45.16:811][ 99]LogAudio: Display: Audio Spatialization Plugin: None (built-in).
[2026.01.02-11.45.16:811][ 99]LogAudio: Display: Audio Reverb Plugin: None (built-in).
[2026.01.02-11.45.16:811][ 99]LogAudio: Display: Audio Occlusion Plugin: None (built-in).
[2026.01.02-11.45.16:811][ 99]LogAudioMixer: Display: Initializing audio mixer.
[2026.01.02-11.45.16:814][ 99]LogAudioMixer: Display: 0: FrontLeft
[2026.01.02-11.45.16:814][ 99]LogAudioMixer: Display: 1: FrontRight
[2026.01.02-11.45.16:823][ 99]LogAudioMixer: Display: Using Audio Device Speakers (Realtek(R) Audio)
[2026.01.02-11.45.16:823][ 99]LogAudioMixer: Display: Initializing Sound Submixes...
[2026.01.02-11.45.16:823][ 99]LogAudioMixer: Display: Creating Master Submix 'MasterSubmixDefault'
[2026.01.02-11.45.16:823][ 99]LogAudioMixer: Display: Creating Master Submix 'MasterReverbSubmixDefault'
[2026.01.02-11.45.16:823][ 99]LogAudioMixer: Display: Creating Master Submix 'MasterEQSubmixDefault'
[2026.01.02-11.45.16:823][ 99]LogAudioMixer: FMixerPlatformXAudio2::StartAudioStream() called
[2026.01.02-11.45.16:823][ 99]LogAudioMixer: Display: Output buffers initialized: Frames=1024, Channels=2, Samples=2048
[2026.01.02-11.45.16:824][ 99]LogAudioMixer: Display: Starting AudioMixerPlatformInterface::RunInternal()
[2026.01.02-11.45.16:824][ 99]LogAudioMixer: Display: FMixerPlatformXAudio2::SubmitBuffer() called for the first time
[2026.01.02-11.45.16:824][ 99]LogInit: FAudioDevice initialized.
[2026.01.02-11.45.16:824][ 99]LogAudio: Display: Audio Device (ID: 3) registered with world '01Gameplay'.
[2026.01.02-11.45.16:832][ 99]LogLoad: Game class is 'BP_Gameplay_GameMode_C'
[2026.01.02-11.45.16:834][ 99]LogWorld: Bringing World /Game/UEDPIE_0_01Gameplay.01Gameplay up for play (max tick rate 0) at 2026.01.02-13.45.16
[2026.01.02-11.45.16:835][ 99]LogWorld: Bringing up level for play took: 0.001698
[2026.01.02-11.45.16:835][ 99]LogOnline: OSS: Creating online subsystem instance for: :Context_15
[2026.01.02-11.45.16:837][ 99]PIE: Server logged in
[2026.01.02-11.45.16:838][ 99]PIE: Play in editor total start time 0,094 seconds.
[2026.01.02-11.45.24:594][ 24]LogSlate: Updating window title bar state: overlay mode, drag disabled, window buttons hidden, title bar hidden
[2026.01.02-11.45.24:594][ 24]LogWorld: BeginTearingDown for /Game/UEDPIE_0_01Gameplay
[2026.01.02-11.45.24:594][ 24]LogWorld: UWorld::CleanupWorld for 01Gameplay, bSessionEnded=true, bCleanupResources=true
[2026.01.02-11.45.24:595][ 24]LogSlate: InvalidateAllWidgets triggered.  All widgets were invalidated
[2026.01.02-11.45.24:604][ 24]LogPlayLevel: Display: Shutting down PIE online subsystems
[2026.01.02-11.45.24:627][ 24]LogSlate: InvalidateAllWidgets triggered.  All widgets were invalidated
[2026.01.02-11.45.24:644][ 24]LogSlate: Updating window title bar state: overlay mode, drag disabled, window buttons hidden, title bar hidden
[2026.01.02-11.45.24:644][ 24]LogAudioMixer: FMixerPlatformXAudio2::StopAudioStream() called
[2026.01.02-11.45.24:645][ 24]LogAudioMixer: FMixerPlatformXAudio2::StopAudioStream() called
[2026.01.02-11.45.24:649][ 24]LogUObjectHash: Compacting FUObjectHashTables data took   1.38ms
[2026.01.02-11.45.24:676][ 25]LogPlayLevel: Display: Destroying online subsystem :Context_15
[2026.01.02-11.45.27:467][348]LogSlate: Window 'Color Picker' being destroyed
[2026.01.02-11.45.28:582][481]LogEditorTransaction: Undo Modify Color Picker Value
[2026.01.02-11.45.28:583][481]LogMaterial: Display: Missing cached shadermap for M_Flour in PCD3D_SM5, Default, SM5 (DDC key hash: 608227F7C8FE80659F4B9E17B59F0EA51CC8A391), compiling. 
[2026.01.02-11.45.28:584][481]LogMaterial: Display: Missing cached shadermap for M_Flour in PCD3D_SM5, Default, SM5 (DDC key hash: 9C612FA08F561DC2795A13DA63B440E4A5D9E388), compiling. 
[2026.01.02-11.45.28:585][481]LogMaterial: Display: Missing cached shadermap for FMatExpressionPreview MaterialExpressionConstant3Vector_0 in PCD3D_SM5, Default, SM5 (DDC key hash: 73B1890D1C826EC65657A57D6CC7B81D951E9276), compiling. 
[2026.01.02-11.45.28:588][481]MaterialEditorStats: Texture samplers: 0/16
[2026.01.02-11.45.28:633][483]MaterialEditorStats: Base pass shader: 117 instructions
[2026.01.02-11.45.28:633][483]MaterialEditorStats: Base pass shader with Surface Lightmap: 144 instructions
[2026.01.02-11.45.28:633][483]MaterialEditorStats: Base pass shader with Volumetric Lightmap: 191 instructions
[2026.01.02-11.45.28:633][483]MaterialEditorStats: Base pass vertex shader: 42 instructions
[2026.01.02-11.45.28:633][483]MaterialEditorStats: Texture samplers: 2/16
[2026.01.02-11.45.29:502][544]LogEditorTransaction: Undo Modify Color Picker Value
[2026.01.02-11.45.29:502][544]LogMaterial: Display: Missing cached shadermap for M_Flour in PCD3D_SM5, Default, SM5 (DDC key hash: E3D56FCE9BA9DC66E71536651211A39F1A6B4FA4), compiling. 
[2026.01.02-11.45.29:504][544]LogMaterial: Display: Missing cached shadermap for M_Flour in PCD3D_SM5, Default, SM5 (DDC key hash: 5170F23F146D1C81B52F414DA56883872B0222F5), compiling. 
[2026.01.02-11.45.29:505][544]LogMaterial: Display: Missing cached shadermap for FMatExpressionPreview MaterialExpressionConstant3Vector_0 in PCD3D_SM5, Default, SM5 (DDC key hash: CE4194BC0353C183A2494A326C5A971378BA0C9F), compiling. 
[2026.01.02-11.45.29:506][544]MaterialEditorStats: Texture samplers: 0/16
[2026.01.02-11.45.29:522][546]MaterialEditorStats: Base pass shader: 118 instructions
[2026.01.02-11.45.29:522][546]MaterialEditorStats: Base pass shader with Surface Lightmap: 145 instructions
[2026.01.02-11.45.29:522][546]MaterialEditorStats: Base pass shader with Volumetric Lightmap: 192 instructions
[2026.01.02-11.45.29:522][546]MaterialEditorStats: Base pass vertex shader: 42 instructions
[2026.01.02-11.45.29:522][546]MaterialEditorStats: Texture samplers: 2/16
[2026.01.02-11.45.31:224][742]LogMaterialEditor: Applying material M_Flour
[2026.01.02-11.45.31:432][742]LogMaterial: Display: Missing cached shadermap for M_Flour in PCD3D_SM5, Default, SM5 (DDC key hash: FC2AA402C785881FB856799A262FBCF392FD802B), compiling. 
[2026.01.02-11.45.31:458][742]LogMaterial: Display: Missing cached shadermap for M_Flour in PCD3D_SM5, Default, SM5 (DDC key hash: 0519E8A9F4395D350613386C000DEB63009C1332), compiling. 
[2026.01.02-11.45.31:485][742]LogShaderCompilers: Display: Submitted 6 shader compile jobs with 'Normal' priority
[2026.01.02-11.45.31:486][742]LogShaderCompilers: Display: Submitted 7 shader compile jobs with 'Normal' priority
[2026.01.02-11.45.31:486][742]LogShaderCompilers: Display: Worker (1/17): shaders left to compile 13
[2026.01.02-11.45.31:486][742]LogShaderCompilers: Display: Worker (2/17): shaders left to compile 12
[2026.01.02-11.45.31:486][742]LogShaderCompilers: Display: Worker (3/17): shaders left to compile 11
[2026.01.02-11.45.31:486][742]LogShaderCompilers: Display: Worker (4/17): shaders left to compile 10
[2026.01.02-11.45.31:486][742]LogShaderCompilers: Display: Worker (5/17): shaders left to compile 9
[2026.01.02-11.45.31:486][742]LogShaderCompilers: Display: Worker (6/17): shaders left to compile 8
[2026.01.02-11.45.31:486][742]LogShaderCompilers: Display: Worker (7/17): shaders left to compile 7
[2026.01.02-11.45.31:486][742]LogShaderCompilers: Display: Worker (8/17): shaders left to compile 6
[2026.01.02-11.45.31:486][742]LogShaderCompilers: Display: Worker (9/17): shaders left to compile 5
[2026.01.02-11.45.31:486][742]LogShaderCompilers: Display: Worker (10/17): shaders left to compile 4
[2026.01.02-11.45.31:486][742]LogShaderCompilers: Display: Worker (11/17): shaders left to compile 3
[2026.01.02-11.45.31:486][742]LogShaderCompilers: Display: Worker (12/17): shaders left to compile 2
[2026.01.02-11.45.31:486][742]LogShaderCompilers: Display: Worker (13/17): shaders left to compile 1
[2026.01.02-11.45.31:486][742]LogShaderCompilers: Display: Started 13 'Local' shader compile jobs with 'Normal' priority
[2026.01.02-11.45.31:486][742]LogUObjectHash: Compacting FUObjectHashTables data took   1.59ms
[2026.01.02-11.45.31:734][742]LogUObjectHash: Compacting FUObjectHashTables data took   1.24ms
[2026.01.02-11.45.31:749][742]MaterialEditorStats: Texture samplers: 2/16
[2026.01.02-11.45.32:141][781]MaterialEditorStats: Texture samplers: 3/16
[2026.01.02-11.45.32:216][790]MaterialEditorStats: Base pass shader: 118 instructions
[2026.01.02-11.45.32:216][790]MaterialEditorStats: Base pass shader with Surface Lightmap: 145 instructions
[2026.01.02-11.45.32:216][790]MaterialEditorStats: Base pass shader with Volumetric Lightmap: 192 instructions
[2026.01.02-11.45.32:216][790]MaterialEditorStats: Base pass vertex shader: 42 instructions
[2026.01.02-11.45.32:216][790]MaterialEditorStats: Texture samplers: 3/16
[2026.01.02-11.45.33:550][944]LogTemp: Repeating last play command: Selected Viewport
[2026.01.02-11.45.33:553][944]LogPlayLevel: PlayLevel: No blueprints needed recompiling
[2026.01.02-11.45.33:553][944]PIE: New page: PIE session: 01Gameplay (2 січ. 2026 р., 15:45:33)
[2026.01.02-11.45.33:593][944]LogPlayLevel: Creating play world package: /Game/UEDPIE_0_01Gameplay
[2026.01.02-11.45.33:600][944]LogPlayLevel: PIE: StaticDuplicateObject took: (0.007263s)
[2026.01.02-11.45.33:601][944]LogAIModule: Creating AISystem for world 01Gameplay
[2026.01.02-11.45.33:601][944]LogPlayLevel: PIE: World Init took: (0.000642s)
[2026.01.02-11.45.33:601][944]LogPlayLevel: PIE: Created PIE world by copying editor world from /Game/01Gameplay.01Gameplay to /Game/UEDPIE_0_01Gameplay.01Gameplay (0.008030s)
[2026.01.02-11.45.33:622][944]LogUObjectHash: Compacting FUObjectHashTables data took   1.37ms
[2026.01.02-11.45.33:623][944]LogAudio: Display: Creating Audio Device:                 Id: 4, Scope: Unique, Realtime: True
[2026.01.02-11.45.33:623][944]LogAudioMixer: Display: Audio Mixer Platform Settings:
[2026.01.02-11.45.33:623][944]LogAudioMixer: Display: 	Sample Rate:						  48000
[2026.01.02-11.45.33:623][944]LogAudioMixer: Display: 	Callback Buffer Frame Size Requested: 1024
[2026.01.02-11.45.33:623][944]LogAudioMixer: Display: 	Callback Buffer Frame Size To Use:	  1024
[2026.01.02-11.45.33:623][944]LogAudioMixer: Display: 	Number of buffers to queue:			  2
[2026.01.02-11.45.33:623][944]LogAudioMixer: Display: 	Max Channels (voices):				  32
[2026.01.02-11.45.33:623][944]LogAudioMixer: Display: 	Number of Async Source Workers:		  0
[2026.01.02-11.45.33:623][944]LogAudio: Display: AudioDevice MaxSources: 32
[2026.01.02-11.45.33:623][944]LogAudio: Display: Audio Spatialization Plugin: None (built-in).
[2026.01.02-11.45.33:623][944]LogAudio: Display: Audio Reverb Plugin: None (built-in).
[2026.01.02-11.45.33:623][944]LogAudio: Display: Audio Occlusion Plugin: None (built-in).
[2026.01.02-11.45.33:623][944]LogAudioMixer: Display: Initializing audio mixer.
[2026.01.02-11.45.33:626][944]LogAudioMixer: Display: 0: FrontLeft
[2026.01.02-11.45.33:626][944]LogAudioMixer: Display: 1: FrontRight
[2026.01.02-11.45.33:634][944]LogAudioMixer: Display: Using Audio Device Speakers (Realtek(R) Audio)
[2026.01.02-11.45.33:634][944]LogAudioMixer: Display: Initializing Sound Submixes...
[2026.01.02-11.45.33:634][944]LogAudioMixer: Display: Creating Master Submix 'MasterSubmixDefault'
[2026.01.02-11.45.33:634][944]LogAudioMixer: Display: Creating Master Submix 'MasterReverbSubmixDefault'
[2026.01.02-11.45.33:634][944]LogAudioMixer: Display: Creating Master Submix 'MasterEQSubmixDefault'
[2026.01.02-11.45.33:634][944]LogAudioMixer: FMixerPlatformXAudio2::StartAudioStream() called
[2026.01.02-11.45.33:634][944]LogAudioMixer: Display: Output buffers initialized: Frames=1024, Channels=2, Samples=2048
[2026.01.02-11.45.33:635][944]LogAudioMixer: Display: Starting AudioMixerPlatformInterface::RunInternal()
[2026.01.02-11.45.33:635][944]LogAudioMixer: Display: FMixerPlatformXAudio2::SubmitBuffer() called for the first time
[2026.01.02-11.45.33:635][944]LogInit: FAudioDevice initialized.
[2026.01.02-11.45.33:635][944]LogAudio: Display: Audio Device (ID: 4) registered with world '01Gameplay'.
[2026.01.02-11.45.33:638][944]LogLoad: Game class is 'BP_Gameplay_GameMode_C'
[2026.01.02-11.45.33:640][944]LogWorld: Bringing World /Game/UEDPIE_0_01Gameplay.01Gameplay up for play (max tick rate 0) at 2026.01.02-13.45.33
[2026.01.02-11.45.33:640][944]LogWorld: Bringing up level for play took: 0.001652
[2026.01.02-11.45.33:640][944]LogOnline: OSS: Creating online subsystem instance for: :Context_16
[2026.01.02-11.45.33:643][944]PIE: Server logged in
[2026.01.02-11.45.33:643][944]PIE: Play in editor total start time 0,09 seconds.
[2026.01.02-11.45.41:635][902]LogBlueprintUserMessages: [BP_Gameplay_GameMode_C_0] Мы собрали все ключи
[2026.01.02-11.46.14:236][768]LogSlate: Updating window title bar state: overlay mode, drag disabled, window buttons hidden, title bar hidden
[2026.01.02-11.46.14:236][768]LogWorld: BeginTearingDown for /Game/UEDPIE_0_01Gameplay
[2026.01.02-11.46.14:237][768]LogWorld: UWorld::CleanupWorld for 01Gameplay, bSessionEnded=true, bCleanupResources=true
[2026.01.02-11.46.14:238][768]LogSlate: InvalidateAllWidgets triggered.  All widgets were invalidated
[2026.01.02-11.46.14:248][768]LogPlayLevel: Display: Shutting down PIE online subsystems
[2026.01.02-11.46.14:271][768]LogSlate: InvalidateAllWidgets triggered.  All widgets were invalidated
[2026.01.02-11.46.14:289][768]LogSlate: Updating window title bar state: overlay mode, drag disabled, window buttons hidden, title bar hidden
[2026.01.02-11.46.14:289][768]LogAudioMixer: FMixerPlatformXAudio2::StopAudioStream() called
[2026.01.02-11.46.14:290][768]LogAudioMixer: FMixerPlatformXAudio2::StopAudioStream() called
[2026.01.02-11.46.14:297][768]LogUObjectHash: Compacting FUObjectHashTables data took   1.58ms
[2026.01.02-11.46.14:323][769]LogPlayLevel: Display: Destroying online subsystem :Context_16
[2026.01.02-11.47.14:134][159]LogTemp: Repeating last play command: Selected Viewport
[2026.01.02-11.47.14:138][159]LogPlayLevel: PlayLevel: No blueprints needed recompiling
[2026.01.02-11.47.14:138][159]PIE: New page: PIE session: 01Gameplay (2 січ. 2026 р., 15:47:14)
[2026.01.02-11.47.14:138][159]LogPlayLevel: Creating play world package: /Game/UEDPIE_0_01Gameplay
[2026.01.02-11.47.14:146][159]LogPlayLevel: PIE: StaticDuplicateObject took: (0.008544s)
[2026.01.02-11.47.14:146][159]LogAIModule: Creating AISystem for world 01Gameplay
[2026.01.02-11.47.14:146][159]LogPlayLevel: PIE: World Init took: (0.000645s)
[2026.01.02-11.47.14:146][159]LogPlayLevel: PIE: Created PIE world by copying editor world from /Game/01Gameplay.01Gameplay to /Game/UEDPIE_0_01Gameplay.01Gameplay (0.009285s)
[2026.01.02-11.47.14:163][159]LogUObjectHash: Compacting FUObjectHashTables data took   1.34ms
[2026.01.02-11.47.14:164][159]LogAudio: Display: Creating Audio Device:                 Id: 5, Scope: Unique, Realtime: True
[2026.01.02-11.47.14:165][159]LogAudioMixer: Display: Audio Mixer Platform Settings:
[2026.01.02-11.47.14:165][159]LogAudioMixer: Display: 	Sample Rate:						  48000
[2026.01.02-11.47.14:165][159]LogAudioMixer: Display: 	Callback Buffer Frame Size Requested: 1024
[2026.01.02-11.47.14:165][159]LogAudioMixer: Display: 	Callback Buffer Frame Size To Use:	  1024
[2026.01.02-11.47.14:165][159]LogAudioMixer: Display: 	Number of buffers to queue:			  2
[2026.01.02-11.47.14:165][159]LogAudioMixer: Display: 	Max Channels (voices):				  32
[2026.01.02-11.47.14:165][159]LogAudioMixer: Display: 	Number of Async Source Workers:		  0
[2026.01.02-11.47.14:165][159]LogAudio: Display: AudioDevice MaxSources: 32
[2026.01.02-11.47.14:165][159]LogAudio: Display: Audio Spatialization Plugin: None (built-in).
[2026.01.02-11.47.14:165][159]LogAudio: Display: Audio Reverb Plugin: None (built-in).
[2026.01.02-11.47.14:165][159]LogAudio: Display: Audio Occlusion Plugin: None (built-in).
[2026.01.02-11.47.14:165][159]LogAudioMixer: Display: Initializing audio mixer.
[2026.01.02-11.47.14:168][159]LogAudioMixer: Display: 0: FrontLeft
[2026.01.02-11.47.14:168][159]LogAudioMixer: Display: 1: FrontRight
[2026.01.02-11.47.14:176][159]LogAudioMixer: Display: Using Audio Device Speakers (Realtek(R) Audio)
[2026.01.02-11.47.14:176][159]LogAudioMixer: Display: Initializing Sound Submixes...
[2026.01.02-11.47.14:176][159]LogAudioMixer: Display: Creating Master Submix 'MasterSubmixDefault'
[2026.01.02-11.47.14:176][159]LogAudioMixer: Display: Creating Master Submix 'MasterReverbSubmixDefault'
[2026.01.02-11.47.14:177][159]LogAudioMixer: Display: Creating Master Submix 'MasterEQSubmixDefault'
[2026.01.02-11.47.14:177][159]LogAudioMixer: FMixerPlatformXAudio2::StartAudioStream() called
[2026.01.02-11.47.14:177][159]LogAudioMixer: Display: Output buffers initialized: Frames=1024, Channels=2, Samples=2048
[2026.01.02-11.47.14:177][159]LogAudioMixer: Display: Starting AudioMixerPlatformInterface::RunInternal()
[2026.01.02-11.47.14:177][159]LogAudioMixer: Display: FMixerPlatformXAudio2::SubmitBuffer() called for the first time
[2026.01.02-11.47.14:177][159]LogInit: FAudioDevice initialized.
[2026.01.02-11.47.14:177][159]LogAudio: Display: Audio Device (ID: 5) registered with world '01Gameplay'.
[2026.01.02-11.47.14:185][159]LogLoad: Game class is 'BP_Gameplay_GameMode_C'
[2026.01.02-11.47.14:187][159]LogWorld: Bringing World /Game/UEDPIE_0_01Gameplay.01Gameplay up for play (max tick rate 0) at 2026.01.02-13.47.14
[2026.01.02-11.47.14:187][159]LogWorld: Bringing up level for play took: 0.001693
[2026.01.02-11.47.14:188][159]LogOnline: OSS: Creating online subsystem instance for: :Context_17
[2026.01.02-11.47.14:190][159]PIE: Server logged in
[2026.01.02-11.47.14:190][159]PIE: Play in editor total start time 0,054 seconds.
[2026.01.02-11.48.13:957][307]LogSlate: Updating window title bar state: overlay mode, drag disabled, window buttons hidden, title bar hidden
[2026.01.02-11.48.13:957][307]LogWorld: BeginTearingDown for /Game/UEDPIE_0_01Gameplay
[2026.01.02-11.48.13:957][307]LogWorld: UWorld::CleanupWorld for 01Gameplay, bSessionEnded=true, bCleanupResources=true
[2026.01.02-11.48.13:958][307]LogSlate: InvalidateAllWidgets triggered.  All widgets were invalidated
[2026.01.02-11.48.13:968][307]LogPlayLevel: Display: Shutting down PIE online subsystems
[2026.01.02-11.48.13:989][307]LogSlate: InvalidateAllWidgets triggered.  All widgets were invalidated
[2026.01.02-11.48.14:006][307]LogSlate: Updating window title bar state: overlay mode, drag disabled, window buttons hidden, title bar hidden
[2026.01.02-11.48.14:006][307]LogAudioMixer: FMixerPlatformXAudio2::StopAudioStream() called
[2026.01.02-11.48.14:007][307]LogAudioMixer: FMixerPlatformXAudio2::StopAudioStream() called
[2026.01.02-11.48.14:011][307]LogUObjectHash: Compacting FUObjectHashTables data took   1.45ms
[2026.01.02-11.48.14:039][308]LogPlayLevel: Display: Destroying online subsystem :Context_17
[2026.01.02-11.48.53:202][634]LogUObjectHash: Compacting FUObjectHashTables data took   0.59ms
[2026.01.02-11.48.53:204][634]Cmd: OBJ SAVEPACKAGE PACKAGE="/Game/01Gameplay" FILE="D:/Artemii/Game/Game/Saved/Autosaves/Game/01Gameplay_Auto2.umap" SILENT=true AUTOSAVING=true KEEPDIRTY=false
[2026.01.02-11.48.53:297][634]LogSavePackage: Moving 'D:/Artemii/Game/Game/Saved/01Gameplay_Auto22985F5AE412EACB12DE3DC9E46A80E1D.tmp' to 'D:/Artemii/Game/Game/Saved/Autosaves/Game/01Gameplay_Auto2.umap'
[2026.01.02-11.48.53:300][634]LogFileHelpers: Editor autosave (incl. external actors) for '/Game/01Gameplay' took 0.123
[2026.01.02-11.48.53:300][634]LogFileHelpers: Editor autosave (incl. sublevels & external actors) for all levels took 0.123
[2026.01.02-11.48.53:301][634]OBJ SavePackage: Generating thumbnails for [1] asset(s) in package [/Game/Maps/M_Flour] ([1] browsable assets)...
[2026.01.02-11.48.53:321][634]OBJ SavePackage:     Rendered thumbnail for [Material /Game/Maps/M_Flour.M_Flour]
[2026.01.02-11.48.53:321][634]OBJ SavePackage: Finished generating thumbnails for package [/Game/Maps/M_Flour]
[2026.01.02-11.48.53:321][634]Cmd: OBJ SAVEPACKAGE PACKAGE="/Game/Maps/M_Flour" FILE="D:/Artemii/Game/Game/Saved/Autosaves/Game/Maps/M_Flour_Auto2.uasset" SILENT=false AUTOSAVING=true
[2026.01.02-11.48.53:326][634]LogSavePackage: Moving 'D:/Artemii/Game/Game/Saved/M_Flour_Auto2E3231E0A44E129A65C6AC7B55B068BBD.tmp' to 'D:/Artemii/Game/Game/Saved/Autosaves/Game/Maps/M_Flour_Auto2.uasset'
[2026.01.02-11.48.53:327][634]LogFileHelpers: Auto-saving content packages took 0.026
[2026.01.02-11.49.09:290][295]LogEditorViewport: Clicking on Actor (LMB): BP_Destination_C (BP_Destination6)
[2026.01.02-11.49.12:646][694]LogEditorViewport: Clicking on Actor (LMB): StaticMeshActor (Floor2)
[2026.01.02-11.49.13:083][739]LogEditorViewport: Clicking on Actor (LMB): PlayerStart (Player Start)
[2026.01.02-11.51.40:329][758]LogEditorViewport: Clicking on Actor (LMB): StaticMeshActor (Floor4)
[2026.01.02-11.51.41:428][875]LogEditorViewport: Clicking on Actor (LMB): TextRenderActor (TextRenderActor)
[2026.01.02-11.52.10:264][312]LogTemp: Repeating last play command: Selected Viewport
[2026.01.02-11.52.10:268][312]LogPlayLevel: PlayLevel: No blueprints needed recompiling
[2026.01.02-11.52.10:268][312]PIE: New page: PIE session: 01Gameplay (2 січ. 2026 р., 15:52:10)
[2026.01.02-11.52.10:294][312]LogPlayLevel: Creating play world package: /Game/UEDPIE_0_01Gameplay
[2026.01.02-11.52.10:301][312]LogPlayLevel: PIE: StaticDuplicateObject took: (0.006914s)
[2026.01.02-11.52.10:301][312]LogAIModule: Creating AISystem for world 01Gameplay
[2026.01.02-11.52.10:301][312]LogPlayLevel: PIE: World Init took: (0.000638s)
[2026.01.02-11.52.10:302][312]LogPlayLevel: PIE: Created PIE world by copying editor world from /Game/01Gameplay.01Gameplay to /Game/UEDPIE_0_01Gameplay.01Gameplay (0.007651s)
[2026.01.02-11.52.10:322][312]LogUObjectHash: Compacting FUObjectHashTables data took   1.42ms
[2026.01.02-11.52.10:326][312]LogAudio: Display: Creating Audio Device:                 Id: 6, Scope: Unique, Realtime: True
[2026.01.02-11.52.10:326][312]LogAudioMixer: Display: Audio Mixer Platform Settings:
[2026.01.02-11.52.10:326][312]LogAudioMixer: Display: 	Sample Rate:						  48000
[2026.01.02-11.52.10:326][312]LogAudioMixer: Display: 	Callback Buffer Frame Size Requested: 1024
[2026.01.02-11.52.10:326][312]LogAudioMixer: Display: 	Callback Buffer Frame Size To Use:	  1024
[2026.01.02-11.52.10:326][312]LogAudioMixer: Display: 	Number of buffers to queue:			  2
[2026.01.02-11.52.10:326][312]LogAudioMixer: Display: 	Max Channels (voices):				  32
[2026.01.02-11.52.10:326][312]LogAudioMixer: Display: 	Number of Async Source Workers:		  0
[2026.01.02-11.52.10:326][312]LogAudio: Display: AudioDevice MaxSources: 32
[2026.01.02-11.52.10:327][312]LogAudio: Display: Audio Spatialization Plugin: None (built-in).
[2026.01.02-11.52.10:327][312]LogAudio: Display: Audio Reverb Plugin: None (built-in).
[2026.01.02-11.52.10:327][312]LogAudio: Display: Audio Occlusion Plugin: None (built-in).
[2026.01.02-11.52.10:327][312]LogAudioMixer: Display: Initializing audio mixer.
[2026.01.02-11.52.10:330][312]LogAudioMixer: Display: 0: FrontLeft
[2026.01.02-11.52.10:330][312]LogAudioMixer: Display: 1: FrontRight
[2026.01.02-11.52.10:338][312]LogAudioMixer: Display: Using Audio Device Speakers (Realtek(R) Audio)
[2026.01.02-11.52.10:338][312]LogAudioMixer: Display: Initializing Sound Submixes...
[2026.01.02-11.52.10:338][312]LogAudioMixer: Display: Creating Master Submix 'MasterSubmixDefault'
[2026.01.02-11.52.10:338][312]LogAudioMixer: Display: Creating Master Submix 'MasterReverbSubmixDefault'
[2026.01.02-11.52.10:338][312]LogAudioMixer: Display: Creating Master Submix 'MasterEQSubmixDefault'
[2026.01.02-11.52.10:338][312]LogAudioMixer: FMixerPlatformXAudio2::StartAudioStream() called
[2026.01.02-11.52.10:338][312]LogAudioMixer: Display: Output buffers initialized: Frames=1024, Channels=2, Samples=2048
[2026.01.02-11.52.10:339][312]LogAudioMixer: Display: Starting AudioMixerPlatformInterface::RunInternal()
[2026.01.02-11.52.10:339][312]LogAudioMixer: Display: FMixerPlatformXAudio2::SubmitBuffer() called for the first time
[2026.01.02-11.52.10:339][312]LogInit: FAudioDevice initialized.
[2026.01.02-11.52.10:339][312]LogAudio: Display: Audio Device (ID: 6) registered with world '01Gameplay'.
[2026.01.02-11.52.10:345][312]LogLoad: Game class is 'BP_Gameplay_GameMode_C'
[2026.01.02-11.52.10:347][312]LogWorld: Bringing World /Game/UEDPIE_0_01Gameplay.01Gameplay up for play (max tick rate 0) at 2026.01.02-13.52.10
[2026.01.02-11.52.10:348][312]LogWorld: Bringing up level for play took: 0.001704
[2026.01.02-11.52.10:348][312]LogOnline: OSS: Creating online subsystem instance for: :Context_21
[2026.01.02-11.52.10:350][312]PIE: Server logged in
[2026.01.02-11.52.10:351][312]PIE: Play in editor total start time 0,083 seconds.
[2026.01.02-11.52.30:757][756]LogSlate: Updating window title bar state: overlay mode, drag disabled, window buttons hidden, title bar hidden
[2026.01.02-11.52.30:757][756]LogWorld: BeginTearingDown for /Game/UEDPIE_0_01Gameplay
[2026.01.02-11.52.30:758][756]LogWorld: UWorld::CleanupWorld for 01Gameplay, bSessionEnded=true, bCleanupResources=true
[2026.01.02-11.52.30:758][756]LogSlate: InvalidateAllWidgets triggered.  All widgets were invalidated
[2026.01.02-11.52.30:764][756]LogPlayLevel: Display: Shutting down PIE online subsystems
[2026.01.02-11.52.30:770][756]LogSlate: InvalidateAllWidgets triggered.  All widgets were invalidated
[2026.01.02-11.52.30:790][756]LogAudio: Display: Audio Device unregistered from world 'None'.
[2026.01.02-11.52.30:790][756]LogAudioMixer: FMixerPlatformXAudio2::StopAudioStream() called
[2026.01.02-11.52.30:791][756]LogAudioMixer: FMixerPlatformXAudio2::StopAudioStream() called
[2026.01.02-11.52.30:793][756]LogSlate: Updating window title bar state: overlay mode, drag disabled, window buttons hidden, title bar hidden
[2026.01.02-11.52.30:795][756]LogUObjectHash: Compacting FUObjectHashTables data took   1.45ms
[2026.01.02-11.52.30:857][758]LogPlayLevel: Display: Destroying online subsystem :Context_21
[2026.01.02-11.52.31:507][835]LogTemp: Repeating last play command: Selected Viewport
[2026.01.02-11.52.31:510][835]LogPlayLevel: PlayLevel: No blueprints needed recompiling
[2026.01.02-11.52.31:510][835]PIE: New page: PIE session: 01Gameplay (2 січ. 2026 р., 15:52:31)
[2026.01.02-11.52.31:545][835]LogPlayLevel: Creating play world package: /Game/UEDPIE_0_01Gameplay
[2026.01.02-11.52.31:554][835]LogPlayLevel: PIE: StaticDuplicateObject took: (0.008156s)
[2026.01.02-11.52.31:554][835]LogAIModule: Creating AISystem for world 01Gameplay
[2026.01.02-11.52.31:554][835]LogPlayLevel: PIE: World Init took: (0.000632s)
[2026.01.02-11.52.31:554][835]LogPlayLevel: PIE: Created PIE world by copying editor world from /Game/01Gameplay.01Gameplay to /Game/UEDPIE_0_01Gameplay.01Gameplay (0.008911s)
[2026.01.02-11.52.31:578][835]LogUObjectHash: Compacting FUObjectHashTables data took   1.39ms
[2026.01.02-11.52.31:578][835]LogAudio: Display: Creating Audio Device:                 Id: 7, Scope: Unique, Realtime: True
[2026.01.02-11.52.31:578][835]LogAudioMixer: Display: Audio Mixer Platform Settings:
[2026.01.02-11.52.31:578][835]LogAudioMixer: Display: 	Sample Rate:						  48000
[2026.01.02-11.52.31:579][835]LogAudioMixer: Display: 	Callback Buffer Frame Size Requested: 1024
[2026.01.02-11.52.31:579][835]LogAudioMixer: Display: 	Callback Buffer Frame Size To Use:	  1024
[2026.01.02-11.52.31:579][835]LogAudioMixer: Display: 	Number of buffers to queue:			  2
[2026.01.02-11.52.31:579][835]LogAudioMixer: Display: 	Max Channels (voices):				  32
[2026.01.02-11.52.31:579][835]LogAudioMixer: Display: 	Number of Async Source Workers:		  0
[2026.01.02-11.52.31:579][835]LogAudio: Display: AudioDevice MaxSources: 32
[2026.01.02-11.52.31:579][835]LogAudio: Display: Audio Spatialization Plugin: None (built-in).
[2026.01.02-11.52.31:579][835]LogAudio: Display: Audio Reverb Plugin: None (built-in).
[2026.01.02-11.52.31:579][835]LogAudio: Display: Audio Occlusion Plugin: None (built-in).
[2026.01.02-11.52.31:579][835]LogAudioMixer: Display: Initializing audio mixer.
[2026.01.02-11.52.31:582][835]LogAudioMixer: Display: 0: FrontLeft
[2026.01.02-11.52.31:582][835]LogAudioMixer: Display: 1: FrontRight
[2026.01.02-11.52.31:590][835]LogAudioMixer: Display: Using Audio Device Speakers (Realtek(R) Audio)
[2026.01.02-11.52.31:590][835]LogAudioMixer: Display: Initializing Sound Submixes...
[2026.01.02-11.52.31:590][835]LogAudioMixer: Display: Creating Master Submix 'MasterSubmixDefault'
[2026.01.02-11.52.31:590][835]LogAudioMixer: Display: Creating Master Submix 'MasterReverbSubmixDefault'
[2026.01.02-11.52.31:590][835]LogAudioMixer: Display: Creating Master Submix 'MasterEQSubmixDefault'
[2026.01.02-11.52.31:590][835]LogAudioMixer: FMixerPlatformXAudio2::StartAudioStream() called
[2026.01.02-11.52.31:590][835]LogAudioMixer: Display: Output buffers initialized: Frames=1024, Channels=2, Samples=2048
[2026.01.02-11.52.31:591][835]LogAudioMixer: Display: Starting AudioMixerPlatformInterface::RunInternal()
[2026.01.02-11.52.31:591][835]LogAudioMixer: Display: FMixerPlatformXAudio2::SubmitBuffer() called for the first time
[2026.01.02-11.52.31:591][835]LogInit: FAudioDevice initialized.
[2026.01.02-11.52.31:591][835]LogAudio: Display: Audio Device (ID: 7) registered with world '01Gameplay'.
[2026.01.02-11.52.31:600][835]LogLoad: Game class is 'BP_Gameplay_GameMode_C'
[2026.01.02-11.52.31:602][835]LogWorld: Bringing World /Game/UEDPIE_0_01Gameplay.01Gameplay up for play (max tick rate 0) at 2026.01.02-13.52.31
[2026.01.02-11.52.31:603][835]LogWorld: Bringing up level for play took: 0.001716
[2026.01.02-11.52.31:603][835]LogOnline: OSS: Creating online subsystem instance for: :Context_22
[2026.01.02-11.52.31:605][835]PIE: Server logged in
[2026.01.02-11.52.31:606][835]PIE: Play in editor total start time 0,096 seconds.
[2026.01.02-11.52.43:766][293]LogBlueprintUserMessages: [BP_Enemy13] RIP
[2026.01.02-11.52.50:541][106]LogBlueprintUserMessages: [BP_Enemy14] RIP
[2026.01.02-11.52.52:367][325]LogCharacterMovement: BP_HaroChar_C_0 is stuck and failed to move! Velocity: X=13.46 Y=-10.50 Z=0.00 Location: X=3000.00 Y=0.00 Z=100.00 Normal: X=0.47 Y=0.88 Z=0.00 PenetrationDepth:44.081 Actor:BP_Key_Blue_2 Component:Frame1 BoneName:None (0 other events since notify)
[2026.01.02-11.53.37:465][734]LogBlueprintUserMessages: [BP_Enemy8_12] RIP
[2026.01.02-11.53.42:632][350]LogSlate: Updating window title bar state: overlay mode, drag disabled, window buttons hidden, title bar hidden
[2026.01.02-11.53.42:632][350]LogWorld: BeginTearingDown for /Game/UEDPIE_0_01Gameplay
[2026.01.02-11.53.42:633][350]LogWorld: UWorld::CleanupWorld for 01Gameplay, bSessionEnded=true, bCleanupResources=true
[2026.01.02-11.53.42:633][350]LogSlate: InvalidateAllWidgets triggered.  All widgets were invalidated
[2026.01.02-11.53.42:641][350]LogPlayLevel: Display: Shutting down PIE online subsystems
[2026.01.02-11.53.42:648][350]LogSlate: InvalidateAllWidgets triggered.  All widgets were invalidated
[2026.01.02-11.53.42:668][350]LogSlate: Updating window title bar state: overlay mode, drag disabled, window buttons hidden, title bar hidden
[2026.01.02-11.53.42:668][350]LogAudioMixer: FMixerPlatformXAudio2::StopAudioStream() called
[2026.01.02-11.53.42:669][350]LogAudioMixer: FMixerPlatformXAudio2::StopAudioStream() called
[2026.01.02-11.53.42:673][350]LogUObjectHash: Compacting FUObjectHashTables data took   1.45ms
[2026.01.02-11.53.42:702][351]LogPlayLevel: Display: Destroying online subsystem :Context_22
[2026.01.02-11.54.02:543][311]LogEditorViewport: Clicking on Actor (LMB): TextRenderActor (TextRenderActor)
[2026.01.02-11.54.13:680][636]LogEditorViewport: Clicking on Actor (LMB): StaticMeshActor (Floor4)
[2026.01.02-11.54.14:236][699]LogEditorViewport: Clicking on Actor (LMB): StaticMeshActor (Floor4)
[2026.01.02-11.54.14:700][753]LogEditorViewport: Clicking on Actor (LMB): StaticMeshActor (Floor4)
[2026.01.02-11.54.15:769][879]LogEditorViewport: Clicking on Actor (LMB): TextRenderActor (TextRenderActor)
[2026.01.02-11.54.16:633][980]Cmd: EDIT COPY
[2026.01.02-11.54.16:850][  6]Cmd: EDIT PASTE
[2026.01.02-11.54.38:906][636]LogTemp: Repeating last play command: Selected Viewport
[2026.01.02-11.54.38:909][636]LogPlayLevel: PlayLevel: No blueprints needed recompiling
[2026.01.02-11.54.38:909][636]PIE: New page: PIE session: 01Gameplay (2 січ. 2026 р., 15:54:38)
[2026.01.02-11.54.38:935][636]LogPlayLevel: Creating play world package: /Game/UEDPIE_0_01Gameplay
[2026.01.02-11.54.38:942][636]LogPlayLevel: PIE: StaticDuplicateObject took: (0.006923s)
[2026.01.02-11.54.38:942][636]LogAIModule: Creating AISystem for world 01Gameplay
[2026.01.02-11.54.38:943][636]LogPlayLevel: PIE: World Init took: (0.000643s)
[2026.01.02-11.54.38:943][636]LogPlayLevel: PIE: Created PIE world by copying editor world from /Game/01Gameplay.01Gameplay to /Game/UEDPIE_0_01Gameplay.01Gameplay (0.007670s)
[2026.01.02-11.54.38:965][636]LogUObjectHash: Compacting FUObjectHashTables data took   1.38ms
[2026.01.02-11.54.38:968][636]LogAudio: Display: Creating Audio Device:                 Id: 8, Scope: Unique, Realtime: True
[2026.01.02-11.54.38:968][636]LogAudioMixer: Display: Audio Mixer Platform Settings:
[2026.01.02-11.54.38:968][636]LogAudioMixer: Display: 	Sample Rate:						  48000
[2026.01.02-11.54.38:968][636]LogAudioMixer: Display: 	Callback Buffer Frame Size Requested: 1024
[2026.01.02-11.54.38:968][636]LogAudioMixer: Display: 	Callback Buffer Frame Size To Use:	  1024
[2026.01.02-11.54.38:968][636]LogAudioMixer: Display: 	Number of buffers to queue:			  2
[2026.01.02-11.54.38:968][636]LogAudioMixer: Display: 	Max Channels (voices):				  32
[2026.01.02-11.54.38:968][636]LogAudioMixer: Display: 	Number of Async Source Workers:		  0
[2026.01.02-11.54.38:968][636]LogAudio: Display: AudioDevice MaxSources: 32
[2026.01.02-11.54.38:968][636]LogAudio: Display: Audio Spatialization Plugin: None (built-in).
[2026.01.02-11.54.38:969][636]LogAudio: Display: Audio Reverb Plugin: None (built-in).
[2026.01.02-11.54.38:969][636]LogAudio: Display: Audio Occlusion Plugin: None (built-in).
[2026.01.02-11.54.38:969][636]LogAudioMixer: Display: Initializing audio mixer.
[2026.01.02-11.54.38:971][636]LogAudioMixer: Display: 0: FrontLeft
[2026.01.02-11.54.38:971][636]LogAudioMixer: Display: 1: FrontRight
[2026.01.02-11.54.38:980][636]LogAudioMixer: Display: Using Audio Device Speakers (Realtek(R) Audio)
[2026.01.02-11.54.38:980][636]LogAudioMixer: Display: Initializing Sound Submixes...
[2026.01.02-11.54.38:980][636]LogAudioMixer: Display: Creating Master Submix 'MasterSubmixDefault'
[2026.01.02-11.54.38:980][636]LogAudioMixer: Display: Creating Master Submix 'MasterReverbSubmixDefault'
[2026.01.02-11.54.38:980][636]LogAudioMixer: Display: Creating Master Submix 'MasterEQSubmixDefault'
[2026.01.02-11.54.38:980][636]LogAudioMixer: FMixerPlatformXAudio2::StartAudioStream() called
[2026.01.02-11.54.38:980][636]LogAudioMixer: Display: Output buffers initialized: Frames=1024, Channels=2, Samples=2048
[2026.01.02-11.54.38:981][636]LogAudioMixer: Display: Starting AudioMixerPlatformInterface::RunInternal()
[2026.01.02-11.54.38:981][636]LogAudioMixer: Display: FMixerPlatformXAudio2::SubmitBuffer() called for the first time
[2026.01.02-11.54.38:981][636]LogInit: FAudioDevice initialized.
[2026.01.02-11.54.38:981][636]LogAudio: Display: Audio Device (ID: 8) registered with world '01Gameplay'.
[2026.01.02-11.54.38:988][636]LogLoad: Game class is 'BP_Gameplay_GameMode_C'
[2026.01.02-11.54.38:990][636]LogWorld: Bringing World /Game/UEDPIE_0_01Gameplay.01Gameplay up for play (max tick rate 0) at 2026.01.02-13.54.38
[2026.01.02-11.54.38:990][636]LogWorld: Bringing up level for play took: 0.001731
[2026.01.02-11.54.38:991][636]LogOnline: OSS: Creating online subsystem instance for: :Context_23
[2026.01.02-11.54.38:993][636]PIE: Server logged in
[2026.01.02-11.54.38:994][636]PIE: Play in editor total start time 0,085 seconds.
[2026.01.02-11.55.00:192][177]LogBlueprintUserMessages: [BP_Gameplay_GameMode_C_0] Мы собрали все ключи
[2026.01.02-11.55.05:385][798]LogBlueprintUserMessages: [BP_PortalLevel_C_0] Nigga
[2026.01.02-11.55.07:059][999]LogBlueprintUserMessages: [BP_PortalLevel_C_0] Nigga
[2026.01.02-11.55.09:752][322]LogBlueprintUserMessages: [BP_PortalLevel_C_0] Nigga
[2026.01.02-11.55.12:277][625]LogBlueprintUserMessages: [BP_PortalLevel_C_0] Nigga
[2026.01.02-11.55.15:244][981]LogBlueprintUserMessages: [BP_PortalLevel_C_0] Nigga
[2026.01.02-11.55.17:569][260]LogBlueprintUserMessages: [BP_PortalLevel_C_0] Nigga
[2026.01.02-11.55.19:544][497]LogBlueprintUserMessages: [BP_PortalLevel_C_0] Nigga
[2026.01.02-11.55.27:770][481]LogSlate: Updating window title bar state: overlay mode, drag disabled, window buttons hidden, title bar hidden
[2026.01.02-11.55.27:770][481]LogWorld: BeginTearingDown for /Game/UEDPIE_0_01Gameplay
[2026.01.02-11.55.27:770][481]LogWorld: UWorld::CleanupWorld for 01Gameplay, bSessionEnded=true, bCleanupResources=true
[2026.01.02-11.55.27:771][481]LogSlate: InvalidateAllWidgets triggered.  All widgets were invalidated
[2026.01.02-11.55.27:777][481]LogPlayLevel: Display: Shutting down PIE online subsystems
[2026.01.02-11.55.27:784][481]LogSlate: InvalidateAllWidgets triggered.  All widgets were invalidated
[2026.01.02-11.55.27:802][481]LogAudio: Display: Audio Device unregistered from world 'None'.
[2026.01.02-11.55.27:802][481]LogAudioMixer: FMixerPlatformXAudio2::StopAudioStream() called
[2026.01.02-11.55.27:803][481]LogAudioMixer: FMixerPlatformXAudio2::StopAudioStream() called
[2026.01.02-11.55.27:804][481]LogSlate: Updating window title bar state: overlay mode, drag disabled, window buttons hidden, title bar hidden
[2026.01.02-11.55.27:807][481]LogUObjectHash: Compacting FUObjectHashTables data took   1.37ms
[2026.01.02-11.55.27:867][483]LogPlayLevel: Display: Destroying online subsystem :Context_23
[2026.01.02-11.55.48:081][830]LogEditorViewport: Clicking on Actor (LMB): PlayerStart (Player Start)
[2026.01.02-11.55.50:298][ 91]LogNavigationPoint: PostEditMove Clear paths rebuilt
[2026.01.02-11.55.52:969][410]LogNavigationPoint: PostEditMove Clear paths rebuilt
[2026.01.02-11.55.54:603][588]LogEditorViewport: Clicking on Actor (LMB): TextRenderActor (TextRenderActor)
[2026.01.02-11.55.57:985][970]LogEditorViewport: Clicking on Actor (LMB): TextRenderActor (TextRenderActor2)
[2026.01.02-11.56.54:981][980]LogTemp: Repeating last play command: Selected Viewport
[2026.01.02-11.56.54:984][980]LogPlayLevel: PlayLevel: No blueprints needed recompiling
[2026.01.02-11.56.54:985][980]PIE: New page: PIE session: 01Gameplay (2 січ. 2026 р., 15:56:54)
[2026.01.02-11.56.55:017][980]LogPlayLevel: Creating play world package: /Game/UEDPIE_0_01Gameplay
[2026.01.02-11.56.55:023][980]LogPlayLevel: PIE: StaticDuplicateObject took: (0.007544s)
[2026.01.02-11.56.55:024][980]LogAIModule: Creating AISystem for world 01Gameplay
[2026.01.02-11.56.55:024][980]LogPlayLevel: PIE: World Init took: (0.000643s)
[2026.01.02-11.56.55:024][980]LogPlayLevel: PIE: Created PIE world by copying editor world from /Game/01Gameplay.01Gameplay to /Game/UEDPIE_0_01Gameplay.01Gameplay (0.008292s)
[2026.01.02-11.56.55:042][980]LogUObjectHash: Compacting FUObjectHashTables data took   1.37ms
[2026.01.02-11.56.55:047][980]LogAudio: Display: Creating Audio Device:                 Id: 9, Scope: Unique, Realtime: True
[2026.01.02-11.56.55:047][980]LogAudioMixer: Display: Audio Mixer Platform Settings:
[2026.01.02-11.56.55:047][980]LogAudioMixer: Display: 	Sample Rate:						  48000
[2026.01.02-11.56.55:047][980]LogAudioMixer: Display: 	Callback Buffer Frame Size Requested: 1024
[2026.01.02-11.56.55:047][980]LogAudioMixer: Display: 	Callback Buffer Frame Size To Use:	  1024
[2026.01.02-11.56.55:047][980]LogAudioMixer: Display: 	Number of buffers to queue:			  2
[2026.01.02-11.56.55:047][980]LogAudioMixer: Display: 	Max Channels (voices):				  32
[2026.01.02-11.56.55:047][980]LogAudioMixer: Display: 	Number of Async Source Workers:		  0
[2026.01.02-11.56.55:047][980]LogAudio: Display: AudioDevice MaxSources: 32
[2026.01.02-11.56.55:047][980]LogAudio: Display: Audio Spatialization Plugin: None (built-in).
[2026.01.02-11.56.55:047][980]LogAudio: Display: Audio Reverb Plugin: None (built-in).
[2026.01.02-11.56.55:047][980]LogAudio: Display: Audio Occlusion Plugin: None (built-in).
[2026.01.02-11.56.55:047][980]LogAudioMixer: Display: Initializing audio mixer.
[2026.01.02-11.56.55:050][980]LogAudioMixer: Display: 0: FrontLeft
[2026.01.02-11.56.55:050][980]LogAudioMixer: Display: 1: FrontRight
[2026.01.02-11.56.55:058][980]LogAudioMixer: Display: Using Audio Device Speakers (Realtek(R) Audio)
[2026.01.02-11.56.55:058][980]LogAudioMixer: Display: Initializing Sound Submixes...
[2026.01.02-11.56.55:058][980]LogAudioMixer: Display: Creating Master Submix 'MasterSubmixDefault'
[2026.01.02-11.56.55:058][980]LogAudioMixer: Display: Creating Master Submix 'MasterReverbSubmixDefault'
[2026.01.02-11.56.55:058][980]LogAudioMixer: Display: Creating Master Submix 'MasterEQSubmixDefault'
[2026.01.02-11.56.55:058][980]LogAudioMixer: FMixerPlatformXAudio2::StartAudioStream() called
[2026.01.02-11.56.55:058][980]LogAudioMixer: Display: Output buffers initialized: Frames=1024, Channels=2, Samples=2048
[2026.01.02-11.56.55:059][980]LogAudioMixer: Display: Starting AudioMixerPlatformInterface::RunInternal()
[2026.01.02-11.56.55:059][980]LogAudioMixer: Display: FMixerPlatformXAudio2::SubmitBuffer() called for the first time
[2026.01.02-11.56.55:059][980]LogInit: FAudioDevice initialized.
[2026.01.02-11.56.55:059][980]LogAudio: Display: Audio Device (ID: 9) registered with world '01Gameplay'.
[2026.01.02-11.56.55:066][980]LogLoad: Game class is 'BP_Gameplay_GameMode_C'
[2026.01.02-11.56.55:068][980]LogWorld: Bringing World /Game/UEDPIE_0_01Gameplay.01Gameplay up for play (max tick rate 0) at 2026.01.02-13.56.55
[2026.01.02-11.56.55:068][980]LogWorld: Bringing up level for play took: 0.001700
[2026.01.02-11.56.55:069][980]LogOnline: OSS: Creating online subsystem instance for: :Context_24
[2026.01.02-11.56.55:071][980]PIE: Server logged in
[2026.01.02-11.56.55:071][980]PIE: Play in editor total start time 0,088 seconds.
[2026.01.02-11.57.18:875][835]LogBlueprintUserMessages: [BP_Enemy13] RIP
[2026.01.02-11.57.19:459][905]LogBlueprintUserMessages: [BP_Enemy14] RIP
[2026.01.02-11.57.22:234][238]LogBlueprintUserMessages: [BP_Enemy7_9] RIP
[2026.01.02-11.57.24:010][451]LogBlueprintUserMessages: [BP_Enemy3_8] RIP
[2026.01.02-11.57.24:879][554]LogPlayerController: Error: InputMode:UIOnly - Attempting to focus Non-Focusable widget SObjectWidget [Widget.cpp(799)]!
[2026.01.02-11.57.24:879][554]LogViewport: Display: Viewport MouseLockMode Changed, LockOnCapture -> DoNotLock
[2026.01.02-11.57.24:879][554]LogViewport: Display: Viewport MouseCaptureMode Changed, CapturePermanently_IncludingInitialMouseDown -> NoCapture
[2026.01.02-11.57.24:885][555]LogBlueprintUserMessages: [BP_Enemy2_5] RIP
[2026.01.02-11.57.26:260][720]LogViewport: Display: Viewport MouseLockMode Changed, DoNotLock -> LockOnCapture
[2026.01.02-11.57.26:260][720]LogViewport: Display: Viewport MouseCaptureMode Changed, NoCapture -> CapturePermanently
[2026.01.02-11.57.29:493][108]LogBlueprintUserMessages: [BP_Enemy4] RIP
[2026.01.02-11.57.30:331][202]LogSlate: Updating window title bar state: overlay mode, drag disabled, window buttons hidden, title bar hidden
[2026.01.02-11.57.30:331][202]LogWorld: BeginTearingDown for /Game/UEDPIE_0_01Gameplay
[2026.01.02-11.57.30:331][202]LogWorld: UWorld::CleanupWorld for 01Gameplay, bSessionEnded=true, bCleanupResources=true
[2026.01.02-11.57.30:332][202]LogSlate: InvalidateAllWidgets triggered.  All widgets were invalidated
[2026.01.02-11.57.30:340][202]LogPlayLevel: Display: Shutting down PIE online subsystems
[2026.01.02-11.57.30:347][202]LogSlate: InvalidateAllWidgets triggered.  All widgets were invalidated
[2026.01.02-11.57.30:367][202]LogSlate: Updating window title bar state: overlay mode, drag disabled, window buttons hidden, title bar hidden
[2026.01.02-11.57.30:367][202]LogAudioMixer: FMixerPlatformXAudio2::StopAudioStream() called
[2026.01.02-11.57.30:368][202]LogAudioMixer: FMixerPlatformXAudio2::StopAudioStream() called
[2026.01.02-11.57.30:372][202]LogUObjectHash: Compacting FUObjectHashTables data took   1.39ms
[2026.01.02-11.57.30:399][203]LogPlayLevel: Display: Destroying online subsystem :Context_24
[2026.01.02-11.57.43:290][715]LogAssetEditorSubsystem: Opening Asset editor for Blueprint /Game/HeroChar/Gun/BP_Projectil.BP_Projectil
[2026.01.02-11.57.57:007][267]LogAssetEditorSubsystem: Opening Asset editor for Blueprint /Game/HeroChar/Gun/SKGun/BP_SKGun.BP_SKGun
[2026.01.02-11.57.57:155][267]LogTemp: Warning: SetupViewportDisplaySettings
[2026.01.02-11.58.03:385][978]LogWorld: UWorld::CleanupWorld for World_21, bSessionEnded=true, bCleanupResources=true
[2026.01.02-11.58.03:385][978]LogSlate: InvalidateAllWidgets triggered.  All widgets were invalidated
[2026.01.02-11.58.03:412][978]LogTemp: Warning: OnLevelViewportClientListChanged
[2026.01.02-11.58.28:893][957]LogAssetEditorSubsystem: Opening Asset editor for Blueprint /Game/HeroChar/Gun/SKGun/BP_SKGun.BP_SKGun
[2026.01.02-11.58.29:037][957]LogTemp: Warning: SetupViewportDisplaySettings
[2026.01.02-11.58.43:355][645]BlueprintLog: New page: Compile BP_SKGun
[2026.01.02-11.58.43:400][645]LogUObjectHash: Compacting FUObjectHashTables data took   1.63ms
[2026.01.02-11.58.43:803][684]Cmd: OBJ SAVEPACKAGE PACKAGE="/Game/HeroChar/Gun/SKGun/BP_SKGun" FILE="D:/Artemii/Game/Game/Content/HeroChar/Gun/SKGun/BP_SKGun.uasset" SILENT=true
[2026.01.02-11.58.43:812][684]LogSavePackage: Moving 'D:/Artemii/Game/Game/Saved/BP_SKGun8482570648ED47DCCDA13B84E38D77CA.tmp' to 'D:/Artemii/Game/Game/Content/HeroChar/Gun/SKGun/BP_SKGun.uasset'
[2026.01.02-11.58.43:823][684]AssetCheck: New page: Asset Save: BP_SKGun
[2026.01.02-11.58.43:823][684]LogContentValidation: Display: Validating Blueprint /Game/HeroChar/Gun/SKGun/BP_SKGun.BP_SKGun
[2026.01.02-11.58.44:863][804]Cmd: OBJ SAVEPACKAGE PACKAGE="/Game/01Gameplay" FILE="D:/Artemii/Game/Game/Content/01Gameplay.umap" SILENT=true AUTOSAVING=false KEEPDIRTY=false
[2026.01.02-11.58.44:885][804]LogUObjectHash: Compacting FUObjectHashTables data took   2.00ms
[2026.01.02-11.58.44:909][804]LogSavePackage: Moving 'D:/Artemii/Game/Game/Saved/01GameplayC597BBE54A08BC9F236B41B2AE53197D.tmp' to 'D:/Artemii/Game/Game/Content/01Gameplay.umap'
[2026.01.02-11.58.44:936][804]Cmd: OBJ SAVEPACKAGE PACKAGE="/Game/01Gameplay_BuiltData" FILE="D:/Artemii/Game/Game/Content/01Gameplay_BuiltData.uasset" SILENT=true
[2026.01.02-11.58.44:951][804]LogSavePackage: Moving 'D:/Artemii/Game/Game/Saved/01Gameplay_BuiltDataB279CD6949EF3A0C39684E9FD27FE7B7.tmp' to 'D:/Artemii/Game/Game/Content/01Gameplay_BuiltData.uasset'
[2026.01.02-11.58.44:979][804]AssetCheck: New page: Asset Save: multiple assets
[2026.01.02-11.58.44:979][804]LogContentValidation: Display: Validating MapBuildDataRegistry /Game/01Gameplay_BuiltData.01Gameplay_BuiltData
[2026.01.02-11.58.44:979][804]LogContentValidation: Display: Validating World /Game/01Gameplay.01Gameplay
[2026.01.02-11.58.45:719][884]LogTemp: Repeating last play command: Selected Viewport
[2026.01.02-11.58.45:723][884]LogPlayLevel: PlayLevel: No blueprints needed recompiling
[2026.01.02-11.58.45:723][884]PIE: New page: PIE session: 01Gameplay (2 січ. 2026 р., 15:58:45)
[2026.01.02-11.58.45:745][884]LogPlayLevel: Creating play world package: /Game/UEDPIE_0_01Gameplay
[2026.01.02-11.58.45:751][884]LogPlayLevel: PIE: StaticDuplicateObject took: (0.006729s)
[2026.01.02-11.58.45:752][884]LogAIModule: Creating AISystem for world 01Gameplay
[2026.01.02-11.58.45:752][884]LogPlayLevel: PIE: World Init took: (0.000637s)
[2026.01.02-11.58.45:752][884]LogPlayLevel: PIE: Created PIE world by copying editor world from /Game/01Gameplay.01Gameplay to /Game/UEDPIE_0_01Gameplay.01Gameplay (0.007471s)
[2026.01.02-11.58.45:775][884]LogUObjectHash: Compacting FUObjectHashTables data took   1.55ms
[2026.01.02-11.58.45:776][884]LogAudio: Display: Creating Audio Device:                 Id: 10, Scope: Unique, Realtime: True
[2026.01.02-11.58.45:777][884]LogAudioMixer: Display: Audio Mixer Platform Settings:
[2026.01.02-11.58.45:777][884]LogAudioMixer: Display: 	Sample Rate:						  48000
[2026.01.02-11.58.45:777][884]LogAudioMixer: Display: 	Callback Buffer Frame Size Requested: 1024
[2026.01.02-11.58.45:777][884]LogAudioMixer: Display: 	Callback Buffer Frame Size To Use:	  1024
[2026.01.02-11.58.45:777][884]LogAudioMixer: Display: 	Number of buffers to queue:			  2
[2026.01.02-11.58.45:777][884]LogAudioMixer: Display: 	Max Channels (voices):				  32
[2026.01.02-11.58.45:777][884]LogAudioMixer: Display: 	Number of Async Source Workers:		  0
[2026.01.02-11.58.45:777][884]LogAudio: Display: AudioDevice MaxSources: 32
[2026.01.02-11.58.45:777][884]LogAudio: Display: Audio Spatialization Plugin: None (built-in).
[2026.01.02-11.58.45:777][884]LogAudio: Display: Audio Reverb Plugin: None (built-in).
[2026.01.02-11.58.45:777][884]LogAudio: Display: Audio Occlusion Plugin: None (built-in).
[2026.01.02-11.58.45:777][884]LogAudioMixer: Display: Initializing audio mixer.
[2026.01.02-11.58.45:780][884]LogAudioMixer: Display: 0: FrontLeft
[2026.01.02-11.58.45:780][884]LogAudioMixer: Display: 1: FrontRight
[2026.01.02-11.58.45:788][884]LogAudioMixer: Display: Using Audio Device Speakers (Realtek(R) Audio)
[2026.01.02-11.58.45:788][884]LogAudioMixer: Display: Initializing Sound Submixes...
[2026.01.02-11.58.45:788][884]LogAudioMixer: Display: Creating Master Submix 'MasterSubmixDefault'
[2026.01.02-11.58.45:788][884]LogAudioMixer: Display: Creating Master Submix 'MasterReverbSubmixDefault'
[2026.01.02-11.58.45:788][884]LogAudioMixer: Display: Creating Master Submix 'MasterEQSubmixDefault'
[2026.01.02-11.58.45:788][884]LogAudioMixer: FMixerPlatformXAudio2::StartAudioStream() called
[2026.01.02-11.58.45:788][884]LogAudioMixer: Display: Output buffers initialized: Frames=1024, Channels=2, Samples=2048
[2026.01.02-11.58.45:789][884]LogAudioMixer: Display: Starting AudioMixerPlatformInterface::RunInternal()
[2026.01.02-11.58.45:789][884]LogAudioMixer: Display: FMixerPlatformXAudio2::SubmitBuffer() called for the first time
[2026.01.02-11.58.45:789][884]LogInit: FAudioDevice initialized.
[2026.01.02-11.58.45:789][884]LogAudio: Display: Audio Device (ID: 10) registered with world '01Gameplay'.
[2026.01.02-11.58.45:795][884]LogLoad: Game class is 'BP_Gameplay_GameMode_C'
[2026.01.02-11.58.45:797][884]LogWorld: Bringing World /Game/UEDPIE_0_01Gameplay.01Gameplay up for play (max tick rate 0) at 2026.01.02-13.58.45
[2026.01.02-11.58.45:797][884]LogWorld: Bringing up level for play took: 0.001717
[2026.01.02-11.58.45:797][884]LogOnline: OSS: Creating online subsystem instance for: :Context_32
[2026.01.02-11.58.45:800][884]PIE: Server logged in
[2026.01.02-11.58.45:800][884]PIE: Play in editor total start time 0,079 seconds.
[2026.01.02-11.58.48:395][194]LogBlueprintUserMessages: [BP_Enemy3_8] RIP
[2026.01.02-11.58.50:212][412]LogBlueprintUserMessages: [BP_Enemy2_5] RIP
[2026.01.02-11.58.50:378][432]LogBlueprintUserMessages: [BP_Enemy5_3] RIP
[2026.01.02-11.58.50:987][505]LogBlueprintUserMessages: [BP_Enemy7_9] RIP
[2026.01.02-11.58.52:471][683]LogBlueprintUserMessages: [BP_Enemy6_6] RIP
[2026.01.02-11.58.53:296][782]LogBlueprintUserMessages: [BP_Enemy4] RIP
[2026.01.02-11.58.55:887][ 93]LogBlueprintUserMessages: [BP_Enemy8_12] RIP
[2026.01.02-11.58.55:896][ 94]LogBlueprintUserMessages: [BP_Enemy_2] RIP
[2026.01.02-11.58.57:629][302]LogBlueprintUserMessages: [BP_Enemy9_15] RIP
[2026.01.02-11.58.58:780][440]LogBlueprintUserMessages: [BP_Enemy10_18] RIP
[2026.01.02-11.58.59:845][568]LogBlueprintUserMessages: [BP_Enemy12_24] RIP
[2026.01.02-11.59.00:120][601]LogBlueprintUserMessages: [BP_Enemy11_21] RIP
[2026.01.02-11.59.02:605][899]LogBlueprintUserMessages: [BP_Enemy13] RIP
[2026.01.02-11.59.04:304][103]LogBlueprintUserMessages: [BP_Enemy14] RIP
[2026.01.02-11.59.18:818][841]LogSlate: Updating window title bar state: overlay mode, drag disabled, window buttons hidden, title bar hidden
[2026.01.02-11.59.18:818][841]LogWorld: BeginTearingDown for /Game/UEDPIE_0_01Gameplay
[2026.01.02-11.59.18:819][841]LogWorld: UWorld::CleanupWorld for 01Gameplay, bSessionEnded=true, bCleanupResources=true
[2026.01.02-11.59.18:819][841]LogSlate: InvalidateAllWidgets triggered.  All widgets were invalidated
[2026.01.02-11.59.18:832][841]LogPlayLevel: Display: Shutting down PIE online subsystems
[2026.01.02-11.59.18:842][841]LogSlate: InvalidateAllWidgets triggered.  All widgets were invalidated
[2026.01.02-11.59.18:862][841]LogSlate: Updating window title bar state: overlay mode, drag disabled, window buttons hidden, title bar hidden
[2026.01.02-11.59.18:863][841]LogAudioMixer: FMixerPlatformXAudio2::StopAudioStream() called
[2026.01.02-11.59.18:864][841]LogAudioMixer: FMixerPlatformXAudio2::StopAudioStream() called
[2026.01.02-11.59.18:877][841]LogUObjectHash: Compacting FUObjectHashTables data took   1.60ms
[2026.01.02-11.59.18:906][842]LogPlayLevel: Display: Destroying online subsystem :Context_32
[2026.01.02-11.59.30:840][220]BlueprintLog: New page: Compile BP_SKGun
[2026.01.02-11.59.30:876][220]LogUObjectHash: Compacting FUObjectHashTables data took   1.62ms
[2026.01.02-11.59.31:525][291]Cmd: OBJ SAVEPACKAGE PACKAGE="/Game/HeroChar/Gun/SKGun/BP_SKGun" FILE="D:/Artemii/Game/Game/Content/HeroChar/Gun/SKGun/BP_SKGun.uasset" SILENT=true
[2026.01.02-11.59.31:534][291]LogSavePackage: Moving 'D:/Artemii/Game/Game/Saved/BP_SKGun0D4250BA4A82D61F8D3D96AABE545BED.tmp' to 'D:/Artemii/Game/Game/Content/HeroChar/Gun/SKGun/BP_SKGun.uasset'
[2026.01.02-11.59.31:546][291]AssetCheck: New page: Asset Save: BP_SKGun
[2026.01.02-11.59.31:546][291]LogContentValidation: Display: Validating Blueprint /Game/HeroChar/Gun/SKGun/BP_SKGun.BP_SKGun
[2026.01.02-11.59.32:484][400]Cmd: OBJ SAVEPACKAGE PACKAGE="/Game/01Gameplay" FILE="D:/Artemii/Game/Game/Content/01Gameplay.umap" SILENT=true AUTOSAVING=false KEEPDIRTY=false
[2026.01.02-11.59.32:506][400]LogUObjectHash: Compacting FUObjectHashTables data took   2.01ms
[2026.01.02-11.59.32:539][400]LogSavePackage: Moving 'D:/Artemii/Game/Game/Saved/01GameplayB7EC23DF42749A9B233CB7ACA31155E7.tmp' to 'D:/Artemii/Game/Game/Content/01Gameplay.umap'
[2026.01.02-11.59.32:543][400]Cmd: OBJ SAVEPACKAGE PACKAGE="/Game/01Gameplay_BuiltData" FILE="D:/Artemii/Game/Game/Content/01Gameplay_BuiltData.uasset" SILENT=true
[2026.01.02-11.59.32:551][400]LogSavePackage: Moving 'D:/Artemii/Game/Game/Saved/01Gameplay_BuiltDataFADD0CCE4414A34001C18CBCCA93B0EE.tmp' to 'D:/Artemii/Game/Game/Content/01Gameplay_BuiltData.uasset'
[2026.01.02-11.59.32:561][400]AssetCheck: New page: Asset Save: multiple assets
[2026.01.02-11.59.32:561][400]LogContentValidation: Display: Validating MapBuildDataRegistry /Game/01Gameplay_BuiltData.01Gameplay_BuiltData
[2026.01.02-11.59.32:561][400]LogContentValidation: Display: Validating World /Game/01Gameplay.01Gameplay
[2026.01.02-11.59.33:483][508]LogTemp: Repeating last play command: Selected Viewport
[2026.01.02-11.59.33:487][508]LogPlayLevel: PlayLevel: No blueprints needed recompiling
[2026.01.02-11.59.33:487][508]PIE: New page: PIE session: 01Gameplay (2 січ. 2026 р., 15:59:33)
[2026.01.02-11.59.33:509][508]LogPlayLevel: Creating play world package: /Game/UEDPIE_0_01Gameplay
[2026.01.02-11.59.33:515][508]LogPlayLevel: PIE: StaticDuplicateObject took: (0.006762s)
[2026.01.02-11.59.33:516][508]LogAIModule: Creating AISystem for world 01Gameplay
[2026.01.02-11.59.33:516][508]LogPlayLevel: PIE: World Init took: (0.000631s)
[2026.01.02-11.59.33:516][508]LogPlayLevel: PIE: Created PIE world by copying editor world from /Game/01Gameplay.01Gameplay to /Game/UEDPIE_0_01Gameplay.01Gameplay (0.007482s)
[2026.01.02-11.59.33:539][508]LogUObjectHash: Compacting FUObjectHashTables data took   1.58ms
[2026.01.02-11.59.33:540][508]LogAudio: Display: Creating Audio Device:                 Id: 11, Scope: Unique, Realtime: True
[2026.01.02-11.59.33:540][508]LogAudioMixer: Display: Audio Mixer Platform Settings:
[2026.01.02-11.59.33:540][508]LogAudioMixer: Display: 	Sample Rate:						  48000
[2026.01.02-11.59.33:540][508]LogAudioMixer: Display: 	Callback Buffer Frame Size Requested: 1024
[2026.01.02-11.59.33:540][508]LogAudioMixer: Display: 	Callback Buffer Frame Size To Use:	  1024
[2026.01.02-11.59.33:540][508]LogAudioMixer: Display: 	Number of buffers to queue:			  2
[2026.01.02-11.59.33:540][508]LogAudioMixer: Display: 	Max Channels (voices):				  32
[2026.01.02-11.59.33:540][508]LogAudioMixer: Display: 	Number of Async Source Workers:		  0
[2026.01.02-11.59.33:540][508]LogAudio: Display: AudioDevice MaxSources: 32
[2026.01.02-11.59.33:540][508]LogAudio: Display: Audio Spatialization Plugin: None (built-in).
[2026.01.02-11.59.33:540][508]LogAudio: Display: Audio Reverb Plugin: None (built-in).
[2026.01.02-11.59.33:540][508]LogAudio: Display: Audio Occlusion Plugin: None (built-in).
[2026.01.02-11.59.33:540][508]LogAudioMixer: Display: Initializing audio mixer.
[2026.01.02-11.59.33:543][508]LogAudioMixer: Display: 0: FrontLeft
[2026.01.02-11.59.33:543][508]LogAudioMixer: Display: 1: FrontRight
[2026.01.02-11.59.33:552][508]LogAudioMixer: Display: Using Audio Device Speakers (Realtek(R) Audio)
[2026.01.02-11.59.33:552][508]LogAudioMixer: Display: Initializing Sound Submixes...
[2026.01.02-11.59.33:552][508]LogAudioMixer: Display: Creating Master Submix 'MasterSubmixDefault'
[2026.01.02-11.59.33:552][508]LogAudioMixer: Display: Creating Master Submix 'MasterReverbSubmixDefault'
[2026.01.02-11.59.33:552][508]LogAudioMixer: Display: Creating Master Submix 'MasterEQSubmixDefault'
[2026.01.02-11.59.33:552][508]LogAudioMixer: FMixerPlatformXAudio2::StartAudioStream() called
[2026.01.02-11.59.33:552][508]LogAudioMixer: Display: Output buffers initialized: Frames=1024, Channels=2, Samples=2048
[2026.01.02-11.59.33:553][508]LogAudioMixer: Display: Starting AudioMixerPlatformInterface::RunInternal()
[2026.01.02-11.59.33:553][508]LogAudioMixer: Display: FMixerPlatformXAudio2::SubmitBuffer() called for the first time
[2026.01.02-11.59.33:553][508]LogInit: FAudioDevice initialized.
[2026.01.02-11.59.33:553][508]LogAudio: Display: Audio Device (ID: 11) registered with world '01Gameplay'.
[2026.01.02-11.59.33:558][508]LogLoad: Game class is 'BP_Gameplay_GameMode_C'
[2026.01.02-11.59.33:560][508]LogWorld: Bringing World /Game/UEDPIE_0_01Gameplay.01Gameplay up for play (max tick rate 0) at 2026.01.02-13.59.33
[2026.01.02-11.59.33:560][508]LogWorld: Bringing up level for play took: 0.001744
[2026.01.02-11.59.33:560][508]LogOnline: OSS: Creating online subsystem instance for: :Context_33
[2026.01.02-11.59.33:563][508]PIE: Server logged in
[2026.01.02-11.59.33:563][508]PIE: Play in editor total start time 0,077 seconds.
[2026.01.02-11.59.37:224][825]LogBlueprintUserMessages: [BP_Enemy4] RIP
[2026.01.02-11.59.44:956][372]LogBlueprintUserMessages: [BP_Enemy2_5] RIP
[2026.01.02-11.59.45:583][373]LogPlayerController: Error: InputMode:UIOnly - Attempting to focus Non-Focusable widget SObjectWidget [Widget.cpp(799)]!
[2026.01.02-11.59.45:583][373]LogViewport: Display: Viewport MouseLockMode Changed, LockOnCapture -> DoNotLock
[2026.01.02-11.59.45:583][373]LogViewport: Display: Viewport MouseCaptureMode Changed, CapturePermanently_IncludingInitialMouseDown -> NoCapture
[2026.01.02-11.59.46:606][496]LogViewport: Display: Viewport MouseLockMode Changed, DoNotLock -> LockOnCapture
[2026.01.02-11.59.46:606][496]LogViewport: Display: Viewport MouseCaptureMode Changed, NoCapture -> CapturePermanently
[2026.01.02-11.59.51:750][797]LogSlate: Updating window title bar state: overlay mode, drag disabled, window buttons hidden, title bar hidden
[2026.01.02-11.59.51:750][797]LogWorld: BeginTearingDown for /Game/UEDPIE_0_01Gameplay
[2026.01.02-11.59.51:751][797]LogWorld: UWorld::CleanupWorld for 01Gameplay, bSessionEnded=true, bCleanupResources=true
[2026.01.02-11.59.51:751][797]LogSlate: InvalidateAllWidgets triggered.  All widgets were invalidated
[2026.01.02-11.59.51:772][797]LogPlayLevel: Display: Shutting down PIE online subsystems
[2026.01.02-11.59.51:807][797]LogSlate: InvalidateAllWidgets triggered.  All widgets were invalidated
[2026.01.02-11.59.51:832][797]LogSlate: Updating window title bar state: overlay mode, drag disabled, window buttons hidden, title bar hidden
[2026.01.02-11.59.51:832][797]LogAudioMixer: FMixerPlatformXAudio2::StopAudioStream() called
[2026.01.02-11.59.51:833][797]LogAudioMixer: FMixerPlatformXAudio2::StopAudioStream() called
[2026.01.02-11.59.52:004][797]LogUObjectHash: Compacting FUObjectHashTables data took   3.17ms
[2026.01.02-11.59.52:033][798]LogPlayLevel: Display: Destroying online subsystem :Context_33
[2026.01.02-11.59.58:929][607]BlueprintLog: New page: Compile BP_SKGun
[2026.01.02-11.59.58:967][607]LogUObjectHash: Compacting FUObjectHashTables data took   1.67ms
[2026.01.02-12.00.00:137][738]LogTemp: Repeating last play command: Selected Viewport
[2026.01.02-12.00.00:140][738]LogPlayLevel: PlayLevel: No blueprints needed recompiling
[2026.01.02-12.00.00:141][738]PIE: New page: PIE session: 01Gameplay (2 січ. 2026 р., 16:00:00)
[2026.01.02-12.00.00:180][738]LogPlayLevel: Creating play world package: /Game/UEDPIE_0_01Gameplay
[2026.01.02-12.00.00:189][738]LogPlayLevel: PIE: StaticDuplicateObject took: (0.008654s)
[2026.01.02-12.00.00:189][738]LogAIModule: Creating AISystem for world 01Gameplay
[2026.01.02-12.00.00:189][738]LogPlayLevel: PIE: World Init took: (0.000657s)
[2026.01.02-12.00.00:189][738]LogPlayLevel: PIE: Created PIE world by copying editor world from /Game/01Gameplay.01Gameplay to /Game/UEDPIE_0_01Gameplay.01Gameplay (0.009458s)
[2026.01.02-12.00.00:217][738]LogUObjectHash: Compacting FUObjectHashTables data took   2.04ms
[2026.01.02-12.00.00:218][738]LogAudio: Display: Creating Audio Device:                 Id: 12, Scope: Unique, Realtime: True
[2026.01.02-12.00.00:218][738]LogAudioMixer: Display: Audio Mixer Platform Settings:
[2026.01.02-12.00.00:218][738]LogAudioMixer: Display: 	Sample Rate:						  48000
[2026.01.02-12.00.00:218][738]LogAudioMixer: Display: 	Callback Buffer Frame Size Requested: 1024
[2026.01.02-12.00.00:218][738]LogAudioMixer: Display: 	Callback Buffer Frame Size To Use:	  1024
[2026.01.02-12.00.00:218][738]LogAudioMixer: Display: 	Number of buffers to queue:			  2
[2026.01.02-12.00.00:218][738]LogAudioMixer: Display: 	Max Channels (voices):				  32
[2026.01.02-12.00.00:218][738]LogAudioMixer: Display: 	Number of Async Source Workers:		  0
[2026.01.02-12.00.00:218][738]LogAudio: Display: AudioDevice MaxSources: 32
[2026.01.02-12.00.00:218][738]LogAudio: Display: Audio Spatialization Plugin: None (built-in).
[2026.01.02-12.00.00:218][738]LogAudio: Display: Audio Reverb Plugin: None (built-in).
[2026.01.02-12.00.00:218][738]LogAudio: Display: Audio Occlusion Plugin: None (built-in).
[2026.01.02-12.00.00:218][738]LogAudioMixer: Display: Initializing audio mixer.
[2026.01.02-12.00.00:221][738]LogAudioMixer: Display: 0: FrontLeft
[2026.01.02-12.00.00:221][738]LogAudioMixer: Display: 1: FrontRight
[2026.01.02-12.00.00:229][738]LogAudioMixer: Display: Using Audio Device Speakers (Realtek(R) Audio)
[2026.01.02-12.00.00:229][738]LogAudioMixer: Display: Initializing Sound Submixes...
[2026.01.02-12.00.00:229][738]LogAudioMixer: Display: Creating Master Submix 'MasterSubmixDefault'
[2026.01.02-12.00.00:229][738]LogAudioMixer: Display: Creating Master Submix 'MasterReverbSubmixDefault'
[2026.01.02-12.00.00:230][738]LogAudioMixer: Display: Creating Master Submix 'MasterEQSubmixDefault'
[2026.01.02-12.00.00:230][738]LogAudioMixer: FMixerPlatformXAudio2::StartAudioStream() called
[2026.01.02-12.00.00:230][738]LogAudioMixer: Display: Output buffers initialized: Frames=1024, Channels=2, Samples=2048
[2026.01.02-12.00.00:230][738]LogAudioMixer: Display: Starting AudioMixerPlatformInterface::RunInternal()
[2026.01.02-12.00.00:230][738]LogAudioMixer: Display: FMixerPlatformXAudio2::SubmitBuffer() called for the first time
[2026.01.02-12.00.00:230][738]LogInit: FAudioDevice initialized.
[2026.01.02-12.00.00:230][738]LogAudio: Display: Audio Device (ID: 12) registered with world '01Gameplay'.
[2026.01.02-12.00.00:236][738]LogLoad: Game class is 'BP_Gameplay_GameMode_C'
[2026.01.02-12.00.00:238][738]LogWorld: Bringing World /Game/UEDPIE_0_01Gameplay.01Gameplay up for play (max tick rate 0) at 2026.01.02-14.00.00
[2026.01.02-12.00.00:238][738]LogWorld: Bringing up level for play took: 0.001694
[2026.01.02-12.00.00:239][738]LogOnline: OSS: Creating online subsystem instance for: :Context_34
[2026.01.02-12.00.00:241][738]PIE: Server logged in
[2026.01.02-12.00.00:242][738]PIE: Play in editor total start time 0,102 seconds.
[2026.01.02-12.00.05:927][419]LogBlueprintUserMessages: [BP_Enemy4] RIP
[2026.01.02-12.00.06:794][523]LogBlueprintUserMessages: [BP_Enemy3_8] RIP
[2026.01.02-12.00.07:803][644]LogBlueprintUserMessages: [BP_Enemy6_6] RIP
[2026.01.02-12.00.08:570][736]LogBlueprintUserMessages: [BP_Enemy7_9] RIP
[2026.01.02-12.00.08:637][744]LogBlueprintUserMessages: [BP_Enemy2_5] RIP
[2026.01.02-12.00.09:170][808]LogBlueprintUserMessages: [BP_Enemy5_3] RIP
[2026.01.02-12.00.10:668][979]LogBlueprintUserMessages: [BP_Enemy12_24] RIP
[2026.01.02-12.00.11:384][ 65]LogBlueprintUserMessages: [BP_Enemy_2] RIP
[2026.01.02-12.00.12:026][142]LogBlueprintUserMessages: [BP_Enemy11_21] RIP
[2026.01.02-12.00.13:426][310]LogBlueprintUserMessages: [BP_Enemy10_18] RIP
[2026.01.02-12.00.13:834][359]LogBlueprintUserMessages: [BP_Enemy8_12] RIP
[2026.01.02-12.00.15:209][524]LogBlueprintUserMessages: [BP_Enemy9_15] RIP
[2026.01.02-12.00.23:585][529]LogBlueprintUserMessages: [BP_Enemy13] RIP
[2026.01.02-12.00.26:068][827]LogBlueprintUserMessages: [BP_Enemy14] RIP
[2026.01.02-12.00.37:225][160]LogSlate: Updating window title bar state: overlay mode, drag disabled, window buttons hidden, title bar hidden
[2026.01.02-12.00.37:225][160]LogWorld: BeginTearingDown for /Game/UEDPIE_0_01Gameplay
[2026.01.02-12.00.37:225][160]LogWorld: UWorld::CleanupWorld for 01Gameplay, bSessionEnded=true, bCleanupResources=true
[2026.01.02-12.00.37:226][160]LogSlate: InvalidateAllWidgets triggered.  All widgets were invalidated
[2026.01.02-12.00.37:237][160]LogPlayLevel: Display: Shutting down PIE online subsystems
[2026.01.02-12.00.37:259][160]LogSlate: InvalidateAllWidgets triggered.  All widgets were invalidated
[2026.01.02-12.00.37:291][160]LogAudio: Display: Audio Device unregistered from world 'None'.
[2026.01.02-12.00.37:291][160]LogAudioMixer: FMixerPlatformXAudio2::StopAudioStream() called
[2026.01.02-12.00.37:292][160]LogAudioMixer: FMixerPlatformXAudio2::StopAudioStream() called
[2026.01.02-12.00.37:293][160]LogSlate: Updating window title bar state: overlay mode, drag disabled, window buttons hidden, title bar hidden
[2026.01.02-12.00.37:372][160]LogUObjectHash: Compacting FUObjectHashTables data took   2.18ms
[2026.01.02-12.00.37:400][161]LogPlayLevel: Display: Destroying online subsystem :Context_34
[2026.01.02-12.00.47:649][329]BlueprintLog: New page: Compile BP_SKGun
[2026.01.02-12.00.47:683][329]LogUObjectHash: Compacting FUObjectHashTables data took   1.67ms
[2026.01.02-12.00.48:034][362]Cmd: OBJ SAVEPACKAGE PACKAGE="/Game/HeroChar/Gun/SKGun/BP_SKGun" FILE="D:/Artemii/Game/Game/Content/HeroChar/Gun/SKGun/BP_SKGun.uasset" SILENT=true
[2026.01.02-12.00.48:043][362]LogSavePackage: Moving 'D:/Artemii/Game/Game/Saved/BP_SKGun6BA91FDF454C77772DE4C7A97186B60A.tmp' to 'D:/Artemii/Game/Game/Content/HeroChar/Gun/SKGun/BP_SKGun.uasset'
[2026.01.02-12.00.48:055][362]AssetCheck: New page: Asset Save: BP_SKGun
[2026.01.02-12.00.48:055][362]LogContentValidation: Display: Validating Blueprint /Game/HeroChar/Gun/SKGun/BP_SKGun.BP_SKGun
[2026.01.02-12.00.49:283][499]LogTemp: Repeating last play command: Selected Viewport
[2026.01.02-12.00.49:286][499]LogPlayLevel: PlayLevel: No blueprints needed recompiling
[2026.01.02-12.00.49:286][499]PIE: New page: PIE session: 01Gameplay (2 січ. 2026 р., 16:00:49)
[2026.01.02-12.00.49:312][499]LogPlayLevel: Creating play world package: /Game/UEDPIE_0_01Gameplay
[2026.01.02-12.00.49:319][499]LogPlayLevel: PIE: StaticDuplicateObject took: (0.006831s)
[2026.01.02-12.00.49:320][499]LogAIModule: Creating AISystem for world 01Gameplay
[2026.01.02-12.00.49:320][499]LogPlayLevel: PIE: World Init took: (0.000639s)
[2026.01.02-12.00.49:320][499]LogPlayLevel: PIE: Created PIE world by copying editor world from /Game/01Gameplay.01Gameplay to /Game/UEDPIE_0_01Gameplay.01Gameplay (0.007571s)
[2026.01.02-12.00.49:344][499]LogUObjectHash: Compacting FUObjectHashTables data took   2.05ms
[2026.01.02-12.00.49:345][499]LogAudio: Display: Creating Audio Device:                 Id: 13, Scope: Unique, Realtime: True
[2026.01.02-12.00.49:345][499]LogAudioMixer: Display: Audio Mixer Platform Settings:
[2026.01.02-12.00.49:345][499]LogAudioMixer: Display: 	Sample Rate:						  48000
[2026.01.02-12.00.49:345][499]LogAudioMixer: Display: 	Callback Buffer Frame Size Requested: 1024
[2026.01.02-12.00.49:345][499]LogAudioMixer: Display: 	Callback Buffer Frame Size To Use:	  1024
[2026.01.02-12.00.49:345][499]LogAudioMixer: Display: 	Number of buffers to queue:			  2
[2026.01.02-12.00.49:345][499]LogAudioMixer: Display: 	Max Channels (voices):				  32
[2026.01.02-12.00.49:345][499]LogAudioMixer: Display: 	Number of Async Source Workers:		  0
[2026.01.02-12.00.49:345][499]LogAudio: Display: AudioDevice MaxSources: 32
[2026.01.02-12.00.49:345][499]LogAudio: Display: Audio Spatialization Plugin: None (built-in).
[2026.01.02-12.00.49:345][499]LogAudio: Display: Audio Reverb Plugin: None (built-in).
[2026.01.02-12.00.49:345][499]LogAudio: Display: Audio Occlusion Plugin: None (built-in).
[2026.01.02-12.00.49:345][499]LogAudioMixer: Display: Initializing audio mixer.
[2026.01.02-12.00.49:348][499]LogAudioMixer: Display: 0: FrontLeft
[2026.01.02-12.00.49:348][499]LogAudioMixer: Display: 1: FrontRight
[2026.01.02-12.00.49:356][499]LogAudioMixer: Display: Using Audio Device Speakers (Realtek(R) Audio)
[2026.01.02-12.00.49:356][499]LogAudioMixer: Display: Initializing Sound Submixes...
[2026.01.02-12.00.49:357][499]LogAudioMixer: Display: Creating Master Submix 'MasterSubmixDefault'
[2026.01.02-12.00.49:357][499]LogAudioMixer: Display: Creating Master Submix 'MasterReverbSubmixDefault'
[2026.01.02-12.00.49:357][499]LogAudioMixer: Display: Creating Master Submix 'MasterEQSubmixDefault'
[2026.01.02-12.00.49:357][499]LogAudioMixer: FMixerPlatformXAudio2::StartAudioStream() called
[2026.01.02-12.00.49:357][499]LogAudioMixer: Display: Output buffers initialized: Frames=1024, Channels=2, Samples=2048
[2026.01.02-12.00.49:358][499]LogAudioMixer: Display: Starting AudioMixerPlatformInterface::RunInternal()
[2026.01.02-12.00.49:358][499]LogAudioMixer: Display: FMixerPlatformXAudio2::SubmitBuffer() called for the first time
[2026.01.02-12.00.49:358][499]LogInit: FAudioDevice initialized.
[2026.01.02-12.00.49:358][499]LogAudio: Display: Audio Device (ID: 13) registered with world '01Gameplay'.
[2026.01.02-12.00.49:362][499]LogLoad: Game class is 'BP_Gameplay_GameMode_C'
[2026.01.02-12.00.49:364][499]LogWorld: Bringing World /Game/UEDPIE_0_01Gameplay.01Gameplay up for play (max tick rate 0) at 2026.01.02-14.00.49
[2026.01.02-12.00.49:364][499]LogWorld: Bringing up level for play took: 0.001693
[2026.01.02-12.00.49:365][499]LogOnline: OSS: Creating online subsystem instance for: :Context_35
[2026.01.02-12.00.49:367][499]PIE: Server logged in
[2026.01.02-12.00.49:368][499]PIE: Play in editor total start time 0,082 seconds.
[2026.01.02-12.00.52:979][931]LogBlueprintUserMessages: [BP_Enemy4] RIP
[2026.01.02-12.00.56:996][413]LogBlueprintUserMessages: [BP_Enemy6_6] RIP
[2026.01.02-12.00.59:339][694]LogBlueprintUserMessages: [BP_Enemy7_9] RIP
[2026.01.02-12.01.01:945][  2]LogSlate: Updating window title bar state: overlay mode, drag disabled, window buttons hidden, title bar hidden
[2026.01.02-12.01.01:945][  2]LogWorld: BeginTearingDown for /Game/UEDPIE_0_01Gameplay
[2026.01.02-12.01.01:946][  2]LogWorld: UWorld::CleanupWorld for 01Gameplay, bSessionEnded=true, bCleanupResources=true
[2026.01.02-12.01.01:946][  2]LogSlate: InvalidateAllWidgets triggered.  All widgets were invalidated
[2026.01.02-12.01.01:958][  2]LogPlayLevel: Display: Shutting down PIE online subsystems
[2026.01.02-12.01.01:967][  2]LogSlate: InvalidateAllWidgets triggered.  All widgets were invalidated
[2026.01.02-12.01.01:987][  2]LogSlate: Updating window title bar state: overlay mode, drag disabled, window buttons hidden, title bar hidden
[2026.01.02-12.01.01:987][  2]LogAudioMixer: FMixerPlatformXAudio2::StopAudioStream() called
[2026.01.02-12.01.01:989][  2]LogAudioMixer: FMixerPlatformXAudio2::StopAudioStream() called
[2026.01.02-12.01.01:993][  2]LogUObjectHash: Compacting FUObjectHashTables data took   1.55ms
[2026.01.02-12.01.02:023][  3]LogPlayLevel: Display: Destroying online subsystem :Context_35
[2026.01.02-12.01.32:595][172]LogTemp: Repeating last play command: Selected Viewport
[2026.01.02-12.01.32:599][172]LogPlayLevel: PlayLevel: No blueprints needed recompiling
[2026.01.02-12.01.32:599][172]PIE: New page: PIE session: 01Gameplay (2 січ. 2026 р., 16:01:32)
[2026.01.02-12.01.32:645][172]LogPlayLevel: Creating play world package: /Game/UEDPIE_0_01Gameplay
[2026.01.02-12.01.32:656][172]LogPlayLevel: PIE: StaticDuplicateObject took: (0.010491s)
[2026.01.02-12.01.32:657][172]LogAIModule: Creating AISystem for world 01Gameplay
[2026.01.02-12.01.32:657][172]LogPlayLevel: PIE: World Init took: (0.000637s)
[2026.01.02-12.01.32:657][172]LogPlayLevel: PIE: Created PIE world by copying editor world from /Game/01Gameplay.01Gameplay to /Game/UEDPIE_0_01Gameplay.01Gameplay (0.011305s)
[2026.01.02-12.01.32:679][172]LogUObjectHash: Compacting FUObjectHashTables data took   1.49ms
[2026.01.02-12.01.32:681][172]LogAudio: Display: Creating Audio Device:                 Id: 14, Scope: Unique, Realtime: True
[2026.01.02-12.01.32:681][172]LogAudioMixer: Display: Audio Mixer Platform Settings:
[2026.01.02-12.01.32:681][172]LogAudioMixer: Display: 	Sample Rate:						  48000
[2026.01.02-12.01.32:681][172]LogAudioMixer: Display: 	Callback Buffer Frame Size Requested: 1024
[2026.01.02-12.01.32:681][172]LogAudioMixer: Display: 	Callback Buffer Frame Size To Use:	  1024
[2026.01.02-12.01.32:681][172]LogAudioMixer: Display: 	Number of buffers to queue:			  2
[2026.01.02-12.01.32:681][172]LogAudioMixer: Display: 	Max Channels (voices):				  32
[2026.01.02-12.01.32:681][172]LogAudioMixer: Display: 	Number of Async Source Workers:		  0
[2026.01.02-12.01.32:681][172]LogAudio: Display: AudioDevice MaxSources: 32
[2026.01.02-12.01.32:681][172]LogAudio: Display: Audio Spatialization Plugin: None (built-in).
[2026.01.02-12.01.32:681][172]LogAudio: Display: Audio Reverb Plugin: None (built-in).
[2026.01.02-12.01.32:681][172]LogAudio: Display: Audio Occlusion Plugin: None (built-in).
[2026.01.02-12.01.32:681][172]LogAudioMixer: Display: Initializing audio mixer.
[2026.01.02-12.01.32:684][172]LogAudioMixer: Display: 0: FrontLeft
[2026.01.02-12.01.32:684][172]LogAudioMixer: Display: 1: FrontRight
[2026.01.02-12.01.32:692][172]LogAudioMixer: Display: Using Audio Device Speakers (Realtek(R) Audio)
[2026.01.02-12.01.32:692][172]LogAudioMixer: Display: Initializing Sound Submixes...
[2026.01.02-12.01.32:692][172]LogAudioMixer: Display: Creating Master Submix 'MasterSubmixDefault'
[2026.01.02-12.01.32:692][172]LogAudioMixer: Display: Creating Master Submix 'MasterReverbSubmixDefault'
[2026.01.02-12.01.32:693][172]LogAudioMixer: Display: Creating Master Submix 'MasterEQSubmixDefault'
[2026.01.02-12.01.32:693][172]LogAudioMixer: FMixerPlatformXAudio2::StartAudioStream() called
[2026.01.02-12.01.32:693][172]LogAudioMixer: Display: Output buffers initialized: Frames=1024, Channels=2, Samples=2048
[2026.01.02-12.01.32:693][172]LogAudioMixer: Display: Starting AudioMixerPlatformInterface::RunInternal()
[2026.01.02-12.01.32:693][172]LogAudioMixer: Display: FMixerPlatformXAudio2::SubmitBuffer() called for the first time
[2026.01.02-12.01.32:693][172]LogInit: FAudioDevice initialized.
[2026.01.02-12.01.32:693][172]LogAudio: Display: Audio Device (ID: 14) registered with world '01Gameplay'.
[2026.01.02-12.01.32:700][172]LogLoad: Game class is 'BP_Gameplay_GameMode_C'
[2026.01.02-12.01.32:702][172]LogWorld: Bringing World /Game/UEDPIE_0_01Gameplay.01Gameplay up for play (max tick rate 0) at 2026.01.02-14.01.32
[2026.01.02-12.01.32:702][172]LogWorld: Bringing up level for play took: 0.001706
[2026.01.02-12.01.32:702][172]LogOnline: OSS: Creating online subsystem instance for: :Context_36
[2026.01.02-12.01.32:705][172]PIE: Server logged in
[2026.01.02-12.01.32:705][172]PIE: Play in editor total start time 0,107 seconds.
[2026.01.02-12.01.36:337][603]LogSlate: Updating window title bar state: overlay mode, drag disabled, window buttons hidden, title bar hidden
[2026.01.02-12.01.36:337][603]LogWorld: BeginTearingDown for /Game/UEDPIE_0_01Gameplay
[2026.01.02-12.01.36:337][603]LogWorld: UWorld::CleanupWorld for 01Gameplay, bSessionEnded=true, bCleanupResources=true
[2026.01.02-12.01.36:337][603]LogSlate: InvalidateAllWidgets triggered.  All widgets were invalidated
[2026.01.02-12.01.36:346][603]LogPlayLevel: Display: Shutting down PIE online subsystems
[2026.01.02-12.01.36:353][603]LogSlate: InvalidateAllWidgets triggered.  All widgets were invalidated
[2026.01.02-12.01.36:373][603]LogSlate: Updating window title bar state: overlay mode, drag disabled, window buttons hidden, title bar hidden
[2026.01.02-12.01.36:373][603]LogAudioMixer: FMixerPlatformXAudio2::StopAudioStream() called
[2026.01.02-12.01.36:374][603]LogAudioMixer: FMixerPlatformXAudio2::StopAudioStream() called
[2026.01.02-12.01.36:378][603]LogUObjectHash: Compacting FUObjectHashTables data took   1.46ms
[2026.01.02-12.01.36:438][605]LogPlayLevel: Display: Destroying online subsystem :Context_36
[2026.01.02-12.02.06:156][ 74]LogTemp: Repeating last play command: Selected Viewport
[2026.01.02-12.02.06:160][ 74]LogPlayLevel: PlayLevel: No blueprints needed recompiling
[2026.01.02-12.02.06:160][ 74]PIE: New page: PIE session: 01Gameplay (2 січ. 2026 р., 16:02:06)
[2026.01.02-12.02.06:198][ 74]LogPlayLevel: Creating play world package: /Game/UEDPIE_0_01Gameplay
[2026.01.02-12.02.06:206][ 74]LogPlayLevel: PIE: StaticDuplicateObject took: (0.007808s)
[2026.01.02-12.02.06:206][ 74]LogAIModule: Creating AISystem for world 01Gameplay
[2026.01.02-12.02.06:207][ 74]LogPlayLevel: PIE: World Init took: (0.000664s)
[2026.01.02-12.02.06:207][ 74]LogPlayLevel: PIE: Created PIE world by copying editor world from /Game/01Gameplay.01Gameplay to /Game/UEDPIE_0_01Gameplay.01Gameplay (0.008601s)
[2026.01.02-12.02.06:227][ 74]LogUObjectHash: Compacting FUObjectHashTables data took   1.47ms
[2026.01.02-12.02.06:228][ 74]LogAudio: Display: Creating Audio Device:                 Id: 15, Scope: Unique, Realtime: True
[2026.01.02-12.02.06:228][ 74]LogAudioMixer: Display: Audio Mixer Platform Settings:
[2026.01.02-12.02.06:228][ 74]LogAudioMixer: Display: 	Sample Rate:						  48000
[2026.01.02-12.02.06:228][ 74]LogAudioMixer: Display: 	Callback Buffer Frame Size Requested: 1024
[2026.01.02-12.02.06:228][ 74]LogAudioMixer: Display: 	Callback Buffer Frame Size To Use:	  1024
[2026.01.02-12.02.06:228][ 74]LogAudioMixer: Display: 	Number of buffers to queue:			  2
[2026.01.02-12.02.06:228][ 74]LogAudioMixer: Display: 	Max Channels (voices):				  32
[2026.01.02-12.02.06:228][ 74]LogAudioMixer: Display: 	Number of Async Source Workers:		  0
[2026.01.02-12.02.06:228][ 74]LogAudio: Display: AudioDevice MaxSources: 32
[2026.01.02-12.02.06:228][ 74]LogAudio: Display: Audio Spatialization Plugin: None (built-in).
[2026.01.02-12.02.06:228][ 74]LogAudio: Display: Audio Reverb Plugin: None (built-in).
[2026.01.02-12.02.06:228][ 74]LogAudio: Display: Audio Occlusion Plugin: None (built-in).
[2026.01.02-12.02.06:228][ 74]LogAudioMixer: Display: Initializing audio mixer.
[2026.01.02-12.02.06:231][ 74]LogAudioMixer: Display: 0: FrontLeft
[2026.01.02-12.02.06:231][ 74]LogAudioMixer: Display: 1: FrontRight
[2026.01.02-12.02.06:239][ 74]LogAudioMixer: Display: Using Audio Device Speakers (Realtek(R) Audio)
[2026.01.02-12.02.06:239][ 74]LogAudioMixer: Display: Initializing Sound Submixes...
[2026.01.02-12.02.06:239][ 74]LogAudioMixer: Display: Creating Master Submix 'MasterSubmixDefault'
[2026.01.02-12.02.06:239][ 74]LogAudioMixer: Display: Creating Master Submix 'MasterReverbSubmixDefault'
[2026.01.02-12.02.06:240][ 74]LogAudioMixer: Display: Creating Master Submix 'MasterEQSubmixDefault'
[2026.01.02-12.02.06:240][ 74]LogAudioMixer: FMixerPlatformXAudio2::StartAudioStream() called
[2026.01.02-12.02.06:240][ 74]LogAudioMixer: Display: Output buffers initialized: Frames=1024, Channels=2, Samples=2048
[2026.01.02-12.02.06:240][ 74]LogAudioMixer: Display: Starting AudioMixerPlatformInterface::RunInternal()
[2026.01.02-12.02.06:240][ 74]LogAudioMixer: Display: FMixerPlatformXAudio2::SubmitBuffer() called for the first time
[2026.01.02-12.02.06:240][ 74]LogInit: FAudioDevice initialized.
[2026.01.02-12.02.06:240][ 74]LogAudio: Display: Audio Device (ID: 15) registered with world '01Gameplay'.
[2026.01.02-12.02.06:246][ 74]LogLoad: Game class is 'BP_Gameplay_GameMode_C'
[2026.01.02-12.02.06:248][ 74]LogWorld: Bringing World /Game/UEDPIE_0_01Gameplay.01Gameplay up for play (max tick rate 0) at 2026.01.02-14.02.06
[2026.01.02-12.02.06:248][ 74]LogWorld: Bringing up level for play took: 0.001726
[2026.01.02-12.02.06:249][ 74]LogOnline: OSS: Creating online subsystem instance for: :Context_37
[2026.01.02-12.02.06:251][ 74]PIE: Server logged in
[2026.01.02-12.02.06:252][ 74]PIE: Play in editor total start time 0,092 seconds.
[2026.01.02-12.02.10:549][585]LogSlate: Updating window title bar state: overlay mode, drag disabled, window buttons hidden, title bar hidden
[2026.01.02-12.02.10:549][585]LogWorld: BeginTearingDown for /Game/UEDPIE_0_01Gameplay
[2026.01.02-12.02.10:549][585]LogWorld: UWorld::CleanupWorld for 01Gameplay, bSessionEnded=true, bCleanupResources=true
[2026.01.02-12.02.10:549][585]LogSlate: InvalidateAllWidgets triggered.  All widgets were invalidated
[2026.01.02-12.02.10:555][585]LogPlayLevel: Display: Shutting down PIE online subsystems
[2026.01.02-12.02.10:563][585]LogSlate: InvalidateAllWidgets triggered.  All widgets were invalidated
[2026.01.02-12.02.10:585][585]LogSlate: Updating window title bar state: overlay mode, drag disabled, window buttons hidden, title bar hidden
[2026.01.02-12.02.10:585][585]LogAudioMixer: FMixerPlatformXAudio2::StopAudioStream() called
[2026.01.02-12.02.10:586][585]LogAudioMixer: FMixerPlatformXAudio2::StopAudioStream() called
[2026.01.02-12.02.10:590][585]LogUObjectHash: Compacting FUObjectHashTables data took   1.50ms
[2026.01.02-12.02.10:649][587]LogPlayLevel: Display: Destroying online subsystem :Context_37
[2026.01.02-12.02.11:425][679]LogTemp: Repeating last play command: Selected Viewport
[2026.01.02-12.02.11:428][679]LogPlayLevel: PlayLevel: No blueprints needed recompiling
[2026.01.02-12.02.11:428][679]PIE: New page: PIE session: 01Gameplay (2 січ. 2026 р., 16:02:11)
[2026.01.02-12.02.11:467][679]LogPlayLevel: Creating play world package: /Game/UEDPIE_0_01Gameplay
[2026.01.02-12.02.11:477][679]LogPlayLevel: PIE: StaticDuplicateObject took: (0.009945s)
[2026.01.02-12.02.11:478][679]LogAIModule: Creating AISystem for world 01Gameplay
[2026.01.02-12.02.11:478][679]LogPlayLevel: PIE: World Init took: (0.000645s)
[2026.01.02-12.02.11:478][679]LogPlayLevel: PIE: Created PIE world by copying editor world from /Game/01Gameplay.01Gameplay to /Game/UEDPIE_0_01Gameplay.01Gameplay (0.010729s)
[2026.01.02-12.02.11:502][679]LogUObjectHash: Compacting FUObjectHashTables data took   1.48ms
[2026.01.02-12.02.11:502][679]LogAudio: Display: Creating Audio Device:                 Id: 16, Scope: Unique, Realtime: True
[2026.01.02-12.02.11:502][679]LogAudioMixer: Display: Audio Mixer Platform Settings:
[2026.01.02-12.02.11:502][679]LogAudioMixer: Display: 	Sample Rate:						  48000
[2026.01.02-12.02.11:502][679]LogAudioMixer: Display: 	Callback Buffer Frame Size Requested: 1024
[2026.01.02-12.02.11:502][679]LogAudioMixer: Display: 	Callback Buffer Frame Size To Use:	  1024
[2026.01.02-12.02.11:502][679]LogAudioMixer: Display: 	Number of buffers to queue:			  2
[2026.01.02-12.02.11:502][679]LogAudioMixer: Display: 	Max Channels (voices):				  32
[2026.01.02-12.02.11:502][679]LogAudioMixer: Display: 	Number of Async Source Workers:		  0
[2026.01.02-12.02.11:502][679]LogAudio: Display: AudioDevice MaxSources: 32
[2026.01.02-12.02.11:503][679]LogAudio: Display: Audio Spatialization Plugin: None (built-in).
[2026.01.02-12.02.11:503][679]LogAudio: Display: Audio Reverb Plugin: None (built-in).
[2026.01.02-12.02.11:503][679]LogAudio: Display: Audio Occlusion Plugin: None (built-in).
[2026.01.02-12.02.11:503][679]LogAudioMixer: Display: Initializing audio mixer.
[2026.01.02-12.02.11:505][679]LogAudioMixer: Display: 0: FrontLeft
[2026.01.02-12.02.11:506][679]LogAudioMixer: Display: 1: FrontRight
[2026.01.02-12.02.11:514][679]LogAudioMixer: Display: Using Audio Device Speakers (Realtek(R) Audio)
[2026.01.02-12.02.11:514][679]LogAudioMixer: Display: Initializing Sound Submixes...
[2026.01.02-12.02.11:514][679]LogAudioMixer: Display: Creating Master Submix 'MasterSubmixDefault'
[2026.01.02-12.02.11:514][679]LogAudioMixer: Display: Creating Master Submix 'MasterReverbSubmixDefault'
[2026.01.02-12.02.11:514][679]LogAudioMixer: Display: Creating Master Submix 'MasterEQSubmixDefault'
[2026.01.02-12.02.11:514][679]LogAudioMixer: FMixerPlatformXAudio2::StartAudioStream() called
[2026.01.02-12.02.11:514][679]LogAudioMixer: Display: Output buffers initialized: Frames=1024, Channels=2, Samples=2048
[2026.01.02-12.02.11:515][679]LogAudioMixer: Display: Starting AudioMixerPlatformInterface::RunInternal()
[2026.01.02-12.02.11:515][679]LogAudioMixer: Display: FMixerPlatformXAudio2::SubmitBuffer() called for the first time
[2026.01.02-12.02.11:515][679]LogInit: FAudioDevice initialized.
[2026.01.02-12.02.11:515][679]LogAudio: Display: Audio Device (ID: 16) registered with world '01Gameplay'.
[2026.01.02-12.02.11:522][679]LogLoad: Game class is 'BP_Gameplay_GameMode_C'
[2026.01.02-12.02.11:524][679]LogWorld: Bringing World /Game/UEDPIE_0_01Gameplay.01Gameplay up for play (max tick rate 0) at 2026.01.02-14.02.11
[2026.01.02-12.02.11:524][679]LogWorld: Bringing up level for play took: 0.001699
[2026.01.02-12.02.11:525][679]LogOnline: OSS: Creating online subsystem instance for: :Context_38
[2026.01.02-12.02.11:527][679]PIE: Server logged in
[2026.01.02-12.02.11:528][679]PIE: Play in editor total start time 0,1 seconds.
[2026.01.02-12.02.45:038][696]LogBlueprintUserMessages: [BP_Enemy14] RIP
[2026.01.02-12.02.51:581][478]LogSlate: Updating window title bar state: overlay mode, drag disabled, window buttons hidden, title bar hidden
[2026.01.02-12.02.51:581][478]LogWorld: BeginTearingDown for /Game/UEDPIE_0_01Gameplay
[2026.01.02-12.02.51:582][478]LogWorld: UWorld::CleanupWorld for 01Gameplay, bSessionEnded=true, bCleanupResources=true
[2026.01.02-12.02.51:582][478]LogSlate: InvalidateAllWidgets triggered.  All widgets were invalidated
[2026.01.02-12.02.51:587][478]LogPlayLevel: Display: Shutting down PIE online subsystems
[2026.01.02-12.02.51:595][478]LogSlate: InvalidateAllWidgets triggered.  All widgets were invalidated
[2026.01.02-12.02.51:614][478]LogSlate: Updating window title bar state: overlay mode, drag disabled, window buttons hidden, title bar hidden
[2026.01.02-12.02.51:614][478]LogAudioMixer: FMixerPlatformXAudio2::StopAudioStream() called
[2026.01.02-12.02.51:615][478]LogAudioMixer: FMixerPlatformXAudio2::StopAudioStream() called
[2026.01.02-12.02.51:620][478]LogUObjectHash: Compacting FUObjectHashTables data took   1.47ms
[2026.01.02-12.02.51:678][480]LogPlayLevel: Display: Destroying online subsystem :Context_38
[2026.01.02-12.03.06:559][291]LogEditorViewport: Clicking on Actor (LMB): BP_Enemy_C (BP_Enemy3)
[2026.01.02-12.03.07:859][443]Cmd: EDIT COPY
[2026.01.02-12.03.08:092][471]Cmd: EDIT PASTE
[2026.01.02-12.03.43:193][628]LogTemp: Repeating last play command: Selected Viewport
[2026.01.02-12.03.43:196][628]LogPlayLevel: PlayLevel: No blueprints needed recompiling
[2026.01.02-12.03.43:196][628]PIE: New page: PIE session: 01Gameplay (2 січ. 2026 р., 16:03:43)
[2026.01.02-12.03.43:232][628]LogPlayLevel: Creating play world package: /Game/UEDPIE_0_01Gameplay
[2026.01.02-12.03.43:240][628]LogPlayLevel: PIE: StaticDuplicateObject took: (0.007963s)
[2026.01.02-12.03.43:241][628]LogAIModule: Creating AISystem for world 01Gameplay
[2026.01.02-12.03.43:241][628]LogPlayLevel: PIE: World Init took: (0.000641s)
[2026.01.02-12.03.43:241][628]LogPlayLevel: PIE: Created PIE world by copying editor world from /Game/01Gameplay.01Gameplay to /Game/UEDPIE_0_01Gameplay.01Gameplay (0.008729s)
[2026.01.02-12.03.43:264][628]LogUObjectHash: Compacting FUObjectHashTables data took   1.52ms
[2026.01.02-12.03.43:265][628]LogAudio: Display: Creating Audio Device:                 Id: 17, Scope: Unique, Realtime: True
[2026.01.02-12.03.43:265][628]LogAudioMixer: Display: Audio Mixer Platform Settings:
[2026.01.02-12.03.43:265][628]LogAudioMixer: Display: 	Sample Rate:						  48000
[2026.01.02-12.03.43:265][628]LogAudioMixer: Display: 	Callback Buffer Frame Size Requested: 1024
[2026.01.02-12.03.43:265][628]LogAudioMixer: Display: 	Callback Buffer Frame Size To Use:	  1024
[2026.01.02-12.03.43:265][628]LogAudioMixer: Display: 	Number of buffers to queue:			  2
[2026.01.02-12.03.43:265][628]LogAudioMixer: Display: 	Max Channels (voices):				  32
[2026.01.02-12.03.43:265][628]LogAudioMixer: Display: 	Number of Async Source Workers:		  0
[2026.01.02-12.03.43:265][628]LogAudio: Display: AudioDevice MaxSources: 32
[2026.01.02-12.03.43:265][628]LogAudio: Display: Audio Spatialization Plugin: None (built-in).
[2026.01.02-12.03.43:265][628]LogAudio: Display: Audio Reverb Plugin: None (built-in).
[2026.01.02-12.03.43:265][628]LogAudio: Display: Audio Occlusion Plugin: None (built-in).
[2026.01.02-12.03.43:265][628]LogAudioMixer: Display: Initializing audio mixer.
[2026.01.02-12.03.43:268][628]LogAudioMixer: Display: 0: FrontLeft
[2026.01.02-12.03.43:268][628]LogAudioMixer: Display: 1: FrontRight
[2026.01.02-12.03.43:276][628]LogAudioMixer: Display: Using Audio Device Speakers (Realtek(R) Audio)
[2026.01.02-12.03.43:277][628]LogAudioMixer: Display: Initializing Sound Submixes...
[2026.01.02-12.03.43:277][628]LogAudioMixer: Display: Creating Master Submix 'MasterSubmixDefault'
[2026.01.02-12.03.43:277][628]LogAudioMixer: Display: Creating Master Submix 'MasterReverbSubmixDefault'
[2026.01.02-12.03.43:277][628]LogAudioMixer: Display: Creating Master Submix 'MasterEQSubmixDefault'
[2026.01.02-12.03.43:277][628]LogAudioMixer: FMixerPlatformXAudio2::StartAudioStream() called
[2026.01.02-12.03.43:277][628]LogAudioMixer: Display: Output buffers initialized: Frames=1024, Channels=2, Samples=2048
[2026.01.02-12.03.43:278][628]LogAudioMixer: Display: Starting AudioMixerPlatformInterface::RunInternal()
[2026.01.02-12.03.43:278][628]LogAudioMixer: Display: FMixerPlatformXAudio2::SubmitBuffer() called for the first time
[2026.01.02-12.03.43:278][628]LogInit: FAudioDevice initialized.
[2026.01.02-12.03.43:278][628]LogAudio: Display: Audio Device (ID: 17) registered with world '01Gameplay'.
[2026.01.02-12.03.43:282][628]LogLoad: Game class is 'BP_Gameplay_GameMode_C'
[2026.01.02-12.03.43:284][628]LogWorld: Bringing World /Game/UEDPIE_0_01Gameplay.01Gameplay up for play (max tick rate 0) at 2026.01.02-14.03.43
[2026.01.02-12.03.43:284][628]LogWorld: Bringing up level for play took: 0.001727
[2026.01.02-12.03.43:284][628]LogOnline: OSS: Creating online subsystem instance for: :Context_39
[2026.01.02-12.03.43:287][628]PIE: Server logged in
[2026.01.02-12.03.43:287][628]PIE: Play in editor total start time 0,091 seconds.
[2026.01.02-12.03.54:399][960]LogBlueprintUserMessages: [BP_Enemy15] RIP
[2026.01.02-12.03.55:845][130]LogSlate: Updating window title bar state: overlay mode, drag disabled, window buttons hidden, title bar hidden
[2026.01.02-12.03.55:845][130]LogWorld: BeginTearingDown for /Game/UEDPIE_0_01Gameplay
[2026.01.02-12.03.55:845][130]LogWorld: UWorld::CleanupWorld for 01Gameplay, bSessionEnded=true, bCleanupResources=true
[2026.01.02-12.03.55:845][130]LogSlate: InvalidateAllWidgets triggered.  All widgets were invalidated
[2026.01.02-12.03.55:852][130]LogPlayLevel: Display: Shutting down PIE online subsystems
[2026.01.02-12.03.55:858][130]LogSlate: InvalidateAllWidgets triggered.  All widgets were invalidated
[2026.01.02-12.03.55:880][130]LogAudio: Display: Audio Device unregistered from world 'None'.
[2026.01.02-12.03.55:880][130]LogAudioMixer: FMixerPlatformXAudio2::StopAudioStream() called
[2026.01.02-12.03.55:881][130]LogAudioMixer: FMixerPlatformXAudio2::StopAudioStream() called
[2026.01.02-12.03.55:882][130]LogSlate: Updating window title bar state: overlay mode, drag disabled, window buttons hidden, title bar hidden
[2026.01.02-12.03.55:885][130]LogUObjectHash: Compacting FUObjectHashTables data took   1.49ms
[2026.01.02-12.03.55:943][132]LogPlayLevel: Display: Destroying online subsystem :Context_39
[2026.01.02-12.04.55:078][597]LogEditorViewport: Clicking on Actor (LMB): TextRenderActor (TextRenderActor2)
[2026.01.02-12.04.56:035][708]Cmd: EDIT COPY
[2026.01.02-12.04.56:226][731]Cmd: EDIT PASTE
[2026.01.02-12.07.06:069][177]Cmd: TRANSACTION UNDO
[2026.01.02-12.07.06:069][177]LogEditorTransaction: Undo Edit XScale
[2026.01.02-12.07.06:070][177]LogMaterial: Display: Missing cached shadermap for M_Flour in PCD3D_SM5, Default, SM5 (DDC key hash: 787638A3A7F5F7F2F425FE1D1F3D548231DE5092), compiling. 
[2026.01.02-12.07.06:074][177]MaterialEditorStats: Texture samplers: 0/16
[2026.01.02-12.07.06:150][179]LogShaderCompilers: Display: === FShaderJobCache stats ===
[2026.01.02-12.07.06:150][179]LogShaderCompilers: Display: Total job queries 172, among them cache hits 106 (61.63%)
[2026.01.02-12.07.06:150][179]LogShaderCompilers: Display: Tracking 54 distinct input hashes that result in 40 distinct outputs (74.07%)
[2026.01.02-12.07.06:150][179]LogShaderCompilers: Display: RAM used: 0.21 MB (0.00 GB) of 1638.40 MB (1.60 GB) budget. Usage: 0.01%
[2026.01.02-12.07.06:150][179]LogShaderCompilers: Display: ================================================
[2026.01.02-12.07.06:150][179]MaterialEditorStats: Base pass shader: 118 instructions
[2026.01.02-12.07.06:150][179]MaterialEditorStats: Base pass shader with Surface Lightmap: 145 instructions
[2026.01.02-12.07.06:150][179]MaterialEditorStats: Base pass shader with Volumetric Lightmap: 192 instructions
[2026.01.02-12.07.06:150][179]MaterialEditorStats: Base pass vertex shader: 42 instructions
[2026.01.02-12.07.06:150][179]MaterialEditorStats: Texture samplers: 2/16
[2026.01.02-12.07.10:638][678]Cmd: TRANSACTION UNDO
[2026.01.02-12.07.10:638][678]LogEditorTransaction: Undo Edit YScale
[2026.01.02-12.07.10:639][678]LogMaterial: Display: Missing cached shadermap for M_Flour in PCD3D_SM5, Default, SM5 (DDC key hash: D14B4C289ED0B72C362D9E5376DCA88D62FB0CB8), compiling. 
[2026.01.02-12.07.10:643][678]MaterialEditorStats: Texture samplers: 0/16
[2026.01.02-12.07.10:717][680]MaterialEditorStats: Base pass shader: 118 instructions
[2026.01.02-12.07.10:717][680]MaterialEditorStats: Base pass shader with Surface Lightmap: 145 instructions
[2026.01.02-12.07.10:717][680]MaterialEditorStats: Base pass shader with Volumetric Lightmap: 192 instructions
[2026.01.02-12.07.10:717][680]MaterialEditorStats: Base pass vertex shader: 42 instructions
[2026.01.02-12.07.10:717][680]MaterialEditorStats: Texture samplers: 2/16
[2026.01.02-12.07.14:470][ 87]Cmd: TRANSACTION UNDO
[2026.01.02-12.07.14:470][ 87]LogEditorTransaction: Undo Edit World Size
[2026.01.02-12.07.14:471][ 87]LogMaterial: Display: Missing cached shadermap for M_Flour in PCD3D_SM5, Default, SM5 (DDC key hash: D9035FEE245811C833A1E73199ADA3AEF44F1BFF), compiling. 
[2026.01.02-12.07.14:475][ 87]MaterialEditorStats: Texture samplers: 0/16
[2026.01.02-12.07.14:550][ 89]MaterialEditorStats: Base pass shader: 118 instructions
[2026.01.02-12.07.14:550][ 89]MaterialEditorStats: Base pass shader with Surface Lightmap: 145 instructions
[2026.01.02-12.07.14:550][ 89]MaterialEditorStats: Base pass shader with Volumetric Lightmap: 192 instructions
[2026.01.02-12.07.14:550][ 89]MaterialEditorStats: Base pass vertex shader: 42 instructions
[2026.01.02-12.07.14:550][ 89]MaterialEditorStats: Texture samplers: 2/16
[2026.01.02-12.08.00:986][596]LogEditorViewport: Clicking on Actor (LMB): TextRenderActor (TextRenderActor3)
[2026.01.02-12.08.01:651][675]Cmd: EDIT COPY
[2026.01.02-12.08.01:851][699]Cmd: EDIT PASTE
[2026.01.02-12.09.10:236][169]LogEditorViewport: Clicking on Actor (LMB): StaticMeshActor (Floor12)
[2026.01.02-12.09.13:026][463]LogEditorViewport: Clicking on Actor (LMB): BP_Key_Red_C (BP_Key_Red)
[2026.01.02-12.09.26:924][ 71]LogEditorViewport: Clicking on Actor (LMB): BP_Sky_Sphere_C (BP_Sky_Sphere)
[2026.01.02-12.09.27:258][104]LogEditorViewport: Clicking on Actor (LMB): BP_Sky_Sphere_C (BP_Sky_Sphere)
[2026.01.02-12.09.28:209][212]LogEditorViewport: Clicking on Actor (LMB): TextRenderActor (TextRenderActor4)
[2026.01.02-12.09.40:051][570]LogTemp: Repeating last play command: Selected Viewport
[2026.01.02-12.09.40:055][570]LogPlayLevel: PlayLevel: No blueprints needed recompiling
[2026.01.02-12.09.40:055][570]PIE: New page: PIE session: 01Gameplay (2 січ. 2026 р., 16:09:40)
[2026.01.02-12.09.40:092][570]LogPlayLevel: Creating play world package: /Game/UEDPIE_0_01Gameplay
[2026.01.02-12.09.40:100][570]LogPlayLevel: PIE: StaticDuplicateObject took: (0.007842s)
[2026.01.02-12.09.40:101][570]LogAIModule: Creating AISystem for world 01Gameplay
[2026.01.02-12.09.40:101][570]LogPlayLevel: PIE: World Init took: (0.000644s)
[2026.01.02-12.09.40:101][570]LogPlayLevel: PIE: Created PIE world by copying editor world from /Game/01Gameplay.01Gameplay to /Game/UEDPIE_0_01Gameplay.01Gameplay (0.008609s)
[2026.01.02-12.09.40:127][570]LogUObjectHash: Compacting FUObjectHashTables data took   1.55ms
[2026.01.02-12.09.40:129][570]LogAudio: Display: Creating Audio Device:                 Id: 18, Scope: Unique, Realtime: True
[2026.01.02-12.09.40:129][570]LogAudioMixer: Display: Audio Mixer Platform Settings:
[2026.01.02-12.09.40:129][570]LogAudioMixer: Display: 	Sample Rate:						  48000
[2026.01.02-12.09.40:129][570]LogAudioMixer: Display: 	Callback Buffer Frame Size Requested: 1024
[2026.01.02-12.09.40:129][570]LogAudioMixer: Display: 	Callback Buffer Frame Size To Use:	  1024
[2026.01.02-12.09.40:129][570]LogAudioMixer: Display: 	Number of buffers to queue:			  2
[2026.01.02-12.09.40:129][570]LogAudioMixer: Display: 	Max Channels (voices):				  32
[2026.01.02-12.09.40:129][570]LogAudioMixer: Display: 	Number of Async Source Workers:		  0
[2026.01.02-12.09.40:129][570]LogAudio: Display: AudioDevice MaxSources: 32
[2026.01.02-12.09.40:129][570]LogAudio: Display: Audio Spatialization Plugin: None (built-in).
[2026.01.02-12.09.40:129][570]LogAudio: Display: Audio Reverb Plugin: None (built-in).
[2026.01.02-12.09.40:129][570]LogAudio: Display: Audio Occlusion Plugin: None (built-in).
[2026.01.02-12.09.40:129][570]LogAudioMixer: Display: Initializing audio mixer.
[2026.01.02-12.09.40:132][570]LogAudioMixer: Display: 0: FrontLeft
[2026.01.02-12.09.40:132][570]LogAudioMixer: Display: 1: FrontRight
[2026.01.02-12.09.40:140][570]LogAudioMixer: Display: Using Audio Device Speakers (Realtek(R) Audio)
[2026.01.02-12.09.40:140][570]LogAudioMixer: Display: Initializing Sound Submixes...
[2026.01.02-12.09.40:140][570]LogAudioMixer: Display: Creating Master Submix 'MasterSubmixDefault'
[2026.01.02-12.09.40:140][570]LogAudioMixer: Display: Creating Master Submix 'MasterReverbSubmixDefault'
[2026.01.02-12.09.40:141][570]LogAudioMixer: Display: Creating Master Submix 'MasterEQSubmixDefault'
[2026.01.02-12.09.40:141][570]LogAudioMixer: FMixerPlatformXAudio2::StartAudioStream() called
[2026.01.02-12.09.40:141][570]LogAudioMixer: Display: Output buffers initialized: Frames=1024, Channels=2, Samples=2048
[2026.01.02-12.09.40:142][570]LogAudioMixer: Display: Starting AudioMixerPlatformInterface::RunInternal()
[2026.01.02-12.09.40:142][570]LogAudioMixer: Display: FMixerPlatformXAudio2::SubmitBuffer() called for the first time
[2026.01.02-12.09.40:142][570]LogInit: FAudioDevice initialized.
[2026.01.02-12.09.40:142][570]LogAudio: Display: Audio Device (ID: 18) registered with world '01Gameplay'.
[2026.01.02-12.09.40:151][570]LogLoad: Game class is 'BP_Gameplay_GameMode_C'
[2026.01.02-12.09.40:153][570]LogWorld: Bringing World /Game/UEDPIE_0_01Gameplay.01Gameplay up for play (max tick rate 0) at 2026.01.02-14.09.40
[2026.01.02-12.09.40:153][570]LogWorld: Bringing up level for play took: 0.001738
[2026.01.02-12.09.40:153][570]LogOnline: OSS: Creating online subsystem instance for: :Context_40
[2026.01.02-12.09.40:156][570]PIE: Server logged in
[2026.01.02-12.09.40:156][570]PIE: Play in editor total start time 0,102 seconds.
[2026.01.02-12.10.11:513][329]LogPlayerController: Error: InputMode:UIOnly - Attempting to focus Non-Focusable widget SObjectWidget [Widget.cpp(799)]!
[2026.01.02-12.10.11:513][329]LogViewport: Display: Viewport MouseLockMode Changed, LockOnCapture -> DoNotLock
[2026.01.02-12.10.11:513][329]LogViewport: Display: Viewport MouseCaptureMode Changed, CapturePermanently_IncludingInitialMouseDown -> NoCapture
[2026.01.02-12.10.12:621][462]LogViewport: Display: Viewport MouseLockMode Changed, DoNotLock -> LockOnCapture
[2026.01.02-12.10.12:621][462]LogViewport: Display: Viewport MouseCaptureMode Changed, NoCapture -> CapturePermanently
[2026.01.02-12.10.19:472][284]LogBlueprintUserMessages: [BP_Enemy13] RIP
[2026.01.02-12.10.20:739][436]LogBlueprintUserMessages: [BP_Enemy14] RIP
[2026.01.02-12.10.23:835][803]LogSlate: Updating window title bar state: overlay mode, drag disabled, window buttons hidden, title bar hidden
[2026.01.02-12.10.23:836][803]LogWorld: BeginTearingDown for /Game/UEDPIE_0_01Gameplay
[2026.01.02-12.10.23:836][803]LogWorld: UWorld::CleanupWorld for 01Gameplay, bSessionEnded=true, bCleanupResources=true
[2026.01.02-12.10.23:836][803]LogSlate: InvalidateAllWidgets triggered.  All widgets were invalidated
[2026.01.02-12.10.23:840][803]LogPlayLevel: Display: Shutting down PIE online subsystems
[2026.01.02-12.10.23:848][803]LogSlate: InvalidateAllWidgets triggered.  All widgets were invalidated
[2026.01.02-12.10.23:871][803]LogAudio: Display: Audio Device unregistered from world 'None'.
[2026.01.02-12.10.23:871][803]LogAudioMixer: FMixerPlatformXAudio2::StopAudioStream() called
[2026.01.02-12.10.23:872][803]LogAudioMixer: FMixerPlatformXAudio2::StopAudioStream() called
[2026.01.02-12.10.23:874][803]LogSlate: Updating window title bar state: overlay mode, drag disabled, window buttons hidden, title bar hidden
[2026.01.02-12.10.23:877][803]LogUObjectHash: Compacting FUObjectHashTables data took   1.52ms
[2026.01.02-12.10.23:904][804]LogPlayLevel: Display: Destroying online subsystem :Context_40
[2026.01.02-12.11.11:420][  4]LogEditorViewport: Clicking on Actor (LMB): StaticMeshActor (Floor46)
[2026.01.02-12.11.12:266][101]LogEditorViewport: Clicking on Actor (LMB): StaticMeshActor (Floor46)
[2026.01.02-12.11.12:710][153]LogEditorViewport: Clicking on Actor (LMB): TextRenderActor (TextRenderActor3)
[2026.01.02-12.11.14:341][346]Cmd: EDIT COPY
[2026.01.02-12.11.14:550][371]Cmd: EDIT PASTE
[2026.01.02-12.12.35:584][970]LogTemp: Repeating last play command: Selected Viewport
[2026.01.02-12.12.35:587][970]LogPlayLevel: PlayLevel: No blueprints needed recompiling
[2026.01.02-12.12.35:587][970]PIE: New page: PIE session: 01Gameplay (2 січ. 2026 р., 16:12:35)
[2026.01.02-12.12.35:612][970]LogPlayLevel: Creating play world package: /Game/UEDPIE_0_01Gameplay
[2026.01.02-12.12.35:619][970]LogPlayLevel: PIE: StaticDuplicateObject took: (0.007273s)
[2026.01.02-12.12.35:619][970]LogAIModule: Creating AISystem for world 01Gameplay
[2026.01.02-12.12.35:620][970]LogPlayLevel: PIE: World Init took: (0.000642s)
[2026.01.02-12.12.35:620][970]LogPlayLevel: PIE: Created PIE world by copying editor world from /Game/01Gameplay.01Gameplay to /Game/UEDPIE_0_01Gameplay.01Gameplay (0.008018s)
[2026.01.02-12.12.35:641][970]LogUObjectHash: Compacting FUObjectHashTables data took   1.48ms
[2026.01.02-12.12.35:642][970]LogAudio: Display: Creating Audio Device:                 Id: 19, Scope: Unique, Realtime: True
[2026.01.02-12.12.35:642][970]LogAudioMixer: Display: Audio Mixer Platform Settings:
[2026.01.02-12.12.35:642][970]LogAudioMixer: Display: 	Sample Rate:						  48000
[2026.01.02-12.12.35:642][970]LogAudioMixer: Display: 	Callback Buffer Frame Size Requested: 1024
[2026.01.02-12.12.35:642][970]LogAudioMixer: Display: 	Callback Buffer Frame Size To Use:	  1024
[2026.01.02-12.12.35:642][970]LogAudioMixer: Display: 	Number of buffers to queue:			  2
[2026.01.02-12.12.35:642][970]LogAudioMixer: Display: 	Max Channels (voices):				  32
[2026.01.02-12.12.35:642][970]LogAudioMixer: Display: 	Number of Async Source Workers:		  0
[2026.01.02-12.12.35:642][970]LogAudio: Display: AudioDevice MaxSources: 32
[2026.01.02-12.12.35:642][970]LogAudio: Display: Audio Spatialization Plugin: None (built-in).
[2026.01.02-12.12.35:642][970]LogAudio: Display: Audio Reverb Plugin: None (built-in).
[2026.01.02-12.12.35:642][970]LogAudio: Display: Audio Occlusion Plugin: None (built-in).
[2026.01.02-12.12.35:642][970]LogAudioMixer: Display: Initializing audio mixer.
[2026.01.02-12.12.35:645][970]LogAudioMixer: Display: 0: FrontLeft
[2026.01.02-12.12.35:645][970]LogAudioMixer: Display: 1: FrontRight
[2026.01.02-12.12.35:653][970]LogAudioMixer: Display: Using Audio Device Speakers (Realtek(R) Audio)
[2026.01.02-12.12.35:653][970]LogAudioMixer: Display: Initializing Sound Submixes...
[2026.01.02-12.12.35:653][970]LogAudioMixer: Display: Creating Master Submix 'MasterSubmixDefault'
[2026.01.02-12.12.35:653][970]LogAudioMixer: Display: Creating Master Submix 'MasterReverbSubmixDefault'
[2026.01.02-12.12.35:654][970]LogAudioMixer: Display: Creating Master Submix 'MasterEQSubmixDefault'
[2026.01.02-12.12.35:654][970]LogAudioMixer: FMixerPlatformXAudio2::StartAudioStream() called
[2026.01.02-12.12.35:654][970]LogAudioMixer: Display: Output buffers initialized: Frames=1024, Channels=2, Samples=2048
[2026.01.02-12.12.35:654][970]LogAudioMixer: Display: Starting AudioMixerPlatformInterface::RunInternal()
[2026.01.02-12.12.35:654][970]LogAudioMixer: Display: FMixerPlatformXAudio2::SubmitBuffer() called for the first time
[2026.01.02-12.12.35:654][970]LogInit: FAudioDevice initialized.
[2026.01.02-12.12.35:654][970]LogAudio: Display: Audio Device (ID: 19) registered with world '01Gameplay'.
[2026.01.02-12.12.35:660][970]LogLoad: Game class is 'BP_Gameplay_GameMode_C'
[2026.01.02-12.12.35:662][970]LogWorld: Bringing World /Game/UEDPIE_0_01Gameplay.01Gameplay up for play (max tick rate 0) at 2026.01.02-14.12.35
[2026.01.02-12.12.35:662][970]LogWorld: Bringing up level for play took: 0.001778
[2026.01.02-12.12.35:663][970]LogOnline: OSS: Creating online subsystem instance for: :Context_41
[2026.01.02-12.12.35:665][970]PIE: Server logged in
[2026.01.02-12.12.35:666][970]PIE: Play in editor total start time 0,078 seconds.
[2026.01.02-12.12.52:065][932]LogSlate: Updating window title bar state: overlay mode, drag disabled, window buttons hidden, title bar hidden
[2026.01.02-12.12.52:065][932]LogWorld: BeginTearingDown for /Game/UEDPIE_0_01Gameplay
[2026.01.02-12.12.52:065][932]LogWorld: UWorld::CleanupWorld for 01Gameplay, bSessionEnded=true, bCleanupResources=true
[2026.01.02-12.12.52:066][932]LogSlate: InvalidateAllWidgets triggered.  All widgets were invalidated
[2026.01.02-12.12.52:077][932]LogPlayLevel: Display: Shutting down PIE online subsystems
[2026.01.02-12.12.52:086][932]LogSlate: InvalidateAllWidgets triggered.  All widgets were invalidated
[2026.01.02-12.12.52:108][932]LogAudio: Display: Audio Device unregistered from world 'None'.
[2026.01.02-12.12.52:108][932]LogAudioMixer: FMixerPlatformXAudio2::StopAudioStream() called
[2026.01.02-12.12.52:109][932]LogAudioMixer: FMixerPlatformXAudio2::StopAudioStream() called
[2026.01.02-12.12.52:110][932]LogSlate: Updating window title bar state: overlay mode, drag disabled, window buttons hidden, title bar hidden
[2026.01.02-12.12.52:114][932]LogUObjectHash: Compacting FUObjectHashTables data took   1.47ms
[2026.01.02-12.12.52:142][933]LogPlayLevel: Display: Destroying online subsystem :Context_41
[2026.01.02-12.12.53:228][ 57]LogTemp: Repeating last play command: Selected Viewport
[2026.01.02-12.12.53:231][ 57]LogPlayLevel: PlayLevel: No blueprints needed recompiling
[2026.01.02-12.12.53:231][ 57]PIE: New page: PIE session: 01Gameplay (2 січ. 2026 р., 16:12:53)
[2026.01.02-12.12.53:254][ 57]LogPlayLevel: Creating play world package: /Game/UEDPIE_0_01Gameplay
[2026.01.02-12.12.53:261][ 57]LogPlayLevel: PIE: StaticDuplicateObject took: (0.007089s)
[2026.01.02-12.12.53:262][ 57]LogAIModule: Creating AISystem for world 01Gameplay
[2026.01.02-12.12.53:262][ 57]LogPlayLevel: PIE: World Init took: (0.000641s)
[2026.01.02-12.12.53:262][ 57]LogPlayLevel: PIE: Created PIE world by copying editor world from /Game/01Gameplay.01Gameplay to /Game/UEDPIE_0_01Gameplay.01Gameplay (0.007824s)
[2026.01.02-12.12.53:282][ 57]LogUObjectHash: Compacting FUObjectHashTables data took   1.47ms
[2026.01.02-12.12.53:283][ 57]LogAudio: Display: Creating Audio Device:                 Id: 20, Scope: Unique, Realtime: True
[2026.01.02-12.12.53:283][ 57]LogAudioMixer: Display: Audio Mixer Platform Settings:
[2026.01.02-12.12.53:283][ 57]LogAudioMixer: Display: 	Sample Rate:						  48000
[2026.01.02-12.12.53:283][ 57]LogAudioMixer: Display: 	Callback Buffer Frame Size Requested: 1024
[2026.01.02-12.12.53:283][ 57]LogAudioMixer: Display: 	Callback Buffer Frame Size To Use:	  1024
[2026.01.02-12.12.53:283][ 57]LogAudioMixer: Display: 	Number of buffers to queue:			  2
[2026.01.02-12.12.53:283][ 57]LogAudioMixer: Display: 	Max Channels (voices):				  32
[2026.01.02-12.12.53:283][ 57]LogAudioMixer: Display: 	Number of Async Source Workers:		  0
[2026.01.02-12.12.53:283][ 57]LogAudio: Display: AudioDevice MaxSources: 32
[2026.01.02-12.12.53:283][ 57]LogAudio: Display: Audio Spatialization Plugin: None (built-in).
[2026.01.02-12.12.53:283][ 57]LogAudio: Display: Audio Reverb Plugin: None (built-in).
[2026.01.02-12.12.53:283][ 57]LogAudio: Display: Audio Occlusion Plugin: None (built-in).
[2026.01.02-12.12.53:283][ 57]LogAudioMixer: Display: Initializing audio mixer.
[2026.01.02-12.12.53:286][ 57]LogAudioMixer: Display: 0: FrontLeft
[2026.01.02-12.12.53:286][ 57]LogAudioMixer: Display: 1: FrontRight
[2026.01.02-12.12.53:294][ 57]LogAudioMixer: Display: Using Audio Device Speakers (Realtek(R) Audio)
[2026.01.02-12.12.53:294][ 57]LogAudioMixer: Display: Initializing Sound Submixes...
[2026.01.02-12.12.53:294][ 57]LogAudioMixer: Display: Creating Master Submix 'MasterSubmixDefault'
[2026.01.02-12.12.53:294][ 57]LogAudioMixer: Display: Creating Master Submix 'MasterReverbSubmixDefault'
[2026.01.02-12.12.53:295][ 57]LogAudioMixer: Display: Creating Master Submix 'MasterEQSubmixDefault'
[2026.01.02-12.12.53:295][ 57]LogAudioMixer: FMixerPlatformXAudio2::StartAudioStream() called
[2026.01.02-12.12.53:295][ 57]LogAudioMixer: Display: Output buffers initialized: Frames=1024, Channels=2, Samples=2048
[2026.01.02-12.12.53:295][ 57]LogAudioMixer: Display: Starting AudioMixerPlatformInterface::RunInternal()
[2026.01.02-12.12.53:295][ 57]LogAudioMixer: Display: FMixerPlatformXAudio2::SubmitBuffer() called for the first time
[2026.01.02-12.12.53:296][ 57]LogInit: FAudioDevice initialized.
[2026.01.02-12.12.53:296][ 57]LogAudio: Display: Audio Device (ID: 20) registered with world '01Gameplay'.
[2026.01.02-12.12.53:304][ 57]LogLoad: Game class is 'BP_Gameplay_GameMode_C'
[2026.01.02-12.12.53:306][ 57]LogWorld: Bringing World /Game/UEDPIE_0_01Gameplay.01Gameplay up for play (max tick rate 0) at 2026.01.02-14.12.53
[2026.01.02-12.12.53:307][ 57]LogWorld: Bringing up level for play took: 0.001775
[2026.01.02-12.12.53:307][ 57]LogOnline: OSS: Creating online subsystem instance for: :Context_42
[2026.01.02-12.12.53:309][ 57]PIE: Server logged in
[2026.01.02-12.12.53:310][ 57]PIE: Play in editor total start time 0,079 seconds.
[2026.01.02-12.12.55:736][347]LogBlueprintUserMessages: [BP_Enemy15] RIP
[2026.01.02-12.13.06:276][606]LogSlate: Updating window title bar state: overlay mode, drag disabled, window buttons hidden, title bar hidden
[2026.01.02-12.13.06:276][606]LogWorld: BeginTearingDown for /Game/UEDPIE_0_01Gameplay
[2026.01.02-12.13.06:277][606]LogWorld: UWorld::CleanupWorld for 01Gameplay, bSessionEnded=true, bCleanupResources=true
[2026.01.02-12.13.06:278][606]LogSlate: InvalidateAllWidgets triggered.  All widgets were invalidated
[2026.01.02-12.13.06:293][606]LogPlayLevel: Display: Shutting down PIE online subsystems
[2026.01.02-12.13.06:302][606]LogSlate: InvalidateAllWidgets triggered.  All widgets were invalidated
[2026.01.02-12.13.06:321][606]LogSlate: Updating window title bar state: overlay mode, drag disabled, window buttons hidden, title bar hidden
[2026.01.02-12.13.06:322][606]LogAudioMixer: FMixerPlatformXAudio2::StopAudioStream() called
[2026.01.02-12.13.06:322][606]LogAudioMixer: FMixerPlatformXAudio2::StopAudioStream() called
[2026.01.02-12.13.06:327][606]LogUObjectHash: Compacting FUObjectHashTables data took   1.50ms
[2026.01.02-12.13.06:356][607]LogPlayLevel: Display: Destroying online subsystem :Context_42
[2026.01.02-12.13.32:143][816]LogUObjectHash: Compacting FUObjectHashTables data took   2.31ms
[2026.01.02-12.13.32:157][816]Cmd: OBJ SAVEPACKAGE PACKAGE="/Game/01Gameplay" FILE="D:/Artemii/Game/Game/Saved/Autosaves/Game/01Gameplay_Auto3.umap" SILENT=true AUTOSAVING=true KEEPDIRTY=false
[2026.01.02-12.13.32:181][816]LogSavePackage: Moving 'D:/Artemii/Game/Game/Saved/01Gameplay_Auto3C1D241FA4DFE7E63021EAFB85E303228.tmp' to 'D:/Artemii/Game/Game/Saved/Autosaves/Game/01Gameplay_Auto3.umap'
[2026.01.02-12.13.32:182][816]LogFileHelpers: Editor autosave (incl. external actors) for '/Game/01Gameplay' took 0.073
[2026.01.02-12.13.32:182][816]LogFileHelpers: Editor autosave (incl. sublevels & external actors) for all levels took 0.073
[2026.01.02-12.13.50:502][325]Cmd: OBJ SAVEPACKAGE PACKAGE="/Game/01Gameplay" FILE="D:/Artemii/Game/Game/Content/01Gameplay.umap" SILENT=true AUTOSAVING=false KEEPDIRTY=false
[2026.01.02-12.13.50:523][325]LogUObjectHash: Compacting FUObjectHashTables data took   0.63ms
[2026.01.02-12.13.50:547][325]LogSavePackage: Moving 'D:/Artemii/Game/Game/Saved/01Gameplay5D1D9BB747C02381DFB3F4AB8E18C450.tmp' to 'D:/Artemii/Game/Game/Content/01Gameplay.umap'
[2026.01.02-12.13.50:551][325]Cmd: OBJ SAVEPACKAGE PACKAGE="/Game/01Gameplay_BuiltData" FILE="D:/Artemii/Game/Game/Content/01Gameplay_BuiltData.uasset" SILENT=true
[2026.01.02-12.13.50:563][325]LogSavePackage: Moving 'D:/Artemii/Game/Game/Saved/01Gameplay_BuiltData64B2E9E1402A425A9F7103A842BB081E.tmp' to 'D:/Artemii/Game/Game/Content/01Gameplay_BuiltData.uasset'
[2026.01.02-12.13.50:573][325]AssetCheck: New page: Asset Save: multiple assets
[2026.01.02-12.13.50:573][325]LogContentValidation: Display: Validating MapBuildDataRegistry /Game/01Gameplay_BuiltData.01Gameplay_BuiltData
[2026.01.02-12.13.50:573][325]LogContentValidation: Display: Validating World /Game/01Gameplay.01Gameplay
[2026.01.02-12.13.50:934][361]Cmd: OBJ SAVEPACKAGE PACKAGE="/Game/01Gameplay" FILE="D:/Artemii/Game/Game/Content/01Gameplay.umap" SILENT=true AUTOSAVING=false KEEPDIRTY=false
[2026.01.02-12.13.50:954][361]LogUObjectHash: Compacting FUObjectHashTables data took   1.55ms
[2026.01.02-12.13.50:978][361]LogSavePackage: Moving 'D:/Artemii/Game/Game/Saved/01Gameplay6CE304BA4F0D7E39958F969AD9EF8997.tmp' to 'D:/Artemii/Game/Game/Content/01Gameplay.umap'
[2026.01.02-12.13.50:993][361]Cmd: OBJ SAVEPACKAGE PACKAGE="/Game/01Gameplay_BuiltData" FILE="D:/Artemii/Game/Game/Content/01Gameplay_BuiltData.uasset" SILENT=true
[2026.01.02-12.13.51:002][361]LogSavePackage: Moving 'D:/Artemii/Game/Game/Saved/01Gameplay_BuiltDataF64AC7C2407441EC79E0E69783B8977E.tmp' to 'D:/Artemii/Game/Game/Content/01Gameplay_BuiltData.uasset'
[2026.01.02-12.13.51:022][361]AssetCheck: New page: Asset Save: multiple assets
[2026.01.02-12.13.51:022][361]LogContentValidation: Display: Validating MapBuildDataRegistry /Game/01Gameplay_BuiltData.01Gameplay_BuiltData
[2026.01.02-12.13.51:022][361]LogContentValidation: Display: Validating World /Game/01Gameplay.01Gameplay
[2026.01.02-12.27.44:557][794]LogMetaData: Removing '/Game/Maps/01Gameplay.01Gameplay_C' ref from Metadata '/Game/01Gameplay.PackageMetaData'
[2026.01.02-12.27.44:557][794]LogMetaData: Removing '/Game/Maps/01Gameplay.01Gameplay:PersistentLevel.01Gameplay.EventGraph.K2Node_Event_0' ref from Metadata '/Game/01Gameplay.PackageMetaData'
[2026.01.02-12.27.44:557][794]LogMetaData: Removing '/Game/Maps/01Gameplay.01Gameplay:PersistentLevel.01Gameplay.EventGraph.K2Node_Event_1' ref from Metadata '/Game/01Gameplay.PackageMetaData'
[2026.01.02-12.27.44:557][794]LogMetaData: Removing '/Game/Maps/01Gameplay.SKEL_01Gameplay_C:ReceiveBeginPlay' ref from Metadata '/Game/01Gameplay.PackageMetaData'
[2026.01.02-12.27.44:557][794]LogMetaData: Removing '/Game/Maps/01Gameplay.SKEL_01Gameplay_C:ReceiveTick' ref from Metadata '/Game/01Gameplay.PackageMetaData'
[2026.01.02-12.27.44:557][794]LogMetaData: Removing '/Game/Maps/01Gameplay.SKEL_01Gameplay_C:BndEvt__01Gameplay_KillZTrigger_K2Node_ActorBoundEvent_0_ActorBeginOverlapSignature__DelegateSignature' ref from Metadata '/Game/01Gameplay.PackageMetaData'
[2026.01.02-12.27.44:557][794]LogMetaData: Removing '/Game/Maps/01Gameplay.SKEL_01Gameplay_C' ref from Metadata '/Game/01Gameplay.PackageMetaData'
[2026.01.02-12.27.44:571][794]Cmd: OBJ SAVEPACKAGE PACKAGE="/Game/Maps/01Gameplay_BuiltData" FILE="D:/Artemii/Game/Game/Content/Maps/01Gameplay_BuiltData.uasset" SILENT=true
[2026.01.02-12.27.44:578][794]LogSavePackage: Moving 'D:/Artemii/Game/Game/Saved/01Gameplay_BuiltData8899DE2F407CBCC70D278389360E7CCB.tmp' to 'D:/Artemii/Game/Game/Content/Maps/01Gameplay_BuiltData.uasset'
[2026.01.02-12.27.44:579][794]Cmd: OBJ SAVEPACKAGE PACKAGE="/Game/Maps/01Gameplay" FILE="D:/Artemii/Game/Game/Content/Maps/01Gameplay.umap" SILENT=true AUTOSAVING=false KEEPDIRTY=false
[2026.01.02-12.27.44:599][794]LogUObjectHash: Compacting FUObjectHashTables data took   1.22ms
[2026.01.02-12.27.44:624][794]LogSavePackage: Moving 'D:/Artemii/Game/Game/Saved/01GameplayB43FCDE24255AA9064B87D9B85C191B3.tmp' to 'D:/Artemii/Game/Game/Content/Maps/01Gameplay.umap'
[2026.01.02-12.27.44:632][794]LogFileHelpers: Saving map '01Gameplay' took 0.053
[2026.01.02-12.27.44:706][794]LogUObjectHash: Compacting FUObjectHashTables data took   0.43ms
[2026.01.02-12.27.44:726][794]LogUObjectHash: Compacting FUObjectHashTables data took   0.43ms
[2026.01.02-12.27.44:748][794]LogUObjectHash: Compacting FUObjectHashTables data took   1.30ms
[2026.01.02-12.27.44:767][794]LogUObjectHash: Compacting FUObjectHashTables data took   0.43ms
[2026.01.02-12.27.44:796][794]AssetCheck: New page: Asset Save: multiple assets
[2026.01.02-12.27.44:796][794]LogContentValidation: Display: Validating MapBuildDataRegistry /Game/Maps/01Gameplay_BuiltData.01Gameplay_BuiltData
[2026.01.02-12.27.44:797][794]LogContentValidation: Display: Validating World /Game/Maps/01Gameplay.01Gameplay
[2026.01.02-12.27.50:514][456]LogUObjectHash: Compacting FUObjectHashTables data took   2.58ms
[2026.01.02-12.27.52:512][456]LogSlate: Window 'Save Content' being destroyed
[2026.01.02-12.27.53:572][576]Cmd: OBJ SAVEPACKAGE PACKAGE="/Game/Maps/01Gameplay" FILE="D:/Artemii/Game/Game/Content/Maps/01Gameplay.umap" SILENT=true AUTOSAVING=false KEEPDIRTY=false
[2026.01.02-12.27.53:595][576]LogUObjectHash: Compacting FUObjectHashTables data took   1.76ms
[2026.01.02-12.27.53:619][576]LogSavePackage: Moving 'D:/Artemii/Game/Game/Saved/01Gameplay175E9A9C4322AEC77FB45BA059DF9E45.tmp' to 'D:/Artemii/Game/Game/Content/Maps/01Gameplay.umap'
[2026.01.02-12.27.53:640][576]Cmd: OBJ SAVEPACKAGE PACKAGE="/Game/Maps/01Gameplay_BuiltData" FILE="D:/Artemii/Game/Game/Content/Maps/01Gameplay_BuiltData.uasset" SILENT=true
[2026.01.02-12.27.53:703][576]LogSavePackage: Moving 'D:/Artemii/Game/Game/Saved/01Gameplay_BuiltDataFC384E0F446F4DF51EFF178A108C914D.tmp' to 'D:/Artemii/Game/Game/Content/Maps/01Gameplay_BuiltData.uasset'
[2026.01.02-12.27.53:714][576]AssetCheck: New page: Asset Save: multiple assets
[2026.01.02-12.27.53:714][576]LogContentValidation: Display: Validating MapBuildDataRegistry /Game/Maps/01Gameplay_BuiltData.01Gameplay_BuiltData
[2026.01.02-12.27.53:714][576]LogContentValidation: Display: Validating World /Game/Maps/01Gameplay.01Gameplay
[2026.01.02-12.27.56:494][877]LogContentBrowser: Deferred new asset file creation: 01Gameplay1
[2026.01.02-12.27.56:506][877]LogContentBrowser: Creating deferred item: 01Gameplay1
[2026.01.02-12.28.03:501][717]LogContentBrowser: Attempting asset rename: 01Gameplay1 -> 02Boss
[2026.01.02-12.28.03:535][717]LogUObjectHash: Compacting FUObjectHashTables data took   2.32ms
[2026.01.02-12.28.03:566][717]LogContentBrowser: End creating deferred item 01Gameplay1
[2026.01.02-12.28.31:839][965]LogUObjectHash: Compacting FUObjectHashTables data took   2.43ms
[2026.01.02-12.28.34:607][965]LogSlate: Window 'Save Content' being destroyed
[2026.01.02-12.28.34:650][965]Cmd: OBJ SAVEPACKAGE PACKAGE="/Game/Maps/02Boss" FILE="D:/Artemii/Game/Game/Content/Maps/02Boss.umap" SILENT=true AUTOSAVING=false KEEPDIRTY=false
[2026.01.02-12.28.34:692][965]LogUObjectHash: Compacting FUObjectHashTables data took   1.75ms
[2026.01.02-12.28.34:716][965]LogSavePackage: Moving 'D:/Artemii/Game/Game/Saved/02Boss764517AC47CB2F7993E3D6883F8AC038.tmp' to 'D:/Artemii/Game/Game/Content/Maps/02Boss.umap'
[2026.01.02-12.28.34:725][965]LogFileHelpers: Saving map '02Boss' took 0.075
[2026.01.02-12.28.34:725][965]Cmd: OBJ SAVEPACKAGE PACKAGE="/Game/Maps/M_Flour" FILE="D:/Artemii/Game/Game/Content/Maps/M_Flour.uasset" SILENT=true
[2026.01.02-12.28.34:726][965]LogSavePackage: Moving 'D:/Artemii/Game/Game/Saved/M_FlourE3842F6049B2FF82DF8771B9068B5761.tmp' to 'D:/Artemii/Game/Game/Content/Maps/M_Flour.uasset'
[2026.01.02-12.28.34:765][965]LogAssetEditorSubsystem: Opening Asset editor for World /Game/Maps/02Boss.02Boss
[2026.01.02-12.28.34:765][965]Cmd: MAP LOAD FILE="D:/Artemii/Game/Game/Content/Maps/02Boss.umap" TEMPLATE=0 SHOWPROGRESS=1 FEATURELEVEL=3
[2026.01.02-12.28.34:765][965]LightingResults: New page: Lighting Build
[2026.01.02-12.28.34:765][965]LoadErrors: New page: Loading map: 02Boss.umap
[2026.01.02-12.28.34:767][965]LogWorld: UWorld::CleanupWorld for 01Gameplay, bSessionEnded=true, bCleanupResources=true
[2026.01.02-12.28.34:767][965]LogSlate: InvalidateAllWidgets triggered.  All widgets were invalidated
[2026.01.02-12.28.34:767][965]MapCheck: New page: Map Check
[2026.01.02-12.28.34:767][965]LightingResults: New page: Lighting Build
[2026.01.02-12.28.34:790][965]LogAudio: Display: Audio Device unregistered from world 'None'.
[2026.01.02-12.28.34:795][965]LogUObjectHash: Compacting FUObjectHashTables data took   2.09ms
[2026.01.02-12.28.34:795][965]LogAudio: Display: Audio Device (ID: 1) registered with world '02Boss'.
[2026.01.02-12.28.34:819][965]LogEditorServer: Finished looking for orphan Actors (0.000 secs)
[2026.01.02-12.28.34:819][965]LogAIModule: Creating AISystem for world 02Boss
[2026.01.02-12.28.34:845][965]LogUObjectHash: Compacting FUObjectHashTables data took   1.93ms
[2026.01.02-12.28.34:848][965]Cmd: MAP CHECKDEP NOCLEARLOG
[2026.01.02-12.28.34:848][965]MapCheck: Map check complete: 0 Error(s), 0 Warning(s), took 0,058ms to complete.
[2026.01.02-12.28.34:848][965]LogFileHelpers: Loading map '02Boss' took 0.083
[2026.01.02-12.28.34:870][965]AssetCheck: New page: Asset Save: multiple assets
[2026.01.02-12.28.34:870][965]LogContentValidation: Display: Validating Material /Game/Maps/M_Flour.M_Flour
[2026.01.02-12.28.34:870][965]LogContentValidation: Display: Validating World /Game/Maps/02Boss.02Boss
[2026.01.02-12.28.38:104][322]LogUObjectHash: Compacting FUObjectHashTables data took   0.51ms
[2026.01.02-12.28.38:148][322]LogAssetEditorSubsystem: Opening Asset editor for World /Game/Maps/01Gameplay.01Gameplay
[2026.01.02-12.28.38:148][322]Cmd: MAP LOAD FILE="D:/Artemii/Game/Game/Content/Maps/01Gameplay.umap" TEMPLATE=0 SHOWPROGRESS=1 FEATURELEVEL=3
[2026.01.02-12.28.38:148][322]LightingResults: New page: Lighting Build
[2026.01.02-12.28.38:148][322]LoadErrors: New page: Loading map: 01Gameplay.umap
[2026.01.02-12.28.38:175][322]LogWorld: UWorld::CleanupWorld for 02Boss, bSessionEnded=true, bCleanupResources=true
[2026.01.02-12.28.38:175][322]LogSlate: InvalidateAllWidgets triggered.  All widgets were invalidated
[2026.01.02-12.28.38:175][322]MapCheck: New page: Map Check
[2026.01.02-12.28.38:175][322]LightingResults: New page: Lighting Build
[2026.01.02-12.28.38:200][322]LogAudio: Display: Audio Device unregistered from world 'None'.
[2026.01.02-12.28.38:205][322]LogUObjectHash: Compacting FUObjectHashTables data took   2.19ms
[2026.01.02-12.28.38:205][322]LogAudio: Display: Audio Device (ID: 1) registered with world '01Gameplay'.
[2026.01.02-12.28.38:280][322]LogEditorServer: Finished looking for orphan Actors (0.000 secs)
[2026.01.02-12.28.38:280][322]LogAIModule: Creating AISystem for world 01Gameplay
[2026.01.02-12.28.38:306][322]LogUObjectHash: Compacting FUObjectHashTables data took   1.91ms
[2026.01.02-12.28.38:308][322]Cmd: MAP CHECKDEP NOCLEARLOG
[2026.01.02-12.28.38:308][322]MapCheck: Map check complete: 0 Error(s), 0 Warning(s), took 0,061ms to complete.
[2026.01.02-12.28.38:309][322]LogFileHelpers: Loading map '01Gameplay' took 0.160
[2026.01.02-12.28.41:822][725]LogUObjectHash: Compacting FUObjectHashTables data took   0.50ms
[2026.01.02-12.28.41:863][725]LogAssetEditorSubsystem: Opening Asset editor for World /Game/Maps/02Boss.02Boss
[2026.01.02-12.28.41:863][725]Cmd: MAP LOAD FILE="D:/Artemii/Game/Game/Content/Maps/02Boss.umap" TEMPLATE=0 SHOWPROGRESS=1 FEATURELEVEL=3
[2026.01.02-12.28.41:863][725]LightingResults: New page: Lighting Build
[2026.01.02-12.28.41:863][725]LoadErrors: New page: Loading map: 02Boss.umap
[2026.01.02-12.28.41:885][725]LogWorld: UWorld::CleanupWorld for 01Gameplay, bSessionEnded=true, bCleanupResources=true
[2026.01.02-12.28.41:885][725]LogSlate: InvalidateAllWidgets triggered.  All widgets were invalidated
[2026.01.02-12.28.41:885][725]MapCheck: New page: Map Check
[2026.01.02-12.28.41:885][725]LightingResults: New page: Lighting Build
[2026.01.02-12.28.41:913][725]LogAudio: Display: Audio Device unregistered from world 'None'.
[2026.01.02-12.28.41:918][725]LogUObjectHash: Compacting FUObjectHashTables data took   2.39ms
[2026.01.02-12.28.41:918][725]LogAudio: Display: Audio Device (ID: 1) registered with world '02Boss'.
[2026.01.02-12.28.41:943][725]LogEditorServer: Finished looking for orphan Actors (0.000 secs)
[2026.01.02-12.28.41:943][725]LogAIModule: Creating AISystem for world 02Boss
[2026.01.02-12.28.41:970][725]LogUObjectHash: Compacting FUObjectHashTables data took   2.14ms
[2026.01.02-12.28.41:973][725]Cmd: MAP CHECKDEP NOCLEARLOG
[2026.01.02-12.28.41:973][725]MapCheck: Map check complete: 0 Error(s), 0 Warning(s), took 0,057ms to complete.
[2026.01.02-12.28.41:973][725]LogFileHelpers: Loading map '02Boss' took 0.110
[2026.01.02-12.28.47:591][394]LogTemp: Repeating last play command: Selected Viewport
[2026.01.02-12.28.47:595][394]LogPlayLevel: PlayLevel: No blueprints needed recompiling
[2026.01.02-12.28.47:595][394]PIE: New page: PIE session: 02Boss (2 січ. 2026 р., 16:28:47)
[2026.01.02-12.28.47:625][394]LogPlayLevel: Creating play world package: /Game/Maps/UEDPIE_0_02Boss
[2026.01.02-12.28.47:634][394]LogPlayLevel: PIE: StaticDuplicateObject took: (0.009166s)
[2026.01.02-12.28.47:634][394]LogAIModule: Creating AISystem for world 02Boss
[2026.01.02-12.28.47:635][394]LogPlayLevel: PIE: World Init took: (0.000650s)
[2026.01.02-12.28.47:635][394]LogPlayLevel: PIE: Created PIE world by copying editor world from /Game/Maps/02Boss.02Boss to /Game/Maps/UEDPIE_0_02Boss.02Boss (0.009973s)
[2026.01.02-12.28.47:659][394]LogUObjectHash: Compacting FUObjectHashTables data took   1.83ms
[2026.01.02-12.28.47:660][394]LogAudio: Display: Creating Audio Device:                 Id: 21, Scope: Unique, Realtime: True
[2026.01.02-12.28.47:660][394]LogAudioMixer: Display: Audio Mixer Platform Settings:
[2026.01.02-12.28.47:660][394]LogAudioMixer: Display: 	Sample Rate:						  48000
[2026.01.02-12.28.47:660][394]LogAudioMixer: Display: 	Callback Buffer Frame Size Requested: 1024
[2026.01.02-12.28.47:660][394]LogAudioMixer: Display: 	Callback Buffer Frame Size To Use:	  1024
[2026.01.02-12.28.47:660][394]LogAudioMixer: Display: 	Number of buffers to queue:			  2
[2026.01.02-12.28.47:660][394]LogAudioMixer: Display: 	Max Channels (voices):				  32
[2026.01.02-12.28.47:660][394]LogAudioMixer: Display: 	Number of Async Source Workers:		  0
[2026.01.02-12.28.47:660][394]LogAudio: Display: AudioDevice MaxSources: 32
[2026.01.02-12.28.47:660][394]LogAudio: Display: Audio Spatialization Plugin: None (built-in).
[2026.01.02-12.28.47:660][394]LogAudio: Display: Audio Reverb Plugin: None (built-in).
[2026.01.02-12.28.47:660][394]LogAudio: Display: Audio Occlusion Plugin: None (built-in).
[2026.01.02-12.28.47:660][394]LogAudioMixer: Display: Initializing audio mixer.
[2026.01.02-12.28.47:663][394]LogAudioMixer: Display: 0: FrontLeft
[2026.01.02-12.28.47:663][394]LogAudioMixer: Display: 1: FrontRight
[2026.01.02-12.28.47:671][394]LogAudioMixer: Display: Using Audio Device Speakers (Realtek(R) Audio)
[2026.01.02-12.28.47:671][394]LogAudioMixer: Display: Initializing Sound Submixes...
[2026.01.02-12.28.47:671][394]LogAudioMixer: Display: Creating Master Submix 'MasterSubmixDefault'
[2026.01.02-12.28.47:671][394]LogAudioMixer: Display: Creating Master Submix 'MasterReverbSubmixDefault'
[2026.01.02-12.28.47:672][394]LogAudioMixer: Display: Creating Master Submix 'MasterEQSubmixDefault'
[2026.01.02-12.28.47:672][394]LogAudioMixer: FMixerPlatformXAudio2::StartAudioStream() called
[2026.01.02-12.28.47:672][394]LogAudioMixer: Display: Output buffers initialized: Frames=1024, Channels=2, Samples=2048
[2026.01.02-12.28.47:672][394]LogAudioMixer: Display: Starting AudioMixerPlatformInterface::RunInternal()
[2026.01.02-12.28.47:672][394]LogAudioMixer: Display: FMixerPlatformXAudio2::SubmitBuffer() called for the first time
[2026.01.02-12.28.47:672][394]LogInit: FAudioDevice initialized.
[2026.01.02-12.28.47:672][394]LogAudio: Display: Audio Device (ID: 21) registered with world '02Boss'.
[2026.01.02-12.28.47:681][394]LogLoad: Game class is 'BP_Gameplay_GameMode_C'
[2026.01.02-12.28.47:683][394]LogWorld: Bringing World /Game/Maps/UEDPIE_0_02Boss.02Boss up for play (max tick rate 0) at 2026.01.02-14.28.47
[2026.01.02-12.28.47:684][394]LogWorld: Bringing up level for play took: 0.001792
[2026.01.02-12.28.47:684][394]LogOnline: OSS: Creating online subsystem instance for: :Context_44
[2026.01.02-12.28.47:686][394]PIE: Server logged in
[2026.01.02-12.28.47:687][394]PIE: Play in editor total start time 0,093 seconds.
[2026.01.02-12.29.18:016][ 28]LogPlayerController: Error: InputMode:UIOnly - Attempting to focus Non-Focusable widget SObjectWidget [Widget.cpp(799)]!
[2026.01.02-12.29.18:016][ 28]LogViewport: Display: Viewport MouseLockMode Changed, LockOnCapture -> DoNotLock
[2026.01.02-12.29.18:016][ 28]LogViewport: Display: Viewport MouseCaptureMode Changed, CapturePermanently_IncludingInitialMouseDown -> NoCapture
[2026.01.02-12.29.19:832][246]LogViewport: Display: Viewport MouseLockMode Changed, DoNotLock -> LockOnCapture
[2026.01.02-12.29.19:832][246]LogViewport: Display: Viewport MouseCaptureMode Changed, NoCapture -> CapturePermanently
[2026.01.02-12.29.26:649][ 64]LogPlayerController: Error: InputMode:UIOnly - Attempting to focus Non-Focusable widget SObjectWidget [Widget.cpp(799)]!
[2026.01.02-12.29.26:649][ 64]LogViewport: Display: Viewport MouseLockMode Changed, LockOnCapture -> DoNotLock
[2026.01.02-12.29.26:649][ 64]LogViewport: Display: Viewport MouseCaptureMode Changed, CapturePermanently -> NoCapture
[2026.01.02-12.29.28:532][290]LogSlate: Updating window title bar state: overlay mode, drag disabled, window buttons hidden, title bar hidden
[2026.01.02-12.29.28:532][290]LogWorld: BeginTearingDown for /Game/Maps/UEDPIE_0_02Boss
[2026.01.02-12.29.28:567][290]LogWorld: UWorld::CleanupWorld for 02Boss, bSessionEnded=true, bCleanupResources=true
[2026.01.02-12.29.28:568][290]LogSlate: InvalidateAllWidgets triggered.  All widgets were invalidated
[2026.01.02-12.29.28:573][290]LogPlayLevel: Display: Shutting down PIE online subsystems
[2026.01.02-12.29.28:578][290]LogSlate: InvalidateAllWidgets triggered.  All widgets were invalidated
[2026.01.02-12.29.28:603][290]LogAudio: Display: Audio Device unregistered from world 'None'.
[2026.01.02-12.29.28:603][290]LogAudioMixer: FMixerPlatformXAudio2::StopAudioStream() called
[2026.01.02-12.29.28:604][290]LogAudioMixer: FMixerPlatformXAudio2::StopAudioStream() called
[2026.01.02-12.29.28:605][290]LogSlate: Updating window title bar state: overlay mode, drag disabled, window buttons hidden, title bar hidden
[2026.01.02-12.29.28:609][290]LogUObjectHash: Compacting FUObjectHashTables data took   1.85ms
[2026.01.02-12.29.28:647][291]LogPlayLevel: Display: Destroying online subsystem :Context_44
[2026.01.02-12.30.08:423][ 14]LogTemp: Repeating last play command: Selected Viewport
[2026.01.02-12.30.08:426][ 14]LogPlayLevel: PlayLevel: No blueprints needed recompiling
[2026.01.02-12.30.08:426][ 14]PIE: New page: PIE session: 02Boss (2 січ. 2026 р., 16:30:08)
[2026.01.02-12.30.08:459][ 14]LogPlayLevel: Creating play world package: /Game/Maps/UEDPIE_0_02Boss
[2026.01.02-12.30.08:466][ 14]LogPlayLevel: PIE: StaticDuplicateObject took: (0.007438s)
[2026.01.02-12.30.08:467][ 14]LogAIModule: Creating AISystem for world 02Boss
[2026.01.02-12.30.08:467][ 14]LogPlayLevel: PIE: World Init took: (0.000630s)
[2026.01.02-12.30.08:467][ 14]LogPlayLevel: PIE: Created PIE world by copying editor world from /Game/Maps/02Boss.02Boss to /Game/Maps/UEDPIE_0_02Boss.02Boss (0.008176s)
[2026.01.02-12.30.08:493][ 14]LogUObjectHash: Compacting FUObjectHashTables data took   1.75ms
[2026.01.02-12.30.08:493][ 14]LogAudio: Display: Creating Audio Device:                 Id: 22, Scope: Unique, Realtime: True
[2026.01.02-12.30.08:493][ 14]LogAudioMixer: Display: Audio Mixer Platform Settings:
[2026.01.02-12.30.08:493][ 14]LogAudioMixer: Display: 	Sample Rate:						  48000
[2026.01.02-12.30.08:493][ 14]LogAudioMixer: Display: 	Callback Buffer Frame Size Requested: 1024
[2026.01.02-12.30.08:493][ 14]LogAudioMixer: Display: 	Callback Buffer Frame Size To Use:	  1024
[2026.01.02-12.30.08:493][ 14]LogAudioMixer: Display: 	Number of buffers to queue:			  2
[2026.01.02-12.30.08:493][ 14]LogAudioMixer: Display: 	Max Channels (voices):				  32
[2026.01.02-12.30.08:493][ 14]LogAudioMixer: Display: 	Number of Async Source Workers:		  0
[2026.01.02-12.30.08:493][ 14]LogAudio: Display: AudioDevice MaxSources: 32
[2026.01.02-12.30.08:494][ 14]LogAudio: Display: Audio Spatialization Plugin: None (built-in).
[2026.01.02-12.30.08:494][ 14]LogAudio: Display: Audio Reverb Plugin: None (built-in).
[2026.01.02-12.30.08:494][ 14]LogAudio: Display: Audio Occlusion Plugin: None (built-in).
[2026.01.02-12.30.08:494][ 14]LogAudioMixer: Display: Initializing audio mixer.
[2026.01.02-12.30.08:497][ 14]LogAudioMixer: Display: 0: FrontLeft
[2026.01.02-12.30.08:497][ 14]LogAudioMixer: Display: 1: FrontRight
[2026.01.02-12.30.08:505][ 14]LogAudioMixer: Display: Using Audio Device Speakers (Realtek(R) Audio)
[2026.01.02-12.30.08:505][ 14]LogAudioMixer: Display: Initializing Sound Submixes...
[2026.01.02-12.30.08:505][ 14]LogAudioMixer: Display: Creating Master Submix 'MasterSubmixDefault'
[2026.01.02-12.30.08:505][ 14]LogAudioMixer: Display: Creating Master Submix 'MasterReverbSubmixDefault'
[2026.01.02-12.30.08:505][ 14]LogAudioMixer: Display: Creating Master Submix 'MasterEQSubmixDefault'
[2026.01.02-12.30.08:505][ 14]LogAudioMixer: FMixerPlatformXAudio2::StartAudioStream() called
[2026.01.02-12.30.08:505][ 14]LogAudioMixer: Display: Output buffers initialized: Frames=1024, Channels=2, Samples=2048
[2026.01.02-12.30.08:506][ 14]LogAudioMixer: Display: Starting AudioMixerPlatformInterface::RunInternal()
[2026.01.02-12.30.08:506][ 14]LogAudioMixer: Display: FMixerPlatformXAudio2::SubmitBuffer() called for the first time
[2026.01.02-12.30.08:506][ 14]LogInit: FAudioDevice initialized.
[2026.01.02-12.30.08:506][ 14]LogAudio: Display: Audio Device (ID: 22) registered with world '02Boss'.
[2026.01.02-12.30.08:515][ 14]LogLoad: Game class is 'BP_Gameplay_GameMode_C'
[2026.01.02-12.30.08:517][ 14]LogWorld: Bringing World /Game/Maps/UEDPIE_0_02Boss.02Boss up for play (max tick rate 0) at 2026.01.02-14.30.08
[2026.01.02-12.30.08:517][ 14]LogWorld: Bringing up level for play took: 0.001719
[2026.01.02-12.30.08:517][ 14]LogOnline: OSS: Creating online subsystem instance for: :Context_45
[2026.01.02-12.30.08:520][ 14]PIE: Server logged in
[2026.01.02-12.30.08:520][ 14]PIE: Play in editor total start time 0,095 seconds.
[2026.01.02-12.30.12:429][478]LogSlate: Updating window title bar state: overlay mode, drag disabled, window buttons hidden, title bar hidden
[2026.01.02-12.30.12:429][478]LogWorld: BeginTearingDown for /Game/Maps/UEDPIE_0_02Boss
[2026.01.02-12.30.12:429][478]LogWorld: UWorld::CleanupWorld for 02Boss, bSessionEnded=true, bCleanupResources=true
[2026.01.02-12.30.12:430][478]LogSlate: InvalidateAllWidgets triggered.  All widgets were invalidated
[2026.01.02-12.30.12:435][478]LogPlayLevel: Display: Shutting down PIE online subsystems
[2026.01.02-12.30.12:438][478]LogSlate: InvalidateAllWidgets triggered.  All widgets were invalidated
[2026.01.02-12.30.12:463][478]LogSlate: Updating window title bar state: overlay mode, drag disabled, window buttons hidden, title bar hidden
[2026.01.02-12.30.12:463][478]LogAudioMixer: FMixerPlatformXAudio2::StopAudioStream() called
[2026.01.02-12.30.12:464][478]LogAudioMixer: FMixerPlatformXAudio2::StopAudioStream() called
[2026.01.02-12.30.12:468][478]LogUObjectHash: Compacting FUObjectHashTables data took   1.77ms
[2026.01.02-12.30.12:516][480]LogPlayLevel: Display: Destroying online subsystem :Context_45
[2026.01.02-12.30.13:416][588]LogEditorViewport: Clicking on Actor (LMB): StaticMeshActor (Floor2)
[2026.01.02-12.30.16:379][927]LogEditorViewport: Clicking on Actor (LMB): StaticMeshActor (Floor5)
[2026.01.02-12.30.17:347][ 38]LogEditorViewport: Clicking on Actor (LMB): StaticMeshActor (Floor46)
[2026.01.02-12.30.20:515][415]LogEditorViewport: Clicking on Actor (LMB): StaticMeshActor (Floor4)
[2026.01.02-12.30.21:866][574]LogEditorViewport: Clicking on Actor (LMB): StaticMeshActor (Floor5)
[2026.01.02-12.30.22:623][662]LogEditorViewport: Clicking on Actor (LMB): StaticMeshActor (Floor4)
[2026.01.02-12.30.26:752][147]LogEditorViewport: Clicking on Actor (LMB): StaticMeshActor (Floor10)
[2026.01.02-12.30.52:030][941]LogEditorViewport: Clicking on Actor (LMB): BP_Sky_Sphere_C (BP_Sky_Sphere)
[2026.01.02-12.30.52:517][992]LogEditorViewport: Clicking on Actor (LMB): DirectionalLight (DirectionalLight)
[2026.01.02-12.31.16:863][851]LogTemp: Repeating last play command: Selected Viewport
[2026.01.02-12.31.16:866][851]LogPlayLevel: PlayLevel: No blueprints needed recompiling
[2026.01.02-12.31.16:866][851]PIE: New page: PIE session: 02Boss (2 січ. 2026 р., 16:31:16)
[2026.01.02-12.31.16:902][851]LogPlayLevel: Creating play world package: /Game/Maps/UEDPIE_0_02Boss
[2026.01.02-12.31.16:910][851]LogPlayLevel: PIE: StaticDuplicateObject took: (0.009334s)
[2026.01.02-12.31.16:911][851]LogAIModule: Creating AISystem for world 02Boss
[2026.01.02-12.31.16:911][851]LogPlayLevel: PIE: World Init took: (0.000664s)
[2026.01.02-12.31.16:911][851]LogPlayLevel: PIE: Created PIE world by copying editor world from /Game/Maps/02Boss.02Boss to /Game/Maps/UEDPIE_0_02Boss.02Boss (0.010114s)
[2026.01.02-12.31.16:936][851]LogUObjectHash: Compacting FUObjectHashTables data took   1.88ms
[2026.01.02-12.31.16:937][851]LogAudio: Display: Creating Audio Device:                 Id: 23, Scope: Unique, Realtime: True
[2026.01.02-12.31.16:937][851]LogAudioMixer: Display: Audio Mixer Platform Settings:
[2026.01.02-12.31.16:937][851]LogAudioMixer: Display: 	Sample Rate:						  48000
[2026.01.02-12.31.16:937][851]LogAudioMixer: Display: 	Callback Buffer Frame Size Requested: 1024
[2026.01.02-12.31.16:937][851]LogAudioMixer: Display: 	Callback Buffer Frame Size To Use:	  1024
[2026.01.02-12.31.16:937][851]LogAudioMixer: Display: 	Number of buffers to queue:			  2
[2026.01.02-12.31.16:937][851]LogAudioMixer: Display: 	Max Channels (voices):				  32
[2026.01.02-12.31.16:937][851]LogAudioMixer: Display: 	Number of Async Source Workers:		  0
[2026.01.02-12.31.16:937][851]LogAudio: Display: AudioDevice MaxSources: 32
[2026.01.02-12.31.16:937][851]LogAudio: Display: Audio Spatialization Plugin: None (built-in).
[2026.01.02-12.31.16:938][851]LogAudio: Display: Audio Reverb Plugin: None (built-in).
[2026.01.02-12.31.16:938][851]LogAudio: Display: Audio Occlusion Plugin: None (built-in).
[2026.01.02-12.31.16:938][851]LogAudioMixer: Display: Initializing audio mixer.
[2026.01.02-12.31.16:940][851]LogAudioMixer: Display: 0: FrontLeft
[2026.01.02-12.31.16:941][851]LogAudioMixer: Display: 1: FrontRight
[2026.01.02-12.31.16:949][851]LogAudioMixer: Display: Using Audio Device Speakers (Realtek(R) Audio)
[2026.01.02-12.31.16:949][851]LogAudioMixer: Display: Initializing Sound Submixes...
[2026.01.02-12.31.16:949][851]LogAudioMixer: Display: Creating Master Submix 'MasterSubmixDefault'
[2026.01.02-12.31.16:949][851]LogAudioMixer: Display: Creating Master Submix 'MasterReverbSubmixDefault'
[2026.01.02-12.31.16:949][851]LogAudioMixer: Display: Creating Master Submix 'MasterEQSubmixDefault'
[2026.01.02-12.31.16:949][851]LogAudioMixer: FMixerPlatformXAudio2::StartAudioStream() called
[2026.01.02-12.31.16:949][851]LogAudioMixer: Display: Output buffers initialized: Frames=1024, Channels=2, Samples=2048
[2026.01.02-12.31.16:950][851]LogAudioMixer: Display: Starting AudioMixerPlatformInterface::RunInternal()
[2026.01.02-12.31.16:950][851]LogAudioMixer: Display: FMixerPlatformXAudio2::SubmitBuffer() called for the first time
[2026.01.02-12.31.16:950][851]LogInit: FAudioDevice initialized.
[2026.01.02-12.31.16:950][851]LogAudio: Display: Audio Device (ID: 23) registered with world '02Boss'.
[2026.01.02-12.31.16:958][851]LogLoad: Game class is 'BP_Gameplay_GameMode_C'
[2026.01.02-12.31.16:960][851]LogWorld: Bringing World /Game/Maps/UEDPIE_0_02Boss.02Boss up for play (max tick rate 0) at 2026.01.02-14.31.16
[2026.01.02-12.31.16:960][851]LogWorld: Bringing up level for play took: 0.001854
[2026.01.02-12.31.16:961][851]LogOnline: OSS: Creating online subsystem instance for: :Context_46
[2026.01.02-12.31.16:963][851]PIE: Server logged in
[2026.01.02-12.31.16:964][851]PIE: Play in editor total start time 0,099 seconds.
[2026.01.02-12.31.19:232][118]LogSlate: Updating window title bar state: overlay mode, drag disabled, window buttons hidden, title bar hidden
[2026.01.02-12.31.19:232][118]LogWorld: BeginTearingDown for /Game/Maps/UEDPIE_0_02Boss
[2026.01.02-12.31.19:233][118]LogWorld: UWorld::CleanupWorld for 02Boss, bSessionEnded=true, bCleanupResources=true
[2026.01.02-12.31.19:233][118]LogSlate: InvalidateAllWidgets triggered.  All widgets were invalidated
[2026.01.02-12.31.19:240][118]LogPlayLevel: Display: Shutting down PIE online subsystems
[2026.01.02-12.31.19:249][118]LogSlate: InvalidateAllWidgets triggered.  All widgets were invalidated
[2026.01.02-12.31.19:275][118]LogAudio: Display: Audio Device unregistered from world 'None'.
[2026.01.02-12.31.19:275][118]LogAudioMixer: FMixerPlatformXAudio2::StopAudioStream() called
[2026.01.02-12.31.19:276][118]LogAudioMixer: FMixerPlatformXAudio2::StopAudioStream() called
[2026.01.02-12.31.19:278][118]LogSlate: Updating window title bar state: overlay mode, drag disabled, window buttons hidden, title bar hidden
[2026.01.02-12.31.19:281][118]LogUObjectHash: Compacting FUObjectHashTables data took   1.91ms
[2026.01.02-12.31.19:307][119]LogPlayLevel: Display: Destroying online subsystem :Context_46
[2026.01.02-12.31.22:184][455]LogEditorViewport: Clicking on Actor (LMB): StaticMeshActor (Floor3)
[2026.01.02-12.31.23:222][561]LogEditorViewport: Clicking on Actor (LMB): StaticMeshActor (Floor2)
[2026.01.02-12.31.24:056][651]LogEditorViewport: Clicking on Actor (LMB): StaticMeshActor (Floor3)
[2026.01.02-12.31.24:878][746]LogEditorViewport: Clicking on Actor (LMB): PlayerStart (Player Start)
[2026.01.02-12.31.26:624][941]LogTemp: Repeating last play command: Selected Viewport
[2026.01.02-12.31.26:627][941]LogPlayLevel: PlayLevel: No blueprints needed recompiling
[2026.01.02-12.31.26:627][941]PIE: New page: PIE session: 02Boss (2 січ. 2026 р., 16:31:26)
[2026.01.02-12.31.26:652][941]LogPlayLevel: Creating play world package: /Game/Maps/UEDPIE_0_02Boss
[2026.01.02-12.31.26:659][941]LogPlayLevel: PIE: StaticDuplicateObject took: (0.006966s)
[2026.01.02-12.31.26:659][941]LogAIModule: Creating AISystem for world 02Boss
[2026.01.02-12.31.26:659][941]LogPlayLevel: PIE: World Init took: (0.000646s)
[2026.01.02-12.31.26:660][941]LogPlayLevel: PIE: Created PIE world by copying editor world from /Game/Maps/02Boss.02Boss to /Game/Maps/UEDPIE_0_02Boss.02Boss (0.007719s)
[2026.01.02-12.31.26:683][941]LogUObjectHash: Compacting FUObjectHashTables data took   1.80ms
[2026.01.02-12.31.26:684][941]LogAudio: Display: Creating Audio Device:                 Id: 24, Scope: Unique, Realtime: True
[2026.01.02-12.31.26:684][941]LogAudioMixer: Display: Audio Mixer Platform Settings:
[2026.01.02-12.31.26:684][941]LogAudioMixer: Display: 	Sample Rate:						  48000
[2026.01.02-12.31.26:684][941]LogAudioMixer: Display: 	Callback Buffer Frame Size Requested: 1024
[2026.01.02-12.31.26:684][941]LogAudioMixer: Display: 	Callback Buffer Frame Size To Use:	  1024
[2026.01.02-12.31.26:684][941]LogAudioMixer: Display: 	Number of buffers to queue:			  2
[2026.01.02-12.31.26:684][941]LogAudioMixer: Display: 	Max Channels (voices):				  32
[2026.01.02-12.31.26:684][941]LogAudioMixer: Display: 	Number of Async Source Workers:		  0
[2026.01.02-12.31.26:684][941]LogAudio: Display: AudioDevice MaxSources: 32
[2026.01.02-12.31.26:684][941]LogAudio: Display: Audio Spatialization Plugin: None (built-in).
[2026.01.02-12.31.26:684][941]LogAudio: Display: Audio Reverb Plugin: None (built-in).
[2026.01.02-12.31.26:684][941]LogAudio: Display: Audio Occlusion Plugin: None (built-in).
[2026.01.02-12.31.26:684][941]LogAudioMixer: Display: Initializing audio mixer.
[2026.01.02-12.31.26:687][941]LogAudioMixer: Display: 0: FrontLeft
[2026.01.02-12.31.26:687][941]LogAudioMixer: Display: 1: FrontRight
[2026.01.02-12.31.26:695][941]LogAudioMixer: Display: Using Audio Device Speakers (Realtek(R) Audio)
[2026.01.02-12.31.26:695][941]LogAudioMixer: Display: Initializing Sound Submixes...
[2026.01.02-12.31.26:695][941]LogAudioMixer: Display: Creating Master Submix 'MasterSubmixDefault'
[2026.01.02-12.31.26:695][941]LogAudioMixer: Display: Creating Master Submix 'MasterReverbSubmixDefault'
[2026.01.02-12.31.26:696][941]LogAudioMixer: Display: Creating Master Submix 'MasterEQSubmixDefault'
[2026.01.02-12.31.26:696][941]LogAudioMixer: FMixerPlatformXAudio2::StartAudioStream() called
[2026.01.02-12.31.26:696][941]LogAudioMixer: Display: Output buffers initialized: Frames=1024, Channels=2, Samples=2048
[2026.01.02-12.31.26:696][941]LogAudioMixer: Display: Starting AudioMixerPlatformInterface::RunInternal()
[2026.01.02-12.31.26:696][941]LogAudioMixer: Display: FMixerPlatformXAudio2::SubmitBuffer() called for the first time
[2026.01.02-12.31.26:696][941]LogInit: FAudioDevice initialized.
[2026.01.02-12.31.26:697][941]LogAudio: Display: Audio Device (ID: 24) registered with world '02Boss'.
[2026.01.02-12.31.26:700][941]LogLoad: Game class is 'BP_Gameplay_GameMode_C'
[2026.01.02-12.31.26:702][941]LogWorld: Bringing World /Game/Maps/UEDPIE_0_02Boss.02Boss up for play (max tick rate 0) at 2026.01.02-14.31.26
[2026.01.02-12.31.26:703][941]LogWorld: Bringing up level for play took: 0.001788
[2026.01.02-12.31.26:703][941]LogOnline: OSS: Creating online subsystem instance for: :Context_47
[2026.01.02-12.31.26:705][941]PIE: Server logged in
[2026.01.02-12.31.26:706][941]PIE: Play in editor total start time 0,079 seconds.
[2026.01.02-12.31.30:732][419]LogSlate: Updating window title bar state: overlay mode, drag disabled, window buttons hidden, title bar hidden
[2026.01.02-12.31.30:732][419]LogWorld: BeginTearingDown for /Game/Maps/UEDPIE_0_02Boss
[2026.01.02-12.31.30:732][419]LogWorld: UWorld::CleanupWorld for 02Boss, bSessionEnded=true, bCleanupResources=true
[2026.01.02-12.31.30:732][419]LogSlate: InvalidateAllWidgets triggered.  All widgets were invalidated
[2026.01.02-12.31.30:743][419]LogPlayLevel: Display: Shutting down PIE online subsystems
[2026.01.02-12.31.30:752][419]LogSlate: InvalidateAllWidgets triggered.  All widgets were invalidated
[2026.01.02-12.31.30:776][419]LogSlate: Updating window title bar state: overlay mode, drag disabled, window buttons hidden, title bar hidden
[2026.01.02-12.31.30:776][419]LogAudioMixer: FMixerPlatformXAudio2::StopAudioStream() called
[2026.01.02-12.31.30:777][419]LogAudioMixer: FMixerPlatformXAudio2::StopAudioStream() called
[2026.01.02-12.31.30:782][419]LogUObjectHash: Compacting FUObjectHashTables data took   2.08ms
[2026.01.02-12.31.30:808][420]LogPlayLevel: Display: Destroying online subsystem :Context_47
[2026.01.02-12.31.38:744][342]LogEditorViewport: Clicking on Actor (LMB): StaticMeshActor (Floor18)
[2026.01.02-12.31.40:043][494]LogEditorViewport: Clicking on Actor (CTRL LMB): StaticMeshActor (Floor15)
[2026.01.02-12.31.41:120][616]LogEditorViewport: Clicking on Actor (CTRL LMB): StaticMeshActor (Floor17)
[2026.01.02-12.31.41:590][669]LogEditorViewport: Clicking on Actor (CTRL LMB): BP_Enemy_C (BP_Enemy2)
[2026.01.02-12.31.42:322][754]LogEditorViewport: Clicking on Actor (CTRL LMB): StaticMeshActor (Floor16)
[2026.01.02-12.31.42:854][815]LogEditorViewport: Clicking on Actor (CTRL LMB): StaticMeshActor (Floor15)
[2026.01.02-12.31.43:518][892]LogEditorViewport: Clicking on Actor (CTRL LMB): StaticMeshActor (Floor19)
[2026.01.02-12.31.44:129][963]LogEditorViewport: Clicking on Actor (CTRL LMB): StaticMeshActor (Floor20)
[2026.01.02-12.31.44:943][ 58]LogEditorViewport: Clicking on Actor (CTRL LMB): BP_Enemy_C (BP_Enemy5)
[2026.01.02-12.31.45:815][160]LogEditorViewport: Clicking on Actor (CTRL LMB): BP_Enemy_C (BP_Enemy3)
[2026.01.02-12.31.47:027][303]LogEditorViewport: Clicking on Actor (CTRL LMB): BP_Enemy_C (BP_Enemy4)
[2026.01.02-12.31.47:930][409]LogEditorViewport: Clicking on Actor (CTRL LMB): BP_Enemy_C (BP_Enemy6)
[2026.01.02-12.31.49:252][565]LogEditorViewport: Clicking on Actor (CTRL LMB): BP_Enemy_C (BP_Enemy7)
[2026.01.02-12.31.53:176][ 32]Cmd: DELETE
[2026.01.02-12.31.53:176][ 32]Cmd: ACTOR DELETE
[2026.01.02-12.31.53:179][ 32]LogEditorActor: Deleted Actor: StaticMeshActor
[2026.01.02-12.31.53:179][ 32]LogEditorActor: Deleted Actor: StaticMeshActor
[2026.01.02-12.31.53:179][ 32]LogEditorActor: Deleted Actor: BP_Enemy_C
[2026.01.02-12.31.53:179][ 32]LogEditorActor: Deleted Actor: StaticMeshActor
[2026.01.02-12.31.53:180][ 32]LogEditorActor: Deleted Actor: StaticMeshActor
[2026.01.02-12.31.53:180][ 32]LogEditorActor: Deleted Actor: StaticMeshActor
[2026.01.02-12.31.53:180][ 32]LogEditorActor: Deleted Actor: StaticMeshActor
[2026.01.02-12.31.53:180][ 32]LogEditorActor: Deleted Actor: BP_Enemy_C
[2026.01.02-12.31.53:180][ 32]LogEditorActor: Deleted Actor: BP_Enemy_C
[2026.01.02-12.31.53:181][ 32]LogEditorActor: Deleted Actor: BP_Enemy_C
[2026.01.02-12.31.53:181][ 32]LogEditorActor: Deleted Actor: BP_Enemy_C
[2026.01.02-12.31.53:181][ 32]LogEditorActor: Deleted Actor: BP_Enemy_C
[2026.01.02-12.31.53:204][ 32]LogUObjectHash: Compacting FUObjectHashTables data took   1.94ms
[2026.01.02-12.31.53:205][ 32]LogEditorActor: Deleted 12 Actors (0.029 secs)
[2026.01.02-12.31.55:345][287]LogEditorViewport: Clicking on Actor (LMB): BP_Enemy_C (BP_Enemy)
[2026.01.02-12.31.56:136][379]LogEditorViewport: Clicking on Actor (CTRL LMB): StaticMeshActor (Floor21)
[2026.01.02-12.31.56:648][438]LogEditorViewport: Clicking on Actor (CTRL LMB): StaticMeshActor (Floor22)
[2026.01.02-12.31.57:644][553]LogEditorViewport: Clicking on Actor (CTRL LMB): BP_Enemy_C (BP_Enemy8)
[2026.01.02-12.31.58:792][686]LogEditorViewport: Clicking on Actor (CTRL LMB): BP_Enemy_C (BP_Enemy8)
[2026.01.02-12.31.59:878][814]LogEditorViewport: Clicking on Actor (CTRL LMB): StaticMeshActor (Floor22)
[2026.01.02-12.32.00:294][861]LogEditorViewport: Clicking on Actor (CTRL LMB): StaticMeshActor (Floor23)
[2026.01.02-12.32.00:997][943]LogEditorViewport: Clicking on Actor (CTRL LMB): StaticMeshActor (Floor24)
[2026.01.02-12.32.01:625][ 16]LogEditorViewport: Clicking on Actor (CTRL LMB): BP_Enemy_C (BP_Enemy9)
[2026.01.02-12.32.02:552][123]LogEditorViewport: Clicking on Actor (CTRL LMB): StaticMeshActor (Floor25)
[2026.01.02-12.32.03:190][197]LogEditorViewport: Clicking on Actor (CTRL LMB): StaticMeshActor (Floor27)
[2026.01.02-12.32.03:767][264]LogEditorViewport: Clicking on Actor (CTRL LMB): BP_Enemy_C (BP_Enemy10)
[2026.01.02-12.32.04:314][327]LogEditorViewport: Clicking on Actor (CTRL LMB): StaticMeshActor (Floor26)
[2026.01.02-12.32.04:846][388]LogEditorViewport: Clicking on Actor (CTRL LMB): BP_Enemy_C (BP_Enemy12)
[2026.01.02-12.32.05:982][520]LogEditorViewport: Clicking on Actor (CTRL LMB): BP_Sky_Sphere_C (BP_Sky_Sphere)
[2026.01.02-12.32.06:363][563]LogEditorViewport: Clicking on Actor (CTRL LMB): BP_Enemy_C (BP_Enemy11)
[2026.01.02-12.32.06:875][622]LogEditorViewport: Clicking on Actor (CTRL LMB): StaticMeshActor (Floor28)
[2026.01.02-12.32.07:488][693]LogEditorViewport: Clicking on Actor (CTRL LMB): StaticMeshActor (Floor29)
[2026.01.02-12.32.09:229][897]LogEditorViewport: Clicking on Actor (CTRL LMB): BP_Key_Red_C (BP_Key_Red)
[2026.01.02-12.32.10:596][ 59]Cmd: DELETE
[2026.01.02-12.32.10:596][ 59]Cmd: ACTOR DELETE
[2026.01.02-12.32.10:599][ 59]LogEditorActor: Deleted Actor: BP_Enemy_C
[2026.01.02-12.32.10:599][ 59]LogEditorActor: Deleted Actor: StaticMeshActor
[2026.01.02-12.32.10:600][ 59]LogEditorActor: Deleted Actor: BP_Enemy_C
[2026.01.02-12.32.10:600][ 59]LogEditorActor: Deleted Actor: StaticMeshActor
[2026.01.02-12.32.10:600][ 59]LogEditorActor: Deleted Actor: StaticMeshActor
[2026.01.02-12.32.10:600][ 59]LogEditorActor: Deleted Actor: StaticMeshActor
[2026.01.02-12.32.10:600][ 59]LogEditorActor: Deleted Actor: BP_Enemy_C
[2026.01.02-12.32.10:601][ 59]LogEditorActor: Deleted Actor: StaticMeshActor
[2026.01.02-12.32.10:601][ 59]LogEditorActor: Deleted Actor: StaticMeshActor
[2026.01.02-12.32.10:601][ 59]LogEditorActor: Deleted Actor: BP_Enemy_C
[2026.01.02-12.32.10:601][ 59]LogEditorActor: Deleted Actor: StaticMeshActor
[2026.01.02-12.32.10:601][ 59]LogEditorActor: Deleted Actor: BP_Enemy_C
[2026.01.02-12.32.10:602][ 59]LogEditorActor: Deleted Actor: BP_Sky_Sphere_C
[2026.01.02-12.32.10:602][ 59]LogEditorActor: Deleted Actor: BP_Enemy_C
[2026.01.02-12.32.10:602][ 59]LogEditorActor: Deleted Actor: StaticMeshActor
[2026.01.02-12.32.10:602][ 59]LogEditorActor: Deleted Actor: BP_Key_Red_C
[2026.01.02-12.32.10:625][ 59]LogUObjectHash: Compacting FUObjectHashTables data took   1.49ms
[2026.01.02-12.32.10:626][ 59]LogEditorActor: Deleted 16 Actors (0.030 secs)
[2026.01.02-12.32.11:225][130]LogEditorViewport: Clicking on Actor (LMB): StaticMeshActor (Floor29)
[2026.01.02-12.32.11:950][214]Cmd: DELETE
[2026.01.02-12.32.11:950][214]Cmd: ACTOR DELETE
[2026.01.02-12.32.11:952][214]LogEditorActor: Deleted Actor: StaticMeshActor
[2026.01.02-12.32.11:973][214]LogUObjectHash: Compacting FUObjectHashTables data took   0.49ms
[2026.01.02-12.32.11:974][214]LogEditorActor: Deleted 1 Actors (0.023 secs)
[2026.01.02-12.32.18:225][954]LogEditorViewport: Clicking on Actor (CTRL LMB): BP_BlockMove_C (BP_BlockMove)
[2026.01.02-12.32.18:789][ 18]LogEditorViewport: Clicking on Actor (CTRL LMB): BP_BlockMove_C (BP_BlockMove2)
[2026.01.02-12.32.19:534][105]LogEditorViewport: Clicking on Actor (CTRL LMB): BP_BlockMove_C (BP_BlockMove3)
[2026.01.02-12.32.20:063][166]LogEditorViewport: Clicking on Actor (CTRL LMB): StaticMeshActor (Floor50)
[2026.01.02-12.32.20:793][251]LogEditorViewport: Clicking on Actor (CTRL LMB): BP_BlockMove_C (BP_BlockMove7)
[2026.01.02-12.32.21:234][301]LogEditorViewport: Clicking on Actor (CTRL LMB): StaticMeshActor (Floor49)
[2026.01.02-12.32.21:596][342]LogEditorViewport: Clicking on Actor (CTRL LMB): StaticMeshActor (Floor48)
[2026.01.02-12.32.22:644][463]LogEditorViewport: Clicking on Actor (CTRL LMB): StaticMeshActor (Floor48)
[2026.01.02-12.32.23:097][515]LogEditorViewport: Clicking on Actor (CTRL LMB): BP_BlockMove_C (BP_BlockMove5)
[2026.01.02-12.32.23:427][552]LogEditorViewport: Clicking on Actor (CTRL LMB): BP_BlockMove_C (BP_BlockMove6)
[2026.01.02-12.32.24:073][627]LogEditorViewport: Clicking on Actor (CTRL LMB): StaticMeshActor (Floor51)
[2026.01.02-12.32.25:889][840]LogEditorViewport: Clicking on Actor (CTRL LMB): StaticMeshActor (Floor32)
[2026.01.02-12.32.26:467][907]LogEditorViewport: Clicking on Actor (CTRL LMB): StaticMeshActor (Floor52)
[2026.01.02-12.32.27:182][990]LogEditorViewport: Clicking on Actor (CTRL LMB): BP_BlockMove_C (BP_BlockMove4)
[2026.01.02-12.32.28:278][119]LogEditorViewport: Clicking on Actor (CTRL LMB): StaticMeshActor (Floor47)
[2026.01.02-12.32.29:250][234]Cmd: DELETE
[2026.01.02-12.32.29:250][234]Cmd: ACTOR DELETE
[2026.01.02-12.32.29:252][234]LogEditorActor: Deleted Actor: BP_BlockMove_C
[2026.01.02-12.32.29:253][234]LogEditorActor: Deleted Actor: BP_BlockMove_C
[2026.01.02-12.32.29:253][234]LogEditorActor: Deleted Actor: BP_BlockMove_C
[2026.01.02-12.32.29:253][234]LogEditorActor: Deleted Actor: StaticMeshActor
[2026.01.02-12.32.29:254][234]LogEditorActor: Deleted Actor: BP_BlockMove_C
[2026.01.02-12.32.29:254][234]LogEditorActor: Deleted Actor: StaticMeshActor
[2026.01.02-12.32.29:254][234]LogEditorActor: Deleted Actor: StaticMeshActor
[2026.01.02-12.32.29:254][234]LogEditorActor: Deleted Actor: BP_BlockMove_C
[2026.01.02-12.32.29:254][234]LogEditorActor: Deleted Actor: BP_BlockMove_C
[2026.01.02-12.32.29:254][234]LogEditorActor: Deleted Actor: StaticMeshActor
[2026.01.02-12.32.29:255][234]LogEditorActor: Deleted Actor: StaticMeshActor
[2026.01.02-12.32.29:255][234]LogEditorActor: Deleted Actor: StaticMeshActor
[2026.01.02-12.32.29:255][234]LogEditorActor: Deleted Actor: BP_BlockMove_C
[2026.01.02-12.32.29:255][234]LogEditorActor: Deleted Actor: StaticMeshActor
[2026.01.02-12.32.29:277][234]LogUObjectHash: Compacting FUObjectHashTables data took   1.53ms
[2026.01.02-12.32.29:279][234]LogEditorActor: Deleted 14 Actors (0.028 secs)
[2026.01.02-12.32.30:876][424]LogEditorViewport: Clicking on Actor (CTRL LMB): StaticMeshActor (Floor31)
[2026.01.02-12.32.31:597][507]Cmd: DELETE
[2026.01.02-12.32.31:597][507]Cmd: ACTOR DELETE
[2026.01.02-12.32.31:598][507]LogEditorActor: Deleted Actor: StaticMeshActor
[2026.01.02-12.32.31:620][507]LogUObjectHash: Compacting FUObjectHashTables data took   0.49ms
[2026.01.02-12.32.31:621][507]LogEditorActor: Deleted 1 Actors (0.024 secs)
[2026.01.02-12.32.37:160][166]LogEditorViewport: Clicking on Actor (CTRL LMB): BP_Portal_C (BP_Portal)
[2026.01.02-12.32.37:759][227]LogEditorViewport: Clicking on Actor (CTRL LMB): BP_Portal_C (BP_Portal8)
[2026.01.02-12.32.38:236][281]LogEditorViewport: Clicking on Actor (CTRL LMB): StaticMeshActor (Floor43)
[2026.01.02-12.32.38:707][335]LogEditorViewport: Clicking on Actor (CTRL LMB): StaticMeshActor (Floor44)
[2026.01.02-12.32.39:192][391]LogEditorViewport: Clicking on Actor (CTRL LMB): StaticMeshActor (Floor42)
[2026.01.02-12.32.39:796][461]LogEditorViewport: Clicking on Actor (CTRL LMB): StaticMeshActor (Floor45)
[2026.01.02-12.32.40:770][575]LogEditorViewport: Clicking on Actor (CTRL LMB): BP_Portal_C (BP_Portal3)
[2026.01.02-12.32.41:437][652]LogEditorViewport: Clicking on Actor (CTRL LMB): BP_Portal_C (BP_Portal7)
[2026.01.02-12.32.42:281][751]LogEditorViewport: Clicking on Actor (CTRL LMB): StaticMeshActor (Floor9)
[2026.01.02-12.32.42:769][807]LogEditorViewport: Clicking on Actor (CTRL LMB): BP_Portal_C (BP_Portal2)
[2026.01.02-12.32.43:334][872]LogEditorViewport: Clicking on Actor (CTRL LMB): BP_Portal_C (BP_Portal4)
[2026.01.02-12.32.43:770][922]LogEditorViewport: Clicking on Actor (CTRL LMB): StaticMeshActor (Floor34)
[2026.01.02-12.32.44:542][ 12]LogEditorViewport: Clicking on Actor (CTRL LMB): StaticMeshActor (Floor35)
[2026.01.02-12.32.45:066][ 72]LogEditorViewport: Clicking on Actor (CTRL LMB): StaticMeshActor (Floor33)
[2026.01.02-12.32.47:763][390]LogEditorViewport: Clicking on Actor (CTRL LMB): StaticMeshActor (Floor39)
[2026.01.02-12.32.48:068][424]LogEditorViewport: Clicking on Actor (CTRL LMB): StaticMeshActor (Floor40)
[2026.01.02-12.32.48:654][492]LogEditorViewport: Clicking on Actor (CTRL LMB): StaticMeshActor (Floor41)
[2026.01.02-12.32.48:997][531]LogEditorViewport: Clicking on Actor (CTRL LMB): BP_Portal_C (BP_Portal6)
[2026.01.02-12.32.49:372][573]LogEditorViewport: Clicking on Actor (CTRL LMB): BP_Portal_C (BP_Portal5)
[2026.01.02-12.32.49:999][646]LogEditorViewport: Clicking on Actor (CTRL LMB): StaticMeshActor (Floor36)
[2026.01.02-12.32.50:521][706]LogEditorViewport: Clicking on Actor (CTRL LMB): TriggerVolume (KillZTrigger)
[2026.01.02-12.32.52:263][907]LogEditorViewport: Clicking on Actor (CTRL LMB): StaticMeshActor (Floor36)
[2026.01.02-12.32.52:920][983]LogEditorViewport: Clicking on Actor (CTRL LMB): TriggerVolume (KillZTrigger)
[2026.01.02-12.32.54:385][154]LogEditorViewport: Clicking on Actor (CTRL LMB): StaticMeshActor (Floor37)
[2026.01.02-12.32.55:207][250]LogEditorViewport: Clicking on Actor (CTRL LMB): StaticMeshActor (Floor38)
[2026.01.02-12.32.55:851][325]LogEditorViewport: Clicking on Actor (CTRL LMB): BP_Portal_C (BP_Portal9)
[2026.01.02-12.32.56:389][387]LogEditorViewport: Clicking on Actor (CTRL LMB): BP_Enemy_C (BP_Enemy14)
[2026.01.02-12.32.57:554][525]Cmd: DELETE
[2026.01.02-12.32.57:554][525]Cmd: ACTOR DELETE
[2026.01.02-12.32.57:557][525]LogEditorActor: Deleted Actor: BP_Portal_C
[2026.01.02-12.32.57:557][525]LogEditorActor: Deleted Actor: BP_Portal_C
[2026.01.02-12.32.57:558][525]LogEditorActor: Deleted Actor: StaticMeshActor
[2026.01.02-12.32.57:558][525]LogEditorActor: Deleted Actor: StaticMeshActor
[2026.01.02-12.32.57:558][525]LogEditorActor: Deleted Actor: StaticMeshActor
[2026.01.02-12.32.57:558][525]LogEditorActor: Deleted Actor: StaticMeshActor
[2026.01.02-12.32.57:558][525]LogEditorActor: Deleted Actor: BP_Portal_C
[2026.01.02-12.32.57:558][525]LogEditorActor: Deleted Actor: BP_Portal_C
[2026.01.02-12.32.57:559][525]LogEditorActor: Deleted Actor: StaticMeshActor
[2026.01.02-12.32.57:559][525]LogEditorActor: Deleted Actor: BP_Portal_C
[2026.01.02-12.32.57:559][525]LogEditorActor: Deleted Actor: BP_Portal_C
[2026.01.02-12.32.57:559][525]LogEditorActor: Deleted Actor: StaticMeshActor
[2026.01.02-12.32.57:559][525]LogEditorActor: Deleted Actor: StaticMeshActor
[2026.01.02-12.32.57:560][525]LogEditorActor: Deleted Actor: StaticMeshActor
[2026.01.02-12.32.57:560][525]LogEditorActor: Deleted Actor: StaticMeshActor
[2026.01.02-12.32.57:560][525]LogEditorActor: Deleted Actor: StaticMeshActor
[2026.01.02-12.32.57:560][525]LogEditorActor: Deleted Actor: StaticMeshActor
[2026.01.02-12.32.57:560][525]LogEditorActor: Deleted Actor: BP_Portal_C
[2026.01.02-12.32.57:561][525]LogEditorActor: Deleted Actor: BP_Portal_C
[2026.01.02-12.32.57:561][525]LogEditorActor: Deleted Actor: StaticMeshActor
[2026.01.02-12.32.57:561][525]LogEditorActor: Deleted Actor: StaticMeshActor
[2026.01.02-12.32.57:561][525]LogEditorActor: Deleted Actor: StaticMeshActor
[2026.01.02-12.32.57:561][525]LogEditorActor: Deleted Actor: BP_Portal_C
[2026.01.02-12.32.57:562][525]LogEditorActor: Deleted Actor: BP_Enemy_C
[2026.01.02-12.32.57:584][525]LogUObjectHash: Compacting FUObjectHashTables data took   1.06ms
[2026.01.02-12.32.57:585][525]LogEditorActor: Deleted 24 Actors (0.031 secs)
[2026.01.02-12.32.59:276][727]LogEditorViewport: Clicking on Actor (CTRL LMB): BP_Enemy_C (BP_Enemy13)
[2026.01.02-12.33.00:666][891]LogEditorViewport: Clicking on Actor (CTRL LMB): BP_Destination_C (BP_Destination3)
[2026.01.02-12.33.01:678][ 10]LogEditorViewport: Clicking on Actor (CTRL LMB): BP_Destination_C (BP_Destination4)
[2026.01.02-12.33.02:757][138]Cmd: DELETE
[2026.01.02-12.33.02:757][138]Cmd: ACTOR DELETE
[2026.01.02-12.33.02:759][138]LogEditorActor: Deleted Actor: BP_Enemy_C
[2026.01.02-12.33.02:759][138]LogEditorActor: Deleted Actor: BP_Destination_C
[2026.01.02-12.33.02:759][138]LogEditorActor: Deleted Actor: BP_Destination_C
[2026.01.02-12.33.02:781][138]LogUObjectHash: Compacting FUObjectHashTables data took   1.19ms
[2026.01.02-12.33.02:782][138]LogEditorActor: Deleted 3 Actors (0.025 secs)
[2026.01.02-12.33.04:147][301]LogEditorViewport: Clicking on Actor (CTRL LMB): TriggerVolume (KillZTrigger)
[2026.01.02-12.33.05:364][371]LogEditorViewport: Clicking on Actor (CTRL LMB): TriggerVolume (KillZTrigger)
[2026.01.02-12.33.06:310][481]LogEditorViewport: Clicking on Actor (LMB): TriggerVolume (KillZTrigger)
[2026.01.02-12.33.07:627][633]LogEditorViewport: Clicking Background
[2026.01.02-12.33.10:420][961]LogEditorViewport: Clicking on Actor (LMB): TriggerVolume (KillZTrigger)
[2026.01.02-12.33.11:129][ 43]LogEditorViewport: Clicking on Actor (LMB): TriggerVolume (KillZTrigger)
[2026.01.02-12.33.11:641][103]LogEditorViewport: Clicking on Actor (LMB): TriggerVolume (KillZTrigger)
[2026.01.02-12.33.11:979][143]LogEditorViewport: Clicking on Actor (double click): TriggerVolume (KillZTrigger)
[2026.01.02-12.33.12:298][180]LogEditorViewport: Clicking on Actor (LMB): TriggerVolume (KillZTrigger)
[2026.01.02-12.33.12:370][188]LogEditorViewport: Clicking on Actor (double click): TriggerVolume (KillZTrigger)
[2026.01.02-12.33.17:849][822]LogEditorViewport: Clicking on Actor (LMB): BP_Destination_C (BP_Destination5)
[2026.01.02-12.33.19:121][972]Cmd: DELETE
[2026.01.02-12.33.19:121][972]Cmd: ACTOR DELETE
[2026.01.02-12.33.19:122][972]LogEditorActor: Deleted Actor: BP_Destination_C
[2026.01.02-12.33.19:145][972]LogUObjectHash: Compacting FUObjectHashTables data took   1.00ms
[2026.01.02-12.33.19:147][972]LogEditorActor: Deleted 1 Actors (0.026 secs)
[2026.01.02-12.33.23:788][521]LogEditorViewport: Clicking on Actor (LMB): BP_Totem_C (BP_Totem2)
[2026.01.02-12.33.24:701][627]Cmd: DELETE
[2026.01.02-12.33.24:701][627]Cmd: ACTOR DELETE
[2026.01.02-12.33.24:702][627]LogEditorActor: Deleted Actor: BP_Totem_C
[2026.01.02-12.33.24:724][627]LogUObjectHash: Compacting FUObjectHashTables data took   1.01ms
[2026.01.02-12.33.24:725][627]LogEditorActor: Deleted 1 Actors (0.024 secs)
[2026.01.02-12.33.25:344][700]LogEditorViewport: Clicking on Actor (LMB): BP_Totem_C (BP_Totem)
[2026.01.02-12.33.25:489][715]Cmd: DELETE
[2026.01.02-12.33.25:489][715]Cmd: ACTOR DELETE
[2026.01.02-12.33.25:490][715]LogEditorActor: Deleted Actor: BP_Totem_C
[2026.01.02-12.33.25:512][715]LogUObjectHash: Compacting FUObjectHashTables data took   1.03ms
[2026.01.02-12.33.25:513][715]LogEditorActor: Deleted 1 Actors (0.024 secs)
[2026.01.02-12.33.26:015][774]LogEditorViewport: Clicking on Actor (LMB): BP_Totem_C (BP_Totem3)
[2026.01.02-12.33.26:110][783]Cmd: DELETE
[2026.01.02-12.33.26:110][783]Cmd: ACTOR DELETE
[2026.01.02-12.33.26:111][783]LogEditorActor: Deleted Actor: BP_Totem_C
[2026.01.02-12.33.26:133][783]LogUObjectHash: Compacting FUObjectHashTables data took   1.04ms
[2026.01.02-12.33.26:134][783]LogEditorActor: Deleted 1 Actors (0.024 secs)
[2026.01.02-12.33.26:746][856]LogEditorViewport: Clicking on Actor (LMB): BP_Key_Blue_C (BP_Key_Blue)
[2026.01.02-12.33.26:815][862]Cmd: DELETE
[2026.01.02-12.33.26:815][862]Cmd: ACTOR DELETE
[2026.01.02-12.33.26:816][862]LogEditorActor: Deleted Actor: BP_Key_Blue_C
[2026.01.02-12.33.26:838][862]LogUObjectHash: Compacting FUObjectHashTables data took   1.07ms
[2026.01.02-12.33.26:839][862]LogEditorActor: Deleted 1 Actors (0.024 secs)
[2026.01.02-12.33.27:568][949]LogEditorViewport: Clicking on Actor (LMB): BP_Key_Green_C (BP_Key_Green)
[2026.01.02-12.33.27:660][958]Cmd: DELETE
[2026.01.02-12.33.27:660][958]Cmd: ACTOR DELETE
[2026.01.02-12.33.27:662][958]LogEditorActor: Deleted Actor: BP_Key_Green_C
[2026.01.02-12.33.27:684][958]LogUObjectHash: Compacting FUObjectHashTables data took   1.03ms
[2026.01.02-12.33.27:684][958]LogEditorActor: Deleted 1 Actors (0.024 secs)
[2026.01.02-12.33.30:366][278]LogEditorViewport: Clicking on Actor (LMB): StaticMeshActor (Floor8)
[2026.01.02-12.33.30:476][288]Cmd: DELETE
[2026.01.02-12.33.30:476][288]Cmd: ACTOR DELETE
[2026.01.02-12.33.30:477][288]LogEditorActor: Deleted Actor: StaticMeshActor
[2026.01.02-12.33.30:498][288]LogUObjectHash: Compacting FUObjectHashTables data took   0.49ms
[2026.01.02-12.33.30:499][288]LogEditorActor: Deleted 1 Actors (0.022 secs)
[2026.01.02-12.33.32:209][493]LogEditorViewport: Clicking on Actor (LMB): StaticMeshActor (Floor14)
[2026.01.02-12.33.32:446][518]Cmd: DELETE
[2026.01.02-12.33.32:447][518]Cmd: ACTOR DELETE
[2026.01.02-12.33.32:448][518]LogEditorActor: Deleted Actor: StaticMeshActor
[2026.01.02-12.33.32:469][518]LogUObjectHash: Compacting FUObjectHashTables data took   0.50ms
[2026.01.02-12.33.32:469][518]LogEditorActor: Deleted 1 Actors (0.023 secs)
[2026.01.02-12.33.32:968][578]LogEditorViewport: Clicking on Actor (LMB): StaticMeshActor (Floor30)
[2026.01.02-12.33.33:134][595]Cmd: DELETE
[2026.01.02-12.33.33:134][595]Cmd: ACTOR DELETE
[2026.01.02-12.33.33:136][595]LogEditorActor: Deleted Actor: StaticMeshActor
[2026.01.02-12.33.33:158][595]LogUObjectHash: Compacting FUObjectHashTables data took   0.55ms
[2026.01.02-12.33.33:159][595]LogEditorActor: Deleted 1 Actors (0.024 secs)
[2026.01.02-12.33.33:510][636]LogEditorViewport: Clicking on Actor (LMB): StaticMeshActor (Floor13)
[2026.01.02-12.33.33:595][643]Cmd: DELETE
[2026.01.02-12.33.33:595][643]Cmd: ACTOR DELETE
[2026.01.02-12.33.33:596][643]LogEditorActor: Deleted Actor: StaticMeshActor
[2026.01.02-12.33.33:618][643]LogUObjectHash: Compacting FUObjectHashTables data took   0.50ms
[2026.01.02-12.33.33:618][643]LogEditorActor: Deleted 1 Actors (0.023 secs)
[2026.01.02-12.33.33:859][671]LogEditorViewport: Clicking on Actor (LMB): StaticMeshActor (Floor12)
[2026.01.02-12.33.33:960][680]Cmd: DELETE
[2026.01.02-12.33.33:960][680]Cmd: ACTOR DELETE
[2026.01.02-12.33.33:961][680]LogEditorActor: Deleted Actor: StaticMeshActor
[2026.01.02-12.33.33:983][680]LogUObjectHash: Compacting FUObjectHashTables data took   0.50ms
[2026.01.02-12.33.33:984][680]LogEditorActor: Deleted 1 Actors (0.024 secs)
[2026.01.02-12.33.34:450][735]LogEditorViewport: Clicking on Actor (LMB): TextRenderActor (TextRenderActor5)
[2026.01.02-12.33.34:821][776]LogEditorViewport: Clicking on Actor (LMB): TextRenderActor (TextRenderActor5)
[2026.01.02-12.33.35:552][863]Cmd: DELETE
[2026.01.02-12.33.35:552][863]Cmd: ACTOR DELETE
[2026.01.02-12.33.35:553][863]LogEditorActor: Deleted Actor: TextRenderActor
[2026.01.02-12.33.35:574][863]LogUObjectHash: Compacting FUObjectHashTables data took   0.49ms
[2026.01.02-12.33.35:575][863]LogEditorActor: Deleted 1 Actors (0.023 secs)
[2026.01.02-12.33.36:125][929]LogEditorViewport: Clicking on Actor (LMB): StaticMeshActor (Floor11)
[2026.01.02-12.33.36:251][941]Cmd: DELETE
[2026.01.02-12.33.36:252][941]Cmd: ACTOR DELETE
[2026.01.02-12.33.36:253][941]LogEditorActor: Deleted Actor: StaticMeshActor
[2026.01.02-12.33.36:275][941]LogUObjectHash: Compacting FUObjectHashTables data took   0.51ms
[2026.01.02-12.33.36:275][941]LogEditorActor: Deleted 1 Actors (0.024 secs)
[2026.01.02-12.33.41:006][498]LogEditorViewport: Clicking on Actor (LMB): StaticMeshActor (Floor10)
[2026.01.02-12.33.41:491][549]LogEditorViewport: Clicking on Actor (LMB): TextRenderActor (TextRenderActor3)
[2026.01.02-12.33.42:298][642]Cmd: DELETE
[2026.01.02-12.33.42:298][642]Cmd: ACTOR DELETE
[2026.01.02-12.33.42:299][642]LogEditorActor: Deleted Actor: TextRenderActor
[2026.01.02-12.33.42:321][642]LogUObjectHash: Compacting FUObjectHashTables data took   0.49ms
[2026.01.02-12.33.42:321][642]LogEditorActor: Deleted 1 Actors (0.023 secs)
[2026.01.02-12.33.44:326][877]LogEditorViewport: Clicking on Actor (LMB): StaticMeshActor (Floor46)
[2026.01.02-12.33.45:092][965]Cmd: DELETE
[2026.01.02-12.33.45:092][965]Cmd: ACTOR DELETE
[2026.01.02-12.33.45:093][965]LogEditorActor: Deleted Actor: StaticMeshActor
[2026.01.02-12.33.45:115][965]LogUObjectHash: Compacting FUObjectHashTables data took   0.50ms
[2026.01.02-12.33.45:116][965]LogEditorActor: Deleted 1 Actors (0.024 secs)
[2026.01.02-12.33.50:363][576]LogEditorViewport: Clicking on Actor (LMB): TextRenderActor (TextRenderActor2)
[2026.01.02-12.33.51:420][700]Cmd: DELETE
[2026.01.02-12.33.51:420][700]Cmd: ACTOR DELETE
[2026.01.02-12.33.51:421][700]LogEditorActor: Deleted Actor: TextRenderActor
[2026.01.02-12.33.51:442][700]LogUObjectHash: Compacting FUObjectHashTables data took   0.50ms
[2026.01.02-12.33.51:443][700]LogEditorActor: Deleted 1 Actors (0.023 secs)
[2026.01.02-12.33.52:510][828]LogEditorViewport: Clicking on Actor (LMB): TextRenderActor (TextRenderActor)
[2026.01.02-12.33.52:640][841]Cmd: DELETE
[2026.01.02-12.33.52:640][841]Cmd: ACTOR DELETE
[2026.01.02-12.33.52:641][841]LogEditorActor: Deleted Actor: TextRenderActor
[2026.01.02-12.33.52:663][841]LogUObjectHash: Compacting FUObjectHashTables data took   0.50ms
[2026.01.02-12.33.52:663][841]LogEditorActor: Deleted 1 Actors (0.023 secs)
[2026.01.02-12.34.54:610][127]LogEditorViewport: Clicking Background
[2026.01.02-12.35.08:810][615]LogEditorViewport: Clicking on Actor (LMB): PlayerStart (Player Start)
[2026.01.02-12.35.10:193][770]LogNavigationPoint: PostEditMove Clear paths rebuilt
[2026.01.02-12.35.17:593][161]LogEditorViewport: Clicking on Actor (LMB): StaticMeshActor (Floor10)
[2026.01.02-12.35.18:704][291]Cmd: DELETE
[2026.01.02-12.35.18:704][291]Cmd: ACTOR DELETE
[2026.01.02-12.35.18:705][291]LogEditorActor: Deleted Actor: StaticMeshActor
[2026.01.02-12.35.18:726][291]LogUObjectHash: Compacting FUObjectHashTables data took   0.50ms
[2026.01.02-12.35.18:727][291]LogEditorActor: Deleted 1 Actors (0.023 secs)
[2026.01.02-12.35.19:278][356]LogEditorViewport: Clicking on Actor (LMB): StaticMeshActor (Floor6)
[2026.01.02-12.35.19:744][409]Cmd: DELETE
[2026.01.02-12.35.19:744][409]Cmd: ACTOR DELETE
[2026.01.02-12.35.19:745][409]LogEditorActor: Deleted Actor: StaticMeshActor
[2026.01.02-12.35.19:766][409]LogUObjectHash: Compacting FUObjectHashTables data took   0.49ms
[2026.01.02-12.35.19:767][409]LogEditorActor: Deleted 1 Actors (0.023 secs)
[2026.01.02-12.35.20:118][450]LogEditorViewport: Clicking on Actor (LMB): StaticMeshActor (Floor7)
[2026.01.02-12.35.20:225][460]Cmd: DELETE
[2026.01.02-12.35.20:225][460]Cmd: ACTOR DELETE
[2026.01.02-12.35.20:226][460]LogEditorActor: Deleted Actor: StaticMeshActor
[2026.01.02-12.35.20:248][460]LogUObjectHash: Compacting FUObjectHashTables data took   0.50ms
[2026.01.02-12.35.20:248][460]LogEditorActor: Deleted 1 Actors (0.023 secs)
[2026.01.02-12.35.20:648][507]LogEditorViewport: Clicking on Actor (LMB): StaticMeshActor (Floor4)
[2026.01.02-12.35.20:865][530]Cmd: DELETE
[2026.01.02-12.35.20:865][530]Cmd: ACTOR DELETE
[2026.01.02-12.35.20:866][530]LogEditorActor: Deleted Actor: StaticMeshActor
[2026.01.02-12.35.20:888][530]LogUObjectHash: Compacting FUObjectHashTables data took   0.50ms
[2026.01.02-12.35.20:888][530]LogEditorActor: Deleted 1 Actors (0.024 secs)
[2026.01.02-12.35.21:163][562]LogEditorViewport: Clicking on Actor (LMB): StaticMeshActor (Floor)
[2026.01.02-12.35.21:706][623]Cmd: DELETE
[2026.01.02-12.35.21:706][623]Cmd: ACTOR DELETE
[2026.01.02-12.35.21:707][623]LogEditorActor: Deleted Actor: StaticMeshActor
[2026.01.02-12.35.21:727][623]LogUObjectHash: Compacting FUObjectHashTables data took   0.49ms
[2026.01.02-12.35.21:728][623]LogEditorActor: Deleted 1 Actors (0.023 secs)
[2026.01.02-12.35.22:028][659]LogEditorViewport: Clicking on Actor (LMB): StaticMeshActor (Floor2)
[2026.01.02-12.35.22:145][670]Cmd: DELETE
[2026.01.02-12.35.22:145][670]Cmd: ACTOR DELETE
[2026.01.02-12.35.22:146][670]LogEditorActor: Deleted Actor: StaticMeshActor
[2026.01.02-12.35.22:168][670]LogUObjectHash: Compacting FUObjectHashTables data took   0.50ms
[2026.01.02-12.35.22:168][670]LogEditorActor: Deleted 1 Actors (0.023 secs)
[2026.01.02-12.35.23:021][772]LogEditorViewport: Clicking on Actor (LMB): StaticMeshActor (Floor3)
[2026.01.02-12.35.23:163][786]Cmd: DELETE
[2026.01.02-12.35.23:163][786]Cmd: ACTOR DELETE
[2026.01.02-12.35.23:164][786]LogEditorActor: Deleted Actor: StaticMeshActor
[2026.01.02-12.35.23:185][786]LogUObjectHash: Compacting FUObjectHashTables data took   0.49ms
[2026.01.02-12.35.23:186][786]LogEditorActor: Deleted 1 Actors (0.023 secs)
[2026.01.02-12.35.24:234][912]LogEditorViewport: Clicking on Actor (LMB): PlayerStart (Player Start)
[2026.01.02-12.35.26:473][178]LogNavigationPoint: PostEditMove Clear paths rebuilt
[2026.01.02-12.35.28:843][461]LogNavigationPoint: PostEditMove Clear paths rebuilt
[2026.01.02-12.35.32:989][564]LogEditorViewport: Clicking on Actor (LMB): BP_Destination_C (BP_Destination6)
[2026.01.02-12.35.34:250][701]Cmd: DELETE
[2026.01.02-12.35.34:250][701]Cmd: ACTOR DELETE
[2026.01.02-12.35.34:251][701]LogEditorActor: Deleted Actor: BP_Destination_C
[2026.01.02-12.35.34:273][701]LogUObjectHash: Compacting FUObjectHashTables data took   1.06ms
[2026.01.02-12.35.34:274][701]LogEditorActor: Deleted 1 Actors (0.025 secs)
[2026.01.02-12.35.35:514][850]LogEditorViewport: Clicking on Actor (LMB): BP_Checkpoint_C (BP_Checkpoint)
[2026.01.02-12.35.35:533][850]LogTemp: Warning: SetupViewportDisplaySettings
[2026.01.02-12.35.37:634][ 99]LogEditorViewport: Clicking on Actor (LMB): BP_Destination_C (BP_Destination2)
[2026.01.02-12.35.37:661][ 99]LogTemp: Warning: OnLevelViewportClientListChanged
[2026.01.02-12.35.44:485][917]Cmd: DELETE
[2026.01.02-12.35.44:485][917]Cmd: ACTOR DELETE
[2026.01.02-12.35.44:486][917]LogEditorActor: Deleted Actor: BP_Destination_C
[2026.01.02-12.35.44:510][917]LogUObjectHash: Compacting FUObjectHashTables data took   1.02ms
[2026.01.02-12.35.44:511][917]LogEditorActor: Deleted 1 Actors (0.026 secs)
[2026.01.02-12.35.57:721][195]Cmd: DELETE
[2026.01.02-12.35.57:722][195]Cmd: ACTOR DELETE
[2026.01.02-12.35.57:722][195]LogEditorActor: Deleted Actor: TextRenderActor
[2026.01.02-12.35.57:744][195]LogUObjectHash: Compacting FUObjectHashTables data took   0.50ms
[2026.01.02-12.35.57:745][195]LogEditorActor: Deleted 1 Actors (0.023 secs)
[2026.01.02-12.36.52:178][326]LogEditorViewport: Clicking on Actor (LMB): StaticMeshActor (Floor5)
[2026.01.02-12.36.55:094][664]Cmd: EDIT COPY
[2026.01.02-12.36.55:671][733]Cmd: EDIT PASTE
[2026.01.02-12.37.07:093][ 69]Cmd: EDIT COPY
[2026.01.02-12.37.07:285][ 92]Cmd: EDIT PASTE
[2026.01.02-12.37.15:034][  7]LogEditorViewport: Clicking on Actor (CTRL LMB): StaticMeshActor (Floor6)
[2026.01.02-12.37.15:867][104]Cmd: EDIT COPY
[2026.01.02-12.37.16:067][128]Cmd: EDIT PASTE
[2026.01.02-12.37.48:109][938]LogEditorViewport: Clicking on Actor (LMB): StaticMeshActor (Floor7)
[2026.01.02-12.37.48:599][994]LogEditorViewport: Clicking on Actor (LMB): StaticMeshActor (Floor6)
[2026.01.02-12.37.49:117][ 53]LogEditorViewport: Clicking on Actor (LMB): StaticMeshActor (Floor5)
[2026.01.02-12.37.49:567][104]LogEditorViewport: Clicking on Actor (LMB): StaticMeshActor (Floor9)
[2026.01.02-12.37.50:200][177]LogEditorViewport: Clicking on Actor (LMB): StaticMeshActor (Floor8)
[2026.01.02-12.37.51:332][310]LogEditorViewport: Clicking on Actor (CTRL LMB): StaticMeshActor (Floor9)
[2026.01.02-12.37.52:189][410]Cmd: EDIT COPY
[2026.01.02-12.37.52:757][478]Cmd: EDIT PASTE
[2026.01.02-12.37.58:000][ 89]LogEditorViewport: Clicking on Actor (CTRL LMB): StaticMeshActor (Floor8)
[2026.01.02-12.37.58:481][139]LogEditorViewport: Clicking on Actor (CTRL LMB): StaticMeshActor (Floor9)
[2026.01.02-12.37.58:946][192]LogEditorViewport: Clicking on Actor (CTRL LMB): StaticMeshActor (Floor5)
[2026.01.02-12.37.59:306][232]LogEditorViewport: Clicking on Actor (CTRL LMB): StaticMeshActor (Floor6)
[2026.01.02-12.38.00:006][313]LogEditorViewport: Clicking on Actor (CTRL LMB): StaticMeshActor (Floor7)
[2026.01.02-12.38.00:764][401]Cmd: EDIT COPY
[2026.01.02-12.38.00:997][429]Cmd: EDIT PASTE
[2026.01.02-12.38.04:763][877]Cmd: EDIT COPY
[2026.01.02-12.38.04:996][905]Cmd: EDIT PASTE
[2026.01.02-12.38.07:554][204]LogTemp: Repeating last play command: Selected Viewport
[2026.01.02-12.38.07:558][204]LogPlayLevel: PlayLevel: No blueprints needed recompiling
[2026.01.02-12.38.07:558][204]PIE: New page: PIE session: 02Boss (2 січ. 2026 р., 16:38:07)
[2026.01.02-12.38.07:604][204]LogPlayLevel: Creating play world package: /Game/Maps/UEDPIE_0_02Boss
[2026.01.02-12.38.07:609][204]LogPlayLevel: PIE: StaticDuplicateObject took: (0.004733s)
[2026.01.02-12.38.07:610][204]LogAIModule: Creating AISystem for world 02Boss
[2026.01.02-12.38.07:610][204]LogPlayLevel: PIE: World Init took: (0.000823s)
[2026.01.02-12.38.07:610][204]LogPlayLevel: PIE: Created PIE world by copying editor world from /Game/Maps/02Boss.02Boss to /Game/Maps/UEDPIE_0_02Boss.02Boss (0.005718s)
[2026.01.02-12.38.07:637][204]LogUObjectHash: Compacting FUObjectHashTables data took   1.83ms
[2026.01.02-12.38.07:638][204]LogAudio: Display: Creating Audio Device:                 Id: 25, Scope: Unique, Realtime: True
[2026.01.02-12.38.07:638][204]LogAudioMixer: Display: Audio Mixer Platform Settings:
[2026.01.02-12.38.07:638][204]LogAudioMixer: Display: 	Sample Rate:						  48000
[2026.01.02-12.38.07:638][204]LogAudioMixer: Display: 	Callback Buffer Frame Size Requested: 1024
[2026.01.02-12.38.07:638][204]LogAudioMixer: Display: 	Callback Buffer Frame Size To Use:	  1024
[2026.01.02-12.38.07:638][204]LogAudioMixer: Display: 	Number of buffers to queue:			  2
[2026.01.02-12.38.07:638][204]LogAudioMixer: Display: 	Max Channels (voices):				  32
[2026.01.02-12.38.07:638][204]LogAudioMixer: Display: 	Number of Async Source Workers:		  0
[2026.01.02-12.38.07:638][204]LogAudio: Display: AudioDevice MaxSources: 32
[2026.01.02-12.38.07:638][204]LogAudio: Display: Audio Spatialization Plugin: None (built-in).
[2026.01.02-12.38.07:638][204]LogAudio: Display: Audio Reverb Plugin: None (built-in).
[2026.01.02-12.38.07:638][204]LogAudio: Display: Audio Occlusion Plugin: None (built-in).
[2026.01.02-12.38.07:638][204]LogAudioMixer: Display: Initializing audio mixer.
[2026.01.02-12.38.07:641][204]LogAudioMixer: Display: 0: FrontLeft
[2026.01.02-12.38.07:641][204]LogAudioMixer: Display: 1: FrontRight
[2026.01.02-12.38.07:650][204]LogAudioMixer: Display: Using Audio Device Speakers (Realtek(R) Audio)
[2026.01.02-12.38.07:650][204]LogAudioMixer: Display: Initializing Sound Submixes...
[2026.01.02-12.38.07:650][204]LogAudioMixer: Display: Creating Master Submix 'MasterSubmixDefault'
[2026.01.02-12.38.07:650][204]LogAudioMixer: Display: Creating Master Submix 'MasterReverbSubmixDefault'
[2026.01.02-12.38.07:650][204]LogAudioMixer: Display: Creating Master Submix 'MasterEQSubmixDefault'
[2026.01.02-12.38.07:650][204]LogAudioMixer: FMixerPlatformXAudio2::StartAudioStream() called
[2026.01.02-12.38.07:650][204]LogAudioMixer: Display: Output buffers initialized: Frames=1024, Channels=2, Samples=2048
[2026.01.02-12.38.07:651][204]LogAudioMixer: Display: Starting AudioMixerPlatformInterface::RunInternal()
[2026.01.02-12.38.07:651][204]LogAudioMixer: Display: FMixerPlatformXAudio2::SubmitBuffer() called for the first time
[2026.01.02-12.38.07:651][204]LogInit: FAudioDevice initialized.
[2026.01.02-12.38.07:651][204]LogAudio: Display: Audio Device (ID: 25) registered with world '02Boss'.
[2026.01.02-12.38.07:654][204]LogLoad: Game class is 'BP_Gameplay_GameMode_C'
[2026.01.02-12.38.07:655][204]LogWorld: Bringing World /Game/Maps/UEDPIE_0_02Boss.02Boss up for play (max tick rate 0) at 2026.01.02-14.38.07
[2026.01.02-12.38.07:655][204]LogWorld: Bringing up level for play took: 0.000676
[2026.01.02-12.38.07:655][204]LogOnline: OSS: Creating online subsystem instance for: :Context_48
[2026.01.02-12.38.07:657][204]PIE: Server logged in
[2026.01.02-12.38.07:658][204]PIE: Play in editor total start time 0,102 seconds.
[2026.01.02-12.38.22:443][978]LogBlueprintUserMessages: [BP_Enemy15] RIP
[2026.01.02-12.38.24:865][264]LogSlate: Updating window title bar state: overlay mode, drag disabled, window buttons hidden, title bar hidden
[2026.01.02-12.38.24:865][264]LogWorld: BeginTearingDown for /Game/Maps/UEDPIE_0_02Boss
[2026.01.02-12.38.24:866][264]LogWorld: UWorld::CleanupWorld for 02Boss, bSessionEnded=true, bCleanupResources=true
[2026.01.02-12.38.24:866][264]LogSlate: InvalidateAllWidgets triggered.  All widgets were invalidated
[2026.01.02-12.38.24:870][264]LogPlayLevel: Display: Shutting down PIE online subsystems
[2026.01.02-12.38.24:880][264]LogSlate: InvalidateAllWidgets triggered.  All widgets were invalidated
[2026.01.02-12.38.24:903][264]LogAudio: Display: Audio Device unregistered from world 'None'.
[2026.01.02-12.38.24:903][264]LogAudioMixer: FMixerPlatformXAudio2::StopAudioStream() called
[2026.01.02-12.38.24:904][264]LogAudioMixer: FMixerPlatformXAudio2::StopAudioStream() called
[2026.01.02-12.38.24:913][264]LogSlate: Updating window title bar state: overlay mode, drag disabled, window buttons hidden, title bar hidden
[2026.01.02-12.38.24:916][264]LogUObjectHash: Compacting FUObjectHashTables data took   1.83ms
[2026.01.02-12.38.24:937][265]LogPlayLevel: Display: Destroying online subsystem :Context_48
[2026.01.02-12.38.42:486][164]LogTemp: Repeating last play command: Selected Viewport
[2026.01.02-12.38.42:489][164]LogPlayLevel: PlayLevel: No blueprints needed recompiling
[2026.01.02-12.38.42:489][164]PIE: New page: PIE session: 02Boss (2 січ. 2026 р., 16:38:42)
[2026.01.02-12.38.42:526][164]LogPlayLevel: Creating play world package: /Game/Maps/UEDPIE_0_02Boss
[2026.01.02-12.38.42:529][164]LogPlayLevel: PIE: StaticDuplicateObject took: (0.003344s)
[2026.01.02-12.38.42:530][164]LogAIModule: Creating AISystem for world 02Boss
[2026.01.02-12.38.42:530][164]LogPlayLevel: PIE: World Init took: (0.000707s)
[2026.01.02-12.38.42:530][164]LogPlayLevel: PIE: Created PIE world by copying editor world from /Game/Maps/02Boss.02Boss to /Game/Maps/UEDPIE_0_02Boss.02Boss (0.004179s)
[2026.01.02-12.38.42:559][164]LogUObjectHash: Compacting FUObjectHashTables data took   1.79ms
[2026.01.02-12.38.42:560][164]LogAudio: Display: Creating Audio Device:                 Id: 26, Scope: Unique, Realtime: True
[2026.01.02-12.38.42:560][164]LogAudioMixer: Display: Audio Mixer Platform Settings:
[2026.01.02-12.38.42:560][164]LogAudioMixer: Display: 	Sample Rate:						  48000
[2026.01.02-12.38.42:560][164]LogAudioMixer: Display: 	Callback Buffer Frame Size Requested: 1024
[2026.01.02-12.38.42:560][164]LogAudioMixer: Display: 	Callback Buffer Frame Size To Use:	  1024
[2026.01.02-12.38.42:560][164]LogAudioMixer: Display: 	Number of buffers to queue:			  2
[2026.01.02-12.38.42:560][164]LogAudioMixer: Display: 	Max Channels (voices):				  32
[2026.01.02-12.38.42:560][164]LogAudioMixer: Display: 	Number of Async Source Workers:		  0
[2026.01.02-12.38.42:560][164]LogAudio: Display: AudioDevice MaxSources: 32
[2026.01.02-12.38.42:560][164]LogAudio: Display: Audio Spatialization Plugin: None (built-in).
[2026.01.02-12.38.42:561][164]LogAudio: Display: Audio Reverb Plugin: None (built-in).
[2026.01.02-12.38.42:561][164]LogAudio: Display: Audio Occlusion Plugin: None (built-in).
[2026.01.02-12.38.42:561][164]LogAudioMixer: Display: Initializing audio mixer.
[2026.01.02-12.38.42:563][164]LogAudioMixer: Display: 0: FrontLeft
[2026.01.02-12.38.42:563][164]LogAudioMixer: Display: 1: FrontRight
[2026.01.02-12.38.42:571][164]LogAudioMixer: Display: Using Audio Device Speakers (Realtek(R) Audio)
[2026.01.02-12.38.42:572][164]LogAudioMixer: Display: Initializing Sound Submixes...
[2026.01.02-12.38.42:572][164]LogAudioMixer: Display: Creating Master Submix 'MasterSubmixDefault'
[2026.01.02-12.38.42:572][164]LogAudioMixer: Display: Creating Master Submix 'MasterReverbSubmixDefault'
[2026.01.02-12.38.42:572][164]LogAudioMixer: Display: Creating Master Submix 'MasterEQSubmixDefault'
[2026.01.02-12.38.42:572][164]LogAudioMixer: FMixerPlatformXAudio2::StartAudioStream() called
[2026.01.02-12.38.42:572][164]LogAudioMixer: Display: Output buffers initialized: Frames=1024, Channels=2, Samples=2048
[2026.01.02-12.38.42:573][164]LogAudioMixer: Display: Starting AudioMixerPlatformInterface::RunInternal()
[2026.01.02-12.38.42:573][164]LogAudioMixer: Display: FMixerPlatformXAudio2::SubmitBuffer() called for the first time
[2026.01.02-12.38.42:573][164]LogInit: FAudioDevice initialized.
[2026.01.02-12.38.42:573][164]LogAudio: Display: Audio Device (ID: 26) registered with world '02Boss'.
[2026.01.02-12.38.42:577][164]LogLoad: Game class is 'BP_Gameplay_GameMode_C'
[2026.01.02-12.38.42:578][164]LogWorld: Bringing World /Game/Maps/UEDPIE_0_02Boss.02Boss up for play (max tick rate 0) at 2026.01.02-14.38.42
[2026.01.02-12.38.42:578][164]LogWorld: Bringing up level for play took: 0.000653
[2026.01.02-12.38.42:579][164]LogOnline: OSS: Creating online subsystem instance for: :Context_49
[2026.01.02-12.38.42:581][164]PIE: Server logged in
[2026.01.02-12.38.42:581][164]PIE: Play in editor total start time 0,092 seconds.
[2026.01.02-12.38.51:645][249]LogBlueprintUserMessages: [BP_Enemy15] RIP
[2026.01.02-12.38.53:726][496]LogSlate: Updating window title bar state: overlay mode, drag disabled, window buttons hidden, title bar hidden
[2026.01.02-12.38.53:726][496]LogWorld: BeginTearingDown for /Game/Maps/UEDPIE_0_02Boss
[2026.01.02-12.38.53:727][496]LogWorld: UWorld::CleanupWorld for 02Boss, bSessionEnded=true, bCleanupResources=true
[2026.01.02-12.38.53:727][496]LogSlate: InvalidateAllWidgets triggered.  All widgets were invalidated
[2026.01.02-12.38.53:735][496]LogPlayLevel: Display: Shutting down PIE online subsystems
[2026.01.02-12.38.53:745][496]LogSlate: InvalidateAllWidgets triggered.  All widgets were invalidated
[2026.01.02-12.38.53:767][496]LogSlate: Updating window title bar state: overlay mode, drag disabled, window buttons hidden, title bar hidden
[2026.01.02-12.38.53:767][496]LogAudioMixer: FMixerPlatformXAudio2::StopAudioStream() called
[2026.01.02-12.38.53:768][496]LogAudioMixer: FMixerPlatformXAudio2::StopAudioStream() called
[2026.01.02-12.38.53:772][496]LogUObjectHash: Compacting FUObjectHashTables data took   1.77ms
[2026.01.02-12.38.53:834][498]LogPlayLevel: Display: Destroying online subsystem :Context_49
[2026.01.02-12.38.54:476][575]LogEditorViewport: Clicking on Actor (LMB): StaticMeshActor (Floor20)
[2026.01.02-12.39.19:357][500]LogTemp: Repeating last play command: Selected Viewport
[2026.01.02-12.39.19:360][500]LogPlayLevel: PlayLevel: No blueprints needed recompiling
[2026.01.02-12.39.19:360][500]PIE: New page: PIE session: 02Boss (2 січ. 2026 р., 16:39:19)
[2026.01.02-12.39.19:387][500]LogPlayLevel: Creating play world package: /Game/Maps/UEDPIE_0_02Boss
[2026.01.02-12.39.19:389][500]LogPlayLevel: PIE: StaticDuplicateObject took: (0.002287s)
[2026.01.02-12.39.19:390][500]LogAIModule: Creating AISystem for world 02Boss
[2026.01.02-12.39.19:390][500]LogPlayLevel: PIE: World Init took: (0.000635s)
[2026.01.02-12.39.19:390][500]LogPlayLevel: PIE: Created PIE world by copying editor world from /Game/Maps/02Boss.02Boss to /Game/Maps/UEDPIE_0_02Boss.02Boss (0.003049s)
[2026.01.02-12.39.19:415][500]LogUObjectHash: Compacting FUObjectHashTables data took   1.89ms
[2026.01.02-12.39.19:417][500]LogAudio: Display: Creating Audio Device:                 Id: 27, Scope: Unique, Realtime: True
[2026.01.02-12.39.19:417][500]LogAudioMixer: Display: Audio Mixer Platform Settings:
[2026.01.02-12.39.19:417][500]LogAudioMixer: Display: 	Sample Rate:						  48000
[2026.01.02-12.39.19:417][500]LogAudioMixer: Display: 	Callback Buffer Frame Size Requested: 1024
[2026.01.02-12.39.19:417][500]LogAudioMixer: Display: 	Callback Buffer Frame Size To Use:	  1024
[2026.01.02-12.39.19:417][500]LogAudioMixer: Display: 	Number of buffers to queue:			  2
[2026.01.02-12.39.19:417][500]LogAudioMixer: Display: 	Max Channels (voices):				  32
[2026.01.02-12.39.19:417][500]LogAudioMixer: Display: 	Number of Async Source Workers:		  0
[2026.01.02-12.39.19:417][500]LogAudio: Display: AudioDevice MaxSources: 32
[2026.01.02-12.39.19:417][500]LogAudio: Display: Audio Spatialization Plugin: None (built-in).
[2026.01.02-12.39.19:417][500]LogAudio: Display: Audio Reverb Plugin: None (built-in).
[2026.01.02-12.39.19:417][500]LogAudio: Display: Audio Occlusion Plugin: None (built-in).
[2026.01.02-12.39.19:417][500]LogAudioMixer: Display: Initializing audio mixer.
[2026.01.02-12.39.19:421][500]LogAudioMixer: Display: 0: FrontLeft
[2026.01.02-12.39.19:421][500]LogAudioMixer: Display: 1: FrontRight
[2026.01.02-12.39.19:429][500]LogAudioMixer: Display: Using Audio Device Speakers (Realtek(R) Audio)
[2026.01.02-12.39.19:429][500]LogAudioMixer: Display: Initializing Sound Submixes...
[2026.01.02-12.39.19:429][500]LogAudioMixer: Display: Creating Master Submix 'MasterSubmixDefault'
[2026.01.02-12.39.19:429][500]LogAudioMixer: Display: Creating Master Submix 'MasterReverbSubmixDefault'
[2026.01.02-12.39.19:429][500]LogAudioMixer: Display: Creating Master Submix 'MasterEQSubmixDefault'
[2026.01.02-12.39.19:429][500]LogAudioMixer: FMixerPlatformXAudio2::StartAudioStream() called
[2026.01.02-12.39.19:429][500]LogAudioMixer: Display: Output buffers initialized: Frames=1024, Channels=2, Samples=2048
[2026.01.02-12.39.19:430][500]LogAudioMixer: Display: Starting AudioMixerPlatformInterface::RunInternal()
[2026.01.02-12.39.19:430][500]LogAudioMixer: Display: FMixerPlatformXAudio2::SubmitBuffer() called for the first time
[2026.01.02-12.39.19:430][500]LogInit: FAudioDevice initialized.
[2026.01.02-12.39.19:430][500]LogAudio: Display: Audio Device (ID: 27) registered with world '02Boss'.
[2026.01.02-12.39.19:435][500]LogLoad: Game class is 'BP_Gameplay_GameMode_C'
[2026.01.02-12.39.19:436][500]LogWorld: Bringing World /Game/Maps/UEDPIE_0_02Boss.02Boss up for play (max tick rate 0) at 2026.01.02-14.39.19
[2026.01.02-12.39.19:436][500]LogWorld: Bringing up level for play took: 0.000668
[2026.01.02-12.39.19:437][500]LogOnline: OSS: Creating online subsystem instance for: :Context_50
[2026.01.02-12.39.19:439][500]PIE: Server logged in
[2026.01.02-12.39.19:439][500]PIE: Play in editor total start time 0,081 seconds.
[2026.01.02-12.39.24:139][ 62]LogBlueprintUserMessages: [BP_Enemy15] RIP
[2026.01.02-12.39.25:598][234]LogSlate: Updating window title bar state: overlay mode, drag disabled, window buttons hidden, title bar hidden
[2026.01.02-12.39.25:598][234]LogWorld: BeginTearingDown for /Game/Maps/UEDPIE_0_02Boss
[2026.01.02-12.39.25:598][234]LogWorld: UWorld::CleanupWorld for 02Boss, bSessionEnded=true, bCleanupResources=true
[2026.01.02-12.39.25:599][234]LogSlate: InvalidateAllWidgets triggered.  All widgets were invalidated
[2026.01.02-12.39.25:605][234]LogPlayLevel: Display: Shutting down PIE online subsystems
[2026.01.02-12.39.25:613][234]LogSlate: InvalidateAllWidgets triggered.  All widgets were invalidated
[2026.01.02-12.39.25:638][234]LogSlate: Updating window title bar state: overlay mode, drag disabled, window buttons hidden, title bar hidden
[2026.01.02-12.39.25:638][234]LogAudioMixer: FMixerPlatformXAudio2::StopAudioStream() called
[2026.01.02-12.39.25:639][234]LogAudioMixer: FMixerPlatformXAudio2::StopAudioStream() called
[2026.01.02-12.39.25:643][234]LogUObjectHash: Compacting FUObjectHashTables data took   1.76ms
[2026.01.02-12.39.25:699][236]LogPlayLevel: Display: Destroying online subsystem :Context_50
[2026.01.02-12.39.34:590][566]LogEditorViewport: Clicking on Actor (CTRL LMB): StaticMeshActor (Floor17)
[2026.01.02-12.39.35:063][615]LogEditorViewport: Clicking on Actor (CTRL LMB): StaticMeshActor (Floor10)
[2026.01.02-12.39.35:492][665]LogEditorViewport: Clicking on Actor (CTRL LMB): StaticMeshActor (Floor24)
[2026.01.02-12.39.47:265][ 76]Cmd: TRANSACTION UNDO
[2026.01.02-12.39.47:265][ 76]LogEditorTransaction: Undo Clicking on Actors
[2026.01.02-12.39.47:269][ 76]LogMaterial: Display: Missing cached shadermap for M_Flour in PCD3D_SM5, Default, SM5 (DDC key hash: CE029445C3D756CA873CB4B16E885E4A260EF716), compiling. 
[2026.01.02-12.39.47:273][ 76]MaterialEditorStats: Texture samplers: 0/16
[2026.01.02-12.39.47:365][ 78]LogShaderCompilers: Display: === FShaderJobCache stats ===
[2026.01.02-12.39.47:365][ 78]LogShaderCompilers: Display: Total job queries 208, among them cache hits 142 (68.27%)
[2026.01.02-12.39.47:365][ 78]LogShaderCompilers: Display: Tracking 54 distinct input hashes that result in 40 distinct outputs (74.07%)
[2026.01.02-12.39.47:365][ 78]LogShaderCompilers: Display: RAM used: 0.21 MB (0.00 GB) of 1638.40 MB (1.60 GB) budget. Usage: 0.01%
[2026.01.02-12.39.47:365][ 78]LogShaderCompilers: Display: ================================================
[2026.01.02-12.39.47:393][ 79]MaterialEditorStats: Base pass shader: 118 instructions
[2026.01.02-12.39.47:393][ 79]MaterialEditorStats: Base pass shader with Surface Lightmap: 145 instructions
[2026.01.02-12.39.47:393][ 79]MaterialEditorStats: Base pass shader with Volumetric Lightmap: 192 instructions
[2026.01.02-12.39.47:393][ 79]MaterialEditorStats: Base pass vertex shader: 42 instructions
[2026.01.02-12.39.47:393][ 79]MaterialEditorStats: Texture samplers: 2/16
[2026.01.02-12.39.47:496][ 82]Cmd: TRANSACTION UNDO
[2026.01.02-12.39.47:496][ 82]LogEditorTransaction: Undo Clicking on Actors
[2026.01.02-12.39.47:501][ 82]LogMaterial: Display: Missing cached shadermap for M_Flour in PCD3D_SM5, Default, SM5 (DDC key hash: 199345B2A1BF4D56749C3BF0B8066E10EABA21F2), compiling. 
[2026.01.02-12.39.47:502][ 82]MaterialEditorStats: Texture samplers: 0/16
[2026.01.02-12.39.47:609][ 85]MaterialEditorStats: Base pass shader: 118 instructions
[2026.01.02-12.39.47:609][ 85]MaterialEditorStats: Base pass shader with Surface Lightmap: 145 instructions
[2026.01.02-12.39.47:609][ 85]MaterialEditorStats: Base pass shader with Volumetric Lightmap: 192 instructions
[2026.01.02-12.39.47:609][ 85]MaterialEditorStats: Base pass vertex shader: 42 instructions
[2026.01.02-12.39.47:609][ 85]MaterialEditorStats: Texture samplers: 2/16
[2026.01.02-12.39.47:662][ 86]Cmd: TRANSACTION UNDO
[2026.01.02-12.39.47:662][ 86]LogEditorTransaction: Undo Clicking on Actors
[2026.01.02-12.39.47:668][ 86]LogMaterial: Display: Missing cached shadermap for M_Flour in PCD3D_SM5, Default, SM5 (DDC key hash: B5073CEEE0FEC7A12609974E56B6A17B10BFA253), compiling. 
[2026.01.02-12.39.47:670][ 86]MaterialEditorStats: Texture samplers: 0/16
[2026.01.02-12.39.47:776][ 89]MaterialEditorStats: Base pass shader: 118 instructions
[2026.01.02-12.39.47:776][ 89]MaterialEditorStats: Base pass shader with Surface Lightmap: 145 instructions
[2026.01.02-12.39.47:776][ 89]MaterialEditorStats: Base pass shader with Volumetric Lightmap: 192 instructions
[2026.01.02-12.39.47:776][ 89]MaterialEditorStats: Base pass vertex shader: 42 instructions
[2026.01.02-12.39.47:776][ 89]MaterialEditorStats: Texture samplers: 2/16
[2026.01.02-12.39.47:835][ 95]Cmd: TRANSACTION UNDO
[2026.01.02-12.39.47:835][ 95]LogEditorTransaction: Undo Edit Cast Shadows
[2026.01.02-12.39.47:836][ 95]LogMaterial: Display: Missing cached shadermap for M_Flour in PCD3D_SM5, Default, SM5 (DDC key hash: 442D15AA48C17008703B3BFCF85794AC3A8C09E4), compiling. 
[2026.01.02-12.39.47:838][ 95]MaterialEditorStats: Texture samplers: 0/16
[2026.01.02-12.39.47:918][ 98]MaterialEditorStats: Base pass shader: 118 instructions
[2026.01.02-12.39.47:918][ 98]MaterialEditorStats: Base pass shader with Surface Lightmap: 145 instructions
[2026.01.02-12.39.47:918][ 98]MaterialEditorStats: Base pass shader with Volumetric Lightmap: 192 instructions
[2026.01.02-12.39.47:918][ 98]MaterialEditorStats: Base pass vertex shader: 42 instructions
[2026.01.02-12.39.47:918][ 98]MaterialEditorStats: Texture samplers: 2/16
[2026.01.02-12.39.48:010][109]Cmd: TRANSACTION UNDO
[2026.01.02-12.39.48:010][109]LogEditorTransaction: Undo Edit Cast Shadows
[2026.01.02-12.39.48:011][109]LogMaterial: Display: Missing cached shadermap for M_Flour in PCD3D_SM5, Default, SM5 (DDC key hash: 6EE1636D08C245EB2D6BD3E97C49E7F8CEA3E503), compiling. 
[2026.01.02-12.39.48:013][109]MaterialEditorStats: Texture samplers: 0/16
[2026.01.02-12.39.48:037][112]MaterialEditorStats: Base pass shader: 118 instructions
[2026.01.02-12.39.48:038][112]MaterialEditorStats: Base pass shader with Surface Lightmap: 145 instructions
[2026.01.02-12.39.48:038][112]MaterialEditorStats: Base pass shader with Volumetric Lightmap: 192 instructions
[2026.01.02-12.39.48:038][112]MaterialEditorStats: Base pass vertex shader: 42 instructions
[2026.01.02-12.39.48:038][112]MaterialEditorStats: Texture samplers: 2/16
[2026.01.02-12.39.48:221][134]Cmd: TRANSACTION UNDO
[2026.01.02-12.39.48:221][134]LogEditorTransaction: Undo Edit Cast Shadows
[2026.01.02-12.39.48:222][134]LogMaterial: Display: Missing cached shadermap for M_Flour in PCD3D_SM5, Default, SM5 (DDC key hash: 04BEDCB7CF46BA43BF7FFA26E6597A6470E94A63), compiling. 
[2026.01.02-12.39.48:223][134]MaterialEditorStats: Texture samplers: 0/16
[2026.01.02-12.39.48:250][137]MaterialEditorStats: Base pass shader: 118 instructions
[2026.01.02-12.39.48:250][137]MaterialEditorStats: Base pass shader with Surface Lightmap: 145 instructions
[2026.01.02-12.39.48:250][137]MaterialEditorStats: Base pass shader with Volumetric Lightmap: 192 instructions
[2026.01.02-12.39.48:250][137]MaterialEditorStats: Base pass vertex shader: 42 instructions
[2026.01.02-12.39.48:250][137]MaterialEditorStats: Texture samplers: 2/16
[2026.01.02-12.39.48:425][158]Cmd: TRANSACTION UNDO
[2026.01.02-12.39.48:425][158]LogEditorTransaction: Undo Edit Affects World
[2026.01.02-12.39.48:426][158]LogMaterial: Display: Missing cached shadermap for M_Flour in PCD3D_SM5, Default, SM5 (DDC key hash: A0D743FC3A265B98D83B4A8CC1AA4FA3DA061CE8), compiling. 
[2026.01.02-12.39.48:428][158]MaterialEditorStats: Texture samplers: 0/16
[2026.01.02-12.39.48:463][161]MaterialEditorStats: Base pass shader: 118 instructions
[2026.01.02-12.39.48:463][161]MaterialEditorStats: Base pass shader with Surface Lightmap: 145 instructions
[2026.01.02-12.39.48:463][161]MaterialEditorStats: Base pass shader with Volumetric Lightmap: 192 instructions
[2026.01.02-12.39.48:463][161]MaterialEditorStats: Base pass vertex shader: 42 instructions
[2026.01.02-12.39.48:463][161]MaterialEditorStats: Texture samplers: 2/16
[2026.01.02-12.39.48:609][178]Cmd: TRANSACTION UNDO
[2026.01.02-12.39.48:609][178]LogEditorTransaction: Undo Edit Affects World
[2026.01.02-12.39.48:611][178]LogMaterial: Display: Missing cached shadermap for M_Flour in PCD3D_SM5, Default, SM5 (DDC key hash: 2F18DCC7FD02B8294A7D3B7AF23C715A3680194D), compiling. 
[2026.01.02-12.39.48:612][178]MaterialEditorStats: Texture samplers: 0/16
[2026.01.02-12.39.48:638][181]MaterialEditorStats: Base pass shader: 118 instructions
[2026.01.02-12.39.48:638][181]MaterialEditorStats: Base pass shader with Surface Lightmap: 145 instructions
[2026.01.02-12.39.48:638][181]MaterialEditorStats: Base pass shader with Volumetric Lightmap: 192 instructions
[2026.01.02-12.39.48:638][181]MaterialEditorStats: Base pass vertex shader: 42 instructions
[2026.01.02-12.39.48:638][181]MaterialEditorStats: Texture samplers: 2/16
[2026.01.02-12.39.48:864][208]Cmd: TRANSACTION UNDO
[2026.01.02-12.39.48:864][208]LogEditorTransaction: Undo Edit Use Temperature
[2026.01.02-12.39.48:865][208]LogMaterial: Display: Missing cached shadermap for M_Flour in PCD3D_SM5, Default, SM5 (DDC key hash: 9D7226A57CE9574473FC72FA48AE6B706AABA035), compiling. 
[2026.01.02-12.39.48:866][208]MaterialEditorStats: Texture samplers: 0/16
[2026.01.02-12.39.48:927][211]MaterialEditorStats: Base pass shader: 118 instructions
[2026.01.02-12.39.48:927][211]MaterialEditorStats: Base pass shader with Surface Lightmap: 145 instructions
[2026.01.02-12.39.48:927][211]MaterialEditorStats: Base pass shader with Volumetric Lightmap: 192 instructions
[2026.01.02-12.39.48:927][211]MaterialEditorStats: Base pass vertex shader: 42 instructions
[2026.01.02-12.39.48:927][211]MaterialEditorStats: Texture samplers: 2/16
[2026.01.02-12.39.49:297][255]Cmd: TRANSACTION UNDO
[2026.01.02-12.39.49:297][255]LogEditorTransaction: Undo Edit Use Temperature
[2026.01.02-12.39.49:299][255]LogMaterial: Display: Missing cached shadermap for M_Flour in PCD3D_SM5, Default, SM5 (DDC key hash: 5C9007DDCB66CCC7CB525589B01F42B03F6A3197), compiling. 
[2026.01.02-12.39.49:300][255]MaterialEditorStats: Texture samplers: 0/16
[2026.01.02-12.39.49:326][258]MaterialEditorStats: Base pass shader: 118 instructions
[2026.01.02-12.39.49:326][258]MaterialEditorStats: Base pass shader with Surface Lightmap: 145 instructions
[2026.01.02-12.39.49:326][258]MaterialEditorStats: Base pass shader with Volumetric Lightmap: 192 instructions
[2026.01.02-12.39.49:326][258]MaterialEditorStats: Base pass vertex shader: 42 instructions
[2026.01.02-12.39.49:326][258]MaterialEditorStats: Texture samplers: 2/16
[2026.01.02-12.39.49:517][281]Cmd: TRANSACTION UNDO
[2026.01.02-12.39.49:517][281]LogEditorTransaction: Undo Edit Use Temperature
[2026.01.02-12.39.49:518][281]LogMaterial: Display: Missing cached shadermap for M_Flour in PCD3D_SM5, Default, SM5 (DDC key hash: C393180B85AF660C972E1A0957B733F6A0060AFB), compiling. 
[2026.01.02-12.39.49:520][281]MaterialEditorStats: Texture samplers: 0/16
[2026.01.02-12.39.49:545][284]MaterialEditorStats: Base pass shader: 118 instructions
[2026.01.02-12.39.49:546][284]MaterialEditorStats: Base pass shader with Surface Lightmap: 145 instructions
[2026.01.02-12.39.49:546][284]MaterialEditorStats: Base pass shader with Volumetric Lightmap: 192 instructions
[2026.01.02-12.39.49:546][284]MaterialEditorStats: Base pass vertex shader: 42 instructions
[2026.01.02-12.39.49:546][284]MaterialEditorStats: Texture samplers: 2/16
[2026.01.02-12.39.49:704][303]Cmd: TRANSACTION UNDO
[2026.01.02-12.39.49:704][303]LogEditorTransaction: Undo Clicking on Actors
[2026.01.02-12.39.49:714][303]LogMaterial: Display: Missing cached shadermap for M_Flour in PCD3D_SM5, Default, SM5 (DDC key hash: 3DF7910E2EA1F0BBB7C1F47A099723EA3EFD6662), compiling. 
[2026.01.02-12.39.49:715][303]MaterialEditorStats: Texture samplers: 0/16
[2026.01.02-12.39.49:765][306]MaterialEditorStats: Base pass shader: 118 instructions
[2026.01.02-12.39.49:765][306]MaterialEditorStats: Base pass shader with Surface Lightmap: 145 instructions
[2026.01.02-12.39.49:765][306]MaterialEditorStats: Base pass shader with Volumetric Lightmap: 192 instructions
[2026.01.02-12.39.49:765][306]MaterialEditorStats: Base pass vertex shader: 42 instructions
[2026.01.02-12.39.49:765][306]MaterialEditorStats: Texture samplers: 2/16
[2026.01.02-12.39.49:902][322]Cmd: TRANSACTION UNDO
[2026.01.02-12.39.49:902][322]LogEditorTransaction: Undo Clicking on Actors
[2026.01.02-12.39.49:909][322]LogMaterial: Display: Missing cached shadermap for M_Flour in PCD3D_SM5, Default, SM5 (DDC key hash: 1D1243A1F28E46D3D414E4A13BBA182D54CAB35C), compiling. 
[2026.01.02-12.39.49:911][322]MaterialEditorStats: Texture samplers: 0/16
[2026.01.02-12.39.49:940][325]MaterialEditorStats: Base pass shader: 118 instructions
[2026.01.02-12.39.49:940][325]MaterialEditorStats: Base pass shader with Surface Lightmap: 145 instructions
[2026.01.02-12.39.49:940][325]MaterialEditorStats: Base pass shader with Volumetric Lightmap: 192 instructions
[2026.01.02-12.39.49:941][325]MaterialEditorStats: Base pass vertex shader: 42 instructions
[2026.01.02-12.39.49:941][325]MaterialEditorStats: Texture samplers: 2/16
[2026.01.02-12.39.50:074][341]Cmd: TRANSACTION UNDO
[2026.01.02-12.39.50:074][341]LogEditorTransaction: Undo Clicking on Actors
[2026.01.02-12.39.50:083][341]LogMaterial: Display: Missing cached shadermap for M_Flour in PCD3D_SM5, Default, SM5 (DDC key hash: B07E783822196FC8854B5F0243C32C6B4D4320ED), compiling. 
[2026.01.02-12.39.50:085][341]MaterialEditorStats: Texture samplers: 0/16
[2026.01.02-12.39.50:119][344]MaterialEditorStats: Base pass shader: 118 instructions
[2026.01.02-12.39.50:119][344]MaterialEditorStats: Base pass shader with Surface Lightmap: 145 instructions
[2026.01.02-12.39.50:119][344]MaterialEditorStats: Base pass shader with Volumetric Lightmap: 192 instructions
[2026.01.02-12.39.50:119][344]MaterialEditorStats: Base pass vertex shader: 42 instructions
[2026.01.02-12.39.50:119][344]MaterialEditorStats: Texture samplers: 2/16
[2026.01.02-12.39.50:277][363]Cmd: TRANSACTION UNDO
[2026.01.02-12.39.50:277][363]LogEditorTransaction: Undo Clicking on Actors
[2026.01.02-12.39.50:285][363]LogMaterial: Display: Missing cached shadermap for M_Flour in PCD3D_SM5, Default, SM5 (DDC key hash: BBE5CD75EC92B9236E2A98F5E5996412E07E0F89), compiling. 
[2026.01.02-12.39.50:286][363]MaterialEditorStats: Texture samplers: 0/16
[2026.01.02-12.39.50:320][366]MaterialEditorStats: Base pass shader: 118 instructions
[2026.01.02-12.39.50:320][366]MaterialEditorStats: Base pass shader with Surface Lightmap: 145 instructions
[2026.01.02-12.39.50:320][366]MaterialEditorStats: Base pass shader with Volumetric Lightmap: 192 instructions
[2026.01.02-12.39.50:320][366]MaterialEditorStats: Base pass vertex shader: 42 instructions
[2026.01.02-12.39.50:320][366]MaterialEditorStats: Texture samplers: 2/16
[2026.01.02-12.39.50:667][407]Cmd: TRANSACTION UNDO
[2026.01.02-12.39.50:667][407]LogEditorTransaction: Undo Move Actors
[2026.01.02-12.39.50:669][407]LogMaterial: Display: Missing cached shadermap for M_Flour in PCD3D_SM5, Default, SM5 (DDC key hash: 443473D52DFCC3C02354C376F2A6BE6D74CB248B), compiling. 
[2026.01.02-12.39.50:670][407]MaterialEditorStats: Texture samplers: 0/16
[2026.01.02-12.39.50:697][410]MaterialEditorStats: Base pass shader: 118 instructions
[2026.01.02-12.39.50:697][410]MaterialEditorStats: Base pass shader with Surface Lightmap: 145 instructions
[2026.01.02-12.39.50:697][410]MaterialEditorStats: Base pass shader with Volumetric Lightmap: 192 instructions
[2026.01.02-12.39.50:697][410]MaterialEditorStats: Base pass vertex shader: 42 instructions
[2026.01.02-12.39.50:697][410]MaterialEditorStats: Texture samplers: 2/16
[2026.01.02-12.39.50:919][436]Cmd: TRANSACTION UNDO
[2026.01.02-12.39.50:919][436]LogEditorTransaction: Undo Paste
[2026.01.02-12.39.50:927][436]LogMaterial: Display: Missing cached shadermap for M_Flour in PCD3D_SM5, Default, SM5 (DDC key hash: 5FF4275F1A99B1695632B6F0361F30F8FF30F436), compiling. 
[2026.01.02-12.39.50:929][436]MaterialEditorStats: Texture samplers: 0/16
[2026.01.02-12.39.50:978][439]MaterialEditorStats: Base pass shader: 118 instructions
[2026.01.02-12.39.50:978][439]MaterialEditorStats: Base pass shader with Surface Lightmap: 145 instructions
[2026.01.02-12.39.50:978][439]MaterialEditorStats: Base pass shader with Volumetric Lightmap: 192 instructions
[2026.01.02-12.39.50:978][439]MaterialEditorStats: Base pass vertex shader: 42 instructions
[2026.01.02-12.39.50:978][439]MaterialEditorStats: Texture samplers: 2/16
[2026.01.02-12.39.51:361][485]Cmd: TRANSACTION UNDO
[2026.01.02-12.39.51:361][485]LogEditorTransaction: Undo Move Actors
[2026.01.02-12.39.51:363][485]LogMaterial: Display: Missing cached shadermap for M_Flour in PCD3D_SM5, Default, SM5 (DDC key hash: 27043D09D410B08AC42789304556350152992695), compiling. 
[2026.01.02-12.39.51:364][485]MaterialEditorStats: Texture samplers: 0/16
[2026.01.02-12.39.51:408][488]MaterialEditorStats: Base pass shader: 118 instructions
[2026.01.02-12.39.51:408][488]MaterialEditorStats: Base pass shader with Surface Lightmap: 145 instructions
[2026.01.02-12.39.51:408][488]MaterialEditorStats: Base pass shader with Volumetric Lightmap: 192 instructions
[2026.01.02-12.39.51:408][488]MaterialEditorStats: Base pass vertex shader: 42 instructions
[2026.01.02-12.39.51:408][488]MaterialEditorStats: Texture samplers: 2/16
[2026.01.02-12.39.51:719][525]Cmd: TRANSACTION UNDO
[2026.01.02-12.39.51:719][525]LogEditorTransaction: Undo Paste
[2026.01.02-12.39.51:727][525]LogMaterial: Display: Missing cached shadermap for M_Flour in PCD3D_SM5, Default, SM5 (DDC key hash: 64C077EF2CE51EDF9B1DEAEFDBA1FF899D959EAB), compiling. 
[2026.01.02-12.39.51:729][525]MaterialEditorStats: Texture samplers: 0/16
[2026.01.02-12.39.51:779][528]MaterialEditorStats: Base pass shader: 118 instructions
[2026.01.02-12.39.51:779][528]MaterialEditorStats: Base pass shader with Surface Lightmap: 145 instructions
[2026.01.02-12.39.51:779][528]MaterialEditorStats: Base pass shader with Volumetric Lightmap: 192 instructions
[2026.01.02-12.39.51:779][528]MaterialEditorStats: Base pass vertex shader: 42 instructions
[2026.01.02-12.39.51:779][528]MaterialEditorStats: Texture samplers: 2/16
[2026.01.02-12.39.52:254][585]Cmd: TRANSACTION UNDO
[2026.01.02-12.39.52:254][585]LogEditorTransaction: Undo Clicking on Actors
[2026.01.02-12.39.52:262][585]LogMaterial: Display: Missing cached shadermap for M_Flour in PCD3D_SM5, Default, SM5 (DDC key hash: 366F3F86178BA6A60EB15AB2C6A1A2F16AE81616), compiling. 
[2026.01.02-12.39.52:263][585]MaterialEditorStats: Texture samplers: 0/16
[2026.01.02-12.39.52:313][588]MaterialEditorStats: Base pass shader: 118 instructions
[2026.01.02-12.39.52:313][588]MaterialEditorStats: Base pass shader with Surface Lightmap: 145 instructions
[2026.01.02-12.39.52:313][588]MaterialEditorStats: Base pass shader with Volumetric Lightmap: 192 instructions
[2026.01.02-12.39.52:313][588]MaterialEditorStats: Base pass vertex shader: 42 instructions
[2026.01.02-12.39.52:313][588]MaterialEditorStats: Texture samplers: 2/16
[2026.01.02-12.39.54:876][878]LogEditorViewport: Clicking on Actor (LMB): StaticMeshActor (Floor7)
[2026.01.02-12.39.57:263][160]Cmd: DELETE
[2026.01.02-12.39.57:263][160]Cmd: ACTOR DELETE
[2026.01.02-12.39.57:264][160]LogEditorActor: Deleted Actor: StaticMeshActor
[2026.01.02-12.39.57:286][160]LogUObjectHash: Compacting FUObjectHashTables data took   1.78ms
[2026.01.02-12.39.57:287][160]LogEditorActor: Deleted 1 Actors (0.025 secs)
[2026.01.02-12.39.57:629][200]LogEditorViewport: Clicking on Actor (LMB): StaticMeshActor (Floor6)
[2026.01.02-12.39.57:729][209]Cmd: DELETE
[2026.01.02-12.39.57:729][209]Cmd: ACTOR DELETE
[2026.01.02-12.39.57:730][209]LogEditorActor: Deleted Actor: StaticMeshActor
[2026.01.02-12.39.57:751][209]LogUObjectHash: Compacting FUObjectHashTables data took   0.50ms
[2026.01.02-12.39.57:752][209]LogEditorActor: Deleted 1 Actors (0.022 secs)
[2026.01.02-12.39.58:929][349]LogEditorViewport: Clicking on Actor (LMB): StaticMeshActor (Floor9)
[2026.01.02-12.39.59:003][355]Cmd: DELETE
[2026.01.02-12.39.59:003][355]Cmd: ACTOR DELETE
[2026.01.02-12.39.59:004][355]LogEditorActor: Deleted Actor: StaticMeshActor
[2026.01.02-12.39.59:026][355]LogUObjectHash: Compacting FUObjectHashTables data took   0.50ms
[2026.01.02-12.39.59:027][355]LogEditorActor: Deleted 1 Actors (0.024 secs)
[2026.01.02-12.39.59:898][459]LogEditorViewport: Clicking on Actor (LMB): StaticMeshActor (Floor8)
[2026.01.02-12.40.00:173][489]Cmd: DELETE
[2026.01.02-12.40.00:173][489]Cmd: ACTOR DELETE
[2026.01.02-12.40.00:174][489]LogEditorActor: Deleted Actor: StaticMeshActor
[2026.01.02-12.40.00:196][489]LogUObjectHash: Compacting FUObjectHashTables data took   0.49ms
[2026.01.02-12.40.00:196][489]LogEditorActor: Deleted 1 Actors (0.023 secs)
[2026.01.02-12.40.00:977][581]LogEditorViewport: Clicking on Actor (LMB): StaticMeshActor (Floor10)
[2026.01.02-12.40.01:259][612]Cmd: DELETE
[2026.01.02-12.40.01:259][612]Cmd: ACTOR DELETE
[2026.01.02-12.40.01:260][612]LogEditorActor: Deleted Actor: StaticMeshActor
[2026.01.02-12.40.01:283][612]LogUObjectHash: Compacting FUObjectHashTables data took   0.49ms
[2026.01.02-12.40.01:283][612]LogEditorActor: Deleted 1 Actors (0.024 secs)
[2026.01.02-12.40.01:858][681]LogEditorViewport: Clicking on Actor (LMB): StaticMeshActor (Floor11)
[2026.01.02-12.40.02:132][711]Cmd: DELETE
[2026.01.02-12.40.02:132][711]Cmd: ACTOR DELETE
[2026.01.02-12.40.02:133][711]LogEditorActor: Deleted Actor: StaticMeshActor
[2026.01.02-12.40.02:155][711]LogUObjectHash: Compacting FUObjectHashTables data took   0.49ms
[2026.01.02-12.40.02:156][711]LogEditorActor: Deleted 1 Actors (0.023 secs)
[2026.01.02-12.40.04:730][ 20]Cmd: TRANSACTION UNDO
[2026.01.02-12.40.04:730][ 20]LogEditorTransaction: Undo Delete Actors
[2026.01.02-12.40.04:739][ 20]LogMaterial: Display: Missing cached shadermap for M_Flour in PCD3D_SM5, Default, SM5 (DDC key hash: 186A211D197FE32952185A662296158E6D2A71D0), compiling. 
[2026.01.02-12.40.04:742][ 20]MaterialEditorStats: Texture samplers: 0/16
[2026.01.02-12.40.04:828][ 23]MaterialEditorStats: Base pass shader: 118 instructions
[2026.01.02-12.40.04:828][ 23]MaterialEditorStats: Base pass shader with Surface Lightmap: 145 instructions
[2026.01.02-12.40.04:828][ 23]MaterialEditorStats: Base pass shader with Volumetric Lightmap: 192 instructions
[2026.01.02-12.40.04:828][ 23]MaterialEditorStats: Base pass vertex shader: 42 instructions
[2026.01.02-12.40.04:828][ 23]MaterialEditorStats: Texture samplers: 2/16
[2026.01.02-12.40.04:980][ 28]Cmd: TRANSACTION UNDO
[2026.01.02-12.40.04:980][ 28]LogEditorTransaction: Undo Clicking on Actors
[2026.01.02-12.40.04:980][ 28]LogMaterial: Display: Missing cached shadermap for M_Flour in PCD3D_SM5, Default, SM5 (DDC key hash: 934E5F1575BF6F6508A96ABE16E15968F49A3DD7), compiling. 
[2026.01.02-12.40.04:982][ 28]MaterialEditorStats: Texture samplers: 0/16
[2026.01.02-12.40.05:094][ 31]MaterialEditorStats: Base pass shader: 118 instructions
[2026.01.02-12.40.05:094][ 31]MaterialEditorStats: Base pass shader with Surface Lightmap: 145 instructions
[2026.01.02-12.40.05:094][ 31]MaterialEditorStats: Base pass shader with Volumetric Lightmap: 192 instructions
[2026.01.02-12.40.05:094][ 31]MaterialEditorStats: Base pass vertex shader: 42 instructions
[2026.01.02-12.40.05:094][ 31]MaterialEditorStats: Texture samplers: 2/16
[2026.01.02-12.40.05:228][ 35]Cmd: TRANSACTION UNDO
[2026.01.02-12.40.05:228][ 35]LogEditorTransaction: Undo Delete Actors
[2026.01.02-12.40.05:237][ 35]LogMaterial: Display: Missing cached shadermap for M_Flour in PCD3D_SM5, Default, SM5 (DDC key hash: 39DCEBBF2BBC73399E39AC8ED9DE15DA34F14E78), compiling. 
[2026.01.02-12.40.05:238][ 35]MaterialEditorStats: Texture samplers: 0/16
[2026.01.02-12.40.05:287][ 38]MaterialEditorStats: Texture samplers: 2/16
[2026.01.02-12.40.05:296][ 39]MaterialEditorStats: Base pass shader: 118 instructions
[2026.01.02-12.40.05:296][ 39]MaterialEditorStats: Base pass shader with Surface Lightmap: 145 instructions
[2026.01.02-12.40.05:296][ 39]MaterialEditorStats: Base pass shader with Volumetric Lightmap: 192 instructions
[2026.01.02-12.40.05:296][ 39]MaterialEditorStats: Base pass vertex shader: 42 instructions
[2026.01.02-12.40.05:296][ 39]MaterialEditorStats: Texture samplers: 2/16
[2026.01.02-12.40.05:595][ 75]Cmd: TRANSACTION UNDO
[2026.01.02-12.40.05:595][ 75]LogEditorTransaction: Undo Clicking on Actors
[2026.01.02-12.40.05:596][ 75]LogMaterial: Display: Missing cached shadermap for M_Flour in PCD3D_SM5, Default, SM5 (DDC key hash: 55ACFF1FE956764139305AED04C2A30280BE7CCB), compiling. 
[2026.01.02-12.40.05:598][ 75]MaterialEditorStats: Texture samplers: 0/16
[2026.01.02-12.40.05:655][ 78]MaterialEditorStats: Base pass shader: 118 instructions
[2026.01.02-12.40.05:655][ 78]MaterialEditorStats: Base pass shader with Surface Lightmap: 145 instructions
[2026.01.02-12.40.05:655][ 78]MaterialEditorStats: Base pass shader with Volumetric Lightmap: 192 instructions
[2026.01.02-12.40.05:655][ 78]MaterialEditorStats: Base pass vertex shader: 42 instructions
[2026.01.02-12.40.05:655][ 78]MaterialEditorStats: Texture samplers: 2/16
[2026.01.02-12.40.05:922][110]Cmd: TRANSACTION UNDO
[2026.01.02-12.40.05:922][110]LogEditorTransaction: Undo Delete Actors
[2026.01.02-12.40.05:931][110]LogMaterial: Display: Missing cached shadermap for M_Flour in PCD3D_SM5, Default, SM5 (DDC key hash: EEFEE310E914502AEA028FCE467472C329441019), compiling. 
[2026.01.02-12.40.05:933][110]MaterialEditorStats: Texture samplers: 0/16
[2026.01.02-12.40.05:989][113]MaterialEditorStats: Base pass shader: 118 instructions
[2026.01.02-12.40.05:989][113]MaterialEditorStats: Base pass shader with Surface Lightmap: 145 instructions
[2026.01.02-12.40.05:989][113]MaterialEditorStats: Base pass shader with Volumetric Lightmap: 192 instructions
[2026.01.02-12.40.05:989][113]MaterialEditorStats: Base pass vertex shader: 42 instructions
[2026.01.02-12.40.05:989][113]MaterialEditorStats: Texture samplers: 2/16
[2026.01.02-12.40.06:178][135]Cmd: TRANSACTION UNDO
[2026.01.02-12.40.06:178][135]LogEditorTransaction: Undo Clicking on Actors
[2026.01.02-12.40.06:179][135]LogMaterial: Display: Missing cached shadermap for M_Flour in PCD3D_SM5, Default, SM5 (DDC key hash: FE3331749AE073B8D64AA92DB26DB2011A3533F4), compiling. 
[2026.01.02-12.40.06:180][135]MaterialEditorStats: Texture samplers: 0/16
[2026.01.02-12.40.06:230][138]MaterialEditorStats: Base pass shader: 118 instructions
[2026.01.02-12.40.06:230][138]MaterialEditorStats: Base pass shader with Surface Lightmap: 145 instructions
[2026.01.02-12.40.06:230][138]MaterialEditorStats: Base pass shader with Volumetric Lightmap: 192 instructions
[2026.01.02-12.40.06:230][138]MaterialEditorStats: Base pass vertex shader: 42 instructions
[2026.01.02-12.40.06:230][138]MaterialEditorStats: Texture samplers: 2/16
[2026.01.02-12.40.06:531][174]Cmd: TRANSACTION UNDO
[2026.01.02-12.40.06:531][174]LogEditorTransaction: Undo Delete Actors
[2026.01.02-12.40.06:540][174]LogMaterial: Display: Missing cached shadermap for M_Flour in PCD3D_SM5, Default, SM5 (DDC key hash: 93E2314F2BBA901825E6BE06789953CDAE078049), compiling. 
[2026.01.02-12.40.06:541][174]MaterialEditorStats: Texture samplers: 0/16
[2026.01.02-12.40.06:600][177]MaterialEditorStats: Base pass shader: 118 instructions
[2026.01.02-12.40.06:600][177]MaterialEditorStats: Base pass shader with Surface Lightmap: 145 instructions
[2026.01.02-12.40.06:600][177]MaterialEditorStats: Base pass shader with Volumetric Lightmap: 192 instructions
[2026.01.02-12.40.06:600][177]MaterialEditorStats: Base pass vertex shader: 42 instructions
[2026.01.02-12.40.06:600][177]MaterialEditorStats: Texture samplers: 2/16
[2026.01.02-12.40.08:620][419]LogEditorViewport: Clicking on Actor (LMB): StaticMeshActor (Floor5)
[2026.01.02-12.40.16:926][215]LogEditorViewport: Clicking on Actor (LMB): StaticMeshActor (Floor9)
[2026.01.02-12.40.21:375][746]Cmd: DELETE
[2026.01.02-12.40.21:375][746]Cmd: ACTOR DELETE
[2026.01.02-12.40.21:376][746]LogEditorActor: Deleted Actor: StaticMeshActor
[2026.01.02-12.40.21:397][746]LogUObjectHash: Compacting FUObjectHashTables data took   0.49ms
[2026.01.02-12.40.21:399][746]LogEditorActor: Deleted 1 Actors (0.024 secs)
[2026.01.02-12.40.21:857][801]LogEditorViewport: Clicking on Actor (LMB): StaticMeshActor (Floor8)
[2026.01.02-12.40.22:015][817]Cmd: DELETE
[2026.01.02-12.40.22:015][817]Cmd: ACTOR DELETE
[2026.01.02-12.40.22:016][817]LogEditorActor: Deleted Actor: StaticMeshActor
[2026.01.02-12.40.22:037][817]LogUObjectHash: Compacting FUObjectHashTables data took   0.49ms
[2026.01.02-12.40.22:038][817]LogEditorActor: Deleted 1 Actors (0.023 secs)
[2026.01.02-12.40.22:545][878]LogEditorViewport: Clicking on Actor (LMB): StaticMeshActor (Floor11)
[2026.01.02-12.40.22:646][887]Cmd: DELETE
[2026.01.02-12.40.22:646][887]Cmd: ACTOR DELETE
[2026.01.02-12.40.22:647][887]LogEditorActor: Deleted Actor: StaticMeshActor
[2026.01.02-12.40.22:667][887]LogUObjectHash: Compacting FUObjectHashTables data took   0.50ms
[2026.01.02-12.40.22:668][887]LogEditorActor: Deleted 1 Actors (0.022 secs)
[2026.01.02-12.40.23:058][934]LogEditorViewport: Clicking on Actor (LMB): StaticMeshActor (Floor10)
[2026.01.02-12.40.23:226][951]Cmd: DELETE
[2026.01.02-12.40.23:226][951]Cmd: ACTOR DELETE
[2026.01.02-12.40.23:227][951]LogEditorActor: Deleted Actor: StaticMeshActor
[2026.01.02-12.40.23:247][951]LogUObjectHash: Compacting FUObjectHashTables data took   0.49ms
[2026.01.02-12.40.23:248][951]LogEditorActor: Deleted 1 Actors (0.023 secs)
[2026.01.02-12.40.24:481][ 99]LogEditorViewport: Clicking on Actor (LMB): StaticMeshActor (Floor5)
[2026.01.02-12.40.25:322][197]Cmd: EDIT COPY
[2026.01.02-12.40.25:847][260]Cmd: EDIT PASTE
[2026.01.02-12.40.27:787][489]Cmd: EDIT PASTE
[2026.01.02-12.40.29:898][739]Cmd: EDIT PASTE
[2026.01.02-12.40.32:002][988]Cmd: EDIT PASTE
[2026.01.02-12.40.35:924][455]LogEditorViewport: Clicking on Actor (LMB): StaticMeshActor (Floor5)
[2026.01.02-12.40.36:298][497]LogEditorViewport: Clicking on Actor (LMB): StaticMeshActor (Floor6)
[2026.01.02-12.40.37:022][581]LogEditorViewport: Clicking on Actor (LMB): StaticMeshActor (Floor7)
[2026.01.02-12.40.37:389][622]LogEditorViewport: Clicking on Actor (LMB): StaticMeshActor (Floor8)
[2026.01.02-12.40.37:771][665]LogEditorViewport: Clicking on Actor (LMB): StaticMeshActor (Floor9)
[2026.01.02-12.40.38:271][722]LogEditorViewport: Clicking on Actor (LMB): StaticMeshActor (Floor5)
[2026.01.02-12.40.38:554][753]LogEditorViewport: Clicking on Actor (LMB): StaticMeshActor (Floor6)
[2026.01.02-12.40.40:012][925]LogEditorViewport: Clicking on Actor (CTRL LMB): StaticMeshActor (Floor5)
[2026.01.02-12.40.40:445][974]Cmd: EDIT COPY
[2026.01.02-12.40.40:620][995]Cmd: EDIT PASTE
[2026.01.02-12.40.47:871][839]LogEditorViewport: Clicking on Actor (CTRL LMB): StaticMeshActor (Floor5)
[2026.01.02-12.40.48:204][870]LogEditorViewport: Clicking on Actor (CTRL LMB): StaticMeshActor (Floor6)
[2026.01.02-12.40.48:562][904]LogEditorViewport: Clicking on Actor (CTRL LMB): StaticMeshActor (Floor7)
[2026.01.02-12.40.49:188][976]LogEditorViewport: Clicking on Actor (CTRL LMB): StaticMeshActor (Floor8)
[2026.01.02-12.40.50:087][ 80]LogEditorViewport: Clicking on Actor (CTRL LMB): StaticMeshActor (Floor9)
[2026.01.02-12.40.52:252][337]Cmd: EDIT COPY
[2026.01.02-12.40.52:460][362]Cmd: EDIT PASTE
[2026.01.02-12.40.55:644][740]Cmd: EDIT COPY
[2026.01.02-12.40.55:869][767]Cmd: EDIT PASTE
[2026.01.02-12.40.58:505][ 78]LogTemp: Repeating last play command: Selected Viewport
[2026.01.02-12.40.58:509][ 78]LogPlayLevel: PlayLevel: No blueprints needed recompiling
[2026.01.02-12.40.58:509][ 78]PIE: New page: PIE session: 02Boss (2 січ. 2026 р., 16:40:58)
[2026.01.02-12.40.58:529][ 78]LogPlayLevel: Creating play world package: /Game/Maps/UEDPIE_0_02Boss
[2026.01.02-12.40.58:531][ 78]LogPlayLevel: PIE: StaticDuplicateObject took: (0.002118s)
[2026.01.02-12.40.58:532][ 78]LogAIModule: Creating AISystem for world 02Boss
[2026.01.02-12.40.58:532][ 78]LogPlayLevel: PIE: World Init took: (0.000636s)
[2026.01.02-12.40.58:532][ 78]LogPlayLevel: PIE: Created PIE world by copying editor world from /Game/Maps/02Boss.02Boss to /Game/Maps/UEDPIE_0_02Boss.02Boss (0.002841s)
[2026.01.02-12.40.58:559][ 78]LogUObjectHash: Compacting FUObjectHashTables data took   1.93ms
[2026.01.02-12.40.58:560][ 78]LogAudio: Display: Creating Audio Device:                 Id: 28, Scope: Unique, Realtime: True
[2026.01.02-12.40.58:560][ 78]LogAudioMixer: Display: Audio Mixer Platform Settings:
[2026.01.02-12.40.58:560][ 78]LogAudioMixer: Display: 	Sample Rate:						  48000
[2026.01.02-12.40.58:560][ 78]LogAudioMixer: Display: 	Callback Buffer Frame Size Requested: 1024
[2026.01.02-12.40.58:560][ 78]LogAudioMixer: Display: 	Callback Buffer Frame Size To Use:	  1024
[2026.01.02-12.40.58:560][ 78]LogAudioMixer: Display: 	Number of buffers to queue:			  2
[2026.01.02-12.40.58:560][ 78]LogAudioMixer: Display: 	Max Channels (voices):				  32
[2026.01.02-12.40.58:560][ 78]LogAudioMixer: Display: 	Number of Async Source Workers:		  0
[2026.01.02-12.40.58:560][ 78]LogAudio: Display: AudioDevice MaxSources: 32
[2026.01.02-12.40.58:560][ 78]LogAudio: Display: Audio Spatialization Plugin: None (built-in).
[2026.01.02-12.40.58:560][ 78]LogAudio: Display: Audio Reverb Plugin: None (built-in).
[2026.01.02-12.40.58:560][ 78]LogAudio: Display: Audio Occlusion Plugin: None (built-in).
[2026.01.02-12.40.58:560][ 78]LogAudioMixer: Display: Initializing audio mixer.
[2026.01.02-12.40.58:564][ 78]LogAudioMixer: Display: 0: FrontLeft
[2026.01.02-12.40.58:564][ 78]LogAudioMixer: Display: 1: FrontRight
[2026.01.02-12.40.58:572][ 78]LogAudioMixer: Display: Using Audio Device Speakers (Realtek(R) Audio)
[2026.01.02-12.40.58:572][ 78]LogAudioMixer: Display: Initializing Sound Submixes...
[2026.01.02-12.40.58:572][ 78]LogAudioMixer: Display: Creating Master Submix 'MasterSubmixDefault'
[2026.01.02-12.40.58:572][ 78]LogAudioMixer: Display: Creating Master Submix 'MasterReverbSubmixDefault'
[2026.01.02-12.40.58:572][ 78]LogAudioMixer: Display: Creating Master Submix 'MasterEQSubmixDefault'
[2026.01.02-12.40.58:572][ 78]LogAudioMixer: FMixerPlatformXAudio2::StartAudioStream() called
[2026.01.02-12.40.58:572][ 78]LogAudioMixer: Display: Output buffers initialized: Frames=1024, Channels=2, Samples=2048
[2026.01.02-12.40.58:573][ 78]LogAudioMixer: Display: Starting AudioMixerPlatformInterface::RunInternal()
[2026.01.02-12.40.58:573][ 78]LogAudioMixer: Display: FMixerPlatformXAudio2::SubmitBuffer() called for the first time
[2026.01.02-12.40.58:573][ 78]LogInit: FAudioDevice initialized.
[2026.01.02-12.40.58:573][ 78]LogAudio: Display: Audio Device (ID: 28) registered with world '02Boss'.
[2026.01.02-12.40.58:579][ 78]LogLoad: Game class is 'BP_Gameplay_GameMode_C'
[2026.01.02-12.40.58:580][ 78]LogWorld: Bringing World /Game/Maps/UEDPIE_0_02Boss.02Boss up for play (max tick rate 0) at 2026.01.02-14.40.58
[2026.01.02-12.40.58:580][ 78]LogWorld: Bringing up level for play took: 0.000693
[2026.01.02-12.40.58:581][ 78]LogOnline: OSS: Creating online subsystem instance for: :Context_51
[2026.01.02-12.40.58:583][ 78]PIE: Server logged in
[2026.01.02-12.40.58:583][ 78]PIE: Play in editor total start time 0,075 seconds.
[2026.01.02-12.41.06:755][ 57]LogBlueprintUserMessages: [BP_Enemy15] RIP
[2026.01.02-12.41.08:562][269]LogSlate: Updating window title bar state: overlay mode, drag disabled, window buttons hidden, title bar hidden
[2026.01.02-12.41.08:562][269]LogWorld: BeginTearingDown for /Game/Maps/UEDPIE_0_02Boss
[2026.01.02-12.41.08:562][269]LogWorld: UWorld::CleanupWorld for 02Boss, bSessionEnded=true, bCleanupResources=true
[2026.01.02-12.41.08:562][269]LogSlate: InvalidateAllWidgets triggered.  All widgets were invalidated
[2026.01.02-12.41.08:572][269]LogPlayLevel: Display: Shutting down PIE online subsystems
[2026.01.02-12.41.08:584][269]LogSlate: InvalidateAllWidgets triggered.  All widgets were invalidated
[2026.01.02-12.41.08:606][269]LogAudio: Display: Audio Device unregistered from world 'None'.
[2026.01.02-12.41.08:606][269]LogAudioMixer: FMixerPlatformXAudio2::StopAudioStream() called
[2026.01.02-12.41.08:607][269]LogAudioMixer: FMixerPlatformXAudio2::StopAudioStream() called
[2026.01.02-12.41.08:608][269]LogSlate: Updating window title bar state: overlay mode, drag disabled, window buttons hidden, title bar hidden
[2026.01.02-12.41.08:611][269]LogUObjectHash: Compacting FUObjectHashTables data took   1.85ms
[2026.01.02-12.41.08:640][270]LogPlayLevel: Display: Destroying online subsystem :Context_51
[2026.01.02-12.41.13:894][865]LogEditorViewport: Clicking on Actor (LMB): DirectionalLight (DirectionalLight)
[2026.01.02-12.41.37:757][663]LogTemp: Repeating last play command: Selected Viewport
[2026.01.02-12.41.37:761][663]LogPlayLevel: PlayLevel: No blueprints needed recompiling
[2026.01.02-12.41.37:761][663]PIE: New page: PIE session: 02Boss (2 січ. 2026 р., 16:41:37)
[2026.01.02-12.41.37:781][663]LogPlayLevel: Creating play world package: /Game/Maps/UEDPIE_0_02Boss
[2026.01.02-12.41.37:783][663]LogPlayLevel: PIE: StaticDuplicateObject took: (0.002146s)
[2026.01.02-12.41.37:784][663]LogAIModule: Creating AISystem for world 02Boss
[2026.01.02-12.41.37:784][663]LogPlayLevel: PIE: World Init took: (0.000717s)
[2026.01.02-12.41.37:784][663]LogPlayLevel: PIE: Created PIE world by copying editor world from /Game/Maps/02Boss.02Boss to /Game/Maps/UEDPIE_0_02Boss.02Boss (0.002991s)
[2026.01.02-12.41.37:810][663]LogUObjectHash: Compacting FUObjectHashTables data took   2.11ms
[2026.01.02-12.41.37:811][663]LogAudio: Display: Creating Audio Device:                 Id: 29, Scope: Unique, Realtime: True
[2026.01.02-12.41.37:811][663]LogAudioMixer: Display: Audio Mixer Platform Settings:
[2026.01.02-12.41.37:811][663]LogAudioMixer: Display: 	Sample Rate:						  48000
[2026.01.02-12.41.37:811][663]LogAudioMixer: Display: 	Callback Buffer Frame Size Requested: 1024
[2026.01.02-12.41.37:811][663]LogAudioMixer: Display: 	Callback Buffer Frame Size To Use:	  1024
[2026.01.02-12.41.37:811][663]LogAudioMixer: Display: 	Number of buffers to queue:			  2
[2026.01.02-12.41.37:811][663]LogAudioMixer: Display: 	Max Channels (voices):				  32
[2026.01.02-12.41.37:811][663]LogAudioMixer: Display: 	Number of Async Source Workers:		  0
[2026.01.02-12.41.37:811][663]LogAudio: Display: AudioDevice MaxSources: 32
[2026.01.02-12.41.37:811][663]LogAudio: Display: Audio Spatialization Plugin: None (built-in).
[2026.01.02-12.41.37:811][663]LogAudio: Display: Audio Reverb Plugin: None (built-in).
[2026.01.02-12.41.37:811][663]LogAudio: Display: Audio Occlusion Plugin: None (built-in).
[2026.01.02-12.41.37:811][663]LogAudioMixer: Display: Initializing audio mixer.
[2026.01.02-12.41.37:814][663]LogAudioMixer: Display: 0: FrontLeft
[2026.01.02-12.41.37:814][663]LogAudioMixer: Display: 1: FrontRight
[2026.01.02-12.41.37:822][663]LogAudioMixer: Display: Using Audio Device Speakers (Realtek(R) Audio)
[2026.01.02-12.41.37:823][663]LogAudioMixer: Display: Initializing Sound Submixes...
[2026.01.02-12.41.37:823][663]LogAudioMixer: Display: Creating Master Submix 'MasterSubmixDefault'
[2026.01.02-12.41.37:823][663]LogAudioMixer: Display: Creating Master Submix 'MasterReverbSubmixDefault'
[2026.01.02-12.41.37:823][663]LogAudioMixer: Display: Creating Master Submix 'MasterEQSubmixDefault'
[2026.01.02-12.41.37:823][663]LogAudioMixer: FMixerPlatformXAudio2::StartAudioStream() called
[2026.01.02-12.41.37:823][663]LogAudioMixer: Display: Output buffers initialized: Frames=1024, Channels=2, Samples=2048
[2026.01.02-12.41.37:824][663]LogAudioMixer: Display: Starting AudioMixerPlatformInterface::RunInternal()
[2026.01.02-12.41.37:824][663]LogAudioMixer: Display: FMixerPlatformXAudio2::SubmitBuffer() called for the first time
[2026.01.02-12.41.37:824][663]LogInit: FAudioDevice initialized.
[2026.01.02-12.41.37:824][663]LogAudio: Display: Audio Device (ID: 29) registered with world '02Boss'.
[2026.01.02-12.41.37:828][663]LogLoad: Game class is 'BP_Gameplay_GameMode_C'
[2026.01.02-12.41.37:829][663]LogWorld: Bringing World /Game/Maps/UEDPIE_0_02Boss.02Boss up for play (max tick rate 0) at 2026.01.02-14.41.37
[2026.01.02-12.41.37:829][663]LogWorld: Bringing up level for play took: 0.000681
[2026.01.02-12.41.37:830][663]LogOnline: OSS: Creating online subsystem instance for: :Context_52
[2026.01.02-12.41.37:832][663]PIE: Server logged in
[2026.01.02-12.41.37:832][663]PIE: Play in editor total start time 0,072 seconds.
[2026.01.02-12.41.52:543][424]LogSlate: Updating window title bar state: overlay mode, drag disabled, window buttons hidden, title bar hidden
[2026.01.02-12.41.52:543][424]LogWorld: BeginTearingDown for /Game/Maps/UEDPIE_0_02Boss
[2026.01.02-12.41.52:543][424]LogWorld: UWorld::CleanupWorld for 02Boss, bSessionEnded=true, bCleanupResources=true
[2026.01.02-12.41.52:543][424]LogSlate: InvalidateAllWidgets triggered.  All widgets were invalidated
[2026.01.02-12.41.52:549][424]LogPlayLevel: Display: Shutting down PIE online subsystems
[2026.01.02-12.41.52:558][424]LogSlate: InvalidateAllWidgets triggered.  All widgets were invalidated
[2026.01.02-12.41.52:581][424]LogSlate: Updating window title bar state: overlay mode, drag disabled, window buttons hidden, title bar hidden
[2026.01.02-12.41.52:581][424]LogAudioMixer: FMixerPlatformXAudio2::StopAudioStream() called
[2026.01.02-12.41.52:582][424]LogAudioMixer: FMixerPlatformXAudio2::StopAudioStream() called
[2026.01.02-12.41.52:587][424]LogUObjectHash: Compacting FUObjectHashTables data took   1.85ms
[2026.01.02-12.41.52:613][425]LogPlayLevel: Display: Destroying online subsystem :Context_52
[2026.01.02-12.41.53:951][578]LogTemp: Repeating last play command: Selected Viewport
[2026.01.02-12.41.53:955][578]LogPlayLevel: PlayLevel: No blueprints needed recompiling
[2026.01.02-12.41.53:955][578]PIE: New page: PIE session: 02Boss (2 січ. 2026 р., 16:41:53)
[2026.01.02-12.41.54:001][578]LogPlayLevel: Creating play world package: /Game/Maps/UEDPIE_0_02Boss
[2026.01.02-12.41.54:006][578]LogPlayLevel: PIE: StaticDuplicateObject took: (0.004930s)
[2026.01.02-12.41.54:007][578]LogAIModule: Creating AISystem for world 02Boss
[2026.01.02-12.41.54:007][578]LogPlayLevel: PIE: World Init took: (0.000895s)
[2026.01.02-12.41.54:007][578]LogPlayLevel: PIE: Created PIE world by copying editor world from /Game/Maps/02Boss.02Boss to /Game/Maps/UEDPIE_0_02Boss.02Boss (0.006027s)
[2026.01.02-12.41.54:034][578]LogUObjectHash: Compacting FUObjectHashTables data took   1.79ms
[2026.01.02-12.41.54:034][578]LogAudio: Display: Creating Audio Device:                 Id: 30, Scope: Unique, Realtime: True
[2026.01.02-12.41.54:034][578]LogAudioMixer: Display: Audio Mixer Platform Settings:
[2026.01.02-12.41.54:034][578]LogAudioMixer: Display: 	Sample Rate:						  48000
[2026.01.02-12.41.54:034][578]LogAudioMixer: Display: 	Callback Buffer Frame Size Requested: 1024
[2026.01.02-12.41.54:034][578]LogAudioMixer: Display: 	Callback Buffer Frame Size To Use:	  1024
[2026.01.02-12.41.54:034][578]LogAudioMixer: Display: 	Number of buffers to queue:			  2
[2026.01.02-12.41.54:034][578]LogAudioMixer: Display: 	Max Channels (voices):				  32
[2026.01.02-12.41.54:034][578]LogAudioMixer: Display: 	Number of Async Source Workers:		  0
[2026.01.02-12.41.54:034][578]LogAudio: Display: AudioDevice MaxSources: 32
[2026.01.02-12.41.54:035][578]LogAudio: Display: Audio Spatialization Plugin: None (built-in).
[2026.01.02-12.41.54:035][578]LogAudio: Display: Audio Reverb Plugin: None (built-in).
[2026.01.02-12.41.54:035][578]LogAudio: Display: Audio Occlusion Plugin: None (built-in).
[2026.01.02-12.41.54:035][578]LogAudioMixer: Display: Initializing audio mixer.
[2026.01.02-12.41.54:038][578]LogAudioMixer: Display: 0: FrontLeft
[2026.01.02-12.41.54:038][578]LogAudioMixer: Display: 1: FrontRight
[2026.01.02-12.41.54:046][578]LogAudioMixer: Display: Using Audio Device Speakers (Realtek(R) Audio)
[2026.01.02-12.41.54:046][578]LogAudioMixer: Display: Initializing Sound Submixes...
[2026.01.02-12.41.54:046][578]LogAudioMixer: Display: Creating Master Submix 'MasterSubmixDefault'
[2026.01.02-12.41.54:046][578]LogAudioMixer: Display: Creating Master Submix 'MasterReverbSubmixDefault'
[2026.01.02-12.41.54:046][578]LogAudioMixer: Display: Creating Master Submix 'MasterEQSubmixDefault'
[2026.01.02-12.41.54:046][578]LogAudioMixer: FMixerPlatformXAudio2::StartAudioStream() called
[2026.01.02-12.41.54:046][578]LogAudioMixer: Display: Output buffers initialized: Frames=1024, Channels=2, Samples=2048
[2026.01.02-12.41.54:047][578]LogAudioMixer: Display: Starting AudioMixerPlatformInterface::RunInternal()
[2026.01.02-12.41.54:047][578]LogAudioMixer: Display: FMixerPlatformXAudio2::SubmitBuffer() called for the first time
[2026.01.02-12.41.54:047][578]LogInit: FAudioDevice initialized.
[2026.01.02-12.41.54:047][578]LogAudio: Display: Audio Device (ID: 30) registered with world '02Boss'.
[2026.01.02-12.41.54:051][578]LogLoad: Game class is 'BP_Gameplay_GameMode_C'
[2026.01.02-12.41.54:052][578]LogWorld: Bringing World /Game/Maps/UEDPIE_0_02Boss.02Boss up for play (max tick rate 0) at 2026.01.02-14.41.54
[2026.01.02-12.41.54:052][578]LogWorld: Bringing up level for play took: 0.000696
[2026.01.02-12.41.54:052][578]LogOnline: OSS: Creating online subsystem instance for: :Context_53
[2026.01.02-12.41.54:055][578]PIE: Server logged in
[2026.01.02-12.41.54:055][578]PIE: Play in editor total start time 0,101 seconds.
[2026.01.02-12.41.59:558][237]LogBlueprintUserMessages: [BP_Enemy15] RIP
[2026.01.02-12.42.00:722][374]LogSlate: Updating window title bar state: overlay mode, drag disabled, window buttons hidden, title bar hidden
[2026.01.02-12.42.00:723][374]LogWorld: BeginTearingDown for /Game/Maps/UEDPIE_0_02Boss
[2026.01.02-12.42.00:723][374]LogWorld: UWorld::CleanupWorld for 02Boss, bSessionEnded=true, bCleanupResources=true
[2026.01.02-12.42.00:723][374]LogSlate: InvalidateAllWidgets triggered.  All widgets were invalidated
[2026.01.02-12.42.00:728][374]LogPlayLevel: Display: Shutting down PIE online subsystems
[2026.01.02-12.42.00:737][374]LogSlate: InvalidateAllWidgets triggered.  All widgets were invalidated
[2026.01.02-12.42.00:758][374]LogSlate: Updating window title bar state: overlay mode, drag disabled, window buttons hidden, title bar hidden
[2026.01.02-12.42.00:759][374]LogAudioMixer: FMixerPlatformXAudio2::StopAudioStream() called
[2026.01.02-12.42.00:759][374]LogAudioMixer: FMixerPlatformXAudio2::StopAudioStream() called
[2026.01.02-12.42.00:763][374]LogUObjectHash: Compacting FUObjectHashTables data took   1.82ms
[2026.01.02-12.42.00:822][376]LogPlayLevel: Display: Destroying online subsystem :Context_53
[2026.01.02-12.42.27:411][516]LogTemp: Repeating last play command: Selected Viewport
[2026.01.02-12.42.27:414][516]LogPlayLevel: PlayLevel: No blueprints needed recompiling
[2026.01.02-12.42.27:414][516]PIE: New page: PIE session: 02Boss (2 січ. 2026 р., 16:42:27)
[2026.01.02-12.42.27:452][516]LogPlayLevel: Creating play world package: /Game/Maps/UEDPIE_0_02Boss
[2026.01.02-12.42.27:456][516]LogPlayLevel: PIE: StaticDuplicateObject took: (0.004037s)
[2026.01.02-12.42.27:457][516]LogAIModule: Creating AISystem for world 02Boss
[2026.01.02-12.42.27:457][516]LogPlayLevel: PIE: World Init took: (0.000846s)
[2026.01.02-12.42.27:457][516]LogPlayLevel: PIE: Created PIE world by copying editor world from /Game/Maps/02Boss.02Boss to /Game/Maps/UEDPIE_0_02Boss.02Boss (0.005043s)
[2026.01.02-12.42.27:485][516]LogUObjectHash: Compacting FUObjectHashTables data took   1.80ms
[2026.01.02-12.42.27:487][516]LogAudio: Display: Creating Audio Device:                 Id: 31, Scope: Unique, Realtime: True
[2026.01.02-12.42.27:487][516]LogAudioMixer: Display: Audio Mixer Platform Settings:
[2026.01.02-12.42.27:487][516]LogAudioMixer: Display: 	Sample Rate:						  48000
[2026.01.02-12.42.27:487][516]LogAudioMixer: Display: 	Callback Buffer Frame Size Requested: 1024
[2026.01.02-12.42.27:487][516]LogAudioMixer: Display: 	Callback Buffer Frame Size To Use:	  1024
[2026.01.02-12.42.27:487][516]LogAudioMixer: Display: 	Number of buffers to queue:			  2
[2026.01.02-12.42.27:487][516]LogAudioMixer: Display: 	Max Channels (voices):				  32
[2026.01.02-12.42.27:487][516]LogAudioMixer: Display: 	Number of Async Source Workers:		  0
[2026.01.02-12.42.27:487][516]LogAudio: Display: AudioDevice MaxSources: 32
[2026.01.02-12.42.27:487][516]LogAudio: Display: Audio Spatialization Plugin: None (built-in).
[2026.01.02-12.42.27:487][516]LogAudio: Display: Audio Reverb Plugin: None (built-in).
[2026.01.02-12.42.27:487][516]LogAudio: Display: Audio Occlusion Plugin: None (built-in).
[2026.01.02-12.42.27:487][516]LogAudioMixer: Display: Initializing audio mixer.
[2026.01.02-12.42.27:490][516]LogAudioMixer: Display: 0: FrontLeft
[2026.01.02-12.42.27:490][516]LogAudioMixer: Display: 1: FrontRight
[2026.01.02-12.42.27:498][516]LogAudioMixer: Display: Using Audio Device Speakers (Realtek(R) Audio)
[2026.01.02-12.42.27:498][516]LogAudioMixer: Display: Initializing Sound Submixes...
[2026.01.02-12.42.27:498][516]LogAudioMixer: Display: Creating Master Submix 'MasterSubmixDefault'
[2026.01.02-12.42.27:498][516]LogAudioMixer: Display: Creating Master Submix 'MasterReverbSubmixDefault'
[2026.01.02-12.42.27:499][516]LogAudioMixer: Display: Creating Master Submix 'MasterEQSubmixDefault'
[2026.01.02-12.42.27:499][516]LogAudioMixer: FMixerPlatformXAudio2::StartAudioStream() called
[2026.01.02-12.42.27:499][516]LogAudioMixer: Display: Output buffers initialized: Frames=1024, Channels=2, Samples=2048
[2026.01.02-12.42.27:499][516]LogAudioMixer: Display: Starting AudioMixerPlatformInterface::RunInternal()
[2026.01.02-12.42.27:499][516]LogAudioMixer: Display: FMixerPlatformXAudio2::SubmitBuffer() called for the first time
[2026.01.02-12.42.27:499][516]LogInit: FAudioDevice initialized.
[2026.01.02-12.42.27:499][516]LogAudio: Display: Audio Device (ID: 31) registered with world '02Boss'.
[2026.01.02-12.42.27:506][516]LogLoad: Game class is 'BP_Gameplay_GameMode_C'
[2026.01.02-12.42.27:507][516]LogWorld: Bringing World /Game/Maps/UEDPIE_0_02Boss.02Boss up for play (max tick rate 0) at 2026.01.02-14.42.27
[2026.01.02-12.42.27:507][516]LogWorld: Bringing up level for play took: 0.000661
[2026.01.02-12.42.27:507][516]LogOnline: OSS: Creating online subsystem instance for: :Context_54
[2026.01.02-12.42.27:510][516]PIE: Server logged in
[2026.01.02-12.42.27:510][516]PIE: Play in editor total start time 0,096 seconds.
[2026.01.02-12.42.37:013][652]LogSlate: Updating window title bar state: overlay mode, drag disabled, window buttons hidden, title bar hidden
[2026.01.02-12.42.37:013][652]LogWorld: BeginTearingDown for /Game/Maps/UEDPIE_0_02Boss
[2026.01.02-12.42.37:013][652]LogWorld: UWorld::CleanupWorld for 02Boss, bSessionEnded=true, bCleanupResources=true
[2026.01.02-12.42.37:013][652]LogSlate: InvalidateAllWidgets triggered.  All widgets were invalidated
[2026.01.02-12.42.37:019][652]LogPlayLevel: Display: Shutting down PIE online subsystems
[2026.01.02-12.42.37:028][652]LogSlate: InvalidateAllWidgets triggered.  All widgets were invalidated
[2026.01.02-12.42.37:050][652]LogSlate: Updating window title bar state: overlay mode, drag disabled, window buttons hidden, title bar hidden
[2026.01.02-12.42.37:051][652]LogAudioMixer: FMixerPlatformXAudio2::StopAudioStream() called
[2026.01.02-12.42.37:051][652]LogAudioMixer: FMixerPlatformXAudio2::StopAudioStream() called
[2026.01.02-12.42.37:056][652]LogUObjectHash: Compacting FUObjectHashTables data took   1.85ms
[2026.01.02-12.42.37:115][654]LogPlayLevel: Display: Destroying online subsystem :Context_54
[2026.01.02-12.42.46:922][958]Cmd: OBJ SAVEPACKAGE PACKAGE="/Game/Maps/02Boss" FILE="D:/Artemii/Game/Game/Content/Maps/02Boss.umap" SILENT=true AUTOSAVING=false KEEPDIRTY=false
[2026.01.02-12.42.46:947][958]LogUObjectHash: Compacting FUObjectHashTables data took   1.74ms
[2026.01.02-12.42.46:954][958]LogSavePackage: Moving 'D:/Artemii/Game/Game/Saved/02Boss7038DD3C403B4F62B66950A27F1C5F09.tmp' to 'D:/Artemii/Game/Game/Content/Maps/02Boss.umap'
[2026.01.02-12.42.46:969][958]AssetCheck: New page: Asset Save: 02Boss
[2026.01.02-12.42.46:969][958]LogContentValidation: Display: Validating World /Game/Maps/02Boss.02Boss
[2026.01.02-12.42.47:156][966]Cmd: OBJ SAVEPACKAGE PACKAGE="/Game/Maps/02Boss" FILE="D:/Artemii/Game/Game/Content/Maps/02Boss.umap" SILENT=true AUTOSAVING=false KEEPDIRTY=false
[2026.01.02-12.42.47:183][966]LogUObjectHash: Compacting FUObjectHashTables data took   1.51ms
[2026.01.02-12.42.47:196][966]LogSavePackage: Moving 'D:/Artemii/Game/Game/Saved/02Boss8682CBC54A6C381841ADA7A9F1B3D0AD.tmp' to 'D:/Artemii/Game/Game/Content/Maps/02Boss.umap'
[2026.01.02-12.42.47:208][966]AssetCheck: New page: Asset Save: 02Boss
[2026.01.02-12.42.47:208][966]LogContentValidation: Display: Validating World /Game/Maps/02Boss.02Boss
[2026.01.02-12.42.48:877][148]LogUObjectHash: Compacting FUObjectHashTables data took   0.50ms
[2026.01.02-12.42.48:909][148]LogAssetEditorSubsystem: Opening Asset editor for World /Game/Maps/01Gameplay.01Gameplay
[2026.01.02-12.42.48:909][148]Cmd: MAP LOAD FILE="D:/Artemii/Game/Game/Content/Maps/01Gameplay.umap" TEMPLATE=0 SHOWPROGRESS=1 FEATURELEVEL=3
[2026.01.02-12.42.48:909][148]LightingResults: New page: Lighting Build
[2026.01.02-12.42.48:909][148]LoadErrors: New page: Loading map: 01Gameplay.umap
[2026.01.02-12.42.48:911][148]LogWorld: UWorld::CleanupWorld for 02Boss, bSessionEnded=true, bCleanupResources=true
[2026.01.02-12.42.48:911][148]LogSlate: InvalidateAllWidgets triggered.  All widgets were invalidated
[2026.01.02-12.42.48:911][148]MapCheck: New page: Map Check
[2026.01.02-12.42.48:911][148]LightingResults: New page: Lighting Build
[2026.01.02-12.42.48:932][148]LogAudio: Display: Audio Device unregistered from world 'None'.
[2026.01.02-12.42.48:937][148]LogUObjectHash: Compacting FUObjectHashTables data took   2.20ms
[2026.01.02-12.42.48:937][148]LogAudio: Display: Audio Device (ID: 1) registered with world '01Gameplay'.
[2026.01.02-12.42.49:012][148]LogEditorServer: Finished looking for orphan Actors (0.000 secs)
[2026.01.02-12.42.49:012][148]LogAIModule: Creating AISystem for world 01Gameplay
[2026.01.02-12.42.49:038][148]LogUObjectHash: Compacting FUObjectHashTables data took   1.87ms
[2026.01.02-12.42.49:040][148]Cmd: MAP CHECKDEP NOCLEARLOG
[2026.01.02-12.42.49:041][148]MapCheck: Map check complete: 0 Error(s), 0 Warning(s), took 0,057ms to complete.
[2026.01.02-12.42.49:041][148]LogFileHelpers: Loading map '01Gameplay' took 0.131
[2026.01.02-12.42.50:670][338]LogTemp: Repeating last play command: Selected Viewport
[2026.01.02-12.42.50:673][338]LogPlayLevel: PlayLevel: No blueprints needed recompiling
[2026.01.02-12.42.50:673][338]PIE: New page: PIE session: 01Gameplay (2 січ. 2026 р., 16:42:50)
[2026.01.02-12.42.50:703][338]LogPlayLevel: Creating play world package: /Game/Maps/UEDPIE_0_01Gameplay
[2026.01.02-12.42.50:710][338]LogPlayLevel: PIE: StaticDuplicateObject took: (0.006886s)
[2026.01.02-12.42.50:710][338]LogAIModule: Creating AISystem for world 01Gameplay
[2026.01.02-12.42.50:710][338]LogPlayLevel: PIE: World Init took: (0.000630s)
[2026.01.02-12.42.50:710][338]LogPlayLevel: PIE: Created PIE world by copying editor world from /Game/Maps/01Gameplay.01Gameplay to /Game/Maps/UEDPIE_0_01Gameplay.01Gameplay (0.007621s)
[2026.01.02-12.42.50:738][338]LogUObjectHash: Compacting FUObjectHashTables data took   1.75ms
[2026.01.02-12.42.50:738][338]LogAudio: Display: Creating Audio Device:                 Id: 32, Scope: Unique, Realtime: True
[2026.01.02-12.42.50:738][338]LogAudioMixer: Display: Audio Mixer Platform Settings:
[2026.01.02-12.42.50:738][338]LogAudioMixer: Display: 	Sample Rate:						  48000
[2026.01.02-12.42.50:738][338]LogAudioMixer: Display: 	Callback Buffer Frame Size Requested: 1024
[2026.01.02-12.42.50:738][338]LogAudioMixer: Display: 	Callback Buffer Frame Size To Use:	  1024
[2026.01.02-12.42.50:738][338]LogAudioMixer: Display: 	Number of buffers to queue:			  2
[2026.01.02-12.42.50:738][338]LogAudioMixer: Display: 	Max Channels (voices):				  32
[2026.01.02-12.42.50:738][338]LogAudioMixer: Display: 	Number of Async Source Workers:		  0
[2026.01.02-12.42.50:738][338]LogAudio: Display: AudioDevice MaxSources: 32
[2026.01.02-12.42.50:739][338]LogAudio: Display: Audio Spatialization Plugin: None (built-in).
[2026.01.02-12.42.50:739][338]LogAudio: Display: Audio Reverb Plugin: None (built-in).
[2026.01.02-12.42.50:739][338]LogAudio: Display: Audio Occlusion Plugin: None (built-in).
[2026.01.02-12.42.50:739][338]LogAudioMixer: Display: Initializing audio mixer.
[2026.01.02-12.42.50:741][338]LogAudioMixer: Display: 0: FrontLeft
[2026.01.02-12.42.50:741][338]LogAudioMixer: Display: 1: FrontRight
[2026.01.02-12.42.50:750][338]LogAudioMixer: Display: Using Audio Device Speakers (Realtek(R) Audio)
[2026.01.02-12.42.50:750][338]LogAudioMixer: Display: Initializing Sound Submixes...
[2026.01.02-12.42.50:750][338]LogAudioMixer: Display: Creating Master Submix 'MasterSubmixDefault'
[2026.01.02-12.42.50:750][338]LogAudioMixer: Display: Creating Master Submix 'MasterReverbSubmixDefault'
[2026.01.02-12.42.50:750][338]LogAudioMixer: Display: Creating Master Submix 'MasterEQSubmixDefault'
[2026.01.02-12.42.50:750][338]LogAudioMixer: FMixerPlatformXAudio2::StartAudioStream() called
[2026.01.02-12.42.50:750][338]LogAudioMixer: Display: Output buffers initialized: Frames=1024, Channels=2, Samples=2048
[2026.01.02-12.42.50:751][338]LogAudioMixer: Display: Starting AudioMixerPlatformInterface::RunInternal()
[2026.01.02-12.42.50:751][338]LogAudioMixer: Display: FMixerPlatformXAudio2::SubmitBuffer() called for the first time
[2026.01.02-12.42.50:751][338]LogInit: FAudioDevice initialized.
[2026.01.02-12.42.50:751][338]LogAudio: Display: Audio Device (ID: 32) registered with world '01Gameplay'.
[2026.01.02-12.42.50:759][338]LogLoad: Game class is 'BP_Gameplay_GameMode_C'
[2026.01.02-12.42.50:761][338]LogWorld: Bringing World /Game/Maps/UEDPIE_0_01Gameplay.01Gameplay up for play (max tick rate 0) at 2026.01.02-14.42.50
[2026.01.02-12.42.50:762][338]LogWorld: Bringing up level for play took: 0.001773
[2026.01.02-12.42.50:762][338]LogOnline: OSS: Creating online subsystem instance for: :Context_55
[2026.01.02-12.42.50:764][338]PIE: Server logged in
[2026.01.02-12.42.50:765][338]PIE: Play in editor total start time 0,091 seconds.
[2026.01.02-12.42.57:745][167]LogSlate: Updating window title bar state: overlay mode, drag disabled, window buttons hidden, title bar hidden
[2026.01.02-12.42.57:745][167]LogWorld: BeginTearingDown for /Game/Maps/UEDPIE_0_01Gameplay
[2026.01.02-12.42.57:745][167]LogWorld: UWorld::CleanupWorld for 01Gameplay, bSessionEnded=true, bCleanupResources=true
[2026.01.02-12.42.57:745][167]LogSlate: InvalidateAllWidgets triggered.  All widgets were invalidated
[2026.01.02-12.42.57:757][167]LogPlayLevel: Display: Shutting down PIE online subsystems
[2026.01.02-12.42.57:761][167]LogSlate: InvalidateAllWidgets triggered.  All widgets were invalidated
[2026.01.02-12.42.57:788][167]LogSlate: Updating window title bar state: overlay mode, drag disabled, window buttons hidden, title bar hidden
[2026.01.02-12.42.57:788][167]LogAudioMixer: FMixerPlatformXAudio2::StopAudioStream() called
[2026.01.02-12.42.57:789][167]LogAudioMixer: FMixerPlatformXAudio2::StopAudioStream() called
[2026.01.02-12.42.57:794][167]LogUObjectHash: Compacting FUObjectHashTables data took   1.81ms
[2026.01.02-12.42.57:817][168]LogPlayLevel: Display: Destroying online subsystem :Context_55
[2026.01.02-12.42.59:578][371]LogUObjectHash: Compacting FUObjectHashTables data took   1.80ms
[2026.01.02-12.42.59:597][371]LogAssetEditorSubsystem: Opening Asset editor for World /Game/Maps/02Boss.02Boss
[2026.01.02-12.42.59:597][371]Cmd: MAP LOAD FILE="D:/Artemii/Game/Game/Content/Maps/02Boss.umap" TEMPLATE=0 SHOWPROGRESS=1 FEATURELEVEL=3
[2026.01.02-12.42.59:597][371]LightingResults: New page: Lighting Build
[2026.01.02-12.42.59:597][371]LoadErrors: New page: Loading map: 02Boss.umap
[2026.01.02-12.42.59:624][371]LogWorld: UWorld::CleanupWorld for 01Gameplay, bSessionEnded=true, bCleanupResources=true
[2026.01.02-12.42.59:624][371]LogSlate: InvalidateAllWidgets triggered.  All widgets were invalidated
[2026.01.02-12.42.59:624][371]MapCheck: New page: Map Check
[2026.01.02-12.42.59:624][371]LightingResults: New page: Lighting Build
[2026.01.02-12.42.59:649][371]LogAudio: Display: Audio Device unregistered from world 'None'.
[2026.01.02-12.42.59:653][371]LogUObjectHash: Compacting FUObjectHashTables data took   2.15ms
[2026.01.02-12.42.59:653][371]LogAudio: Display: Audio Device (ID: 1) registered with world '02Boss'.
[2026.01.02-12.42.59:666][371]LogEditorServer: Finished looking for orphan Actors (0.000 secs)
[2026.01.02-12.42.59:666][371]LogAIModule: Creating AISystem for world 02Boss
[2026.01.02-12.42.59:690][371]LogUObjectHash: Compacting FUObjectHashTables data took   1.85ms
[2026.01.02-12.42.59:693][371]Cmd: MAP CHECKDEP NOCLEARLOG
[2026.01.02-12.42.59:693][371]MapCheck: Map check complete: 0 Error(s), 0 Warning(s), took 0,056ms to complete.
[2026.01.02-12.42.59:693][371]LogFileHelpers: Loading map '02Boss' took 0.097
[2026.01.02-12.43.01:188][538]LogTemp: Repeating last play command: Selected Viewport
[2026.01.02-12.43.01:191][538]LogPlayLevel: PlayLevel: No blueprints needed recompiling
[2026.01.02-12.43.01:191][538]PIE: New page: PIE session: 02Boss (2 січ. 2026 р., 16:43:01)
[2026.01.02-12.43.01:223][538]LogPlayLevel: Creating play world package: /Game/Maps/UEDPIE_0_02Boss
[2026.01.02-12.43.01:227][538]LogPlayLevel: PIE: StaticDuplicateObject took: (0.003630s)
[2026.01.02-12.43.01:228][538]LogAIModule: Creating AISystem for world 02Boss
[2026.01.02-12.43.01:228][538]LogPlayLevel: PIE: World Init took: (0.001067s)
[2026.01.02-12.43.01:228][538]LogPlayLevel: PIE: Created PIE world by copying editor world from /Game/Maps/02Boss.02Boss to /Game/Maps/UEDPIE_0_02Boss.02Boss (0.004847s)
[2026.01.02-12.43.01:253][538]LogUObjectHash: Compacting FUObjectHashTables data took   2.06ms
[2026.01.02-12.43.01:253][538]LogAudio: Display: Creating Audio Device:                 Id: 33, Scope: Unique, Realtime: True
[2026.01.02-12.43.01:254][538]LogAudioMixer: Display: Audio Mixer Platform Settings:
[2026.01.02-12.43.01:254][538]LogAudioMixer: Display: 	Sample Rate:						  48000
[2026.01.02-12.43.01:254][538]LogAudioMixer: Display: 	Callback Buffer Frame Size Requested: 1024
[2026.01.02-12.43.01:254][538]LogAudioMixer: Display: 	Callback Buffer Frame Size To Use:	  1024
[2026.01.02-12.43.01:254][538]LogAudioMixer: Display: 	Number of buffers to queue:			  2
[2026.01.02-12.43.01:254][538]LogAudioMixer: Display: 	Max Channels (voices):				  32
[2026.01.02-12.43.01:254][538]LogAudioMixer: Display: 	Number of Async Source Workers:		  0
[2026.01.02-12.43.01:254][538]LogAudio: Display: AudioDevice MaxSources: 32
[2026.01.02-12.43.01:254][538]LogAudio: Display: Audio Spatialization Plugin: None (built-in).
[2026.01.02-12.43.01:254][538]LogAudio: Display: Audio Reverb Plugin: None (built-in).
[2026.01.02-12.43.01:254][538]LogAudio: Display: Audio Occlusion Plugin: None (built-in).
[2026.01.02-12.43.01:254][538]LogAudioMixer: Display: Initializing audio mixer.
[2026.01.02-12.43.01:257][538]LogAudioMixer: Display: 0: FrontLeft
[2026.01.02-12.43.01:257][538]LogAudioMixer: Display: 1: FrontRight
[2026.01.02-12.43.01:265][538]LogAudioMixer: Display: Using Audio Device Speakers (Realtek(R) Audio)
[2026.01.02-12.43.01:265][538]LogAudioMixer: Display: Initializing Sound Submixes...
[2026.01.02-12.43.01:265][538]LogAudioMixer: Display: Creating Master Submix 'MasterSubmixDefault'
[2026.01.02-12.43.01:265][538]LogAudioMixer: Display: Creating Master Submix 'MasterReverbSubmixDefault'
[2026.01.02-12.43.01:265][538]LogAudioMixer: Display: Creating Master Submix 'MasterEQSubmixDefault'
[2026.01.02-12.43.01:265][538]LogAudioMixer: FMixerPlatformXAudio2::StartAudioStream() called
[2026.01.02-12.43.01:265][538]LogAudioMixer: Display: Output buffers initialized: Frames=1024, Channels=2, Samples=2048
[2026.01.02-12.43.01:266][538]LogAudioMixer: Display: Starting AudioMixerPlatformInterface::RunInternal()
[2026.01.02-12.43.01:266][538]LogAudioMixer: Display: FMixerPlatformXAudio2::SubmitBuffer() called for the first time
[2026.01.02-12.43.01:266][538]LogInit: FAudioDevice initialized.
[2026.01.02-12.43.01:266][538]LogAudio: Display: Audio Device (ID: 33) registered with world '02Boss'.
[2026.01.02-12.43.01:272][538]LogLoad: Game class is 'BP_Gameplay_GameMode_C'
[2026.01.02-12.43.01:273][538]LogWorld: Bringing World /Game/Maps/UEDPIE_0_02Boss.02Boss up for play (max tick rate 0) at 2026.01.02-14.43.01
[2026.01.02-12.43.01:273][538]LogWorld: Bringing up level for play took: 0.000641
[2026.01.02-12.43.01:273][538]LogOnline: OSS: Creating online subsystem instance for: :Context_56
[2026.01.02-12.43.01:275][538]PIE: Server logged in
[2026.01.02-12.43.01:276][538]PIE: Play in editor total start time 0,085 seconds.
[2026.01.02-12.43.08:053][346]LogSlate: Updating window title bar state: overlay mode, drag disabled, window buttons hidden, title bar hidden
[2026.01.02-12.43.08:054][346]LogWorld: BeginTearingDown for /Game/Maps/UEDPIE_0_02Boss
[2026.01.02-12.43.08:054][346]LogWorld: UWorld::CleanupWorld for 02Boss, bSessionEnded=true, bCleanupResources=true
[2026.01.02-12.43.08:054][346]LogSlate: InvalidateAllWidgets triggered.  All widgets were invalidated
[2026.01.02-12.43.08:060][346]LogPlayLevel: Display: Shutting down PIE online subsystems
[2026.01.02-12.43.08:063][346]LogSlate: InvalidateAllWidgets triggered.  All widgets were invalidated
[2026.01.02-12.43.08:087][346]LogAudio: Display: Audio Device unregistered from world 'None'.
[2026.01.02-12.43.08:088][346]LogAudioMixer: FMixerPlatformXAudio2::StopAudioStream() called
[2026.01.02-12.43.08:089][346]LogAudioMixer: FMixerPlatformXAudio2::StopAudioStream() called
[2026.01.02-12.43.08:090][346]LogSlate: Updating window title bar state: overlay mode, drag disabled, window buttons hidden, title bar hidden
[2026.01.02-12.43.08:093][346]LogUObjectHash: Compacting FUObjectHashTables data took   1.77ms
[2026.01.02-12.43.08:144][348]LogPlayLevel: Display: Destroying online subsystem :Context_56
[2026.01.02-12.43.09:962][556]LogEditorViewport: Clicking on Actor (LMB): PlayerStart (Player Start)
[2026.01.02-12.43.12:591][862]LogNavigationPoint: PostEditMove Clear paths rebuilt
[2026.01.02-12.43.16:695][324]LogNavigationPoint: PostEditMove Clear paths rebuilt
[2026.01.02-12.43.20:370][739]LogNavigationPoint: PostEditMove Clear paths rebuilt
[2026.01.02-12.43.21:198][836]LogTemp: Repeating last play command: Selected Viewport
[2026.01.02-12.43.21:202][836]LogPlayLevel: PlayLevel: No blueprints needed recompiling
[2026.01.02-12.43.21:202][836]PIE: New page: PIE session: 02Boss (2 січ. 2026 р., 16:43:21)
[2026.01.02-12.43.21:233][836]LogPlayLevel: Creating play world package: /Game/Maps/UEDPIE_0_02Boss
[2026.01.02-12.43.21:236][836]LogPlayLevel: PIE: StaticDuplicateObject took: (0.002648s)
[2026.01.02-12.43.21:237][836]LogAIModule: Creating AISystem for world 02Boss
[2026.01.02-12.43.21:237][836]LogPlayLevel: PIE: World Init took: (0.000652s)
[2026.01.02-12.43.21:237][836]LogPlayLevel: PIE: Created PIE world by copying editor world from /Game/Maps/02Boss.02Boss to /Game/Maps/UEDPIE_0_02Boss.02Boss (0.003419s)
[2026.01.02-12.43.21:263][836]LogUObjectHash: Compacting FUObjectHashTables data took   1.80ms
[2026.01.02-12.43.21:264][836]LogAudio: Display: Creating Audio Device:                 Id: 34, Scope: Unique, Realtime: True
[2026.01.02-12.43.21:264][836]LogAudioMixer: Display: Audio Mixer Platform Settings:
[2026.01.02-12.43.21:264][836]LogAudioMixer: Display: 	Sample Rate:						  48000
[2026.01.02-12.43.21:264][836]LogAudioMixer: Display: 	Callback Buffer Frame Size Requested: 1024
[2026.01.02-12.43.21:264][836]LogAudioMixer: Display: 	Callback Buffer Frame Size To Use:	  1024
[2026.01.02-12.43.21:264][836]LogAudioMixer: Display: 	Number of buffers to queue:			  2
[2026.01.02-12.43.21:264][836]LogAudioMixer: Display: 	Max Channels (voices):				  32
[2026.01.02-12.43.21:264][836]LogAudioMixer: Display: 	Number of Async Source Workers:		  0
[2026.01.02-12.43.21:264][836]LogAudio: Display: AudioDevice MaxSources: 32
[2026.01.02-12.43.21:265][836]LogAudio: Display: Audio Spatialization Plugin: None (built-in).
[2026.01.02-12.43.21:265][836]LogAudio: Display: Audio Reverb Plugin: None (built-in).
[2026.01.02-12.43.21:265][836]LogAudio: Display: Audio Occlusion Plugin: None (built-in).
[2026.01.02-12.43.21:265][836]LogAudioMixer: Display: Initializing audio mixer.
[2026.01.02-12.43.21:268][836]LogAudioMixer: Display: 0: FrontLeft
[2026.01.02-12.43.21:268][836]LogAudioMixer: Display: 1: FrontRight
[2026.01.02-12.43.21:275][836]LogAudioMixer: Display: Using Audio Device Speakers (Realtek(R) Audio)
[2026.01.02-12.43.21:276][836]LogAudioMixer: Display: Initializing Sound Submixes...
[2026.01.02-12.43.21:276][836]LogAudioMixer: Display: Creating Master Submix 'MasterSubmixDefault'
[2026.01.02-12.43.21:276][836]LogAudioMixer: Display: Creating Master Submix 'MasterReverbSubmixDefault'
[2026.01.02-12.43.21:276][836]LogAudioMixer: Display: Creating Master Submix 'MasterEQSubmixDefault'
[2026.01.02-12.43.21:276][836]LogAudioMixer: FMixerPlatformXAudio2::StartAudioStream() called
[2026.01.02-12.43.21:276][836]LogAudioMixer: Display: Output buffers initialized: Frames=1024, Channels=2, Samples=2048
[2026.01.02-12.43.21:277][836]LogAudioMixer: Display: Starting AudioMixerPlatformInterface::RunInternal()
[2026.01.02-12.43.21:277][836]LogAudioMixer: Display: FMixerPlatformXAudio2::SubmitBuffer() called for the first time
[2026.01.02-12.43.21:277][836]LogInit: FAudioDevice initialized.
[2026.01.02-12.43.21:277][836]LogAudio: Display: Audio Device (ID: 34) registered with world '02Boss'.
[2026.01.02-12.43.21:283][836]LogLoad: Game class is 'BP_Gameplay_GameMode_C'
[2026.01.02-12.43.21:284][836]LogWorld: Bringing World /Game/Maps/UEDPIE_0_02Boss.02Boss up for play (max tick rate 0) at 2026.01.02-14.43.21
[2026.01.02-12.43.21:284][836]LogWorld: Bringing up level for play took: 0.000651
[2026.01.02-12.43.21:284][836]LogOnline: OSS: Creating online subsystem instance for: :Context_57
[2026.01.02-12.43.21:287][836]PIE: Server logged in
[2026.01.02-12.43.21:287][836]PIE: Play in editor total start time 0,086 seconds.
[2026.01.02-12.43.25:356][324]LogBlueprintUserMessages: [BP_Enemy15] RIP
[2026.01.02-12.43.26:825][497]LogSlate: Updating window title bar state: overlay mode, drag disabled, window buttons hidden, title bar hidden
[2026.01.02-12.43.26:825][497]LogWorld: BeginTearingDown for /Game/Maps/UEDPIE_0_02Boss
[2026.01.02-12.43.26:825][497]LogWorld: UWorld::CleanupWorld for 02Boss, bSessionEnded=true, bCleanupResources=true
[2026.01.02-12.43.26:825][497]LogSlate: InvalidateAllWidgets triggered.  All widgets were invalidated
[2026.01.02-12.43.26:835][497]LogPlayLevel: Display: Shutting down PIE online subsystems
[2026.01.02-12.43.26:844][497]LogSlate: InvalidateAllWidgets triggered.  All widgets were invalidated
[2026.01.02-12.43.26:869][497]LogSlate: Updating window title bar state: overlay mode, drag disabled, window buttons hidden, title bar hidden
[2026.01.02-12.43.26:869][497]LogAudioMixer: FMixerPlatformXAudio2::StopAudioStream() called
[2026.01.02-12.43.26:870][497]LogAudioMixer: FMixerPlatformXAudio2::StopAudioStream() called
[2026.01.02-12.43.26:874][497]LogUObjectHash: Compacting FUObjectHashTables data took   1.85ms
[2026.01.02-12.43.26:898][498]LogPlayLevel: Display: Destroying online subsystem :Context_57
[2026.01.02-12.43.38:145][800]Cmd: DELETE
[2026.01.02-12.43.38:145][800]Cmd: ACTOR DELETE
[2026.01.02-12.43.38:146][800]LogEditorActor: Deleted Actor: BP_Destination_C
[2026.01.02-12.43.38:168][800]LogUObjectHash: Compacting FUObjectHashTables data took   1.79ms
[2026.01.02-12.43.38:170][800]LogEditorActor: Deleted 1 Actors (0.025 secs)
[2026.01.02-12.43.52:193][452]Cmd: OBJ SAVEPACKAGE PACKAGE="/Game/Maps/02Boss" FILE="D:/Artemii/Game/Game/Content/Maps/02Boss.umap" SILENT=true AUTOSAVING=false KEEPDIRTY=false
[2026.01.02-12.43.52:217][452]LogUObjectHash: Compacting FUObjectHashTables data took   0.50ms
[2026.01.02-12.43.52:225][452]LogSavePackage: Moving 'D:/Artemii/Game/Game/Saved/02BossE21D85384130FEFE1E2F5982405F5D97.tmp' to 'D:/Artemii/Game/Game/Content/Maps/02Boss.umap'
[2026.01.02-12.43.52:246][452]AssetCheck: New page: Asset Save: 02Boss
[2026.01.02-12.43.52:246][452]LogContentValidation: Display: Validating World /Game/Maps/02Boss.02Boss
[2026.01.02-12.43.57:090][ 14]LogUObjectHash: Compacting FUObjectHashTables data took   1.50ms
[2026.01.02-12.43.57:131][ 14]LogAssetEditorSubsystem: Opening Asset editor for World /Game/Maps/01Gameplay.01Gameplay
[2026.01.02-12.43.57:131][ 14]Cmd: MAP LOAD FILE="D:/Artemii/Game/Game/Content/Maps/01Gameplay.umap" TEMPLATE=0 SHOWPROGRESS=1 FEATURELEVEL=3
[2026.01.02-12.43.57:131][ 14]LightingResults: New page: Lighting Build
[2026.01.02-12.43.57:131][ 14]LoadErrors: New page: Loading map: 01Gameplay.umap
[2026.01.02-12.43.57:132][ 14]LogWorld: UWorld::CleanupWorld for 02Boss, bSessionEnded=true, bCleanupResources=true
[2026.01.02-12.43.57:132][ 14]LogSlate: InvalidateAllWidgets triggered.  All widgets were invalidated
[2026.01.02-12.43.57:132][ 14]MapCheck: New page: Map Check
[2026.01.02-12.43.57:132][ 14]LightingResults: New page: Lighting Build
[2026.01.02-12.43.57:154][ 14]LogAudio: Display: Audio Device unregistered from world 'None'.
[2026.01.02-12.43.57:158][ 14]LogUObjectHash: Compacting FUObjectHashTables data took   2.15ms
[2026.01.02-12.43.57:159][ 14]LogAudio: Display: Audio Device (ID: 1) registered with world '01Gameplay'.
[2026.01.02-12.43.57:233][ 14]LogEditorServer: Finished looking for orphan Actors (0.000 secs)
[2026.01.02-12.43.57:233][ 14]LogAIModule: Creating AISystem for world 01Gameplay
[2026.01.02-12.43.57:258][ 14]LogUObjectHash: Compacting FUObjectHashTables data took   1.85ms
[2026.01.02-12.43.57:261][ 14]Cmd: MAP CHECKDEP NOCLEARLOG
[2026.01.02-12.43.57:261][ 14]MapCheck: Map check complete: 0 Error(s), 0 Warning(s), took 0,057ms to complete.
[2026.01.02-12.43.57:261][ 14]LogFileHelpers: Loading map '01Gameplay' took 0.130
[2026.01.02-12.44.07:532][219]Cmd: EDIT COPY
[2026.01.02-12.44.09:673][470]LogUObjectHash: Compacting FUObjectHashTables data took   0.51ms
[2026.01.02-12.44.09:700][470]LogAssetEditorSubsystem: Opening Asset editor for World /Game/Maps/02Boss.02Boss
[2026.01.02-12.44.09:701][470]Cmd: MAP LOAD FILE="D:/Artemii/Game/Game/Content/Maps/02Boss.umap" TEMPLATE=0 SHOWPROGRESS=1 FEATURELEVEL=3
[2026.01.02-12.44.09:701][470]LightingResults: New page: Lighting Build
[2026.01.02-12.44.09:701][470]LoadErrors: New page: Loading map: 02Boss.umap
[2026.01.02-12.44.09:726][470]LogWorld: UWorld::CleanupWorld for 01Gameplay, bSessionEnded=true, bCleanupResources=true
[2026.01.02-12.44.09:726][470]LogSlate: InvalidateAllWidgets triggered.  All widgets were invalidated
[2026.01.02-12.44.09:726][470]MapCheck: New page: Map Check
[2026.01.02-12.44.09:726][470]LightingResults: New page: Lighting Build
[2026.01.02-12.44.09:753][470]LogAudio: Display: Audio Device unregistered from world 'None'.
[2026.01.02-12.44.09:757][470]LogUObjectHash: Compacting FUObjectHashTables data took   2.13ms
[2026.01.02-12.44.09:757][470]LogAudio: Display: Audio Device (ID: 1) registered with world '02Boss'.
[2026.01.02-12.44.09:770][470]LogEditorServer: Finished looking for orphan Actors (0.000 secs)
[2026.01.02-12.44.09:770][470]LogAIModule: Creating AISystem for world 02Boss
[2026.01.02-12.44.09:793][470]LogUObjectHash: Compacting FUObjectHashTables data took   1.85ms
[2026.01.02-12.44.09:796][470]Cmd: MAP CHECKDEP NOCLEARLOG
[2026.01.02-12.44.09:796][470]MapCheck: Map check complete: 0 Error(s), 0 Warning(s), took 0,053ms to complete.
[2026.01.02-12.44.09:796][470]LogFileHelpers: Loading map '02Boss' took 0.096
[2026.01.02-12.44.11:266][643]Cmd: EDIT PASTE
[2026.01.02-12.44.22:628][988]LogAssetEditorSubsystem: Opening Asset editor for Blueprint /Engine/EngineSky/BP_Sky_Sphere.BP_Sky_Sphere
[2026.01.02-12.44.30:337][799]LogTemp: Repeating last play command: Selected Viewport
[2026.01.02-12.44.30:341][799]LogPlayLevel: PlayLevel: No blueprints needed recompiling
[2026.01.02-12.44.30:341][799]PIE: New page: PIE session: 02Boss (2 січ. 2026 р., 16:44:30)
[2026.01.02-12.44.30:376][799]LogPlayLevel: Creating play world package: /Game/Maps/UEDPIE_0_02Boss
[2026.01.02-12.44.30:380][799]LogPlayLevel: PIE: StaticDuplicateObject took: (0.004305s)
[2026.01.02-12.44.30:381][799]LogAIModule: Creating AISystem for world 02Boss
[2026.01.02-12.44.30:381][799]LogPlayLevel: PIE: World Init took: (0.000953s)
[2026.01.02-12.44.30:381][799]LogPlayLevel: PIE: Created PIE world by copying editor world from /Game/Maps/02Boss.02Boss to /Game/Maps/UEDPIE_0_02Boss.02Boss (0.005408s)
[2026.01.02-12.44.30:417][799]LogUObjectHash: Compacting FUObjectHashTables data took   2.05ms
[2026.01.02-12.44.30:417][799]LogAudio: Display: Creating Audio Device:                 Id: 35, Scope: Unique, Realtime: True
[2026.01.02-12.44.30:417][799]LogAudioMixer: Display: Audio Mixer Platform Settings:
[2026.01.02-12.44.30:417][799]LogAudioMixer: Display: 	Sample Rate:						  48000
[2026.01.02-12.44.30:417][799]LogAudioMixer: Display: 	Callback Buffer Frame Size Requested: 1024
[2026.01.02-12.44.30:417][799]LogAudioMixer: Display: 	Callback Buffer Frame Size To Use:	  1024
[2026.01.02-12.44.30:417][799]LogAudioMixer: Display: 	Number of buffers to queue:			  2
[2026.01.02-12.44.30:417][799]LogAudioMixer: Display: 	Max Channels (voices):				  32
[2026.01.02-12.44.30:417][799]LogAudioMixer: Display: 	Number of Async Source Workers:		  0
[2026.01.02-12.44.30:417][799]LogAudio: Display: AudioDevice MaxSources: 32
[2026.01.02-12.44.30:418][799]LogAudio: Display: Audio Spatialization Plugin: None (built-in).
[2026.01.02-12.44.30:418][799]LogAudio: Display: Audio Reverb Plugin: None (built-in).
[2026.01.02-12.44.30:418][799]LogAudio: Display: Audio Occlusion Plugin: None (built-in).
[2026.01.02-12.44.30:418][799]LogAudioMixer: Display: Initializing audio mixer.
[2026.01.02-12.44.30:421][799]LogAudioMixer: Display: 0: FrontLeft
[2026.01.02-12.44.30:421][799]LogAudioMixer: Display: 1: FrontRight
[2026.01.02-12.44.30:428][799]LogAudioMixer: Display: Using Audio Device Speakers (Realtek(R) Audio)
[2026.01.02-12.44.30:428][799]LogAudioMixer: Display: Initializing Sound Submixes...
[2026.01.02-12.44.30:428][799]LogAudioMixer: Display: Creating Master Submix 'MasterSubmixDefault'
[2026.01.02-12.44.30:428][799]LogAudioMixer: Display: Creating Master Submix 'MasterReverbSubmixDefault'
[2026.01.02-12.44.30:428][799]LogAudioMixer: Display: Creating Master Submix 'MasterEQSubmixDefault'
[2026.01.02-12.44.30:428][799]LogAudioMixer: FMixerPlatformXAudio2::StartAudioStream() called
[2026.01.02-12.44.30:428][799]LogAudioMixer: Display: Output buffers initialized: Frames=1024, Channels=2, Samples=2048
[2026.01.02-12.44.30:429][799]LogAudioMixer: Display: Starting AudioMixerPlatformInterface::RunInternal()
[2026.01.02-12.44.30:429][799]LogAudioMixer: Display: FMixerPlatformXAudio2::SubmitBuffer() called for the first time
[2026.01.02-12.44.30:429][799]LogInit: FAudioDevice initialized.
[2026.01.02-12.44.30:429][799]LogAudio: Display: Audio Device (ID: 35) registered with world '02Boss'.
[2026.01.02-12.44.30:437][799]LogLoad: Game class is 'BP_Gameplay_GameMode_C'
[2026.01.02-12.44.30:438][799]LogWorld: Bringing World /Game/Maps/UEDPIE_0_02Boss.02Boss up for play (max tick rate 0) at 2026.01.02-14.44.30
[2026.01.02-12.44.30:438][799]LogWorld: Bringing up level for play took: 0.000670
[2026.01.02-12.44.30:439][799]LogOnline: OSS: Creating online subsystem instance for: :Context_59
[2026.01.02-12.44.30:441][799]PIE: Server logged in
[2026.01.02-12.44.30:441][799]PIE: Play in editor total start time 0,102 seconds.
[2026.01.02-12.44.39:504][885]LogBlueprintUserMessages: [BP_Enemy15] RIP
[2026.01.02-12.44.45:028][543]LogSlate: Updating window title bar state: overlay mode, drag disabled, window buttons hidden, title bar hidden
[2026.01.02-12.44.45:028][543]LogWorld: BeginTearingDown for /Game/Maps/UEDPIE_0_02Boss
[2026.01.02-12.44.45:028][543]LogWorld: UWorld::CleanupWorld for 02Boss, bSessionEnded=true, bCleanupResources=true
[2026.01.02-12.44.45:028][543]LogSlate: InvalidateAllWidgets triggered.  All widgets were invalidated
[2026.01.02-12.44.45:038][543]LogPlayLevel: Display: Shutting down PIE online subsystems
[2026.01.02-12.44.45:045][543]LogSlate: InvalidateAllWidgets triggered.  All widgets were invalidated
[2026.01.02-12.44.45:071][543]LogAudio: Display: Audio Device unregistered from world 'None'.
[2026.01.02-12.44.45:071][543]LogAudioMixer: FMixerPlatformXAudio2::StopAudioStream() called
[2026.01.02-12.44.45:072][543]LogAudioMixer: FMixerPlatformXAudio2::StopAudioStream() called
[2026.01.02-12.44.45:074][543]LogSlate: Updating window title bar state: overlay mode, drag disabled, window buttons hidden, title bar hidden
[2026.01.02-12.44.45:077][543]LogUObjectHash: Compacting FUObjectHashTables data took   1.98ms
[2026.01.02-12.44.45:104][544]LogPlayLevel: Display: Destroying online subsystem :Context_59
[2026.01.02-12.45.06:063][656]LogEditorViewport: Clicking on Actor (LMB): BP_Enemy_C (BP_Enemy15)
[2026.01.02-12.45.21:230][394]Cmd: EDIT COPY
[2026.01.02-12.45.21:447][420]Cmd: EDIT PASTE
[2026.01.02-12.45.25:436][884]Cmd: EDIT COPY
[2026.01.02-12.45.25:645][909]Cmd: EDIT PASTE
[2026.01.02-12.45.28:890][290]LogTemp: Repeating last play command: Selected Viewport
[2026.01.02-12.45.28:894][290]LogPlayLevel: PlayLevel: No blueprints needed recompiling
[2026.01.02-12.45.28:894][290]PIE: New page: PIE session: 02Boss (2 січ. 2026 р., 16:45:28)
[2026.01.02-12.45.28:917][290]LogPlayLevel: Creating play world package: /Game/Maps/UEDPIE_0_02Boss
[2026.01.02-12.45.28:920][290]LogPlayLevel: PIE: StaticDuplicateObject took: (0.002601s)
[2026.01.02-12.45.28:920][290]LogAIModule: Creating AISystem for world 02Boss
[2026.01.02-12.45.28:921][290]LogPlayLevel: PIE: World Init took: (0.000674s)
[2026.01.02-12.45.28:921][290]LogPlayLevel: PIE: Created PIE world by copying editor world from /Game/Maps/02Boss.02Boss to /Game/Maps/UEDPIE_0_02Boss.02Boss (0.003372s)
[2026.01.02-12.45.28:947][290]LogUObjectHash: Compacting FUObjectHashTables data took   1.94ms
[2026.01.02-12.45.28:948][290]LogAudio: Display: Creating Audio Device:                 Id: 36, Scope: Unique, Realtime: True
[2026.01.02-12.45.28:948][290]LogAudioMixer: Display: Audio Mixer Platform Settings:
[2026.01.02-12.45.28:948][290]LogAudioMixer: Display: 	Sample Rate:						  48000
[2026.01.02-12.45.28:948][290]LogAudioMixer: Display: 	Callback Buffer Frame Size Requested: 1024
[2026.01.02-12.45.28:948][290]LogAudioMixer: Display: 	Callback Buffer Frame Size To Use:	  1024
[2026.01.02-12.45.28:948][290]LogAudioMixer: Display: 	Number of buffers to queue:			  2
[2026.01.02-12.45.28:948][290]LogAudioMixer: Display: 	Max Channels (voices):				  32
[2026.01.02-12.45.28:948][290]LogAudioMixer: Display: 	Number of Async Source Workers:		  0
[2026.01.02-12.45.28:948][290]LogAudio: Display: AudioDevice MaxSources: 32
[2026.01.02-12.45.28:948][290]LogAudio: Display: Audio Spatialization Plugin: None (built-in).
[2026.01.02-12.45.28:948][290]LogAudio: Display: Audio Reverb Plugin: None (built-in).
[2026.01.02-12.45.28:948][290]LogAudio: Display: Audio Occlusion Plugin: None (built-in).
[2026.01.02-12.45.28:948][290]LogAudioMixer: Display: Initializing audio mixer.
[2026.01.02-12.45.28:951][290]LogAudioMixer: Display: 0: FrontLeft
[2026.01.02-12.45.28:951][290]LogAudioMixer: Display: 1: FrontRight
[2026.01.02-12.45.28:959][290]LogAudioMixer: Display: Using Audio Device Speakers (Realtek(R) Audio)
[2026.01.02-12.45.28:959][290]LogAudioMixer: Display: Initializing Sound Submixes...
[2026.01.02-12.45.28:959][290]LogAudioMixer: Display: Creating Master Submix 'MasterSubmixDefault'
[2026.01.02-12.45.28:959][290]LogAudioMixer: Display: Creating Master Submix 'MasterReverbSubmixDefault'
[2026.01.02-12.45.28:960][290]LogAudioMixer: Display: Creating Master Submix 'MasterEQSubmixDefault'
[2026.01.02-12.45.28:960][290]LogAudioMixer: FMixerPlatformXAudio2::StartAudioStream() called
[2026.01.02-12.45.28:960][290]LogAudioMixer: Display: Output buffers initialized: Frames=1024, Channels=2, Samples=2048
[2026.01.02-12.45.28:960][290]LogAudioMixer: Display: Starting AudioMixerPlatformInterface::RunInternal()
[2026.01.02-12.45.28:960][290]LogAudioMixer: Display: FMixerPlatformXAudio2::SubmitBuffer() called for the first time
[2026.01.02-12.45.28:960][290]LogInit: FAudioDevice initialized.
[2026.01.02-12.45.28:960][290]LogAudio: Display: Audio Device (ID: 36) registered with world '02Boss'.
[2026.01.02-12.45.28:964][290]LogLoad: Game class is 'BP_Gameplay_GameMode_C'
[2026.01.02-12.45.28:965][290]LogWorld: Bringing World /Game/Maps/UEDPIE_0_02Boss.02Boss up for play (max tick rate 0) at 2026.01.02-14.45.28
[2026.01.02-12.45.28:965][290]LogWorld: Bringing up level for play took: 0.000722
[2026.01.02-12.45.28:965][290]LogOnline: OSS: Creating online subsystem instance for: :Context_60
[2026.01.02-12.45.28:968][290]PIE: Server logged in
[2026.01.02-12.45.28:968][290]PIE: Play in editor total start time 0,076 seconds.
[2026.01.02-12.45.32:930][764]LogBlueprintUserMessages: [BP_Enemy15] RIP
[2026.01.02-12.45.34:921][  3]LogBlueprintUserMessages: [BP_Enemy16] RIP
[2026.01.02-12.45.38:539][437]LogBlueprintUserMessages: [BP_Enemy17] RIP
[2026.01.02-12.45.39:480][545]LogSlate: Updating window title bar state: overlay mode, drag disabled, window buttons hidden, title bar hidden
[2026.01.02-12.45.39:480][545]LogWorld: BeginTearingDown for /Game/Maps/UEDPIE_0_02Boss
[2026.01.02-12.45.39:480][545]LogWorld: UWorld::CleanupWorld for 02Boss, bSessionEnded=true, bCleanupResources=true
[2026.01.02-12.45.39:481][545]LogSlate: InvalidateAllWidgets triggered.  All widgets were invalidated
[2026.01.02-12.45.39:498][545]LogPlayLevel: Display: Shutting down PIE online subsystems
[2026.01.02-12.45.39:507][545]LogSlate: InvalidateAllWidgets triggered.  All widgets were invalidated
[2026.01.02-12.45.39:534][545]LogAudio: Display: Audio Device unregistered from world 'None'.
[2026.01.02-12.45.39:535][545]LogAudioMixer: FMixerPlatformXAudio2::StopAudioStream() called
[2026.01.02-12.45.39:535][545]LogAudioMixer: FMixerPlatformXAudio2::StopAudioStream() called
[2026.01.02-12.45.39:537][545]LogSlate: Updating window title bar state: overlay mode, drag disabled, window buttons hidden, title bar hidden
[2026.01.02-12.45.39:540][545]LogUObjectHash: Compacting FUObjectHashTables data took   1.97ms
[2026.01.02-12.45.39:567][546]LogPlayLevel: Display: Destroying online subsystem :Context_60
[2026.01.02-12.45.50:319][795]LogWindows: Error: === Critical error: ===
[2026.01.02-12.45.50:319][795]LogWindows: Error: 
[2026.01.02-12.45.50:319][795]LogWindows: Error: Fatal error!
[2026.01.02-12.45.50:319][795]LogWindows: Error: 
[2026.01.02-12.45.50:319][795]LogWindows: Error: Unhandled Exception: EXCEPTION_ACCESS_VIOLATION reading address 0x000000000000aab0
[2026.01.02-12.45.50:319][795]LogWindows: Error: 
[2026.01.02-12.45.50:319][795]LogWindows: Error: [Callstack] 0x00007ffd35dd856c UE4Editor-Core.dll!UnknownFunction []
[2026.01.02-12.45.50:319][795]LogWindows: Error: [Callstack] 0x00007ffd35de66bf UE4Editor-Core.dll!UnknownFunction []
[2026.01.02-12.45.50:319][795]LogWindows: Error: [Callstack] 0x00007ffd3739d48f UE4Editor-CoreUObject.dll!UnknownFunction []
[2026.01.02-12.45.50:319][795]LogWindows: Error: [Callstack] 0x00007ffd3739e31a UE4Editor-CoreUObject.dll!UnknownFunction []
[2026.01.02-12.45.50:319][795]LogWindows: Error: [Callstack] 0x00007ffd3716f341 UE4Editor-CoreUObject.dll!UnknownFunction []
[2026.01.02-12.45.50:319][795]LogWindows: Error: [Callstack] 0x00007ffd373ee2a4 UE4Editor-CoreUObject.dll!UnknownFunction []
[2026.01.02-12.45.50:319][795]LogWindows: Error: [Callstack] 0x00007ffd37360fe6 UE4Editor-CoreUObject.dll!UnknownFunction []
[2026.01.02-12.45.50:319][795]LogWindows: Error: [Callstack] 0x00007ffc43926d47 UE4Editor-MagicBulletLooksEditor.dll!UnknownFunction []
[2026.01.02-12.45.50:319][795]LogWindows: Error: [Callstack] 0x00007ffc4392401b UE4Editor-MagicBulletLooksEditor.dll!UnknownFunction []
[2026.01.02-12.45.50:319][795]LogWindows: Error: [Callstack] 0x00007ffc43922636 UE4Editor-MagicBulletLooksEditor.dll!UnknownFunction []
[2026.01.02-12.45.50:319][795]LogWindows: Error: [Callstack] 0x00007ffc8e0db13d UE4Editor-UnrealEd.dll!UnknownFunction []
[2026.01.02-12.45.50:319][795]LogWindows: Error: [Callstack] 0x00007ffc8e4aa88b UE4Editor-UnrealEd.dll!UnknownFunction []
[2026.01.02-12.45.50:319][795]LogWindows: Error: [Callstack] 0x00007ffc8e582d13 UE4Editor-UnrealEd.dll!UnknownFunction []
[2026.01.02-12.45.50:319][795]LogWindows: Error: [Callstack] 0x00007ffc8e975a65 UE4Editor-UnrealEd.dll!UnknownFunction []
[2026.01.02-12.45.50:319][795]LogWindows: Error: [Callstack] 0x00007ffc588eb4ee UE4Editor-LevelEditor.dll!UnknownFunction []
[2026.01.02-12.45.50:319][795]LogWindows: Error: [Callstack] 0x00007ffc588ecb24 UE4Editor-LevelEditor.dll!UnknownFunction []
[2026.01.02-12.45.50:319][795]LogWindows: Error: [Callstack] 0x00007ffc5890f6c3 UE4Editor-LevelEditor.dll!UnknownFunction []
[2026.01.02-12.45.50:319][795]LogWindows: Error: [Callstack] 0x00007ffccc8f642f UE4Editor-SlateCore.dll!UnknownFunction []
[2026.01.02-12.45.50:319][795]LogWindows: Error: [Callstack] 0x00007ffd35400236 UE4Editor-Slate.dll!UnknownFunction []
[2026.01.02-12.45.50:319][795]LogWindows: Error: [Callstack] 0x00007ffccc8f6c66 UE4Editor-SlateCore.dll!UnknownFunction []
[2026.01.02-12.45.50:319][795]LogWindows: Error: [Callstack] 0x00007ffccc8f4945 UE4Editor-SlateCore.dll!UnknownFunction []
[2026.01.02-12.45.50:319][795]LogWindows: Error: [Callstack] 0x00007ffccc8f6c66 UE4Editor-SlateCore.dll!UnknownFunction []
[2026.01.02-12.45.50:319][795]LogWindows: Error: [Callstack] 0x00007ffccc8f3ca2 UE4Editor-SlateCore.dll!UnknownFunction []
[2026.01.02-12.45.50:319][795]LogWindows: Error: [Callstack] 0x00007ffccc8f6c66 UE4Editor-SlateCore.dll!UnknownFunction []
[2026.01.02-12.45.50:319][795]LogWindows: Error: [Callstack] 0x00007ffccc8f3ca2 UE4Editor-SlateCore.dll!UnknownFunction []
[2026.01.02-12.45.50:319][795]LogWindows: Error: [Callstack] 0x00007ffd3539b3e4 UE4Editor-Slate.dll!UnknownFunction []
[2026.01.02-12.45.50:319][795]LogWindows: Error: [Callstack] 0x00007ffccc8f6c66 UE4Editor-SlateCore.dll!UnknownFunction []
[2026.01.02-12.45.50:319][795]LogWindows: Error: [Callstack] 0x00007ffccc8f4945 UE4Editor-SlateCore.dll!UnknownFunction []
[2026.01.02-12.45.50:319][795]LogWindows: Error: [Callstack] 0x00007ffccc8f6c66 UE4Editor-SlateCore.dll!UnknownFunction []
[2026.01.02-12.45.50:319][795]LogWindows: Error: [Callstack] 0x00007ffccc8f7678 UE4Editor-SlateCore.dll!UnknownFunction []
[2026.01.02-12.45.50:319][795]LogWindows: Error: [Callstack] 0x00007ffccc8f4adb UE4Editor-SlateCore.dll!UnknownFunction []
[2026.01.02-12.45.50:319][795]LogWindows: Error: [Callstack] 0x00007ffccc8f6c66 UE4Editor-SlateCore.dll!UnknownFunction []
[2026.01.02-12.45.50:319][795]LogWindows: Error: [Callstack] 0x00007ffccc8f3ca2 UE4Editor-SlateCore.dll!UnknownFunction []
[2026.01.02-12.45.50:319][795]LogWindows: Error: [Callstack] 0x00007ffccc8f6c66 UE4Editor-SlateCore.dll!UnknownFunction []
[2026.01.02-12.45.50:319][795]LogWindows: Error: [Callstack] 0x00007ffccc8f7678 UE4Editor-SlateCore.dll!UnknownFunction []
[2026.01.02-12.45.50:319][795]LogWindows: Error: [Callstack] 0x00007ffd3539d800 UE4Editor-Slate.dll!UnknownFunction []
[2026.01.02-12.45.50:319][795]LogWindows: Error: [Callstack] 0x00007ffccc8f6c66 UE4Editor-SlateCore.dll!UnknownFunction []
[2026.01.02-12.45.50:319][795]LogWindows: Error: [Callstack] 0x00007ffccc8f3ca2 UE4Editor-SlateCore.dll!UnknownFunction []
[2026.01.02-12.45.50:319][795]LogWindows: Error: [Callstack] 0x00007ffccc8f6c66 UE4Editor-SlateCore.dll!UnknownFunction []
[2026.01.02-12.45.50:319][795]LogWindows: Error: [Callstack] 0x00007ffccc8f7678 UE4Editor-SlateCore.dll!UnknownFunction []
[2026.01.02-12.45.50:319][795]LogWindows: Error: [Callstack] 0x00007ffd3539d800 UE4Editor-Slate.dll!UnknownFunction []
[2026.01.02-12.45.50:319][795]LogWindows: Error: [Callstack] 0x00007ffccc8f6c66 UE4Editor-SlateCore.dll!UnknownFunction []
[2026.01.02-12.45.50:319][795]LogWindows: Error: [Callstack] 0x00007ffccc8f3ca2 UE4Editor-SlateCore.dll!UnknownFunction []
[2026.01.02-12.45.50:319][795]LogWindows: Error: [Callstack] 0x00007ffccc8f6c66 UE4Editor-SlateCore.dll!UnknownFunction []
[2026.01.02-12.45.50:319][795]LogWindows: Error: [Callstack] 0x00007ffccc8f7678 UE4Editor-SlateCore.dll!UnknownFunction []
[2026.01.02-12.45.50:319][795]LogWindows: Error: [Callstack] 0x00007ffd3539d800 UE4Editor-Slate.dll!UnknownFunction []
[2026.01.02-12.45.50:319][795]LogWindows: Error: [Callstack] 0x00007ffccc8f6c66 UE4Editor-SlateCore.dll!UnknownFunction []
[2026.01.02-12.45.50:319][795]LogWindows: Error: [Callstack] 0x00007ffccc8f3ca2 UE4Editor-SlateCore.dll!UnknownFunction []
[2026.01.02-12.45.50:319][795]LogWindows: Error: [Callstack] 0x00007ffccc8f6c66 UE4Editor-SlateCore.dll!UnknownFunction []
[2026.01.02-12.45.50:319][795]LogWindows: Error: [Callstack] 0x00007ffccc8f7678 UE4Editor-SlateCore.dll!UnknownFunction []
[2026.01.02-12.45.50:319][795]LogWindows: Error: [Callstack] 0x00007ffd3539d800 UE4Editor-Slate.dll!UnknownFunction []
[2026.01.02-12.45.50:319][795]LogWindows: Error: [Callstack] 0x00007ffccc8f6c66 UE4Editor-SlateCore.dll!UnknownFunction []
[2026.01.02-12.45.50:319][795]LogWindows: Error: [Callstack] 0x00007ffccc8f3ca2 UE4Editor-SlateCore.dll!UnknownFunction []
[2026.01.02-12.45.50:319][795]LogWindows: Error: [Callstack] 0x00007ffccc8f6c66 UE4Editor-SlateCore.dll!UnknownFunction []
[2026.01.02-12.45.50:319][795]LogWindows: Error: [Callstack] 0x00007ffccc8f7678 UE4Editor-SlateCore.dll!UnknownFunction []
[2026.01.02-12.45.50:319][795]LogWindows: Error: [Callstack] 0x00007ffd3539d800 UE4Editor-Slate.dll!UnknownFunction []
[2026.01.02-12.45.50:319][795]LogWindows: Error: [Callstack] 0x00007ffccc8f6c66 UE4Editor-SlateCore.dll!UnknownFunction []
[2026.01.02-12.45.50:319][795]LogWindows: Error: [Callstack] 0x00007ffccc8f4945 UE4Editor-SlateCore.dll!UnknownFunction []
[2026.01.02-12.45.50:319][795]LogWindows: Error: [Callstack] 0x00007ffccc8f6c66 UE4Editor-SlateCore.dll!UnknownFunction []
[2026.01.02-12.45.50:319][795]LogWindows: Error: [Callstack] 0x00007ffccc8f3ca2 UE4Editor-SlateCore.dll!UnknownFunction []
[2026.01.02-12.45.50:319][795]LogWindows: Error: [Callstack] 0x00007ffccc8f6c66 UE4Editor-SlateCore.dll!UnknownFunction []
[2026.01.02-12.45.50:319][795]LogWindows: Error: [Callstack] 0x00007ffccc8f7678 UE4Editor-SlateCore.dll!UnknownFunction []
[2026.01.02-12.45.50:319][795]LogWindows: Error: [Callstack] 0x00007ffccc8f4adb UE4Editor-SlateCore.dll!UnknownFunction []
[2026.01.02-12.45.50:319][795]LogWindows: Error: [Callstack] 0x00007ffccc8f6c66 UE4Editor-SlateCore.dll!UnknownFunction []
[2026.01.02-12.45.50:319][795]LogWindows: Error: [Callstack] 0x00007ffccc8f3ca2 UE4Editor-SlateCore.dll!UnknownFunction []
[2026.01.02-12.45.50:319][795]LogWindows: Error: [Callstack] 0x00007ffccc8f6c66 UE4Editor-SlateCore.dll!UnknownFunction []
[2026.01.02-12.45.50:319][795]LogWindows: Error: [Callstack] 0x00007ffccc8f3ca2 UE4Editor-SlateCore.dll!UnknownFunction []
[2026.01.02-12.45.50:319][795]LogWindows: Error: [Callstack] 0x00007ffd3539b3e4 UE4Editor-Slate.dll!UnknownFunction []
[2026.01.02-12.45.50:319][795]LogWindows: Error: [Callstack] 0x00007ffccc8f6c66 UE4Editor-SlateCore.dll!UnknownFunction []
[2026.01.02-12.45.50:319][795]LogWindows: Error: [Callstack] 0x00007ffccc8f4945 UE4Editor-SlateCore.dll!UnknownFunction []
[2026.01.02-12.45.50:319][795]LogWindows: Error: [Callstack] 0x00007ffccc8f6c66 UE4Editor-SlateCore.dll!UnknownFunction []
[2026.01.02-12.45.50:319][795]LogWindows: Error: [Callstack] 0x00007ffccc8f7678 UE4Editor-SlateCore.dll!UnknownFunction []
[2026.01.02-12.45.50:319][795]LogWindows: Error: [Callstack] 0x00007ffccc8f4adb UE4Editor-SlateCore.dll!UnknownFunction []
[2026.01.02-12.45.50:319][795]LogWindows: Error: [Callstack] 0x00007ffccc8f6c66 UE4Editor-SlateCore.dll!UnknownFunction []
[2026.01.02-12.45.50:319][795]LogWindows: Error: [Callstack] 0x00007ffccc8f3ca2 UE4Editor-SlateCore.dll!UnknownFunction []
[2026.01.02-12.45.50:319][795]LogWindows: Error: [Callstack] 0x00007ffccc8f6c66 UE4Editor-SlateCore.dll!UnknownFunction []
[2026.01.02-12.45.50:319][795]LogWindows: Error: [Callstack] 0x00007ffccc8f7678 UE4Editor-SlateCore.dll!UnknownFunction []
[2026.01.02-12.45.50:319][795]LogWindows: Error: [Callstack] 0x00007ffd3539d800 UE4Editor-Slate.dll!UnknownFunction []
[2026.01.02-12.45.50:320][795]LogWindows: Error: [Callstack] 0x00007ffccc8f6c66 UE4Editor-SlateCore.dll!UnknownFunction []
[2026.01.02-12.45.50:320][795]LogWindows: Error: [Callstack] 0x00007ffccc8f4945 UE4Editor-SlateCore.dll!UnknownFunction []
[2026.01.02-12.45.50:320][795]LogWindows: Error: [Callstack] 0x00007ffccc8f6c66 UE4Editor-SlateCore.dll!UnknownFunction []
[2026.01.02-12.45.50:320][795]LogWindows: Error: [Callstack] 0x00007ffccc8f3ca2 UE4Editor-SlateCore.dll!UnknownFunction []
[2026.01.02-12.45.50:320][795]LogWindows: Error: [Callstack] 0x00007ffccc8f6c66 UE4Editor-SlateCore.dll!UnknownFunction []
[2026.01.02-12.45.50:320][795]LogWindows: Error: [Callstack] 0x00007ffccc8f7678 UE4Editor-SlateCore.dll!UnknownFunction []
[2026.01.02-12.45.50:320][795]LogWindows: Error: [Callstack] 0x00007ffccc8f4adb UE4Editor-SlateCore.dll!UnknownFunction []
[2026.01.02-12.45.50:320][795]LogWindows: Error: [Callstack] 0x00007ffccc8f6c66 UE4Editor-SlateCore.dll!UnknownFunction []
[2026.01.02-12.45.50:320][795]LogWindows: Error: [Callstack] 0x00007ffccc8f7678 UE4Editor-SlateCore.dll!UnknownFunction []
[2026.01.02-12.45.50:320][795]LogWindows: Error: [Callstack] 0x00007ffccc8f4adb UE4Editor-SlateCore.dll!UnknownFunction []
[2026.01.02-12.45.50:320][795]LogWindows: Error: [Callstack] 0x00007ffccc8f6c66 UE4Editor-SlateCore.dll!UnknownFunction []
[2026.01.02-12.45.50:320][795]LogWindows: Error: [Callstack] 0x00007ffccc8f4945 UE4Editor-SlateCore.dll!UnknownFunction []
[2026.01.02-12.45.50:320][795]LogWindows: Error: [Callstack] 0x00007ffccc8f6c66 UE4Editor-SlateCore.dll!UnknownFunction []
[2026.01.02-12.45.50:320][795]LogWindows: Error: [Callstack] 0x00007ffccc8f3ca2 UE4Editor-SlateCore.dll!UnknownFunction []
[2026.01.02-12.45.50:320][795]LogWindows: Error: [Callstack] 0x00007ffccc8f6c66 UE4Editor-SlateCore.dll!UnknownFunction []
[2026.01.02-12.45.50:320][795]LogWindows: Error: [Callstack] 0x00007ffccc8f7787 UE4Editor-SlateCore.dll!UnknownFunction []
[2026.01.02-12.45.50:320][795]LogWindows: Error: [Callstack] 0x00007ffccc80be74 UE4Editor-SlateCore.dll!UnknownFunction []
[2026.01.02-12.45.50:320][795]LogWindows: Error: [Callstack] 0x00007ffccc8f7a1c UE4Editor-SlateCore.dll!UnknownFunction []
[2026.01.02-12.45.50:320][795]LogWindows: Error: [Callstack] 0x00007ffd35171bee UE4Editor-Slate.dll!UnknownFunction []
[2026.01.02-12.45.50:320][795]LogWindows: Error: [Callstack] 0x00007ffd351a2779 UE4Editor-Slate.dll!UnknownFunction []
[2026.01.02-12.45.50:320][795]LogWindows: Error: [Callstack] 0x00007ffd35172547 UE4Editor-Slate.dll!UnknownFunction []
[2026.01.02-12.45.50:320][795]LogWindows: Error: [Callstack] 0x00007ffd351c8279 UE4Editor-Slate.dll!UnknownFunction []
[2026.01.02-12.45.50:320][795]LogWindows: Error: 
[2026.01.02-12.45.50:324][795]LogExit: Executing StaticShutdownAfterError
[2026.01.02-12.45.50:328][795]LogWindows: FPlatformMisc::RequestExit(1)
[2026.01.02-12.45.50:328][795]LogWindows: FPlatformMisc::RequestExitWithStatus(1, 3)
[2026.01.02-12.45.50:328][795]LogCore: Engine exit requested (reason: Win RequestExit)
[2026.01.02-12.45.50:380][795]Log file closed, 01/02/26 14:45:50
